  0
SECTION
  2
HEADER
  9
$ACADVER
  1
AC1032
  9
$ACADMAINTVER
 90
4
  9
$DWGCODEPAGE
  3
ANSI_1252
  9
$LASTSAVEDBY
  1
ezdxf
  9
$REQUIREDVERSIONS
160
0
  9
$INSBASE
 10
0.0
 20
0.0
 30
0.0
  9
$EXTMIN
 10
1e+20
 20
1e+20
 30
1e+20
  9
$EXTMAX
 10
-1e+20
 20
-1e+20
 30
-1e+20
  9
$LIMMIN
 10
0.0
 20
0.0
  9
$LIMMAX
 10
420.0
 20
297.0
  9
$ORTHOMODE
 70
0
  9
$REGENMODE
 70
1
  9
$FILLMODE
 70
1
  9
$QTEXTMODE
 70
0
  9
$MIRRTEXT
 70
1
  9
$LTSCALE
 40
1.0
  9
$ATTMODE
 70
1
  9
$TEXTSIZE
 40
2.5
  9
$TRACEWID
 40
1.0
  9
$TEXTSTYLE
  7
OpenSans
  9
$CLAYER
  8
0
  9
$CELTYPE
  6
ByLayer
  9
$CECOLOR
 62
256
  9
$CELTSCALE
 40
1.0
  9
$DISPSILH
 70
0
  9
$DIMSCALE
 40
1.0
  9
$DIMASZ
 40
0.175
  9
$DIMEXO
 40
0.125
  9
$DIMDLI
 40
3.75
  9
$DIMRND
 40
0.0
  9
$DIMDLE
 40
0.0
  9
$DIMEXE
 40
0.375
  9
$DIMTP
 40
0.0
  9
$DIMTM
 40
0.0
  9
$DIMTXT
 40
0.25
  9
$DIMCEN
 40
2.5
  9
$DIMTSZ
 40
0.0
  9
$DIMTOL
 70
0
  9
$DIMLIM
 70
0
  9
$DIMTIH
 70
0
  9
$DIMTOH
 70
0
  9
$DIMSE1
 70
0
  9
$DIMSE2
 70
0
  9
$DIMTAD
 70
1
  9
$DIMZIN
 70
12
  9
$DIMBLK
  1
ARCHTICK
  9
$DIMASO
 70
1
  9
$DIMSHO
 70
1
  9
$DIMPOST
  1

  9
$DIMAPOST
  1

  9
$DIMALT
 70
0
  9
$DIMALTD
 70
3
  9
$DIMALTF
 40
0.03937007874
  9
$DIMLFAC
 40
100.0
  9
$DIMTOFL
 70
1
  9
$DIMTVP
 40
0.0
  9
$DIMTIX
 70
0
  9
$DIMSOXD
 70
0
  9
$DIMSAH
 70
0
  9
$DIMBLK1
  1

  9
$DIMBLK2
  1

  9
$DIMSTYLE
  2
EZDXF
  9
$DIMCLRD
 70
0
  9
$DIMCLRE
 70
0
  9
$DIMCLRT
 70
0
  9
$DIMTFAC
 40
0.5
  9
$DIMGAP
 40
0.1
  9
$DIMJUST
 70
0
  9
$DIMSD1
 70
0
  9
$DIMSD2
 70
0
  9
$DIMTOLJ
 70
0
  9
$DIMTZIN
 70
8
  9
$DIMALTZ
 70
0
  9
$DIMALTTZ
 70
0
  9
$DIMUPT
 70
1
  9
$DIMDEC
 70
2
  9
$DIMTDEC
 70
2
  9
$DIMALTU
 70
2
  9
$DIMALTTD
 70
3
  9
$DIMTXSTY
  7
OpenSansCondensed-Light
  9
$DIMAUNIT
 70
0
  9
$DIMADEC
 70
2
  9
$DIMALTRND
 40
0.0
  9
$DIMAZIN
 70
3
  9
$DIMDSEP
 70
46
  9
$DIMATFIT
 70
3
  9
$DIMFRAC
 70
0
  9
$DIMLDRBLK
  1

  9
$DIMLUNIT
 70
2
  9
$DIMLWD
 70
-2
  9
$DIMLWE
 70
-2
  9
$DIMTMOVE
 70
2
  9
$DIMFXL
 40
1.0
  9
$DIMFXLON
 70
0
  9
$DIMJOGANG
 40
0.785398163397
  9
$DIMTFILL
 70
0
  9
$DIMTFILLCLR
 70
0
  9
$DIMARCSYM
 70
0
  9
$DIMLTYPE
  6

  9
$DIMLTEX1
  6

  9
$DIMLTEX2
  6

  9
$DIMTXTDIRECTION
 70
0
  9
$LUNITS
 70
2
  9
$LUPREC
 70
4
  9
$SKETCHINC
 40
1.0
  9
$FILLETRAD
 40
10.0
  9
$AUNITS
 70
0
  9
$AUPREC
 70
2
  9
$MENU
  1
.
  9
$ELEVATION
 40
0.0
  9
$PELEVATION
 40
0.0
  9
$THICKNESS
 40
0.0
  9
$LIMCHECK
 70
0
  9
$CHAMFERA
 40
0.0
  9
$CHAMFERB
 40
0.0
  9
$CHAMFERC
 40
0.0
  9
$CHAMFERD
 40
0.0
  9
$SKPOLY
 70
0
  9
$TDCREATE
 40
2461252.3036805554
  9
$TDUCREATE
 40
2458532.153996898
  9
$TDUPDATE
 40
2461252.3036805554
  9
$TDUUPDATE
 40
2458532.1544311
  9
$TDINDWG
 40
0.0
  9
$TDUSRTIMER
 40
0.0
  9
$USRTIMER
 70
1
  9
$ANGBASE
 50
0.0
  9
$ANGDIR
 70
0
  9
$PDMODE
 70
0
  9
$PDSIZE
 40
0.0
  9
$PLINEWID
 40
0.0
  9
$SPLFRAME
 70
0
  9
$SPLINETYPE
 70
6
  9
$SPLINESEGS
 70
8
  9
$HANDSEED
  5
159
  9
$SURFTAB1
 70
6
  9
$SURFTAB2
 70
6
  9
$SURFTYPE
 70
6
  9
$SURFU
 70
6
  9
$SURFV
 70
6
  9
$UCSBASE
  2

  9
$UCSNAME
  2

  9
$UCSORG
 10
0.0
 20
0.0
 30
0.0
  9
$UCSXDIR
 10
1.0
 20
0.0
 30
0.0
  9
$UCSYDIR
 10
0.0
 20
1.0
 30
0.0
  9
$UCSORTHOREF
  2

  9
$UCSORTHOVIEW
 70
0
  9
$UCSORGTOP
 10
0.0
 20
0.0
 30
0.0
  9
$UCSORGBOTTOM
 10
0.0
 20
0.0
 30
0.0
  9
$UCSORGLEFT
 10
0.0
 20
0.0
 30
0.0
  9
$UCSORGRIGHT
 10
0.0
 20
0.0
 30
0.0
  9
$UCSORGFRONT
 10
0.0
 20
0.0
 30
0.0
  9
$UCSORGBACK
 10
0.0
 20
0.0
 30
0.0
  9
$PUCSBASE
  2

  9
$PUCSNAME
  2

  9
$PUCSORG
 10
0.0
 20
0.0
 30
0.0
  9
$PUCSXDIR
 10
1.0
 20
0.0
 30
0.0
  9
$PUCSYDIR
 10
0.0
 20
1.0
 30
0.0
  9
$PUCSORTHOREF
  2

  9
$PUCSORTHOVIEW
 70
0
  9
$PUCSORGTOP
 10
0.0
 20
0.0
 30
0.0
  9
$PUCSORGBOTTOM
 10
0.0
 20
0.0
 30
0.0
  9
$PUCSORGLEFT
 10
0.0
 20
0.0
 30
0.0
  9
$PUCSORGRIGHT
 10
0.0
 20
0.0
 30
0.0
  9
$PUCSORGFRONT
 10
0.0
 20
0.0
 30
0.0
  9
$PUCSORGBACK
 10
0.0
 20
0.0
 30
0.0
  9
$USERI1
 70
0
  9
$USERI2
 70
0
  9
$USERI3
 70
0
  9
$USERI4
 70
0
  9
$USERI5
 70
0
  9
$USERR1
 40
0.0
  9
$USERR2
 40
0.0
  9
$USERR3
 40
0.0
  9
$USERR4
 40
0.0
  9
$USERR5
 40
0.0
  9
$WORLDVIEW
 70
1
  9
$SHADEDGE
 70
3
  9
$SHADEDIF
 70
70
  9
$TILEMODE
 70
1
  9
$MAXACTVP
 70
64
  9
$PINSBASE
 10
0.0
 20
0.0
 30
0.0
  9
$PLIMCHECK
 70
0
  9
$PEXTMIN
 10
1e+20
 20
1e+20
 30
1e+20
  9
$PEXTMAX
 10
-1e+20
 20
-1e+20
 30
-1e+20
  9
$PLIMMIN
 10
0.0
 20
0.0
  9
$PLIMMAX
 10
420.0
 20
297.0
  9
$UNITMODE
 70
0
  9
$VISRETAIN
 70
1
  9
$PLINEGEN
 70
0
  9
$PSLTSCALE
 70
1
  9
$TREEDEPTH
 70
3020
  9
$CMLSTYLE
  2
Standard
  9
$CMLJUST
 70
0
  9
$CMLSCALE
 40
20.0
  9
$PROXYGRAPHICS
 70
1
  9
$MEASUREMENT
 70
1
  9
$CELWEIGHT
370
-1
  9
$ENDCAPS
280
0
  9
$JOINSTYLE
280
0
  9
$LWDISPLAY
290
0
  9
$INSUNITS
 70
4
  9
$HYPERLINKBASE
  1

  9
$STYLESHEET
  1

  9
$XEDIT
290
1
  9
$CEPSNTYPE
380
0
  9
$PSTYLEMODE
290
1
  9
$FINGERPRINTGUID
  2
{C9420CBB-2CD1-424E-9C7A-8DB0895382B2}
  9
$VERSIONGUID
  2
{A61BB04E-4C28-468D-B4DC-661B23D0E5B0}
  9
$EXTNAMES
290
1
  9
$PSVPSCALE
 40
0.0
  9
$OLESTARTUP
290
0
  9
$SORTENTS
280
127
  9
$INDEXCTL
280
0
  9
$HIDETEXT
280
1
  9
$XCLIPFRAME
280
1
  9
$HALOGAP
280
0
  9
$OBSCOLOR
 70
257
  9
$OBSLTYPE
280
0
  9
$INTERSECTIONDISPLAY
280
0
  9
$INTERSECTIONCOLOR
 70
257
  9
$DIMASSOC
280
2
  9
$PROJECTNAME
  1

  9
$CAMERADISPLAY
290
0
  9
$LENSLENGTH
 40
50.0
  9
$CAMERAHEIGHT
 40
0.0
  9
$STEPSPERSEC
 40
24.0
  9
$STEPSIZE
 40
100.0
  9
$3DDWFPREC
 40
2.0
  9
$PSOLWIDTH
 40
0.005
  9
$PSOLHEIGHT
 40
0.08
  9
$LOFTANG1
 40
1.570796326795
  9
$LOFTANG2
 40
1.570796326795
  9
$LOFTMAG1
 40
0.0
  9
$LOFTMAG2
 40
0.0
  9
$LOFTPARAM
 70
7
  9
$LOFTNORMALS
280
1
  9
$LATITUDE
 40
37.795
  9
$LONGITUDE
 40
-122.394
  9
$NORTHDIRECTION
 40
0.0
  9
$TIMEZONE
 70
-8000
  9
$LIGHTGLYPHDISPLAY
280
1
  9
$TILEMODELIGHTSYNCH
280
1
  9
$CMATERIAL
347
20
  9
$SOLIDHIST
280
0
  9
$SHOWHIST
280
1
  9
$DWFFRAME
280
2
  9
$DGNFRAME
280
2
  9
$REALWORLDSCALE
290
1
  9
$INTERFERECOLOR
 62
256
  9
$CSHADOW
280
0
  9
$SHADOWPLANELOCATION
 40
0.0
  0
ENDSEC
  0
SECTION
  2
CLASSES
  0
CLASS
  1
ACDBDICTIONARYWDFLT
  2
AcDbDictionaryWithDefault
  3
ObjectDBX Classes
 90
0
 91
0
280
0
281
0
  0
CLASS
  1
SUN
  2
AcDbSun
  3
SCENEOE
 90
1153
 91
0
280
0
281
0
  0
CLASS
  1
VISUALSTYLE
  2
AcDbVisualStyle
  3
ObjectDBX Classes
 90
4095
 91
0
280
0
281
0
  0
CLASS
  1
MATERIAL
  2
AcDbMaterial
  3
ObjectDBX Classes
 90
1153
 91
0
280
0
281
0
  0
CLASS
  1
SCALE
  2
AcDbScale
  3
ObjectDBX Classes
 90
1153
 91
0
280
0
281
0
  0
CLASS
  1
TABLESTYLE
  2
AcDbTableStyle
  3
ObjectDBX Classes
 90
4095
 91
0
280
0
281
0
  0
CLASS
  1
MLEADERSTYLE
  2
AcDbMLeaderStyle
  3
ACDB_MLEADERSTYLE_CLASS
 90
4095
 91
0
280
0
281
0
  0
CLASS
  1
DICTIONARYVAR
  2
AcDbDictionaryVar
  3
ObjectDBX Classes
 90
0
 91
0
280
0
281
0
  0
CLASS
  1
CELLSTYLEMAP
  2
AcDbCellStyleMap
  3
ObjectDBX Classes
 90
1152
 91
0
280
0
281
0
  0
CLASS
  1
MENTALRAYRENDERSETTINGS
  2
AcDbMentalRayRenderSettings
  3
SCENEOE
 90
1024
 91
0
280
0
281
0
  0
CLASS
  1
ACDBDETAILVIEWSTYLE
  2
AcDbDetailViewStyle
  3
ObjectDBX Classes
 90
1025
 91
0
280
0
281
0
  0
CLASS
  1
ACDBSECTIONVIEWSTYLE
  2
AcDbSectionViewStyle
  3
ObjectDBX Classes
 90
1025
 91
0
280
0
281
0
  0
CLASS
  1
RASTERVARIABLES
  2
AcDbRasterVariables
  3
ISM
 90
0
 91
0
280
0
281
0
  0
CLASS
  1
LAYOUT
  2
AcDbLayout
  3
ObjectDBX Classes
 90
0
 91
0
280
0
281
0
  0
CLASS
  1
ACDBPLACEHOLDER
  2
AcDbPlaceHolder
  3
ObjectDBX Classes
 90
0
 91
0
280
0
281
0
  0
ENDSEC
  0
SECTION
  2
TABLES
  0
TABLE
  2
VPORT
  5
8
330
0
100
AcDbSymbolTable
 70
1
  0
VPORT
  5
23
330
8
100
AcDbSymbolTableRecord
100
AcDbViewportTableRecord
  2
*Active
 70
0
 10
0.0
 20
0.0
 11
1.0
 21
1.0
 12
0.0
 22
0.0
 13
0.0
 23
0.0
 14
0.5
 24
0.5
 15
0.5
 25
0.5
 16
0.0
 26
0.0
 36
1.0
 17
0.0
 27
0.0
 37
0.0
 40
1000.0
 41
1.34
 42
50.0
 43
0.0
 44
0.0
 50
0.0
 51
0.0
 71
0
 72
1000
 73
1
 74
3
 75
0
 76
0
 77
0
 78
0
281
0
 65
0
146
0.0
  0
ENDTAB
  0
TABLE
  2
LTYPE
  5
2
330
0
100
AcDbSymbolTable
 70
21
  0
LTYPE
  5
24
330
2
100
AcDbSymbolTableRecord
100
AcDbLinetypeTableRecord
  2
ByBlock
 70
0
  3

 72
65
 73
0
 40
0.0
  0
LTYPE
  5
25
330
2
100
AcDbSymbolTableRecord
100
AcDbLinetypeTableRecord
  2
ByLayer
 70
0
  3

 72
65
 73
0
 40
0.0
  0
LTYPE
  5
26
330
2
100
AcDbSymbolTableRecord
100
AcDbLinetypeTableRecord
  2
Continuous
 70
0
  3

 72
65
 73
0
 40
0.0
  0
LTYPE
  5
2F
330
2
100
AcDbSymbolTableRecord
100
AcDbLinetypeTableRecord
  2
CENTER
 70
0
  3
Center ____ _ ____ _ ____ _ ____ _ ____ _ ____
 72
65
 73
4
 40
5.08
 49
3.175
 74
0
 49
-0.635
 74
0
 49
0.635
 74
0
 49
-0.635
 74
0
  0
LTYPE
  5
30
330
2
100
AcDbSymbolTableRecord
100
AcDbLinetypeTableRecord
  2
CENTERX2
 70
0
  3
Center (2x) ________  __  ________  __  ________
 72
65
 73
4
 40
8.89
 49
6.35
 74
0
 49
-0.635
 74
0
 49
1.27
 74
0
 49
-0.635
 74
0
  0
LTYPE
  5
31
330
2
100
AcDbSymbolTableRecord
100
AcDbLinetypeTableRecord
  2
CENTER2
 70
0
  3
Center (.5x) ____ _ ____ _ ____ _ ____ _ ____
 72
65
 73
4
 40
2.54
 49
1.587
 74
0
 49
-0.318
 74
0
 49
0.318
 74
0
 49
-0.318
 74
0
  0
LTYPE
  5
32
330
2
100
AcDbSymbolTableRecord
100
AcDbLinetypeTableRecord
  2
DASHED
 70
0
  3
Dashed __ __ __ __ __ __ __ __ __ __ __ __ __ _
 72
65
 73
2
 40
1.524
 49
1.27
 74
0
 49
-0.254
 74
0
  0
LTYPE
  5
33
330
2
100
AcDbSymbolTableRecord
100
AcDbLinetypeTableRecord
  2
DASHEDX2
 70
0
  3
Dashed (2x) ____  ____  ____  ____  ____  ____
 72
65
 73
2
 40
3.048
 49
2.54
 74
0
 49
-0.508
 74
0
  0
LTYPE
  5
34
330
2
100
AcDbSymbolTableRecord
100
AcDbLinetypeTableRecord
  2
DASHED2
 70
0
  3
Dashed (.5x) _ _ _ _ _ _ _ _ _ _ _ _ _ _
 72
65
 73
2
 40
0.762
 49
0.635
 74
0
 49
-0.127
 74
0
  0
LTYPE
  5
35
330
2
100
AcDbSymbolTableRecord
100
AcDbLinetypeTableRecord
  2
PHANTOM
 70
0
  3
Phantom ______  __  __  ______  __  __  ______
 72
65
 73
6
 40
6.35
 49
3.175
 74
0
 49
-0.635
 74
0
 49
0.635
 74
0
 49
-0.635
 74
0
 49
0.635
 74
0
 49
-0.635
 74
0
  0
LTYPE
  5
36
330
2
100
AcDbSymbolTableRecord
100
AcDbLinetypeTableRecord
  2
PHANTOMX2
 70
0
  3
Phantom (2x)____________    ____    ____    ____________
 72
65
 73
6
 40
10.795
 49
6.35
 74
0
 49
-0.635
 74
0
 49
1.27
 74
0
 49
-0.635
 74
0
 49
1.27
 74
0
 49
-0.635
 74
0
  0
LTYPE
  5
37
330
2
100
AcDbSymbolTableRecord
100
AcDbLinetypeTableRecord
  2
PHANTOM2
 70
0
  3
Phantom (.5x) ___ _ _ ___ _ _ ___ _ _ ___ _ _ ___
 72
65
 73
6
 40
3.175
 49
1.587
 74
0
 49
-0.318
 74
0
 49
0.318
 74
0
 49
-0.318
 74
0
 49
0.318
 74
0
 49
-0.318
 74
0
  0
LTYPE
  5
38
330
2
100
AcDbSymbolTableRecord
100
AcDbLinetypeTableRecord
  2
DASHDOT
 70
0
  3
Dash dot __ . __ . __ . __ . __ . __ . __ . __
 72
65
 73
4
 40
3.556
 49
2.54
 74
0
 49
-0.508
 74
0
 49
0.0
 74
0
 49
-0.508
 74
0
  0
LTYPE
  5
39
330
2
100
AcDbSymbolTableRecord
100
AcDbLinetypeTableRecord
  2
DASHDOTX2
 70
0
  3
Dash dot (2x) ____  .  ____  .  ____  .  ____
 72
65
 73
4
 40
6.096
 49
5.08
 74
0
 49
-0.508
 74
0
 49
0.0
 74
0
 49
-0.508
 74
0
  0
LTYPE
  5
3A
330
2
100
AcDbSymbolTableRecord
100
AcDbLinetypeTableRecord
  2
DASHDOT2
 70
0
  3
Dash dot (.5x) _ . _ . _ . _ . _ . _ . _ . _
 72
65
 73
4
 40
1.778
 49
1.27
 74
0
 49
-0.254
 74
0
 49
0.0
 74
0
 49
-0.254
 74
0
  0
LTYPE
  5
3B
330
2
100
AcDbSymbolTableRecord
100
AcDbLinetypeTableRecord
  2
DOT
 70
0
  3
Dot .  .  .  .  .  .  .  .  .  .  .  .  .  .  .  .
 72
65
 73
2
 40
0.508
 49
0.0
 74
0
 49
-0.508
 74
0
  0
LTYPE
  5
3C
330
2
100
AcDbSymbolTableRecord
100
AcDbLinetypeTableRecord
  2
DOTX2
 70
0
  3
Dot (2x) .    .    .    .    .    .    .    . 
 72
65
 73
2
 40
1.016
 49
0.0
 74
0
 49
-1.016
 74
0
  0
LTYPE
  5
3D
330
2
100
AcDbSymbolTableRecord
100
AcDbLinetypeTableRecord
  2
DOT2
 70
0
  3
Dot (.5) . . . . . . . . . . . . . . . . . . . 
 72
65
 73
2
 40
0.254
 49
0.0
 74
0
 49
-0.254
 74
0
  0
LTYPE
  5
3E
330
2
100
AcDbSymbolTableRecord
100
AcDbLinetypeTableRecord
  2
DIVIDE
 70
0
  3
Divide __ . . __ . . __ . . __ . . __ . . __
 72
65
 73
6
 40
4.064
 49
2.54
 74
0
 49
-0.508
 74
0
 49
0.0
 74
0
 49
-0.508
 74
0
 49
0.0
 74
0
 49
-0.508
 74
0
  0
LTYPE
  5
3F
330
2
100
AcDbSymbolTableRecord
100
AcDbLinetypeTableRecord
  2
DIVIDEX2
 70
0
  3
Divide (2x) ____  . .  ____  . .  ____  . .  ____
 72
65
 73
6
 40
6.604
 49
5.08
 74
0
 49
-0.508
 74
0
 49
0.0
 74
0
 49
-0.508
 74
0
 49
0.0
 74
0
 49
-0.508
 74
0
  0
LTYPE
  5
40
330
2
100
AcDbSymbolTableRecord
100
AcDbLinetypeTableRecord
  2
DIVIDE2
 70
0
  3
Divide(.5x) _ . _ . _ . _ . _ . _ . _ . _
 72
65
 73
6
 40
2.032
 49
1.27
 74
0
 49
-0.254
 74
0
 49
0.0
 74
0
 49
-0.254
 74
0
 49
0.0
 74
0
 49
-0.254
 74
0
  0
ENDTAB
  0
TABLE
  2
LAYER
  5
1
330
0
100
AcDbSymbolTable
 70
2
  0
LAYER
  5
27
330
1
100
AcDbSymbolTableRecord
100
AcDbLayerTableRecord
  2
0
 70
0
 62
7
  6
Continuous
370
-3
390
13
347
21
  0
LAYER
  5
28
330
1
100
AcDbSymbolTableRecord
100
AcDbLayerTableRecord
  2
Defpoints
 70
0
 62
7
  6
Continuous
290
0
370
-3
390
13
347
21
  0
ENDTAB
  0
TABLE
  2
STYLE
  5
5
330
0
100
AcDbSymbolTable
 70
26
  0
STYLE
  5
29
330
5
100
AcDbSymbolTableRecord
100
AcDbTextStyleTableRecord
  2
Standard
 70
0
 40
0.0
 41
1.0
 50
0.0
 71
0
 42
2.5
  3
txt
  4

  0
STYLE
  5
41
330
5
100
AcDbSymbolTableRecord
100
AcDbTextStyleTableRecord
  2
OpenSans-Light
 70
0
 40
0.0
 41
1.0
 50
0.0
 71
0
 42
2.5
  3
OpenSans-Light.ttf
  4

  0
STYLE
  5
42
330
5
100
AcDbSymbolTableRecord
100
AcDbTextStyleTableRecord
  2
OpenSans-Light-Italic
 70
0
 40
0.0
 41
1.0
 50
0.0
 71
0
 42
2.5
  3
OpenSans-LightItalic.ttf
  4

  0
STYLE
  5
43
330
5
100
AcDbSymbolTableRecord
100
AcDbTextStyleTableRecord
  2
OpenSans
 70
0
 40
0.0
 41
1.0
 50
0.0
 71
0
 42
2.5
  3
OpenSans-Regular.ttf
  4

  0
STYLE
  5
44
330
5
100
AcDbSymbolTableRecord
100
AcDbTextStyleTableRecord
  2
OpenSans-Italic
 70
0
 40
0.0
 41
1.0
 50
0.0
 71
0
 42
2.5
  3
OpenSans-Italic.ttf
  4

  0
STYLE
  5
45
330
5
100
AcDbSymbolTableRecord
100
AcDbTextStyleTableRecord
  2
OpenSans-SemiBold
 70
0
 40
0.0
 41
1.0
 50
0.0
 71
0
 42
2.5
  3
OpenSans-SemiBold.ttf
  4

  0
STYLE
  5
46
330
5
100
AcDbSymbolTableRecord
100
AcDbTextStyleTableRecord
  2
OpenSans-SemiBoldItalic
 70
0
 40
0.0
 41
1.0
 50
0.0
 71
0
 42
2.5
  3
OpenSans-SemiBoldItalic.ttf
  4

  0
STYLE
  5
47
330
5
100
AcDbSymbolTableRecord
100
AcDbTextStyleTableRecord
  2
OpenSans-Bold
 70
0
 40
0.0
 41
1.0
 50
0.0
 71
0
 42
2.5
  3
OpenSans-Bold.ttf
  4

  0
STYLE
  5
48
330
5
100
AcDbSymbolTableRecord
100
AcDbTextStyleTableRecord
  2
OpenSans-BoldItalic
 70
0
 40
0.0
 41
1.0
 50
0.0
 71
0
 42
2.5
  3
OpenSans-BoldItalic.ttf
  4

  0
STYLE
  5
49
330
5
100
AcDbSymbolTableRecord
100
AcDbTextStyleTableRecord
  2
OpenSans-ExtraBold
 70
0
 40
0.0
 41
1.0
 50
0.0
 71
0
 42
2.5
  3
OpenSans-ExtraBold.ttf
  4

  0
STYLE
  5
4A
330
5
100
AcDbSymbolTableRecord
100
AcDbTextStyleTableRecord
  2
OpenSans-ExtraBoldItalic
 70
0
 40
0.0
 41
1.0
 50
0.0
 71
0
 42
2.5
  3
OpenSans-ExtraBoldItalic.ttf
  4

  0
STYLE
  5
4B
330
5
100
AcDbSymbolTableRecord
100
AcDbTextStyleTableRecord
  2
OpenSansCondensed-Bold
 70
0
 40
0.0
 41
1.0
 50
0.0
 71
0
 42
2.5
  3
OpenSansCondensed-Bold.ttf
  4

  0
STYLE
  5
4C
330
5
100
AcDbSymbolTableRecord
100
AcDbTextStyleTableRecord
  2
OpenSansCondensed-Light
 70
0
 40
0.0
 41
1.0
 50
0.0
 71
0
 42
2.5
  3
OpenSansCondensed-Light.ttf
  4

  0
STYLE
  5
4D
330
5
100
AcDbSymbolTableRecord
100
AcDbTextStyleTableRecord
  2
OpenSansCondensed-Italic
 70
0
 40
0.0
 41
1.0
 50
0.0
 71
0
 42
2.5
  3
OpenSansCondensed-LightItalic.ttf
  4

  0
STYLE
  5
4E
330
5
100
AcDbSymbolTableRecord
100
AcDbTextStyleTableRecord
  2
LiberationSans
 70
0
 40
0.0
 41
1.0
 50
0.0
 71
0
 42
2.5
  3
LiberationSans-Regular.ttf
  4

  0
STYLE
  5
4F
330
5
100
AcDbSymbolTableRecord
100
AcDbTextStyleTableRecord
  2
LiberationSans-Bold
 70
0
 40
0.0
 41
1.0
 50
0.0
 71
0
 42
2.5
  3
LiberationSans-Bold.ttf
  4

  0
STYLE
  5
50
330
5
100
AcDbSymbolTableRecord
100
AcDbTextStyleTableRecord
  2
LiberationSans-BoldItalic
 70
0
 40
0.0
 41
1.0
 50
0.0
 71
0
 42
2.5
  3
LiberationSans-BoldItalic.ttf
  4

  0
STYLE
  5
51
330
5
100
AcDbSymbolTableRecord
100
AcDbTextStyleTableRecord
  2
LiberationSans-Italic
 70
0
 40
0.0
 41
1.0
 50
0.0
 71
0
 42
2.5
  3
LiberationSans-Italic.ttf
  4

  0
STYLE
  5
52
330
5
100
AcDbSymbolTableRecord
100
AcDbTextStyleTableRecord
  2
LiberationSerif
 70
0
 40
0.0
 41
1.0
 50
0.0
 71
0
 42
2.5
  3
LiberationSerif-Regular.ttf
  4

  0
STYLE
  5
53
330
5
100
AcDbSymbolTableRecord
100
AcDbTextStyleTableRecord
  2
LiberationSerif-Bold
 70
0
 40
0.0
 41
1.0
 50
0.0
 71
0
 42
2.5
  3
LiberationSerif-Bold.ttf
  4

  0
STYLE
  5
54
330
5
100
AcDbSymbolTableRecord
100
AcDbTextStyleTableRecord
  2
LiberationSerif-BoldItalic
 70
0
 40
0.0
 41
1.0
 50
0.0
 71
0
 42
2.5
  3
LiberationSerif-BoldItalic.ttf
  4

  0
STYLE
  5
55
330
5
100
AcDbSymbolTableRecord
100
AcDbTextStyleTableRecord
  2
LiberationSerif-Italic
 70
0
 40
0.0
 41
1.0
 50
0.0
 71
0
 42
2.5
  3
LiberationSerif-Italic.ttf
  4

  0
STYLE
  5
56
330
5
100
AcDbSymbolTableRecord
100
AcDbTextStyleTableRecord
  2
LiberationMono
 70
0
 40
0.0
 41
1.0
 50
0.0
 71
0
 42
2.5
  3
LiberationMono-Regular.ttf
  4

  0
STYLE
  5
57
330
5
100
AcDbSymbolTableRecord
100
AcDbTextStyleTableRecord
  2
LiberationMono-Bold
 70
0
 40
0.0
 41
1.0
 50
0.0
 71
0
 42
2.5
  3
LiberationMono-Bold.ttf
  4

  0
STYLE
  5
58
330
5
100
AcDbSymbolTableRecord
100
AcDbTextStyleTableRecord
  2
LiberationMono-BoldItalic
 70
0
 40
0.0
 41
1.0
 50
0.0
 71
0
 42
2.5
  3
LiberationMono-BoldItalic.ttf
  4

  0
STYLE
  5
59
330
5
100
AcDbSymbolTableRecord
100
AcDbTextStyleTableRecord
  2
LiberationMono-Italic
 70
0
 40
0.0
 41
1.0
 50
0.0
 71
0
 42
2.5
  3
LiberationMono-Italic.ttf
  4

  0
ENDTAB
  0
TABLE
  2
VIEW
  5
7
330
0
100
AcDbSymbolTable
 70
0
  0
ENDTAB
  0
TABLE
  2
UCS
  5
6
330
0
100
AcDbSymbolTable
 70
0
  0
ENDTAB
  0
TABLE
  2
APPID
  5
3
330
0
100
AcDbSymbolTable
 70
3
  0
APPID
  5
2A
330
3
100
AcDbSymbolTableRecord
100
AcDbRegAppTableRecord
  2
ACAD
 70
0
  0
APPID
  5
156
330
3
100
AcDbSymbolTableRecord
100
AcDbRegAppTableRecord
  2
HATCHBACKGROUNDCOLOR
 70
0
  0
APPID
  5
157
330
3
100
AcDbSymbolTableRecord
100
AcDbRegAppTableRecord
  2
EZDXF
 70
0
  0
ENDTAB
  0
TABLE
  2
DIMSTYLE
  5
4
330
0
100
AcDbSymbolTable
 70
12
100
AcDbDimStyleTable
  0
DIMSTYLE
105
2B
330
4
100
AcDbSymbolTableRecord
100
AcDbDimStyleTableRecord
  2
Standard
 70
0
 40
1.0
 41
2.5
 42
0.625
 43
3.75
 44
1.25
 45
0.0
 46
0.0
 47
0.0
 48
0.0
 49
2.5
140
2.5
141
2.5
142
0.0
143
0.03937007874
144
1.0
145
0.0
146
1.0
147
0.625
148
0.0
 69
0
 70
0
 71
0
 72
0
 73
0
 74
0
 75
0
 76
0
 77
1
 78
8
 79
3
170
0
171
3
172
1
173
0
174
0
175
0
176
0
177
0
178
0
179
2
271
2
272
2
273
2
274
3
275
0
276
0
277
2
278
44
279
0
280
0
281
0
282
0
283
0
284
8
285
0
286
0
288
0
289
3
290
0
371
-2
372
-2
  0
DIMSTYLE
105
73
330
4
100
AcDbSymbolTableRecord
100
AcDbDimStyleTableRecord
  2
EZDXF
 70
0
 40
1.0
 41
0.175
 42
0.125
 43
3.75
 44
0.375
 45
0.0
 46
0.0
 47
0.0
 48
0.0
 49
2.5
140
0.25
141
2.5
142
0.0
143
0.03937007874
144
100.0
145
0.0
146
0.5
147
0.1
148
0.0
 69
0
 70
0
 71
0
 72
0
 73
0
 74
0
 75
0
 76
0
 77
1
 78
12
 79
3
170
0
171
3
172
1
173
0
174
0
175
0
176
0
177
0
178
0
179
2
271
2
272
2
273
2
274
3
275
0
276
0
277
2
278
46
279
2
280
0
281
0
282
0
283
0
284
8
285
0
286
0
288
1
289
3
290
0
340
4C
342
74
371
-2
372
-2
  0
DIMSTYLE
105
7C
330
4
100
AcDbSymbolTableRecord
100
AcDbDimStyleTableRecord
  2
EZ_M_100_H25_CM
 70
0
 40
1.0
 41
0.25
 42
0.125
 43
3.75
 44
0.375
 45
0.0
 46
0.0
 47
0.0
 48
0.0
 49
2.5
140
0.25
141
2.5
142
0.125
143
0.03937007874
144
100.0
145
0.0
146
0.5
147
0.1
148
0.0
 69
0
 70
0
 71
0
 72
0
 73
0
 74
0
 75
0
 76
0
 77
1
 78
12
 79
3
170
0
171
3
172
1
173
0
174
0
175
0
176
0
177
0
178
0
179
2
271
2
272
2
273
2
274
3
275
0
276
0
277
2
278
46
279
2
280
0
281
0
282
0
283
0
284
8
285
0
286
0
288
1
289
3
290
0
340
4C
371
-2
372
-2
  0
DIMSTYLE
105
7D
330
4
100
AcDbSymbolTableRecord
100
AcDbDimStyleTableRecord
  2
EZ_M_50_H25_CM
 70
0
 40
1.0
 41
0.125
 42
0.0625
 43
3.75
 44
0.1875
 45
0.0
 46
0.0
 47
0.0
 48
0.0
 49
2.5
140
0.125
141
2.5
142
0.0625
143
0.03937007874
144
100.0
145
0.0
146
0.5
147
0.05
148
0.0
 69
0
 70
0
 71
0
 72
0
 73
0
 74
0
 75
0
 76
0
 77
1
 78
12
 79
3
170
0
171
3
172
1
173
0
174
0
175
0
176
0
177
0
178
0
179
2
271
2
272
2
273
2
274
3
275
0
276
0
277
2
278
46
279
2
280
0
281
0
282
0
283
0
284
8
285
0
286
0
288
1
289
3
290
0
340
4C
371
-2
372
-2
  0
DIMSTYLE
105
7E
330
4
100
AcDbSymbolTableRecord
100
AcDbDimStyleTableRecord
  2
EZ_M_25_H25_CM
 70
0
 40
1.0
 41
0.0625
 42
0.03125
 43
3.75
 44
0.09375
 45
0.0
 46
0.0
 47
0.0
 48
0.0
 49
2.5
140
0.0625
141
2.5
142
0.03125
143
0.03937007874
144
100.0
145
0.0
146
0.5
147
0.025
148
0.0
 69
0
 70
0
 71
0
 72
0
 73
0
 74
0
 75
0
 76
0
 77
1
 78
12
 79
3
170
0
171
3
172
1
173
0
174
0
175
0
176
0
177
0
178
0
179
2
271
2
272
2
273
2
274
3
275
0
276
0
277
2
278
46
279
2
280
0
281
0
282
0
283
0
284
8
285
0
286
0
288
1
289
3
290
0
340
4C
371
-2
372
-2
  0
DIMSTYLE
105
7F
330
4
100
AcDbSymbolTableRecord
100
AcDbDimStyleTableRecord
  2
EZ_M_20_H25_CM
 70
0
 40
1.0
 41
0.05
 42
0.025
 43
3.75
 44
0.07500000000000001
 45
0.0
 46
0.0
 47
0.0
 48
0.0
 49
2.5
140
0.05
141
2.5
142
0.025
143
0.03937007874
144
100.0
145
0.0
146
0.5
147
0.020000000000000004
148
0.0
 69
0
 70
0
 71
0
 72
0
 73
0
 74
0
 75
0
 76
0
 77
1
 78
12
 79
3
170
0
171
3
172
1
173
0
174
0
175
0
176
0
177
0
178
0
179
2
271
2
272
2
273
2
274
3
275
0
276
0
277
2
278
46
279
2
280
0
281
0
282
0
283
0
284
8
285
0
286
0
288
1
289
3
290
0
340
4C
371
-2
372
-2
  0
DIMSTYLE
105
80
330
4
100
AcDbSymbolTableRecord
100
AcDbDimStyleTableRecord
  2
EZ_M_10_H25_CM
 70
0
 40
1.0
 41
0.025
 42
0.0125
 43
3.75
 44
0.037500000000000006
 45
0.0
 46
0.0
 47
0.0
 48
0.0
 49
2.5
140
0.025
141
2.5
142
0.0125
143
0.03937007874
144
100.0
145
0.0
146
0.5
147
0.010000000000000002
148
0.0
 69
0
 70
0
 71
0
 72
0
 73
0
 74
0
 75
0
 76
0
 77
1
 78
12
 79
3
170
0
171
3
172
1
173
0
174
0
175
0
176
0
177
0
178
0
179
2
271
2
272
2
273
2
274
3
275
0
276
0
277
2
278
46
279
2
280
0
281
0
282
0
283
0
284
8
285
0
286
0
288
1
289
3
290
0
340
4C
371
-2
372
-2
  0
DIMSTYLE
105
81
330
4
100
AcDbSymbolTableRecord
100
AcDbDimStyleTableRecord
  2
EZ_M_5_H25_CM
 70
0
 40
1.0
 41
0.0125
 42
0.00625
 43
3.75
 44
0.018750000000000003
 45
0.0
 46
0.0
 47
0.0
 48
0.0
 49
2.5
140
0.0125
141
2.5
142
0.00625
143
0.03937007874
144
100.0
145
0.0
146
0.5
147
0.005000000000000001
148
0.0
 69
0
 70
0
 71
0
 72
0
 73
0
 74
0
 75
0
 76
0
 77
1
 78
12
 79
3
170
0
171
3
172
1
173
0
174
0
175
0
176
0
177
0
178
0
179
2
271
2
272
2
273
2
274
3
275
0
276
0
277
2
278
46
279
2
280
0
281
0
282
0
283
0
284
8
285
0
286
0
288
1
289
3
290
0
340
4C
371
-2
372
-2
  0
DIMSTYLE
105
82
330
4
100
AcDbSymbolTableRecord
100
AcDbDimStyleTableRecord
  2
EZ_M_1_H25_CM
 70
0
 40
1.0
 41
0.0025
 42
0.00125
 43
3.75
 44
0.00375
 45
0.0
 46
0.0
 47
0.0
 48
0.0
 49
2.5
140
0.0025
141
2.5
142
0.00125
143
0.03937007874
144
100.0
145
0.0
146
0.5
147
0.001
148
0.0
 69
0
 70
0
 71
0
 72
0
 73
0
 74
0
 75
0
 76
0
 77
1
 78
12
 79
3
170
0
171
3
172
1
173
0
174
0
175
0
176
0
177
0
178
0
179
2
271
2
272
2
273
2
274
3
275
0
276
0
277
2
278
46
279
2
280
0
281
0
282
0
283
0
284
8
285
0
286
0
288
1
289
3
290
0
340
4C
371
-2
372
-2
  0
DIMSTYLE
105
83
330
4
100
AcDbSymbolTableRecord
100
AcDbDimStyleTableRecord
  2
EZ_RADIUS
 70
0
 40
1.0
 41
0.25
 42
0.125
 43
3.75
 44
0.375
 45
0.0
 46
0.0
 47
0.0
 48
0.0
 49
2.5
140
0.25
141
0.0
142
0.0
143
0.03937007874
144
100.0
145
0.0
146
0.5
147
0.1
148
0.0
 69
0
 70
0
 71
0
 72
0
 73
0
 74
0
 75
0
 76
0
 77
1
 78
12
 79
3
170
0
171
3
172
0
173
0
174
0
175
0
176
0
177
0
178
0
179
2
271
2
272
2
273
2
274
3
275
0
276
0
277
2
278
46
279
1
280
0
281
0
282
0
283
0
284
8
285
0
286
0
288
1
289
3
290
0
340
4C
342
84
371
-2
372
-2
  0
DIMSTYLE
105
88
330
4
100
AcDbSymbolTableRecord
100
AcDbDimStyleTableRecord
  2
EZ_RADIUS_INSIDE
 70
0
 40
1.0
 41
0.25
 42
0.125
 43
3.75
 44
0.375
 45
0.0
 46
0.0
 47
0.0
 48
0.0
 49
2.5
140
0.25
141
0.0
142
0.0
143
0.03937007874
144
100.0
145
0.0
146
0.5
147
0.1
148
0.0
 69
0
 70
0
 71
0
 72
0
 73
0
 74
0
 75
0
 76
0
 77
0
 78
12
 79
3
170
0
171
3
172
0
173
0
174
1
175
0
176
0
177
0
178
0
179
2
271
2
272
2
273
2
274
3
275
0
276
0
277
2
278
46
279
0
280
0
281
0
282
0
283
0
284
8
285
0
286
0
288
1
289
0
290
0
340
4C
342
84
371
-2
372
-2
  0
DIMSTYLE
105
89
330
4
100
AcDbSymbolTableRecord
100
AcDbDimStyleTableRecord
  2
EZ_CURVED
 70
0
 40
1.0
 41
0.25
 42
0.125
 43
3.75
 44
0.375
 45
0.0
 46
0.0
 47
0.0
 48
0.0
 49
2.5
140
0.25
141
2.5
142
0.0
143
0.03937007874
144
100.0
145
0.0
146
0.5
147
0.1
148
0.0
 69
0
 70
0
 71
0
 72
0
 73
0
 74
0
 75
0
 76
0
 77
1
 78
12
 79
2
 90
2
170
0
171
3
172
1
173
0
174
0
175
0
176
0
177
0
178
0
179
2
271
2
272
2
273
2
274
3
275
0
276
0
277
2
278
46
279
2
280
0
281
0
282
0
283
0
284
8
285
0
286
0
288
1
289
3
290
0
340
4C
371
-2
372
-2
  0
ENDTAB
  0
TABLE
  2
BLOCK_RECORD
  5
9
330
0
100
AcDbSymbolTable
 70
5
  0
BLOCK_RECORD
  5
17
330
9
100
AcDbSymbolTableRecord
100
AcDbBlockTableRecord
  2
*Model_Space
340
1A
 70
0
280
1
281
0
  0
BLOCK_RECORD
  5
1B
330
9
100
AcDbSymbolTableRecord
100
AcDbBlockTableRecord
  2
*Paper_Space
340
1E
 70
0
280
1
281
0
  0
BLOCK_RECORD
  5
74
330
9
100
AcDbSymbolTableRecord
100
AcDbBlockTableRecord
  2
_ARCHTICK
340
0
 70
0
280
1
281
0
  0
BLOCK_RECORD
  5
78
330
9
100
AcDbSymbolTableRecord
100
AcDbBlockTableRecord
  2
_CLOSEDFILLED
340
0
 70
0
280
1
281
0
  0
BLOCK_RECORD
  5
84
330
9
100
AcDbSymbolTableRecord
100
AcDbBlockTableRecord
  2
_CLOSEDBLANK
340
0
 70
0
280
1
281
0
  0
ENDTAB
  0
ENDSEC
  0
SECTION
  2
BLOCKS
  0
BLOCK
  5
18
330
17
100
AcDbEntity
  8
0
100
AcDbBlockBegin
  2
*Model_Space
 70
0
 10
0.0
 20
0.0
 30
0.0
  3
*Model_Space
  1

  0
ENDBLK
  5
19
330
17
100
AcDbEntity
  8
0
100
AcDbBlockEnd
  0
BLOCK
  5
1C
330
1B
100
AcDbEntity
  8
0
100
AcDbBlockBegin
  2
*Paper_Space
 70
0
 10
0.0
 20
0.0
 30
0.0
  3
*Paper_Space
  1

  0
ENDBLK
  5
1D
330
1B
100
AcDbEntity
  8
0
100
AcDbBlockEnd
  0
BLOCK
  5
75
330
74
100
AcDbEntity
  8
0
100
AcDbBlockBegin
  2
_ARCHTICK
 70
0
 10
0.0
 20
0.0
 30
0.0
  3
_ARCHTICK
  1

  0
LWPOLYLINE
  5
77
330
74
100
AcDbEntity
  8
0
  6
BYBLOCK
 62
0
100
AcDbPolyline
 90
2
 70
0
 43
0.15
 10
-0.5
 20
-0.5
 10
0.5
 20
0.5
  0
ENDBLK
  5
76
330
74
100
AcDbEntity
  8
0
100
AcDbBlockEnd
  0
BLOCK
  5
79
330
78
100
AcDbEntity
  8
0
100
AcDbBlockBegin
  2
_CLOSEDFILLED
 70
0
 10
0.0
 20
0.0
 30
0.0
  3
_CLOSEDFILLED
  1

  0
SOLID
  5
7B
330
78
100
AcDbEntity
  8
0
  6
BYBLOCK
 62
0
100
AcDbTrace
 10
-1.0
 20
0.16439898372402537
 30
0.0
 11
0.0
 21
0.0
 31
0.0
 12
-1.0
 22
-0.16439898372402537
 32
0.0
 13
-1.0
 23
-0.16439898372402537
 33
0.0
  0
ENDBLK
  5
7A
330
78
100
AcDbEntity
  8
0
100
AcDbBlockEnd
  0
BLOCK
  5
85
330
84
100
AcDbEntity
  8
0
100
AcDbBlockBegin
  2
_CLOSEDBLANK
 70
0
 10
0.0
 20
0.0
 30
0.0
  3
_CLOSEDBLANK
  1

  0
LWPOLYLINE
  5
87
330
84
100
AcDbEntity
  8
0
  6
BYBLOCK
 62
0
100
AcDbPolyline
 90
3
 70
1
 10
-1.0
 20
0.16439898372402537
 10
0.0
 20
0.0
 10
-1.0
 20
-0.16439898372402537
  0
ENDBLK
  5
86
330
84
100
AcDbEntity
  8
0
100
AcDbBlockEnd
  0
ENDSEC
  0
SECTION
  2
ENTITIES
  0
SPLINE
  5
8A
330
17
100
AcDbEntity
  8
0
100
AcDbSpline
 70
0
 71
3
 72
0
 73
0
 74
20
 11
1835.185307
 21
52.94184599999999
 31
0.0
 11
1834.605738534419
 21
52.494696202401606
 31
0.0
 11
1831.6984988031813
 21
49.92609277193149
 31
0.0
 11
1830.2019309936175
 21
47.708071785415
 31
0.0
 11
1830.3049247605588
 21
46.913957730482004
 31
0.0
 11
1830.942428
 21
46.28753900000003
 31
0.0
 11
1833.5477706502343
 21
45.713540318336406
 31
0.0
 11
1847.6224040827308
 21
45.6662619918273
 31
0.0
 11
1857.876418
 21
46.337871000000035
 31
0.0
 11
1865.7034048036649
 21
48.56872568258251
 31
0.0
 11
1866.9889638693603
 21
49.25279348259683
 31
0.0
 11
1868.1896129047466
 21
50.73833783236797
 31
0.0
 11
1868.7141064227426
 21
52.92686860407251
 31
0.0
 11
1868.970537
 21
62.668136999999845
 31
0.0
 11
1868.7588435649375
 21
72.14360014531248
 31
0.0
 11
1868.0636018159307
 21
73.95832470994223
 31
0.0
 11
1866.9957587919068
 21
74.52586203473268
 31
0.0
 11
1863.3292829424677
 21
73.3915199585306
 31
0.0
 11
1858.4900845111952
 21
70.3375310123844
 31
0.0
 11
1835.185307
 21
52.94184599999999
 31
0.0
  0
SPLINE
  5
8B
330
17
100
AcDbEntity
  8
0
100
AcDbSpline
 70
0
 71
3
 72
0
 73
0
 74
20
 11
1547.956123
 21
55.44735299999978
 31
0.0
 11
1547.8677064820838
 21
52.35225695114495
 31
0.0
 11
1547.8239124043541
 21
42.11581969328
 31
0.0
 11
1548.5895034595103
 21
41.16255183348891
 31
0.0
 11
1550.3018766416712
 21
41.28916782190678
 31
0.0
 11
1551.183385
 21
41.94757499999999
 31
0.0
 11
1551.754761704727
 21
43.52627755838648
 31
0.0
 11
1552.1927733166942
 21
53.97344216051533
 31
0.0
 11
1553.297983270119
 21
66.8642896296877
 31
0.0
 11
1555.2315860000003
 21
84.94136899999995
 31
0.0
 11
1556.813087
 21
95.542454
 31
0.0
 11
1556.6433355150034
 21
96.50434278915391
 31
0.0
 11
1556.1840374573082
 21
96.90131816040176
 31
0.0
 11
1554.2651361364221
 21
96.55750933537288
 31
0.0
 11
1552.822031432073
 21
94.70753886238234
 31
0.0
 11
1552.050465824312
 21
92.1875805728765
 31
0.0
 11
1550.244948
 21
75.04883000000008
 31
0.0
 11
1549.6295791578523
 21
71.41101914525247
 31
0.0
 11
1548.4859278456145
 21
68.21902989100407
 31
0.0
 11
1547.956123
 21
55.44735299999978
 31
0.0
  0
SPLINE
  5
8C
330
17
100
AcDbEntity
  8
0
100
AcDbSpline
 70
0
 71
3
 72
0
 73
0
 74
23
 11
634.4341709999935
 21
75.00879200001145
 31
0.0
 11
622.0948582819153
 21
99.6675104832508
 31
0.0
 11
617.7004860000001
 21
107.182932
 31
0.0
 11
615.8253809999999
 21
109.24999999999999
 31
0.0
 11
613.3084049999999
 21
110.8902559999999
 31
0.0
 11
611.6666669999998
 21
110.33333299999998
 31
0.0
 11
611.0559735821033
 21
108.71951985412313
 31
0.0
 11
612.0865557240392
 21
104.24875429801905
 31
0.0
 11
620.3526446540577
 21
85.82902705473884
 31
0.0
 11
625.835787
 21
72.56596499999999
 31
0.0
 11
628.291004
 21
65.046478
 31
0.0
 11
629.541008792516
 21
62.335191022128015
 31
0.0
 11
633.7022651622499
 21
42.20073332157719
 31
0.0
 11
635.9690154374807
 21
34.79769717730884
 31
0.0
 11
637.3847085034399
 21
33.240329735007066
 31
0.0
 11
639.5400102574825
 21
31.968199655564245
 31
0.0
 11
642.2767420258025
 21
31.64644110808248
 31
0.0
 11
644.6467713037375
 21
32.4114975588
 31
0.0
 11
648.0350626532968
 21
34.571045097077416
 31
0.0
 11
648.8158221010817
 21
36.26201156031941
 31
0.0
 11
647.4780469999998
 21
43.20993699999997
 31
0.0
 11
642.7716315937745
 21
58.164620787466845
 31
0.0
 11
634.4341709999935
 21
75.00879200001145
 31
0.0
  0
LWPOLYLINE
  5
8D
330
17
100
AcDbEntity
  8
0
100
AcDbPolyline
 90
2
 70
1
 10
1414.159556
 20
72.50000000000227
 10
1414.159556
 20
72.50000000000216
  0
SPLINE
  5
8E
330
17
100
AcDbEntity
  8
0
100
AcDbSpline
 70
0
 71
3
 72
0
 73
0
 74
49
 11
332.168499
 21
48.10959100000007
 31
0.0
 11
332.63742274081983
 21
40.710533987093164
 31
0.0
 11
333.48989566105763
 21
37.947623678928316
 31
0.0
 11
334.23916510878564
 21
37.34055410548593
 31
0.0
 11
335.541325
 21
37.18404400000001
 31
0.0
 11
336.9889069837979
 21
37.622390725209144
 31
0.0
 11
337.88106878290864
 21
38.43494246936798
 31
0.0
 11
339.4934216221025
 21
47.10484013641209
 31
0.0
 11
343.042493
 21
74.57040899999998
 31
0.0
 11
344.8116819954389
 21
81.74587082431628
 31
0.0
 11
347.2740023654648
 21
88.50662715443849
 31
0.0
 11
351.74503225920773
 21
98.0037148438276
 31
0.0
 11
356.8453375220059
 21
105.99282636886734
 31
0.0
 11
361.180668
 21
111.168217
 31
0.0
 11
370.844878
 21
119.87463199999999
 31
0.0
 11
372.579218
 21
122.23539800000002
 31
0.0
 11
372.8172423523146
 21
124.51737807349252
 31
0.0
 11
372.0392900000001
 21
125.47571699999999
 31
0.0
 11
370.9366800595354
 21
125.62827778822003
 31
0.0
 11
362.096221
 21
119.23225500000001
 31
0.0
 11
355.9890634744018
 21
113.60852018447574
 31
0.0
 11
350.809205090105
 21
107.62222652328
 31
0.0
 11
345.620402
 21
99.888989
 31
0.0
 11
342.85438123288554
 21
93.62998504114971
 31
0.0
 11
341.781778
 21
93.10891099999996
 31
0.0
 11
341.1842942512685
 21
93.255104537404
 31
0.0
 11
340.69370064679003
 21
94.7268356613085
 31
0.0
 11
341.1621500591265
 21
97.41172339768949
 31
0.0
 11
342.683209
 21
101.144764
 31
0.0
 11
344.270924155725
 21
107.09631627772417
 31
0.0
 11
350.382907782766
 21
120.04519882999202
 31
0.0
 11
354.43707820802
 21
127.33211312052545
 31
0.0
 11
370.0528578154361
 21
151.67881089505516
 31
0.0
 11
372.25934862507603
 21
155.720331142372
 31
0.0
 11
372.8366176140895
 21
157.21871478530352
 31
0.0
 11
372.67254520613255
 21
158.17957691822645
 31
0.0
 11
371.736931
 21
159.2826459999999
 31
0.0
 11
370.87763552556004
 21
159.55639467476243
 31
0.0
 11
368.7703974655
 21
158.6054999587
 31
0.0
 11
367.16492785937857
 21
156.77642267680758
 31
0.0
 11
361.2649385422435
 21
147.32367752182566
 31
0.0
 11
344.51266951001276
 21
122.56811137244051
 31
0.0
 11
337.42904999999996
 21
107.33494500000003
 31
0.0
 11
336.61220021788785
 21
103.55139004425143
 31
0.0
 11
334.480268
 21
98.485312
 31
0.0
 11
333.644433
 21
93.783086
 31
0.0
 11
332.122491
 21
90.790544
 31
0.0
 11
331.73192
 21
79.43387800000068
 31
0.0
 11
332.168499
 21
48.10959100000007
 31
0.0
  0
SPLINE
  5
8F
330
17
100
AcDbEntity
  8
0
100
AcDbSpline
 70
0
 71
3
 72
0
 73
0
 74
32
 11
161.885428
 21
77.5989329999999
 31
0.0
 11
162.1003651046245
 21
76.80036612262242
 31
0.0
 11
165.40641916248148
 21
65.98777190793551
 31
0.0
 11
170.83301179574434
 21
43.84653989282222
 31
0.0
 11
172.4744510244606
 21
38.96670900859464
 31
0.0
 11
174.11319021826026
 21
36.861372220358625
 31
0.0
 11
176.03566262137286
 21
36.69710709215749
 31
0.0
 11
176.9113975474631
 21
37.42968951521733
 31
0.0
 11
177.7321229543955
 21
38.970179371626
 31
0.0
 11
177.88490246287597
 21
42.31992188129798
 31
0.0
 11
173.47509713722155
 21
63.2569981943377
 31
0.0
 11
166.95095095696914
 21
89.34477320618744
 31
0.0
 11
165.20009773408515
 21
92.71570820337647
 31
0.0
 11
164.38173327847537
 21
97.16307060833434
 31
0.0
 11
158.684825517632
 21
110.494938836444
 31
0.0
 11
155.51386099999996
 21
116.738421
 31
0.0
 11
144.56803409763998
 21
134.82996111987202
 31
0.0
 11
138.6913806535156
 21
145.67792898094729
 31
0.0
 11
133.464933
 21
153.36901
 31
0.0
 11
130.931906
 21
158.09563
 31
0.0
 11
128.68692462864178
 21
160.58018083917378
 31
0.0
 11
127.10250812488212
 21
160.88442477661232
 31
0.0
 11
126.54680126189386
 21
160.4930628902537
 31
0.0
 11
126.09501607794797
 21
159.13885341541595
 31
0.0
 11
126.26826499999999
 21
155.816151
 31
0.0
 11
129.262667
 21
151.102877
 31
0.0
 11
137.06186804416924
 21
136.50699702966838
 31
0.0
 11
144.65161231315003
 21
123.11935176026557
 31
0.0
 11
149.10243122375425
 21
116.06565448293907
 31
0.0
 11
151.63317234642545
 21
111.06663247574883
 31
0.0
 11
155.050056
 21
102.598485
 31
0.0
 11
161.885428
 21
77.5989329999999
 31
0.0
  0
SPLINE
  5
90
330
17
100
AcDbEntity
  8
0
100
AcDbSpline
 70
0
 71
3
 72
0
 73
0
 74
37
 11
1273.287524
 21
59.8587740000001
 31
0.0
 11
1274.687757
 21
47.713724000000056
 31
0.0
 11
1275.8310449945143
 21
43.26198025858797
 31
0.0
 11
1276.397757
 21
41.83526800000001
 31
0.0
 11
1277.522759406344
 21
40.49974969586001
 31
0.0
 11
1279.195927
 21
40.000000000000014
 31
0.0
 11
1280.6792748070488
 21
40.556524613240484
 31
0.0
 11
1280.974930568587
 21
42.139462517346395
 31
0.0
 11
1279.905781
 21
54.61786900000003
 31
0.0
 11
1280.0694415728344
 21
59.32264466632332
 31
0.0
 11
1281.446438
 21
69.19504
 31
0.0
 11
1282.8197599118519
 21
71.5321047876086
 31
0.0
 11
1283.079856974206
 21
72.694354567204
 31
0.0
 11
1282.532163597667
 21
74.10557825317898
 31
0.0
 11
1281.5444118566345
 21
74.81915650938618
 31
0.0
 11
1277.5
 21
75.5
 31
0.0
 11
1276.939696632959
 21
96.72865844076301
 31
0.0
 11
1276.367617
 21
103.132013
 31
0.0
 11
1275.500791
 21
106.076347
 31
0.0
 11
1275.279417686555
 21
110.69816301518935
 31
0.0
 11
1276.21404399812
 21
145.07092440194972
 31
0.0
 11
1276.24360148384
 21
160.13524833981998
 31
0.0
 11
1275.7826543551241
 21
162.28681690458262
 31
0.0
 11
1274.802318
 21
163.17618299999987
 31
0.0
 11
1272.75
 21
163.3044519999999
 31
0.0
 11
1271.782788
 21
162.434747
 31
0.0
 11
1271.0709744027236
 21
157.28708744220563
 31
0.0
 11
1270.717688
 21
132.88706900000003
 31
0.0
 11
1270.28545949448
 21
131.8107208794497
 31
0.0
 11
1269.4432776793476
 21
131.1341490795525
 31
0.0
 11
1265.25
 21
131.1106909999999
 31
0.0
 11
1264.5223716411324
 21
130.6938349689761
 31
0.0
 11
1264.147352003973
 21
129.507798458943
 31
0.0
 11
1264.216434
 21
126.250023
 31
0.0
 11
1266.981665
 21
117.945709
 31
0.0
 11
1269.921795
 21
105.39529000000002
 31
0.0
 11
1273.287524
 21
59.8587740000001
 31
0.0
  0
SPLINE
  5
91
330
17
100
AcDbEntity
  8
0
100
AcDbSpline
 70
0
 71
3
 72
0
 73
0
 74
42
 11
1709.5
 21
101.128378
 31
0.0
 11
1721.943664
 21
105.7858949999999
 31
0.0
 11
1730.613472635016
 21
110.17578666240858
 31
0.0
 11
1741.6349744344252
 21
117.44900119997611
 31
0.0
 11
1749.6948174062845
 21
124.12381464800697
 31
0.0
 11
1758.8209250516027
 21
133.1529901810532
 31
0.0
 11
1773.4158970000003
 21
150.68694800000014
 31
0.0
 11
1774.086865
 21
152.68317800000014
 31
0.0
 11
1781.6619
 21
165.67530699999998
 31
0.0
 11
1783.731424481823
 21
168.45247783735968
 31
0.0
 11
1785.515906234018
 21
169.5951622179567
 31
0.0
 11
1802.0665978403008
 21
165.87356644167102
 31
0.0
 11
1808.7980814973544
 21
165.07625915589895
 31
0.0
 11
1815.5603260446123
 21
164.9261599250414
 31
0.0
 11
1816.6310431863137
 21
164.49640734543576
 31
0.0
 11
1816.636406067779
 21
163.47061966074816
 31
0.0
 11
1811.8434845230493
 21
152.62363430760493
 31
0.0
 11
1806.5680831555885
 21
142.14726972969828
 31
0.0
 11
1800.7991378413617
 21
132.54318468153832
 31
0.0
 11
1794.4704773162603
 21
123.95589997444304
 31
0.0
 11
1787.5215851709954
 21
116.21311784997624
 31
0.0
 11
1780.0236233771986
 21
109.40555742583079
 31
0.0
 11
1771.8471769608027
 21
103.38180886469681
 31
0.0
 11
1763.0911034301687
 21
98.20651897129419
 31
0.0
 11
1755.505574096643
 21
94.61482361373425
 31
0.0
 11
1749.353698778137
 21
92.20805963259568
 31
0.0
 11
1739.442104919668
 21
89.12903612157197
 31
0.0
 11
1732.568315
 21
87.44738799999996
 31
0.0
 11
1716.095633999999
 21
84.51887999999997
 31
0.0
 11
1674.2416152400344
 21
79.6736440052425
 31
0.0
 11
1667.5568978360084
 21
78.44444633362194
 31
0.0
 11
1662.296131999999
 21
77.01563500000003
 31
0.0
 11
1653.6511947023932
 21
73.51537223520612
 31
0.0
 11
1651.601774673517
 21
73.72340177594003
 31
0.0
 11
1649.3570482917419
 21
75.18085446335385
 31
0.0
 11
1649.258138183677
 21
76.507275314847
 31
0.0
 11
1650.8220465718416
 21
78.35261118200857
 31
0.0
 11
1654.096082650914
 21
81.08399977423797
 31
0.0
 11
1657.229261
 21
82.96988299999995
 31
0.0
 11
1664.256277957171
 21
86.20816529602847
 31
0.0
 11
1674.19385043799
 21
89.93341152053924
 31
0.0
 11
1709.5
 21
101.128378
 31
0.0
  0
SPLINE
  5
92
330
17
100
AcDbEntity
  8
0
100
AcDbSpline
 70
0
 71
3
 72
0
 73
0
 74
68
 11
1720.687234
 21
47.460601
 31
0.0
 11
1727.285757
 21
49.21417999999997
 31
0.0
 11
1732.728379
 21
51.30486900000001
 31
0.0
 11
1737.798351
 21
54.06973199999995
 31
0.0
 11
1749.2867861819414
 21
62.07970126604037
 31
0.0
 11
1751.935336
 21
63.174938999999966
 31
0.0
 11
1754.0135107279584
 21
63.34792159976039
 31
0.0
 11
1756.7654234727781
 21
62.348506904329184
 31
0.0
 11
1759.3350066608468
 21
59.72427154058361
 31
0.0
 11
1759.9338316686178
 21
57.171784696658534
 31
0.0
 11
1759.7956091380695
 21
52.440483899477215
 31
0.0
 11
1758.995093586282
 21
50.392122391576486
 31
0.0
 11
1757.2157039917731
 21
48.35632828409402
 31
0.0
 11
1753.998166
 21
45.699390999999984
 31
0.0
 11
1750.1999438909354
 21
43.40678347686927
 31
0.0
 11
1749.606993826337
 21
41.781000394048
 31
0.0
 11
1750.308520438064
 21
40.189919020423034
 31
0.0
 11
1752.620702
 21
39.17274400000002
 31
0.0
 11
1757.6814775954958
 21
39.54840724154844
 31
0.0
 11
1764.5969350677774
 21
41.17176874089246
 31
0.0
 11
1772.241616011338
 21
43.74304837867099
 31
0.0
 11
1783.3523127044336
 21
49.38054403799995
 31
0.0
 11
1793.3065282112
 21
56.214061078300475
 31
0.0
 11
1845.3746456487002
 21
98.78138963544984
 31
0.0
 11
1860.3025169918972
 21
112.15215032494436
 31
0.0
 11
1869.033889
 21
122.215449
 31
0.0
 11
1868.5253836736397
 21
163.7676927625905
 31
0.0
 11
1868.1910982653599
 21
169.3140719707032
 31
0.0
 11
1867.447265140905
 21
172.46268450818496
 31
0.0
 11
1865.999918773997
 21
172.72840969720562
 31
0.0
 11
1861.4926257997827
 21
169.5763588183699
 31
0.0
 11
1834.950213
 21
146.59424499999994
 31
0.0
 11
1830.7374852203864
 21
138.14843350236532
 31
0.0
 11
1824.200283
 21
128.37581599999987
 31
0.0
 11
1819.9781174017498
 21
123.45726529752424
 31
0.0
 11
1814.6258
 21
118.89297899999995
 31
0.0
 11
1805.2862449436761
 21
112.44224486670979
 31
0.0
 11
1793.963331577787
 21
105.30002184128138
 31
0.0
 11
1753.368751522576
 21
82.41182806550177
 31
0.0
 11
1723.6981777303438
 21
64.07645668148031
 31
0.0
 11
1717.508036
 21
61.441629999999975
 31
0.0
 11
1712.2938920028084
 21
60.4205730998105
 31
0.0
 11
1706.33005544416
 21
60.66820328219502
 31
0.0
 11
1693.019388
 21
62.74755699999999
 31
0.0
 11
1685.174397
 21
62.323086000000025
 31
0.0
 11
1676.972601
 21
59.894073999999975
 31
0.0
 11
1658.173928
 21
51.00035199999995
 31
0.0
 11
1645.2448705731265
 21
46.51615178999551
 31
0.0
 11
1638.990707861892
 21
45.196607008624
 31
0.0
 11
1633.4846425808626
 21
45.80358304830748
 31
0.0
 11
1627.582665736774
 21
45.43673472410164
 31
0.0
 11
1617.2549911882472
 21
43.78598303237577
 31
0.0
 11
1608.935995990688
 21
41.88206680555451
 31
0.0
 11
1608.1159303964662
 21
40.84976624214141
 31
0.0
 11
1608.273542823719
 21
39.219184617961
 31
0.0
 11
1609.7186377979226
 21
38.24510938809855
 31
0.0
 11
1611.958104
 21
37.682894000000005
 31
0.0
 11
1620.8386748447117
 21
37.35950318330748
 31
0.0
 11
1644.6842089999998
 21
37.958908000000065
 31
0.0
 11
1654.058044
 21
38.751649999999984
 31
0.0
 11
1659.2574611662596
 21
39.65342289908834
 31
0.0
 11
1664.06815127866
 21
40.98352787231
 31
0.0
 11
1670.065018
 21
43.28423100000005
 31
0.0
 11
1673.4272221666968
 21
44.06279267904858
 31
0.0
 11
1693.3859273786202
 21
43.94547738965798
 31
0.0
 11
1704.753471
 21
44.280490999999955
 31
0.0
 11
1707.9476991531367
 21
44.66182845850096
 31
0.0
 11
1720.687234
 21
47.460601
 31
0.0
  0
SPLINE
  5
93
330
17
100
AcDbEntity
  8
0
100
AcDbSpline
 70
0
 71
3
 72
0
 73
0
 74
16
 11
423.7499999999998
 21
171.4411949999998
 31
0.0
 11
425.33698333708224
 21
173.19505543328728
 31
0.0
 11
431.993098572653
 21
181.2204148769854
 31
0.0
 11
430.445829
 21
182.382414
 31
0.0
 11
428.79149563849387
 21
182.3437224796093
 31
0.0
 11
424.7323565335208
 21
179.01176043628422
 31
0.0
 11
416.93216
 21
171.29365299999992
 31
0.0
 11
394.498352104148
 21
146.96870174854575
 31
0.0
 11
377.65618714534776
 21
130.8252071469418
 31
0.0
 11
376.3910202957524
 21
128.87379455439617
 31
0.0
 11
376.313735
 21
127.624802
 31
0.0
 11
377.5562257591124
 21
126.19561199607122
 31
0.0
 11
379.18676520254485
 21
126.16392657144984
 31
0.0
 11
392.0781546741324
 21
136.96200212175086
 31
0.0
 11
397.760750716565
 21
142.21304790207998
 31
0.0
 11
423.7499999999998
 21
171.4411949999998
 31
0.0
  0
SPLINE
  5
94
330
17
100
AcDbEntity
  8
0
100
AcDbSpline
 70
0
 71
3
 72
0
 73
0
 74
61
 11
902.3825400000001
 21
142.084356
 31
0.0
 11
904.2502900773428
 21
144.85427884318057
 31
0.0
 11
904.0279069182714
 21
146.28810502919345
 31
0.0
 11
902.324592426224
 21
146.85533861423843
 31
0.0
 11
899.574056497964
 21
145.98503597274302
 31
0.0
 11
895.134042390871
 21
142.49454533137057
 31
0.0
 11
885.6355794276742
 21
132.2773131329059
 31
0.0
 11
874.5330870562241
 21
118.90721035262915
 31
0.0
 11
860.8446119999999
 21
101.0570200000003
 31
0.0
 11
859.899842
 21
98.17753300000003
 31
0.0
 11
853.8124054334313
 21
88.91520233475393
 31
0.0
 11
848.054237
 21
78.16761200000002
 31
0.0
 11
846.8123953132617
 21
77.07138013491459
 31
0.0
 11
845.529616160972
 21
77.08624112750104
 31
0.0
 11
845.193633
 21
77.77480800000001
 31
0.0
 11
845.3325588143491
 21
80.76105124718967
 31
0.0
 11
848.9897328677075
 21
112.908513331706
 31
0.0
 11
851.1115373823905
 21
122.31898642084491
 31
0.0
 11
854.8882719999999
 21
143.19794
 31
0.0
 11
855.5240429999999
 21
147.622789
 31
0.0
 11
855.33680685608
 21
148.65983111832
 31
0.0
 11
856.6338359648688
 21
150.7948371870673
 31
0.0
 11
857.3602729016495
 21
157.20158670765176
 31
0.0
 11
858.6385030758336
 21
159.44753319280312
 31
0.0
 11
859.26272
 21
163.344634
 31
0.0
 11
860.876069310177
 21
166.59216276969548
 31
0.0
 11
863.2276539999998
 21
178.20799799999998
 31
0.0
 11
865.650804855815
 21
186.864106673525
 31
0.0
 11
865.2634153749061
 21
187.87959586720515
 31
0.0
 11
863.8631025617666
 21
187.2018606893154
 31
0.0
 11
860.3980053200106
 21
183.84701411608285
 31
0.0
 11
858.4181949999999
 21
181.327418
 31
0.0
 11
855.804658
 21
177.077737
 31
0.0
 11
853.6754619999999
 21
172.6293
 31
0.0
 11
851.6547173426258
 21
165.8857086289205
 31
0.0
 11
850.145118
 21
162.90886599999988
 31
0.0
 11
846.8110061032065
 21
153.18300290537672
 31
0.0
 11
840.6059369999999
 21
132.470394
 31
0.0
 11
838.2680289999998
 21
121.68345200000002
 31
0.0
 11
837.736338
 21
116.06658700000001
 31
0.0
 11
836.0394693539417
 21
111.51268866453158
 31
0.0
 11
830.1126531264656
 21
68.48969018528783
 31
0.0
 11
828.763277041617
 21
52.45803722596841
 31
0.0
 11
828.4011070132154
 21
38.49360725685666
 31
0.0
 11
828.8444105539969
 21
36.30085928793472
 31
0.0
 11
830.2746409999999
 21
34.52018700000001
 31
0.0
 11
832.301416852288
 21
33.66735961328
 31
0.0
 11
835.6665486404097
 21
33.06296038000073
 31
0.0
 11
839.7551179999998
 21
33.12484400000002
 31
0.0
 11
841.445436
 21
33.55209499999998
 31
0.0
 11
843.2494376233097
 21
34.8292076418499
 31
0.0
 11
845.1680814272589
 21
37.05662683018478
 31
0.0
 11
846.8263160000001
 21
40.137463000000004
 31
0.0
 11
847.5037854460717
 21
43.7133161730264
 31
0.0
 11
856.171449
 21
67.13519400000001
 31
0.0
 11
862.4555970000001
 21
81.27227299999997
 31
0.0
 11
869.1827869999998
 21
94.51062099999993
 31
0.0
 11
876.3091991314516
 21
105.9671402370472
 31
0.0
 11
877.417945
 21
108.78560299999988
 31
0.0
 11
888.159717
 21
123.70098400000003
 31
0.0
 11
902.3825400000001
 21
142.084356
 31
0.0
  0
LWPOLYLINE
  5
95
330
17
100
AcDbEntity
  8
0
100
AcDbPolyline
 90
2
 70
1
 10
968.2276940000002
 20
47.40900499999878
 10
968.2276940000002
 20
47.40900499999877
  0
LWPOLYLINE
  5
96
330
17
100
AcDbEntity
  8
0
100
AcDbPolyline
 90
2
 70
1
 10
977.5356619999998
 20
186.8001399999997
 10
977.5356619999998
 20
186.80013999999957
  0
SPLINE
  5
97
330
17
100
AcDbEntity
  8
0
100
AcDbSpline
 70
0
 71
3
 72
0
 73
0
 74
63
 11
1534.50449
 21
63.11237699999629
 31
0.0
 11
1533.854287
 21
48.431870000000046
 31
0.0
 11
1534.11386
 21
44.04981000000001
 31
0.0
 11
1535.2853836971708
 21
41.481166955793036
 31
0.0
 11
1536.54969
 21
40.99999999999992
 31
0.0
 11
1537.464565
 21
41.483109000000006
 31
0.0
 11
1538.06846500358
 21
44.14831904377998
 31
0.0
 11
1538.049858
 21
56.533896
 31
0.0
 11
1538.6171344847348
 21
61.17792264131911
 31
0.0
 11
1541.122073706389
 21
68.43703251012495
 31
0.0
 11
1542.60036
 21
69.51746800000001
 31
0.0
 11
1545.908483849059
 21
77.46219496628599
 31
0.0
 11
1545.882402097562
 21
79.06912732193649
 31
0.0
 11
1544.7593938523016
 21
79.93443045637972
 31
0.0
 11
1543.18988
 21
79.56006599999999
 31
0.0
 11
1541.815880536595
 21
77.66824160968643
 31
0.0
 11
1540.862952418212
 21
77.0631985151016
 31
0.0
 11
1539.9629612639028
 21
77.16613205762778
 31
0.0
 11
1539.4357046398106
 21
78.39383337434123
 31
0.0
 11
1541.914245694727
 21
103.69770173818449
 31
0.0
 11
1543.368846
 21
110.495612
 31
0.0
 11
1545.4178867750288
 21
116.07195608461637
 31
0.0
 11
1554.5117967268413
 21
132.55261462259887
 31
0.0
 11
1554.4450310732325
 21
133.8416399364825
 31
0.0
 11
1553.3013997947623
 21
134.66630584969158
 31
0.0
 11
1552.01843082493
 21
134.27116853034036
 31
0.0
 11
1549.2761642707135
 21
131.99425180694055
 31
0.0
 11
1547.756497
 21
131.227193
 31
0.0
 11
1547.0224129717951
 21
131.7305315971743
 31
0.0
 11
1546.759963
 21
133.1717759999999
 31
0.0
 11
1548.4711920876653
 21
141.0340006136481
 31
0.0
 11
1550.232300792302
 21
146.83816764158775
 31
0.0
 11
1553.697457
 21
153.995974
 31
0.0
 11
1555.6700931987866
 21
160.44728628208463
 31
0.0
 11
1558.3786922604777
 21
165.2193168608655
 31
0.0
 11
1557.960159171987
 21
171.5129840929327
 31
0.0
 11
1560.293355
 21
179.392653
 31
0.0
 11
1560.5103895895504
 21
185.14636444531075
 31
0.0
 11
1562.591103
 21
190.359684
 31
0.0
 11
1563.295903972512
 21
195.960162045696
 31
0.0
 11
1562.8752826173989
 21
199.110522435048
 31
0.0
 11
1561.444825
 21
199.79402
 31
0.0
 11
1559.530143
 21
199.47467900000004
 31
0.0
 11
1557.9853178277103
 21
198.478092870204
 31
0.0
 11
1556.559641103975
 21
196.672858504498
 31
0.0
 11
1548.607574
 21
179.93435299999993
 31
0.0
 11
1547.4416059419352
 21
174.002242148844
 31
0.0
 11
1545.438815
 21
169.07619
 31
0.0
 11
1544.70625
 21
165.473073
 31
0.0
 11
1543.6586901742894
 21
164.1020212066742
 31
0.0
 11
1542.5192170157802
 21
150.86701173496192
 31
0.0
 11
1541.7136259288002
 21
150.02547551714832
 31
0.0
 11
1540.6669649373341
 21
150.25448689141174
 31
0.0
 11
1539.6504629684214
 21
152.65189336284737
 31
0.0
 11
1538.7065594044504
 21
152.9619661920078
 31
0.0
 11
1537.3325487385941
 21
151.5935586508525
 31
0.0
 11
1536.4052883927225
 21
149.0699930838986
 31
0.0
 11
1536.3459960370715
 21
147.10704862480333
 31
0.0
 11
1539.8965457952268
 21
132.5839136827913
 31
0.0
 11
1540.0916839688941
 21
123.0049488448431
 31
0.0
 11
1538.929076791779
 21
111.26478686252449
 31
0.0
 11
1536.147021
 21
91.73750000000007
 31
0.0
 11
1534.50449
 21
63.11237699999629
 31
0.0
  0
SPLINE
  5
98
330
17
100
AcDbEntity
  8
0
100
AcDbSpline
 70
0
 71
3
 72
0
 73
0
 74
119
 11
1350.808848000015
 21
105.1513659999746
 31
0.0
 11
1348.854120002723
 21
118.73681364379689
 31
0.0
 11
1348.6560960152592
 21
124.00155985704968
 31
0.0
 11
1349.3729671490844
 21
133.6039829115574
 31
0.0
 11
1351.2474386554363
 21
144.6846563476759
 31
0.0
 11
1351.1181299025848
 21
147.73569071391702
 31
0.0
 11
1349.719032
 21
150.27913099999998
 31
0.0
 11
1346.560153
 21
151.56213
 31
0.0
 11
1345.875973
 21
152.28038299999997
 31
0.0
 11
1344.4606578972725
 21
163.320886252901
 31
0.0
 11
1340.1115321726443
 21
178.31078209960077
 31
0.0
 11
1331.8981769086631
 21
195.65500074523203
 31
0.0
 11
1328.5085433129227
 21
199.59778081260058
 31
0.0
 11
1327.366874
 21
199.810746
 31
0.0
 11
1326.0636476775762
 21
199.2022912880797
 31
0.0
 11
1325.1191378976598
 21
198.00463767037203
 31
0.0
 11
1324.783064166998
 21
196.57434645265002
 31
0.0
 11
1325.104441474436
 21
190.25946819237927
 31
0.0
 11
1325.719593
 21
187.21381700000003
 31
0.0
 11
1326.6777833708895
 21
184.88772650810722
 31
0.0
 11
1327.537946
 21
177.02326299999996
 31
0.0
 11
1330.872642
 21
170.431846
 31
0.0
 11
1330.705228
 21
168.90947399999993
 31
0.0
 11
1329.363046
 21
166.028888
 31
0.0
 11
1329.4038614864426
 21
164.72712108401456
 31
0.0
 11
1332.2059660099465
 21
159.7886093239706
 31
0.0
 11
1333.904406888789
 21
153.91998810034173
 31
0.0
 11
1338.9830092072189
 21
144.1765898442635
 31
0.0
 11
1340.9009204048746
 21
138.76483606296466
 31
0.0
 11
1341.2569792971424
 21
134.70986687697993
 31
0.0
 11
1340.9405352339263
 21
133.1221468541506
 31
0.0
 11
1339.820095966548
 21
132.64613919899242
 31
0.0
 11
1335.086408517681
 21
133.6261698638573
 31
0.0
 11
1334.0508320703668
 21
132.90658644722362
 31
0.0
 11
1334.0418349520148
 21
131.631609011035
 31
0.0
 11
1341.941284
 21
116.77612699999999
 31
0.0
 11
1345.55956
 21
107.86448599999997
 31
0.0
 11
1349.7556916833112
 21
79.81831237471529
 31
0.0
 11
1349.8743777473485
 21
77.61515399196001
 31
0.0
 11
1348.9507175587971
 21
77.05902618885054
 31
0.0
 11
1345.6175012296123
 21
78.37876364632503
 31
0.0
 11
1341.652692
 21
81.36414599999995
 31
0.0
 11
1339.082566777183
 21
83.91290157448762
 31
0.0
 11
1337.809838095224
 21
86.447979204948
 31
0.0
 11
1333.8127538046092
 21
112.04489516248381
 31
0.0
 11
1332.7473471102821
 21
117.32461611131951
 31
0.0
 11
1331.043968405835
 21
122.72497798094498
 31
0.0
 11
1328.6407135565244
 21
135.413734203618
 31
0.0
 11
1326.7462924232857
 21
155.4848313531115
 31
0.0
 11
1326.0134701933164
 21
158.68347188592267
 31
0.0
 11
1324.587016
 21
162.40247999999968
 31
0.0
 11
1317.6845662741616
 21
176.75894922270157
 31
0.0
 11
1312.1174928661628
 21
184.21717469238524
 31
0.0
 11
1304.772454535066
 21
191.81092853034056
 31
0.0
 11
1297.92865002657
 21
197.98807110221603
 31
0.0
 11
1294.474085399444
 21
199.84130499397708
 31
0.0
 11
1292.549238025985
 21
199.76694340107403
 31
0.0
 11
1291.6727827976451
 21
199.09230253234196
 31
0.0
 11
1291.3585152405292
 21
197.88373820709256
 31
0.0
 11
1292.981468
 21
194.725512
 31
0.0
 11
1302.893317
 21
178.91915599999996
 31
0.0
 11
1303.356617507774
 21
176.71109305573427
 31
0.0
 11
1302.435218
 21
173.556127
 31
0.0
 11
1306.402015
 21
169.12335200000004
 31
0.0
 11
1306.450557
 21
168.344728
 31
0.0
 11
1305.48002
 21
166.165758
 31
0.0
 11
1305.746062
 21
164.546951
 31
0.0
 11
1310.6381984719999
 21
158.26058019065
 31
0.0
 11
1311.420432
 21
155.40196599999993
 31
0.0
 11
1313.415992
 21
152.3004629999999
 31
0.0
 11
1314.254716
 21
146.98038799999986
 31
0.0
 11
1315.2394168229866
 21
145.7227825135422
 31
0.0
 11
1320.9465674918376
 21
141.187211360991
 31
0.0
 11
1322.5429271883665
 21
139.10372534283948
 31
0.0
 11
1323.905230621967
 21
136.02642192340917
 31
0.0
 11
1325.298213406356
 21
129.0087868975824
 31
0.0
 11
1326.7175933447033
 21
124.91529411135294
 31
0.0
 11
1326.5952299279586
 21
123.46855823306345
 31
0.0
 11
1325.362215708214
 21
122.92106622384043
 31
0.0
 11
1323.772455
 21
123.34825900000004
 31
0.0
 11
1319.62904821138
 21
126.88447025863005
 31
0.0
 11
1317.7977837998135
 21
127.95930739507496
 31
0.0
 11
1316.3543089048992
 21
127.68029833009354
 31
0.0
 11
1315.6635027620725
 21
126.53564899171741
 31
0.0
 11
1316.857523
 21
123.99301499999999
 31
0.0
 11
1325.3255980178826
 21
113.54755434421031
 31
0.0
 11
1329.65488865512
 21
106.10006231070005
 31
0.0
 11
1330.4504462818086
 21
103.88170560597972
 31
0.0
 11
1331.3258465190465
 21
93.42078274409434
 31
0.0
 11
1331.6011357160353
 21
91.94367913742637
 31
0.0
 11
1332.61034
 21
90.08441900000001
 31
0.0
 11
1333.735857113805
 21
82.48311640152302
 31
0.0
 11
1336.01939984707
 21
49.193893029569985
 31
0.0
 11
1336.8808789618001
 21
43.864356967862776
 31
0.0
 11
1338.106478
 21
41.062009000000074
 31
0.0
 11
1339.09497594362
 21
40.2795598388201
 31
0.0
 11
1340.5919088520402
 21
40.41863830633255
 31
0.0
 11
1341.4579372279009
 21
41.503199136833025
 31
0.0
 11
1341.882365803605
 21
43.52555723591046
 31
0.0
 11
1341.49855171733
 21
55.66732938579699
 31
0.0
 11
1339.1084361548396
 21
73.7553278635504
 31
0.0
 11
1339.432062254175
 21
74.68425421887248
 31
0.0
 11
1340.454522867924
 21
74.99069057238259
 31
0.0
 11
1342.1245799891572
 21
74.34739227606619
 31
0.0
 11
1344.1855767844463
 21
71.91366942051839
 31
0.0
 11
1347.4404101097
 21
66.26718681912502
 31
0.0
 11
1349.2998365643411
 21
62.029397391962306
 31
0.0
 11
1349.89824
 21
58.07817599999999
 31
0.0
 11
1350.1537576453059
 21
45.524428156343504
 31
0.0
 11
1350.911107270458
 21
41.76051487618218
 31
0.0
 11
1351.542382
 21
40.96482600000002
 31
0.0
 11
1352.8032857198255
 21
40.56513152871114
 31
0.0
 11
1353.6568587100787
 21
40.86556804536925
 31
0.0
 11
1354.396937
 21
41.96726499999997
 31
0.0
 11
1354.8096615606219
 21
45.17035983680788
 31
0.0
 11
1354.77013542944
 21
50.926958732159996
 31
0.0
 11
1353.7600769477415
 21
76.8697353276045
 31
0.0
 11
1352.592245
 21
91.699277
 31
0.0
 11
1350.808848000015
 21
105.1513659999746
 31
0.0
  0
LWPOLYLINE
  5
99
330
17
100
AcDbEntity
  8
0
100
AcDbPolyline
 90
2
 70
1
 10
1558.694491
 20
131.719979
 10
1558.694491
 20
131.71997899999994
  0
SPLINE
  5
9A
330
17
100
AcDbEntity
  8
0
100
AcDbSpline
 70
0
 71
3
 72
0
 73
0
 74
60
 11
554.4999999999999
 21
160.9921500000001
 31
0.0
 11
556.3436901556458
 21
159.10095072524885
 31
0.0
 11
561.4627948337829
 21
150.94959997386897
 31
0.0
 11
564.645691185959
 21
146.91773767479
 31
0.0
 11
567.9969112164847
 21
143.90961666512922
 31
0.0
 11
571.427373
 21
141.951324
 31
0.0
 11
574.8340853511875
 21
141.06039817563536
 31
0.0
 11
580.5817314376699
 21
141.47606195914196
 31
0.0
 11
584.9547499999999
 21
142.8838049999999
 31
0.0
 11
589.0400131252729
 21
145.18488169134844
 31
0.0
 11
593.9025304750182
 21
149.7679151583889
 31
0.0
 11
596.5765509999999
 21
155.12647500000003
 31
0.0
 11
596.7937246757999
 21
158.38981234424796
 31
0.0
 11
596.3793498226925
 21
159.97197893815832
 31
0.0
 11
594.2652265370831
 21
164.07198029191315
 31
0.0
 11
594.1484339439156
 21
165.7692800782371
 31
0.0
 11
594.601619
 21
166.884504
 31
0.0
 11
598.3271045081106
 21
171.66948721245325
 31
0.0
 11
605.6518513859841
 21
188.92806463620985
 31
0.0
 11
606.8971213680702
 21
194.0202506908221
 31
0.0
 11
606.005045
 21
196.716091
 31
0.0
 11
603.709838706158
 21
198.53227345211548
 31
0.0
 11
598.2644762591407
 21
199.32281491621205
 31
0.0
 11
592.4548468982466
 21
198.87352092996554
 31
0.0
 11
586.462783
 21
196.955551
 31
0.0
 11
575.8627878027082
 21
191.77717959148382
 31
0.0
 11
567.5822639999999
 21
186.69056599999996
 31
0.0
 11
561.2932245620558
 21
181.73967847092644
 31
0.0
 11
555.88392
 21
175.5
 31
0.0
 11
547.8530964556276
 21
185.9093260198984
 31
0.0
 11
543.6329883808189
 21
190.5921246020905
 31
0.0
 11
538.333459
 21
195.14319799999998
 31
0.0
 11
530.1169049999999
 21
200.87161199999997
 31
0.0
 11
525.3081779341549
 21
203.58834431975998
 31
0.0
 11
520.2610929141779
 21
205.361809625284
 31
0.0
 11
515.898024376129
 21
205.33093312202848
 31
0.0
 11
512.170555908681
 21
203.56078377205202
 31
0.0
 11
510.33494069936023
 21
201.80871685149754
 31
0.0
 11
509.3538032771744
 21
200.03657626850452
 31
0.0
 11
509.0663510308975
 21
197.7737280221095
 31
0.0
 11
509.2726248877056
 21
194.71442764500833
 31
0.0
 11
510.3800899447637
 21
187.8119853934753
 31
0.0
 11
511.676746
 21
184.751795
 31
0.0
 11
513.0001731240893
 21
179.68806514018837
 31
0.0
 11
514.7622003150655
 21
175.7921176185002
 31
0.0
 11
517.994638747396
 21
170.51754210177904
 31
0.0
 11
513.9997837673218
 21
163.11868495678758
 31
0.0
 11
513.0787459203244
 21
159.46658243299953
 31
0.0
 11
513.1535340643009
 21
157.68658692713447
 31
0.0
 11
513.905526
 21
155.16384199999996
 31
0.0
 11
517.1983908371282
 21
150.46152273862245
 31
0.0
 11
521.017152
 21
147.303107
 31
0.0
 11
525.645149928948
 21
144.90203416865108
 31
0.0
 11
532.0021060740635
 21
143.30604531859214
 31
0.0
 11
536.225585386126
 21
143.441958330201
 31
0.0
 11
539.4012410972923
 21
144.7347198552746
 31
0.0
 11
543.016113045592
 21
147.662355575336
 31
0.0
 11
547.1301863025468
 21
152.08724356314016
 31
0.0
 11
552.5307810432075
 21
159.30245296537848
 31
0.0
 11
554.4999999999999
 21
160.9921500000001
 31
0.0
  0
SPLINE
  5
9B
330
17
100
AcDbEntity
  8
0
100
AcDbSpline
 70
0
 71
3
 72
0
 73
0
 74
68
 11
1113.44396
 21
194.4715769999999
 31
0.0
 11
1109.848806016737
 21
203.55848565988384
 31
0.0
 11
1106.9472719230394
 21
208.23595018141972
 31
0.0
 11
1104.860502599993
 21
210.303269987622
 31
0.0
 11
1103.269834
 21
211.09506099999987
 31
0.0
 11
1101.5696933543948
 21
211.31085138350028
 31
0.0
 11
1099.5922892280619
 21
210.93528926114004
 31
0.0
 11
1096.532375425593
 21
209.54331633526903
 31
0.0
 11
1093.093026575352
 21
206.2976650391425
 31
0.0
 11
1088.6700511316437
 21
200.4640463637382
 31
0.0
 11
1086.0978266434524
 21
195.64141876022697
 31
0.0
 11
1082.721465881604
 21
186.6610391086059
 31
0.0
 11
1080.9016847285443
 21
179.08571960929316
 31
0.0
 11
1080.4451980973029
 21
174.139696665608
 31
0.0
 11
1081.930882
 21
170.230715
 31
0.0
 11
1081.0509992441441
 21
168.68320060296992
 31
0.0
 11
1078.135892995761
 21
168.4608738886143
 31
0.0
 11
1066.957573917743
 21
171.23756391081153
 31
0.0
 11
1055.2203659138709
 21
172.67377855488945
 31
0.0
 11
1046.3577765684292
 21
172.6846314028499
 31
0.0
 11
1036.1643397848613
 21
171.41758029565096
 31
0.0
 11
1032.4567638372025
 21
170.086165746317
 31
0.0
 11
1030.1253624150916
 21
168.78849112842474
 31
0.0
 11
1028.580414
 21
167.40275099999988
 31
0.0
 11
1027.630750576345
 21
165.84390195938352
 31
0.0
 11
1027.2761157172422
 21
164.08153110426
 31
0.0
 11
1027.798648734398
 21
161.64490390561403
 31
0.0
 11
1030.9495942302149
 21
157.4033108748297
 31
0.0
 11
1036.3040376053023
 21
153.1004046654024
 31
0.0
 11
1041.6401053920874
 21
149.60727043996002
 31
0.0
 11
1056.378122431856
 21
141.70865382159403
 31
0.0
 11
1057.4098755032044
 21
140.4569874063061
 31
0.0
 11
1058.066846383881
 21
136.53554310271028
 31
0.0
 11
1059.5479187591002
 21
133.42136437049822
 31
0.0
 11
1061.01257
 21
131.61621100000005
 31
0.0
 11
1065.0653548761052
 21
128.528327315735
 31
0.0
 11
1069.822812
 21
126.704405
 31
0.0
 11
1072.584308993159
 21
126.25545369303208
 31
0.0
 11
1078.1457051715986
 21
126.39832888569914
 31
0.0
 11
1080.880507
 21
126.98848299999999
 31
0.0
 11
1083.4439905127529
 21
127.90345702191138
 31
0.0
 11
1088.0652443778079
 21
130.71008480470434
 31
0.0
 11
1090.5035547067423
 21
133.0799119066866
 31
0.0
 11
1091.540213
 21
134.83377900000002
 31
0.0
 11
1092.1304973408592
 21
136.86314850700805
 31
0.0
 11
1092.3037777417
 21
139.593781986054
 31
0.0
 11
1091.2399561234236
 21
151.43609597386722
 31
0.0
 11
1091.349493
 21
154.427615
 31
0.0
 11
1091.7761623393185
 21
155.15062228027165
 31
0.0
 11
1094.3965643718125
 21
154.8463998031925
 31
0.0
 11
1106.1346808133176
 21
150.89278057678635
 31
0.0
 11
1112.773416
 21
149.52649399999999
 31
0.0
 11
1114.883925
 21
149.448069
 31
0.0
 11
1118.155480974012
 21
150.69660348704394
 31
0.0
 11
1122.9342690959136
 21
153.77846466543906
 31
0.0
 11
1125.6505297340543
 21
156.28986428356555
 31
0.0
 11
1128.1283668375975
 21
160.06553424144903
 31
0.0
 11
1129.1507461411188
 21
163.21655287775224
 31
0.0
 11
1129.5
 21
166.591594
 31
0.0
 11
1129.227639345382
 21
169.6313991670948
 31
0.0
 11
1128.4461548711345
 21
172.2934663468185
 31
0.0
 11
1125.700599700463
 21
175.93075468468246
 31
0.0
 11
1119.0677996450415
 21
180.12972110840747
 31
0.0
 11
1116.939858
 21
182.15128800000002
 31
0.0
 11
1116.313886
 21
183.742073
 31
0.0
 11
1116.784731
 21
185.721528
 31
0.0
 11
1116.578046
 21
187.446657
 31
0.0
 11
1113.44396
 21
194.4715769999999
 31
0.0
  0
SPLINE
  5
9C
330
17
100
AcDbEntity
  8
0
100
AcDbSpline
 70
0
 71
3
 72
0
 73
0
 74
45
 11
320.757182
 21
61.31567699999994
 31
0.0
 11
321.00476399999997
 21
48.77519900000016
 31
0.0
 11
321.75561685606135
 21
41.08074974343019
 31
0.0
 11
323.0
 21
39.0
 31
0.0
 11
325.3103314928626
 21
37.4602707412131
 31
0.0
 11
327.427306650496
 21
37.02311862492171
 31
0.0
 11
328.79114655170235
 21
38.00080946412176
 31
0.0
 11
328.978895
 21
40.32719999999999
 31
0.0
 11
327.3489004424171
 21
75.64573745712318
 31
0.0
 11
327.53592299999997
 21
101.06762499999992
 31
0.0
 11
329.0649341734753
 21
116.9328853796312
 31
0.0
 11
330.736765
 21
126.65594700000004
 31
0.0
 11
331.80576994018327
 21
129.22512811466072
 31
0.0
 11
332.403723350478
 21
134.308317997378
 31
0.0
 11
338.5831773089135
 21
152.536527774287
 31
0.0
 11
339.259882
 21
156.468432
 31
0.0
 11
340.93648037058836
 21
159.3829438627533
 31
0.0
 11
345.6973361928554
 21
177.70119205290024
 31
0.0
 11
352.75410377194396
 21
197.20152528847
 31
0.0
 11
356.679054283234
 21
204.056550832098
 31
0.0
 11
363.89135014423084
 21
214.75122092035676
 31
0.0
 11
367.9841192439175
 21
220.051045221286
 31
0.0
 11
375.2384057505575
 21
228.0679442814225
 31
0.0
 11
377.0315832799061
 21
231.12992111143367
 31
0.0
 11
376.4739270945692
 21
232.09506056224706
 31
0.0
 11
375.1186313531796
 21
232.75503555225148
 31
0.0
 11
373.236390499485
 21
232.13557157665002
 31
0.0
 11
369.6301369315429
 21
229.077010662038
 31
0.0
 11
362.2588740000001
 21
221.897872
 31
0.0
 11
353.15632921759214
 21
209.037308152982
 31
0.0
 11
350.2870731010298
 21
205.72241447972726
 31
0.0
 11
349.5760450610405
 21
203.55930419552962
 31
0.0
 11
347.315626
 21
199.70609
 31
0.0
 11
345.0748
 21
194.68321199999997
 31
0.0
 11
337.4591421262115
 21
173.3247855998499
 31
0.0
 11
335.490344
 21
169.002004
 31
0.0
 11
334.70625
 21
163.74165
 31
0.0
 11
333.29375
 21
161.363811
 31
0.0
 11
332.6385030758336
 21
157.44753319280312
 31
0.0
 11
331.16635273112297
 21
155.13237009806198
 31
0.0
 11
330.141427
 21
149.56526
 31
0.0
 11
324.89814600000005
 21
132.15189600000002
 31
0.0
 11
322.0159614703747
 21
117.9228261241399
 31
0.0
 11
320.9661123754921
 21
100.79360201124749
 31
0.0
 11
320.757182
 21
61.31567699999994
 31
0.0
  0
SPLINE
  5
9D
330
17
100
AcDbEntity
  8
0
100
AcDbSpline
 70
0
 71
3
 72
0
 73
0
 74
26
 11
178.5118330000001
 21
164.2550859999999
 31
0.0
 11
189.747543
 21
147.227298
 31
0.0
 11
190.42168504722218
 21
147.02021081767677
 31
0.0
 11
191.02115280308513
 21
147.45831008052266
 31
0.0
 11
190.97758205336996
 21
149.33686667337562
 31
0.0
 11
189.74072614534703
 21
156.115832010478
 31
0.0
 11
187.74615307966738
 21
162.01323121632032
 31
0.0
 11
183.92593444511252
 21
168.1400810104875
 31
0.0
 11
176.84110956598025
 21
176.59802604532746
 31
0.0
 11
162.96676232352513
 21
191.1306505905642
 31
0.0
 11
151.46696
 21
202.08762899999994
 31
0.0
 11
141.08644499115
 21
210.97027776178123
 31
0.0
 11
125.64332851342537
 21
223.15652174644308
 31
0.0
 11
117.9086260000001
 21
230.47326399999992
 31
0.0
 11
106.60146563179549
 21
242.552739229324
 31
0.0
 11
103.005755
 21
245.594926
 31
0.0
 11
101.779044
 21
246.0
 31
0.0
 11
100.281126
 21
245.628003
 31
0.0
 11
101.25406418741699
 21
243.69703633201243
 31
0.0
 11
105.22435063067033
 21
238.02542374478452
 31
0.0
 11
111.56788853097706
 21
230.5113125603821
 31
0.0
 11
122.52701040933009
 21
219.485003584422
 31
0.0
 11
144.58573905695036
 21
201.4166855663652
 31
0.0
 11
155.77874832205748
 21
191.09611628465052
 31
0.0
 11
169.5380120336781
 21
176.32110676160278
 31
0.0
 11
178.5118330000001
 21
164.2550859999999
 31
0.0
  0
SPLINE
  5
9E
330
17
100
AcDbEntity
  8
0
100
AcDbSpline
 70
0
 71
3
 72
0
 73
0
 74
50
 11
183.1577949999996
 21
103.9966150000005
 31
0.0
 11
182.033791
 21
111.735009
 31
0.0
 11
181.271581
 21
114.130631
 31
0.0
 11
180.26272
 21
115.760828
 31
0.0
 11
179.509656
 21
121.002004
 31
0.0
 11
177.91124460284993
 21
124.33085271104518
 31
0.0
 11
173.00049690255204
 21
137.49253246268006
 31
0.0
 11
167.1202869999999
 21
150.095074
 31
0.0
 11
156.06329426433823
 21
168.76003145651387
 31
0.0
 11
148.88385981789335
 21
179.1131765359946
 31
0.0
 11
133.85349799999995
 21
198.26330900000002
 31
0.0
 11
124.58891375171602
 21
208.42986983208797
 31
0.0
 11
119.67187871658399
 21
213.23826363912121
 31
0.0
 11
109.73991629000615
 21
221.8866013515572
 31
0.0
 11
99.58344573507587
 21
229.3031422770858
 31
0.0
 11
88.76876649406204
 21
235.85958326801622
 31
0.0
 11
77.3914202545842
 21
241.5171456248398
 31
0.0
 11
63.90052399999996
 21
246.91942100000006
 31
0.0
 11
61.29329295906912
 21
245.53447837106978
 31
0.0
 11
61.02337453091437
 21
244.8591472396462
 31
0.0
 11
61.37114924352
 21
243.672177752064
 31
0.0
 11
64.03796321898048
 21
241.86042642270237
 31
0.0
 11
80.83878800000001
 21
233.50053
 31
0.0
 11
91.09658107274984
 21
227.42742221534473
 31
0.0
 11
100.5681966271645
 21
220.8044542037885
 31
0.0
 11
109.46037111272787
 21
213.46881967690632
 31
0.0
 11
118.01860799999999
 21
205.30013099999996
 31
0.0
 11
131.3549590930478
 21
191.07845186825276
 31
0.0
 11
137.866946
 21
182.973891
 31
0.0
 11
148.79028630374995
 21
167.717797535825
 31
0.0
 11
150.8136471023507
 21
165.58054871139672
 31
0.0
 11
152.40590507689527
 21
161.89837299826252
 31
0.0
 11
160.295034
 21
147.929316
 31
0.0
 11
165.16522199999997
 21
137.850357
 31
0.0
 11
169.86734436681513
 21
126.01815875399824
 31
0.0
 11
172.63791502831117
 21
116.234368866442
 31
0.0
 11
175.38392189387986
 21
103.16446219458709
 31
0.0
 11
176.835549
 21
93.501553
 31
0.0
 11
178.1843625605325
 21
80.91845559561288
 31
0.0
 11
181.141449
 21
42.66993500000001
 31
0.0
 11
181.912569
 21
39.33851500000001
 31
0.0
 11
182.72317228221706
 21
38.001459514981
 31
0.0
 11
184.40085648498464
 21
37.04181812941779
 31
0.0
 11
186.10618779495795
 21
37.31036190794106
 31
0.0
 11
187.833683
 21
39.093368
 31
0.0
 11
188.51864251352092
 21
41.33001025358084
 31
0.0
 11
187.73639076535926
 21
43.10019810287341
 31
0.0
 11
187.3667758127047
 21
46.8908470639993
 31
0.0
 11
185.74146160608154
 21
79.55748346560122
 31
0.0
 11
183.1577949999996
 21
103.9966150000005
 31
0.0
  0
LWPOLYLINE
  5
9F
330
17
100
AcDbEntity
  8
0
100
AcDbPolyline
 90
2
 70
1
 10
941.416592
 20
81.50000000000001
 10
941.416592
 20
81.50000000000016
  0
SPLINE
  5
A0
330
17
100
AcDbEntity
  8
0
100
AcDbSpline
 70
0
 71
3
 72
0
 73
0
 74
73
 11
1356.144822
 21
228.1782349999998
 31
0.0
 11
1355.0376315353124
 21
233.09082959168026
 31
0.0
 11
1351.0848690742412
 21
242.1444849549826
 31
0.0
 11
1347.1450850218182
 21
249.3600953170601
 31
0.0
 11
1344.7732518105406
 21
251.6210620973355
 31
0.0
 11
1343.6878135887905
 21
251.87085861048322
 31
0.0
 11
1341.976261293599
 21
251.35598219137603
 31
0.0
 11
1340.3715209895608
 21
249.39975200459892
 31
0.0
 11
1340.3513032630776
 21
247.86424410727497
 31
0.0
 11
1341.779556
 21
243.009666
 31
0.0
 11
1340.327586
 21
238.95660400000003
 31
0.0
 11
1340.1394634551511
 21
237.3384328928309
 31
0.0
 11
1342.117614895725
 21
229.70228804256692
 31
0.0
 11
1343.931606
 21
216.33905400000003
 31
0.0
 11
1345.3027260195208
 21
211.8291818967732
 31
0.0
 11
1347.491263
 21
207.20750399999997
 31
0.0
 11
1347.360705
 21
201.996367
 31
0.0
 11
1352.508994
 21
194.12882400000007
 31
0.0
 11
1353.9795679515416
 21
190.75514098127502
 31
0.0
 11
1355.446457031072
 21
185.72671072373643
 31
0.0
 11
1355.8987827798505
 21
180.20484074529153
 31
0.0
 11
1355.055118810262
 21
178.70949432755202
 31
0.0
 11
1353.23896324933
 21
177.2125417937799
 31
0.0
 11
1352.599717
 21
175.885772
 31
0.0
 11
1351.712147
 21
170.595936
 31
0.0
 11
1351.67437
 21
164.514856
 31
0.0
 11
1352.3192586364326
 21
160.43613303887622
 31
0.0
 11
1353.6676890939032
 21
156.24454117075481
 31
0.0
 11
1355.28609
 21
152.63536399999998
 31
0.0
 11
1357.3496798535778
 21
149.55862770792515
 31
0.0
 11
1358.535870196865
 21
146.518238402803
 31
0.0
 11
1360.2587763312117
 21
132.67287971220844
 31
0.0
 11
1361.616203
 21
109.652665
 31
0.0
 11
1361.76547
 21
85.21053599999975
 31
0.0
 11
1360.832080503121
 21
57.820889058844074
 31
0.0
 11
1359.1508482384786
 21
42.49593756687799
 31
0.0
 11
1359.3752027353305
 21
41.34120739524853
 31
0.0
 11
1360.2271783625793
 21
40.48242817225772
 31
0.0
 11
1362.616785
 21
40.388647000000006
 31
0.0
 11
1364.0903450318801
 21
42.09880634319585
 31
0.0
 11
1364.541692
 21
43.7278379999997
 31
0.0
 11
1366.160751567784
 21
62.51173186871087
 31
0.0
 11
1366.9640441882193
 21
78.79452966493429
 31
0.0
 11
1367.2965400000003
 21
106.51239299999988
 31
0.0
 11
1368.0177
 21
115.32735099999996
 31
0.0
 11
1369.618342
 21
122.20210400000002
 31
0.0
 11
1375.123681
 21
135.70784199999994
 31
0.0
 11
1375.896432756904
 21
139.27006176640953
 31
0.0
 11
1374.9801970101405
 21
140.58956350230116
 31
0.0
 11
1372.9458614880764
 21
140.58232465882537
 31
0.0
 11
1371.103163462365
 21
139.089484294755
 31
0.0
 11
1367.351633
 21
133.72162199999985
 31
0.0
 11
1366.3229304434185
 21
133.57591735204474
 31
0.0
 11
1365.503807
 21
134.520984
 31
0.0
 11
1364.736132
 21
139.403725
 31
0.0
 11
1364.484972
 21
144.476714
 31
0.0
 11
1365.795327
 21
148.9651429999999
 31
0.0
 11
1366.4447456364414
 21
155.52884546898986
 31
0.0
 11
1367.7476514859766
 21
189.13738744920377
 31
0.0
 11
1368.4067960794482
 21
193.51744634749633
 31
0.0
 11
1370.045481
 21
198.973813
 31
0.0
 11
1370.1832076618748
 21
203.1968541864478
 31
0.0
 11
1369.1438994846212
 21
207.2064013524417
 31
0.0
 11
1368.2446056512642
 21
208.17304220429193
 31
0.0
 11
1366.8407648438601
 21
208.39183019686493
 31
0.0
 11
1365.8098438594911
 21
207.74667559431217
 31
0.0
 11
1364.896633
 21
206.512787
 31
0.0
 11
1362.254237
 21
200.20676600000002
 31
0.0
 11
1361.533222389964
 21
200.04486468424057
 31
0.0
 11
1360.729321
 21
200.65008999999998
 31
0.0
 11
1359.2977121356453
 21
205.0468599620244
 31
0.0
 11
1358.4186020471157
 21
216.73725170195257
 31
0.0
 11
1356.144822
 21
228.1782349999998
 31
0.0
  0
SPLINE
  5
A1
330
17
100
AcDbEntity
  8
0
100
AcDbSpline
 70
0
 71
3
 72
0
 73
0
 74
149
 11
1183.296196
 21
88.36477799999959
 31
0.0
 11
1182.454441
 21
60.530227000000075
 31
0.0
 11
1181.727088096984
 21
51.85980709819999
 31
0.0
 11
1180.1672599965873
 21
41.07374352922499
 31
0.0
 11
1180.439200345355
 21
40.17159881811003
 31
0.0
 11
1181.3103956140735
 21
39.44620351952754
 31
0.0
 11
1183.320788647692
 21
39.35060013275259
 31
0.0
 11
1184.449659
 21
40.262041999999965
 31
0.0
 11
1185.782188393517
 21
43.1483269190333
 31
0.0
 11
1187.515115
 21
61.07957199999993
 31
0.0
 11
1188.653984
 21
78.70688999999979
 31
0.0
 11
1189.2551215329959
 21
113.170647579478
 31
0.0
 11
1190.1525333147201
 21
119.25719510496191
 31
0.0
 11
1191.0907843584516
 21
122.67123719618805
 31
0.0
 11
1195.184659
 21
131.78041599999997
 31
0.0
 11
1196.5791369741246
 21
135.1595839784605
 31
0.0
 11
1196.952009342549
 21
137.7109009784951
 31
0.0
 11
1196.6573063051248
 21
139.69770444917435
 31
0.0
 11
1195.349102687548
 21
140.74156313867795
 31
0.0
 11
1194.0525754663195
 21
140.272621630331
 31
0.0
 11
1192.591937772994
 21
138.88474759068896
 31
0.0
 11
1187.929615
 21
131.88252700000004
 31
0.0
 11
1186.9221836503461
 21
131.72874837395952
 31
0.0
 11
1186.443915
 21
132.465912
 31
0.0
 11
1186.258128
 21
146.30930900000004
 31
0.0
 11
1186.5173620252694
 21
147.585369619042
 31
0.0
 11
1187.6924044006441
 21
149.68673415504625
 31
0.0
 11
1188.188742349392
 21
154.30396552156495
 31
0.0
 11
1188.515822
 21
174.687535
 31
0.0
 11
1188.775327
 21
178.72232900000003
 31
0.0
 11
1189.513464
 21
180.502106
 31
0.0
 11
1189.9304422568027
 21
185.13735228235038
 31
0.0
 11
1190.190502938921
 21
206.43389587098977
 31
0.0
 11
1189.84773562715
 21
207.15618420139003
 31
0.0
 11
1188.875738028055
 21
207.679291064475
 31
0.0
 11
1186.488622
 21
207.63048999999998
 31
0.0
 11
1185.504076801363
 21
203.26233052354198
 31
0.0
 11
1184.218674289625
 21
200.48627737198754
 31
0.0
 11
1182.7894921611012
 21
199.03719893914095
 31
0.0
 11
1181.8387665363675
 21
199.2004140693379
 31
0.0
 11
1181.438323
 21
199.728315
 31
0.0
 11
1180.4899158248477
 21
205.07225602023254
 31
0.0
 11
1180.7996808871335
 21
211.79017592003487
 31
0.0
 11
1180.573815
 21
214.746438
 31
0.0
 11
1177.616627
 21
224.783888
 31
0.0
 11
1176.45131
 21
231.881566
 31
0.0
 11
1175.3270896688118
 21
235.13616450929632
 31
0.0
 11
1171.2693890964508
 21
243.9295356990588
 31
0.0
 11
1168.347614387069
 21
248.90335857138828
 31
0.0
 11
1166.116225
 21
251.35506499999988
 31
0.0
 11
1165.18455
 21
251.8631350000001
 31
0.0
 11
1163.738830704665
 21
251.285591093575
 31
0.0
 11
1162.5062417412391
 21
249.78708368227302
 31
0.0
 11
1162.0750555344935
 21
244.51235705117804
 31
0.0
 11
1162.047545
 21
232.17168900000007
 31
0.0
 11
1162.3133517642125
 21
231.2126316787625
 31
0.0
 11
1163.3284460805387
 21
230.1519964064329
 31
0.0
 11
1163.8162153112971
 21
228.08553365308998
 31
0.0
 11
1163.9543982519283
 21
218.47121184083593
 31
0.0
 11
1164.6540383012905
 21
213.86852607254585
 31
0.0
 11
1167.430774
 21
208.524833
 31
0.0
 11
1167.8989037263789
 21
204.23890525060975
 31
0.0
 11
1168.702959
 21
201.554285
 31
0.0
 11
1174.3696070628341
 21
190.87727832942522
 31
0.0
 11
1175.6197786541402
 21
187.9179804247664
 31
0.0
 11
1175.5457777040176
 21
186.13439767572612
 31
0.0
 11
1176.913044
 21
184.145096
 31
0.0
 11
1176.932511
 21
181.67264
 31
0.0
 11
1176.4863586713593
 21
179.68966685901705
 31
0.0
 11
1173.7717079040713
 21
175.48110427710662
 31
0.0
 11
1173.000252
 21
171.746725
 31
0.0
 11
1173.048189
 21
161.693448
 31
0.0
 11
1173.4394606218125
 21
159.39509032701804
 31
0.0
 11
1174.919739
 21
156.95012499999999
 31
0.0
 11
1174.843889
 21
155.05514299999996
 31
0.0
 11
1173.954582771866
 21
153.63853806121688
 31
0.0
 11
1172.3940576837585
 21
152.4246857693845
 31
0.0
 11
1168.001117754334
 21
150.40096869285637
 31
0.0
 11
1166.5306748016735
 21
150.1271574893685
 31
0.0
 11
1165.0685680537367
 21
162.90077936686507
 31
0.0
 11
1163.906059451983
 21
168.68247885426752
 31
0.0
 11
1161.555490609029
 21
176.586934028747
 31
0.0
 11
1158.2668633351375
 21
184.70519391237497
 31
0.0
 11
1153.5091744672843
 21
194.0466086969517
 31
0.0
 11
1150.638543
 21
197.883869
 31
0.0
 11
1149.245282
 21
198.65328599999998
 31
0.0
 11
1146.928053
 21
198.7797720000001
 31
0.0
 11
1145.8714240944842
 21
198.1806245840987
 31
0.0
 11
1145.4546270827498
 21
197.2858874409145
 31
0.0
 11
1145.432737528526
 21
194.5182833591801
 31
0.0
 11
1148.2147039304652
 21
178.00127954723888
 31
0.0
 11
1149.4647997589282
 21
175.09703660862274
 31
0.0
 11
1152.901830948085
 21
170.72398061452418
 31
0.0
 11
1153.315615899924
 21
169.6878830372334
 31
0.0
 11
1151.2683621704102
 21
165.9125810018055
 31
0.0
 11
1151.3099632269614
 21
163.105069704313
 31
0.0
 11
1153.7568171173805
 21
158.13048353598217
 31
0.0
 11
1155.619464772562
 21
151.44329309525597
 31
0.0
 11
1158.2287678212158
 21
147.76557650472188
 31
0.0
 11
1160.0759241865007
 21
144.26569627188766
 31
0.0
 11
1161.782691609677
 21
138.53670767223835
 31
0.0
 11
1161.89969
 21
132.402966
 31
0.0
 11
1161.362651
 21
131.336936
 31
0.0
 11
1160.36867
 21
131.23622099999997
 31
0.0
 11
1157.4527235836206
 21
133.0297495270972
 31
0.0
 11
1155.6585075297999
 21
133.6559170329
 31
0.0
 11
1154.256697018812
 21
133.51169433338947
 31
0.0
 11
1153.9758796760507
 21
132.661348066183
 31
0.0
 11
1154.8710495848527
 21
130.2512263567245
 31
0.0
 11
1163.913578
 21
114.52051299999998
 31
0.0
 11
1165.712705
 21
109.49553099999997
 31
0.0
 11
1167.380161
 21
102.05331399999999
 31
0.0
 11
1168.77279577073
 21
92.63021152312996
 31
0.0
 11
1169.2641722997287
 21
84.23965148932915
 31
0.0
 11
1170.7413094415149
 21
78.99786593470138
 31
0.0
 11
1170.749748501262
 21
77.68429383621648
 31
0.0
 11
1169.8846186348276
 21
76.59085219709755
 31
0.0
 11
1168.540093
 21
76.666123
 31
0.0
 11
1161.1501155466983
 21
81.81101368442947
 31
0.0
 11
1159.999725533193
 21
81.3394534585974
 31
0.0
 11
1159.5738871068
 21
79.84259402297751
 31
0.0
 11
1160.6464355501487
 21
77.42109166319139
 31
0.0
 11
1167.248281
 21
67.58702600000001
 31
0.0
 11
1170.0322762080345
 21
61.532050808072256
 31
0.0
 11
1170.8556825725623
 21
56.92754198965445
 31
0.0
 11
1171.103480738628
 21
45.315780340656914
 31
0.0
 11
1171.75284
 21
41.092916999999986
 31
0.0
 11
1172.759754832202
 21
39.810780993964
 31
0.0
 11
1174.408329
 21
39.28926200000007
 31
0.0
 11
1175.2892397012668
 21
39.75721328338034
 31
0.0
 11
1175.83374
 21
41.15216700000001
 31
0.0
 11
1175.061987
 21
82.994846
 31
0.0
 11
1174.7847742154001
 21
84.26697601746505
 31
0.0
 11
1173.7081082854459
 21
85.8742036170558
 31
0.0
 11
1173.234885329083
 21
88.26677966530515
 31
0.0
 11
1172.5532113244528
 21
98.58323704124359
 31
0.0
 11
1170.2208215893986
 21
116.76669882061884
 31
0.0
 11
1169.6688710619176
 21
124.51231650287572
 31
0.0
 11
1170.100148861597
 21
133.46900807006813
 31
0.0
 11
1172.2418518567342
 21
140.89969728299405
 31
0.0
 11
1173.4842840930064
 21
149.67527377103195
 31
0.0
 11
1174.1199548113875
 21
151.17520429476778
 31
0.0
 11
1175.6520831849396
 21
151.8218342093243
 31
0.0
 11
1176.84279
 21
151.29609100000002
 31
0.0
 11
1178.0362774530022
 21
149.83935521244317
 31
0.0
 11
1179.2395065068476
 21
146.6610916158478
 31
0.0
 11
1181.12397759048
 21
137.42437982808002
 31
0.0
 11
1182.9008999023652
 21
121.12803459449489
 31
0.0
 11
1183.296196
 21
88.36477799999959
 31
0.0
  0
LWPOLYLINE
  5
A2
330
17
100
AcDbEntity
  8
0
100
AcDbPolyline
 90
2
 70
1
 10
1527.674353
 20
63.43901500000334
 10
1527.674353
 20
63.439015000003344
  0
SPLINE
  5
A3
330
17
100
AcDbEntity
  8
0
100
AcDbSpline
 70
0
 71
3
 72
0
 73
0
 74
90
 11
1379.541876
 21
60.68008099999994
 31
0.0
 11
1377.342792680146
 21
43.490264178341
 31
0.0
 11
1378.389154
 21
40.784380000000034
 31
0.0
 11
1379.4617463786033
 21
39.86660809225982
 31
0.0
 11
1380.65131671255
 21
39.47690851462504
 31
0.0
 11
1381.7874555159376
 21
39.7950299438745
 31
0.0
 11
1382.524859
 21
40.72451199999999
 31
0.0
 11
1383.9036781218665
 21
47.06773018163241
 31
0.0
 11
1385.2535770909715
 21
61.817376579281984
 31
0.0
 11
1386.0585872317697
 21
64.07762397606952
 31
0.0
 11
1386.969339
 21
64.53039900000005
 31
0.0
 11
1388.1253730195692
 21
64.26221757670764
 31
0.0
 11
1389.1987082280361
 21
63.136162074952026
 31
0.0
 11
1389.8168539017602
 21
59.451462583104
 31
0.0
 11
1389.9285203042887
 21
52.38965938426767
 31
0.0
 11
1388.6774800635624
 21
42.60437469229364
 31
0.0
 11
1388.8170346465874
 21
41.18256148362247
 31
0.0
 11
1389.697648
 21
40.28578200000015
 31
0.0
 11
1391.275901
 21
40.33286600000001
 31
0.0
 11
1392.835143
 21
41.514484
 31
0.0
 11
1394.06573
 21
43.610317999999985
 31
0.0
 11
1394.681456
 21
46.20415499999936
 31
0.0
 11
1396.21640999067
 21
62.08299849631472
 31
0.0
 11
1399.432134
 21
106.01797199999996
 31
0.0
 11
1402.401027073764
 21
118.419380076672
 31
0.0
 11
1404.513348258403
 21
129.39733421573567
 31
0.0
 11
1404.2454558675197
 21
130.77275269521
 31
0.0
 11
1403.189219
 21
131.60545699999997
 31
0.0
 11
1398.5
 21
132.5
 31
0.0
 11
1397.6880010680493
 21
164.11920781568475
 31
0.0
 11
1397.078287
 21
175.694497
 31
0.0
 11
1396.618687650138
 21
177.15253642286666
 31
0.0
 11
1398.0359575556872
 21
181.51353107757518
 31
0.0
 11
1402.6085667830334
 21
190.83508919053875
 31
0.0
 11
1403.538232018689
 21
194.246309644956
 31
0.0
 11
1403.2276573706222
 21
195.77879955261946
 31
0.0
 11
1401.508704
 21
198.43874599999998
 31
0.0
 11
1400.62996177833
 21
201.2868770236825
 31
0.0
 11
1399.3877533961522
 21
215.56947620450478
 31
0.0
 11
1396.542492
 21
221.518107
 31
0.0
 11
1396.253946
 21
224.188746
 31
0.0
 11
1394.5099323638447
 21
228.0946053277877
 31
0.0
 11
1389.6201772976376
 21
238.8210199726779
 31
0.0
 11
1388.415772
 21
244.05205100000003
 31
0.0
 11
1384.515578719311
 21
250.87542670278702
 31
0.0
 11
1381.8934049640588
 21
254.16629044915788
 31
0.0
 11
1379.0336046428174
 21
254.99746317176923
 31
0.0
 11
1378.085114
 21
254.255372
 31
0.0
 11
1378.4977887169978
 21
249.33494649095735
 31
0.0
 11
1380.932979
 21
242.898488
 31
0.0
 11
1381.4069946892946
 21
240.08084982439178
 31
0.0
 11
1380.357924
 21
225.12056700000002
 31
0.0
 11
1381.329938
 21
221.371271
 31
0.0
 11
1381.5029003468856
 21
217.47098983905167
 31
0.0
 11
1381.0618972192096
 21
214.68400271728098
 31
0.0
 11
1379.6392473126302
 21
211.5016688922707
 31
0.0
 11
1379.5161879507802
 21
208.85260580778888
 31
0.0
 11
1380.2721150767818
 21
205.39137491309734
 31
0.0
 11
1383.134343613799
 21
197.888561165866
 31
0.0
 11
1383.434777
 21
192.451995
 31
0.0
 11
1382.8724742663867
 21
188.50482520467386
 31
0.0
 11
1381.7083605430178
 21
188.03220289652612
 31
0.0
 11
1381.018484
 21
188.476555
 31
0.0
 11
1378.9314944734172
 21
191.685502144768
 31
0.0
 11
1377.591443
 21
195.47927899999993
 31
0.0
 11
1375.9346429884677
 21
195.91617224607856
 31
0.0
 11
1374.2503383387118
 21
194.5792288534658
 31
0.0
 11
1373.451318197365
 21
190.01917471741598
 31
0.0
 11
1372.074607168408
 21
168.45238082570557
 31
0.0
 11
1372.511519
 21
165.672332
 31
0.0
 11
1375.135018
 21
158.881935
 31
0.0
 11
1379.3027564702284
 21
151.53122188827632
 31
0.0
 11
1380.5940326565794
 21
146.39986766555617
 31
0.0
 11
1381.601528
 21
135.812546
 31
0.0
 11
1382.921923
 21
101.78053299999998
 31
0.0
 11
1382.471175550217
 21
99.37262130256153
 31
0.0
 11
1381.1865132269495
 21
99.12614834133133
 31
0.0
 11
1378.9897120165524
 21
100.8634391177149
 31
0.0
 11
1375.5648628480844
 21
104.70208630190055
 31
0.0
 11
1373.641554361784
 21
105.98592409623875
 31
0.0
 11
1372.480293
 21
105.38133
 31
0.0
 11
1371.9938278507884
 21
103.11977021360106
 31
0.0
 11
1372.2876166098015
 21
101.30391680203829
 31
0.0
 11
1373.6362163214308
 21
99.75313173088436
 31
0.0
 11
1374.593878
 21
96.426096
 31
0.0
 11
1377.775234
 21
90.79158900000004
 31
0.0
 11
1378.147442
 21
87.76926100000003
 31
0.0
 11
1380.2578101835134
 21
78.85939671397796
 31
0.0
 11
1380.7563413956875
 21
72.53189842228096
 31
0.0
 11
1379.541876
 21
60.68008099999994
 31
0.0
  0
LWPOLYLINE
  5
A4
330
17
100
AcDbEntity
  8
0
100
AcDbPolyline
 90
2
 70
1
 10
1287.677307
 20
236.4828290000001
 10
1287.677307
 20
236.48282900000024
  0
SPLINE
  5
A5
330
17
100
AcDbEntity
  8
0
100
AcDbSpline
 70
0
 71
3
 72
0
 73
0
 74
85
 11
1203.697397
 21
107.9353210000003
 31
0.0
 11
1203.7976014087812
 21
106.22411776393315
 31
0.0
 11
1204.154804463678
 21
100.74645633583373
 31
0.0
 11
1204.7409244567968
 21
98.74490515945875
 31
0.0
 11
1204.128177
 21
98.078951
 31
0.0
 11
1202.30025
 21
98.06550599999997
 31
0.0
 11
1201.155864
 21
98.55211099999998
 31
0.0
 11
1198.861748407839
 21
102.0407803078178
 31
0.0
 11
1195.288254
 21
105.36486799999997
 31
0.0
 11
1193.7350230277036
 21
105.17584197447589
 31
0.0
 11
1192.6389373551806
 21
103.52911055096233
 31
0.0
 11
1199.0357040929314
 21
88.53825753660297
 31
0.0
 11
1200.5269971257399
 21
83.95148569549497
 31
0.0
 11
1201.369669778146
 21
79.37706147521199
 31
0.0
 11
1201.301983
 21
58.519836999999974
 31
0.0
 11
1200.2440464629806
 21
53.86049359240507
 31
0.0
 11
1199.927177702583
 21
41.120129570030656
 31
0.0
 11
1200.634319
 21
39.681911000000056
 31
0.0
 11
1202.2854503021024
 21
39.180044562972725
 31
0.0
 11
1203.499156
 21
39.892911
 31
0.0
 11
1204.430693809446
 21
41.684776363601806
 31
0.0
 11
1205.3117180855586
 21
46.33993485467943
 31
0.0
 11
1207.0402345984937
 21
64.56148951177005
 31
0.0
 11
1207.7395717670447
 21
67.27298484069297
 31
0.0
 11
1208.499894
 21
67.99999999999991
 31
0.0
 11
1209.4768611797074
 21
67.66138641005347
 31
0.0
 11
1210.034725
 21
66.790805
 31
0.0
 11
1210.9732846287793
 21
60.252499869423325
 31
0.0
 11
1210.9474362972958
 21
53.20261326070192
 31
0.0
 11
1210.160841
 21
42.58963599999999
 31
0.0
 11
1210.4491461730154
 21
40.602304700269784
 31
0.0
 11
1211.1683134008865
 21
39.43277194967151
 31
0.0
 11
1212.770633059245
 21
39.55829881332495
 31
0.0
 11
1214.0466178484114
 21
40.696260888680435
 31
0.0
 11
1215.038412
 21
42.825232999999955
 31
0.0
 11
1216.9602514544129
 21
55.81010607475992
 31
0.0
 11
1219.2054938599233
 21
92.33578433383205
 31
0.0
 11
1221.0992321210479
 21
111.08427434080305
 31
0.0
 11
1224.5040990667717
 21
121.9528337515661
 31
0.0
 11
1225.753732
 21
129.47791100000003
 31
0.0
 11
1225.099210206193
 21
130.8372140440884
 31
0.0
 11
1220.243182
 21
131.0
 31
0.0
 11
1218.1357118603764
 21
178.07106036498251
 31
0.0
 11
1218.689291
 21
180.771141
 31
0.0
 11
1222.603718
 21
188.267518
 31
0.0
 11
1224.712719
 21
194.790837
 31
0.0
 11
1221.640552
 21
199.92021400000002
 31
0.0
 11
1221.813183
 21
207.157174
 31
0.0
 11
1220.4907354555673
 21
214.01584739815357
 31
0.0
 11
1216.6630324484734
 21
224.9245075806955
 31
0.0
 11
1213.5875
 21
231.99854399999998
 31
0.0
 11
1212.287542221667
 21
236.3594472832246
 31
0.0
 11
1208.158613
 21
246.68091899999996
 31
0.0
 11
1205.881233
 21
250.423859
 31
0.0
 11
1202.91737292337
 21
253.44970023244997
 31
0.0
 11
1201.544990158807
 21
254.16900506851422
 31
0.0
 11
1200.342159
 21
254.2866579999999
 31
0.0
 11
1199.3560079611277
 21
253.87409368443497
 31
0.0
 11
1198.7486450323818
 21
252.9239694457278
 31
0.0
 11
1199.0174027188034
 21
250.3560144848155
 31
0.0
 11
1201.8303433397912
 21
243.19728639706418
 31
0.0
 11
1202.588777
 21
239.422254
 31
0.0
 11
1201.867351
 21
228.10979400000002
 31
0.0
 11
1202.7687357688683
 21
215.7067229516662
 31
0.0
 11
1202.348352
 21
213.92938700000002
 31
0.0
 11
1200.6620358921098
 21
210.67952798271108
 31
0.0
 11
1200.545561623548
 21
208.910798212674
 31
0.0
 11
1202.188892
 21
203.32578900000004
 31
0.0
 11
1204.7949048681844
 21
196.6787363792625
 31
0.0
 11
1204.9774027623419
 21
190.22871320519806
 31
0.0
 11
1204.5505988226932
 21
186.55689028589097
 31
0.0
 11
1203.616631
 21
185.9999999999999
 31
0.0
 11
1202.691271
 21
186.29504900000003
 31
0.0
 11
1201.57929130604
 21
187.97078516298401
 31
0.0
 11
1199.4255845555856
 21
194.32195963726502
 31
0.0
 11
1198.299819
 21
196.47622299999995
 31
0.0
 11
1196.65147
 21
197.828604
 31
0.0
 11
1195.2637154288311
 21
197.24178630961902
 31
0.0
 11
1194.691983
 21
184.620137
 31
0.0
 11
1193.346866
 21
168.072609
 31
0.0
 11
1193.8124424069135
 21
165.68857237833672
 31
0.0
 11
1195.541343
 21
162.323819
 31
0.0
 11
1196.7267872919256
 21
158.39770435222079
 31
0.0
 11
1202.285409
 21
148.814954
 31
0.0
 11
1203.697397
 21
107.9353210000003
 31
0.0
  0
LWPOLYLINE
  5
A6
330
17
100
AcDbEntity
  8
0
100
AcDbPolyline
 90
2
 70
1
 10
711.4152880000001
 20
152.297734999999
 10
711.4152880000001
 20
152.29773499999897
  0
SPLINE
  5
A7
330
17
100
AcDbEntity
  8
0
100
AcDbSpline
 70
0
 71
3
 72
0
 73
0
 74
13
 11
1362.536252
 21
254.8066339999999
 31
0.0
 11
1364.8131337113339
 21
255.88820374786405
 31
0.0
 11
1366.9212870984625
 21
258.0414903504374
 31
0.0
 11
1367.780560954009
 21
259.690679770868
 31
0.0
 11
1367.0908218292702
 21
261.2469446710448
 31
0.0
 11
1365.5409671247155
 21
261.74103262192
 31
0.0
 11
1364.1238869149504
 21
261.6045272623495
 31
0.0
 11
1362.3363390112
 21
260.7768669029499
 31
0.0
 11
1361.2496285966415
 21
259.68698697126604
 31
0.0
 11
1360.2714488509282
 21
257.7781518795965
 31
0.0
 11
1360.219075
 21
256.360005
 31
0.0
 11
1361.030522
 21
255.12981500000004
 31
0.0
 11
1362.536252
 21
254.8066339999999
 31
0.0
  0
SPLINE
  5
A8
330
17
100
AcDbEntity
  8
0
100
AcDbSpline
 70
0
 71
3
 72
0
 73
0
 74
21
 11
138.187894
 21
247.1252110000001
 31
0.0
 11
155.84641830170224
 21
232.4539682075462
 31
0.0
 11
170.06031611966725
 21
219.4998301594461
 31
0.0
 11
175.45084607625952
 21
215.5013097513566
 31
0.0
 11
176.966415
 21
213.606667
 31
0.0
 11
178.52896016957916
 21
210.29828437531447
 31
0.0
 11
179.541376
 21
209.997329
 31
0.0
 11
180.4501720946747
 21
210.5297956507685
 31
0.0
 11
180.9048101337875
 21
211.8923427043475
 31
0.0
 11
180.90349639733
 21
213.915925527134
 31
0.0
 11
178.95941652288982
 21
217.46674984466338
 31
0.0
 11
173.25
 21
223.31111299999986
 31
0.0
 11
163.05982499999996
 21
232.58307400000004
 31
0.0
 11
143.6830490849988
 21
248.25616274267017
 31
0.0
 11
132.37203736842062
 21
256.38547921849954
 31
0.0
 11
124.84455261666201
 21
261.25861159124076
 31
0.0
 11
121.86471689630231
 21
262.88878698631225
 31
0.0
 11
120.94224803367877
 21
262.93811581275116
 31
0.0
 11
120.4317037899013
 21
261.7866378183059
 31
0.0
 11
121.65009434862112
 21
259.9241574533234
 31
0.0
 11
138.187894
 21
247.1252110000001
 31
0.0
  0
SPLINE
  5
A9
330
17
100
AcDbEntity
  8
0
100
AcDbSpline
 70
0
 71
3
 72
0
 73
0
 74
18
 11
1401.320566
 21
243.3255579999998
 31
0.0
 11
1402.48855650873
 21
243.15441962870992
 31
0.0
 11
1403.586065
 21
243.589121
 31
0.0
 11
1406.132542
 21
246.186138
 31
0.0
 11
1407.6490016465707
 21
249.06328255802373
 31
0.0
 11
1408.5674888570163
 21
253.6654014116164
 31
0.0
 11
1408.453285529099
 21
257.09835378024803
 31
0.0
 11
1407.6949160971155
 21
260.08415457671725
 31
0.0
 11
1406.139216
 21
262.086681
 31
0.0
 11
1403.2450762377662
 21
263.8526001553197
 31
0.0
 11
1401.756503
 21
263.4346699999999
 31
0.0
 11
1399.269731182764
 21
260.81692293511907
 31
0.0
 11
1398.050838571461
 21
258.140025295039
 31
0.0
 11
1397.4729770990866
 21
254.9514448658175
 31
0.0
 11
1397.604575446169
 21
251.47881518146102
 31
0.0
 11
1398.5577953193458
 21
247.45895616069598
 31
0.0
 11
1399.7248315442876
 21
244.64482864206443
 31
0.0
 11
1401.320566
 21
243.3255579999998
 31
0.0
  0
SPLINE
  5
AA
330
17
100
AcDbEntity
  8
0
100
AcDbSpline
 70
0
 71
3
 72
0
 73
0
 74
139
 11
451.682721
 21
109.517323
 31
0.0
 11
455.3453466757044
 21
79.00211501500549
 31
0.0
 11
461.52917986246
 21
39.700376482540015
 31
0.0
 11
462.852204
 21
36.94735
 31
0.0
 11
465.486657
 21
35.51260900000002
 31
0.0
 11
468.6906884522349
 21
35.720560279699
 31
0.0
 11
470.986444
 21
36.69930200000002
 31
0.0
 11
471.675487
 21
37.445177
 31
0.0
 11
471.80618977689727
 21
39.10447938530586
 31
0.0
 11
469.51644196445255
 21
55.211357709048634
 31
0.0
 11
463.2468130408584
 21
107.35137397720652
 31
0.0
 11
460.9449729999997
 21
121.02972900000012
 31
0.0
 11
458.26742083625993
 21
155.28163193461384
 31
0.0
 11
458.7372215448079
 21
160.88356836947526
 31
0.0
 11
459.415754
 21
162.823654
 31
0.0
 11
460.42190826979237
 21
164.05761497672225
 31
0.0
 11
463.449175
 21
165.138297
 31
0.0
 11
473.0
 21
165.506232
 31
0.0
 11
473.0
 21
129.0
 31
0.0
 11
468.07456701327163
 21
128.7845987396456
 31
0.0
 11
466.7064324236799
 21
128.2537454302
 31
0.0
 11
466.364534
 21
127.363471
 31
0.0
 11
469.38660747543395
 21
110.893488803992
 31
0.0
 11
470.742969
 21
108.194243
 31
0.0
 11
471.36082316527893
 21
103.56527690020171
 31
0.0
 11
472.4126749999999
 21
101.849934
 31
0.0
 11
473.691546
 21
74.68872600000009
 31
0.0
 11
477.4653932793404
 21
42.18224223499514
 31
0.0
 11
478.4816567690503
 21
38.60502755267458
 31
0.0
 11
479.9401849999999
 21
36.196521
 31
0.0
 11
481.5015350493281
 21
35.54869831596575
 31
0.0
 11
482.73945724262995
 21
36.54210498431599
 31
0.0
 11
482.52456147054795
 21
44.020358484668
 31
0.0
 11
481.261016
 21
52.958592
 31
0.0
 11
482.9230110627629
 21
59.14693272033198
 31
0.0
 11
484.81328881412276
 21
70.83829578284757
 31
0.0
 11
484.2630959123251
 21
71.80740102957117
 31
0.0
 11
482.138534617135
 21
72.369256555077
 31
0.0
 11
481.23822676053527
 21
73.00680002870612
 31
0.0
 11
480.20612844014227
 21
75.76441407808261
 31
0.0
 11
478.684247789456
 21
89.9005206867995
 31
0.0
 11
477.736003
 21
110.944166
 31
0.0
 11
477.358718004077
 21
114.06065453144015
 31
0.0
 11
476.295935
 21
115.409173
 31
0.0
 11
476.02472704259344
 21
117.40434135940043
 31
0.0
 11
476.29311440054664
 21
118.7054321374643
 31
0.0
 11
477.4252399999986
 21
119.5436009999972
 31
0.0
 11
479.196005
 21
155.55817099999996
 31
0.0
 11
479.2051879999999
 21
165.056994
 31
0.0
 11
480.33448998565086
 21
168.55655072353346
 31
0.0
 11
487.2994934400903
 21
183.63046496884076
 31
0.0
 11
487.774575
 21
186.637159
 31
0.0
 11
487.3374309999999
 21
191.659108
 31
0.0
 11
487.514202968416
 21
194.39729391843196
 31
0.0
 11
490.57494750535784
 21
201.85371089908529
 31
0.0
 11
491.48765357386804
 21
205.58355775161792
 31
0.0
 11
491.60241583893753
 21
208.67445208325935
 31
0.0
 11
490.494546
 21
211.867499
 31
0.0
 11
490.1811983414553
 21
214.24043789492904
 31
0.0
 11
490.9557839999999
 21
225.36325099999996
 31
0.0
 11
490.2256627972749
 21
239.047416081374
 31
0.0
 11
490.71760158872496
 21
242.11582174989064
 31
0.0
 11
493.555863
 21
249.25686499999998
 31
0.0
 11
493.9401329999999
 21
251.474934
 31
0.0
 11
493.55750559805796
 21
252.35219713030153
 31
0.0
 11
492.56081058930596
 21
252.80583488025948
 31
0.0
 11
490.15538271715997
 21
252.298034725172
 31
0.0
 11
487.85896647869555
 21
250.26067192623648
 31
0.0
 11
484.5318114790945
 21
245.67623049221388
 31
0.0
 11
482.3835589999999
 21
241.527775
 31
0.0
 11
480.2214749999998
 21
234.6999269999998
 31
0.0
 11
474.7529990905618
 21
222.15514562964492
 31
0.0
 11
473.63902957922795
 21
217.83621271396973
 31
0.0
 11
471.99136915240996
 21
215.321804233544
 31
0.0
 11
471.40753260568
 21
213.66274155672798
 31
0.0
 11
470.5544719999999
 21
197.949688
 31
0.0
 11
469.983722
 21
195.953597
 31
0.0
 11
467.925308
 21
192.649189
 31
0.0
 11
467.6585629999999
 21
191.434549
 31
0.0
 11
470.3657052565306
 21
184.48949662693494
 31
0.0
 11
473.8105923017682
 21
178.23238507892853
 31
0.0
 11
474.00879
 21
173.72784099999987
 31
0.0
 11
473.59165457110373
 21
169.50610342873736
 31
0.0
 11
473.0917241548917
 21
169.0711909195451
 31
0.0
 11
472.19694539113533
 21
169.05593428499068
 31
0.0
 11
462.228187130133
 21
171.2343001322486
 31
0.0
 11
456.18779096885294
 21
171.091178862993
 31
0.0
 11
455.5731506645229
 21
171.80289341041123
 31
0.0
 11
455.80847018850505
 21
179.17220154160412
 31
0.0
 11
454.133261002953
 21
199.31502184071675
 31
0.0
 11
454.1859960095647
 21
202.47856657986767
 31
0.0
 11
454.8794061587524
 21
204.94019183884689
 31
0.0
 11
458.99587298229056
 21
214.12121997415952
 31
0.0
 11
461.6813812648128
 21
222.95735368725948
 31
0.0
 11
460.9929411095515
 21
225.97393207871735
 31
0.0
 11
460.4713369999999
 21
234.530915
 31
0.0
 11
458.3083142191449
 21
242.397189848459
 31
0.0
 11
458.4787601809122
 21
245.87856020056267
 31
0.0
 11
457.941596678735
 21
249.2632717553135
 31
0.0
 11
456.12631099999993
 21
257.475386
 31
0.0
 11
454.3850186534561
 21
260.9844535711235
 31
0.0
 11
453.61130010804254
 21
267.96960092094866
 31
0.0
 11
452.53235910815994
 21
270.114069736
 31
0.0
 11
450.5128587337332
 21
270.2850393489953
 31
0.0
 11
448.789169
 21
268.824024
 31
0.0
 11
447.2386067594744
 21
265.2463658713028
 31
0.0
 11
445.935444
 21
257.7798009999999
 31
0.0
 11
444.75688686867846
 21
240.01651281794594
 31
0.0
 11
444.4860821059181
 21
238.33364618554256
 31
0.0
 11
443.401902577523
 21
236.58444976002926
 31
0.0
 11
443.1027458133919
 21
234.781740386032
 31
0.0
 11
443.21533
 21
230.689706
 31
0.0
 11
444.3355474209279
 21
229.1203120497303
 31
0.0
 11
444.5648329888
 21
228.15900667075
 31
0.0
 11
445.49584329171086
 21
217.36192649710827
 31
0.0
 11
447.9197816774705
 21
208.6996552863645
 31
0.0
 11
448.52968802099997
 21
203.01208858755996
 31
0.0
 11
447.96568959844495
 21
202.50322916585398
 31
0.0
 11
446.9497446021103
 21
202.54714071318222
 31
0.0
 11
445.1947979999999
 21
204.1304320000001
 31
0.0
 11
440.4131249999999
 21
213.71015800000004
 31
0.0
 11
439.86159
 21
216.345919
 31
0.0
 11
437.84852378891884
 21
221.08178951433263
 31
0.0
 11
434.187804
 21
227.592589
 31
0.0
 11
432.80880321871786
 21
228.80173184259863
 31
0.0
 11
431.372579415599
 21
228.920497640282
 31
0.0
 11
430.2054368874197
 21
228.10175673495158
 31
0.0
 11
429.743583
 21
226.349606
 31
0.0
 11
431.2005049999999
 21
206.87508200000013
 31
0.0
 11
431.69710174377803
 21
204.10628139108792
 31
0.0
 11
432.35712889359115
 21
203.07815045994448
 31
0.0
 11
432.718776
 21
201.383099
 31
0.0
 11
433.39357637001496
 21
192.85976943131902
 31
0.0
 11
434.8931748476179
 21
188.628369760834
 31
0.0
 11
437.743860569002
 21
172.61079715516226
 31
0.0
 11
439.77507634085197
 21
167.68833785438798
 31
0.0
 11
444.061469631024
 21
160.03134514335602
 31
0.0
 11
446.0153066515867
 21
154.1226618048347
 31
0.0
 11
451.682721
 21
109.517323
 31
0.0
  0
SPLINE
  5
AB
330
17
100
AcDbEntity
  8
0
100
AcDbSpline
 70
0
 71
3
 72
0
 73
0
 74
101
 11
1470.360913
 21
61.9861599999998
 31
0.0
 11
1470.8298550385718
 21
78.94398563630419
 31
0.0
 11
1471.570792144435
 21
81.49168442555998
 31
0.0
 11
1472.393221260548
 21
81.81226185352776
 31
0.0
 11
1473.22456537009
 21
81.41385166937006
 31
0.0
 11
1473.9995898870548
 21
79.40707969417052
 31
0.0
 11
1477.0101751018626
 21
57.32514053294203
 31
0.0
 11
1477.68593
 21
54.218748999999995
 31
0.0
 11
1478.6654077477697
 21
51.865572056301296
 31
0.0
 11
1479.0927161978814
 21
46.257811717794496
 31
0.0
 11
1479.802557639729
 21
43.27171084686004
 31
0.0
 11
1481.7825411575864
 21
40.842950814941204
 31
0.0
 11
1484.706296
 21
40.00000000000009
 31
0.0
 11
1486.2094345372361
 21
40.257295905198475
 31
0.0
 11
1487.468083237556
 21
40.98391710974004
 31
0.0
 11
1488.3309821860998
 21
42.175659907498954
 31
0.0
 11
1488.738431
 21
43.70083599999998
 31
0.0
 11
1485.3789036025585
 21
75.56421436524914
 31
0.0
 11
1478.3624630049226
 21
130.0306612987955
 31
0.0
 11
1476.1542746471414
 21
160.03311015539396
 31
0.0
 11
1476.3060568485002
 21
163.46743627577598
 31
0.0
 11
1477.602152569807
 21
166.413553346162
 31
0.0
 11
1480.249725658032
 21
167.89216702992
 31
0.0
 11
1484.634176865935
 21
168.73694946524415
 31
0.0
 11
1485.2757511239115
 21
169.43381548698144
 31
0.0
 11
1485.4865986294358
 21
171.35802433711802
 31
0.0
 11
1485.04491445307
 21
172.86335226146403
 31
0.0
 11
1483.99058977073
 21
173.475330528955
 31
0.0
 11
1474.5
 21
174.5
 31
0.0
 11
1471.6364104830136
 21
203.98579090092673
 31
0.0
 11
1471.8076400541995
 21
206.21171547621302
 31
0.0
 11
1474.460297842017
 21
210.50268486399594
 31
0.0
 11
1477.4192379309216
 21
216.98597983369962
 31
0.0
 11
1479.5632498558998
 21
224.42621550858019
 31
0.0
 11
1479.684302
 21
227.492534
 31
0.0
 11
1478.8070003646967
 21
238.54398674727352
 31
0.0
 11
1477.1275456031317
 21
243.8488867226228
 31
0.0
 11
1475.6325341994511
 21
254.78863987953446
 31
0.0
 11
1472.9474946992116
 21
262.58702747630235
 31
0.0
 11
1471.6328101515114
 21
269.5412976083229
 31
0.0
 11
1470.8862330207614
 21
271.0566581348985
 31
0.0
 11
1469.317661
 21
271.8106839999999
 31
0.0
 11
1467.719094
 21
271.4939110000001
 31
0.0
 11
1466.085444
 21
270.13438300000007
 31
0.0
 11
1465.115987
 21
268.482521
 31
0.0
 11
1465.464638
 21
266.32812
 31
0.0
 11
1463.923808189305
 21
262.37070637683
 31
0.0
 11
1463.517923
 21
259.787882
 31
0.0
 11
1462.7489476253336
 21
229.27914911429957
 31
0.0
 11
1462.802826716964
 21
223.67527739405867
 31
0.0
 11
1464.9483521458928
 21
215.961243633742
 31
0.0
 11
1465.833925
 21
208.727754
 31
0.0
 11
1465.7322347773884
 21
206.87816842620379
 31
0.0
 11
1465.1927736315442
 21
206.1790383675547
 31
0.0
 11
1464.2273842581722
 21
206.03308106408
 31
0.0
 11
1462.5057335827594
 21
207.4022688931315
 31
0.0
 11
1458.847435745804
 21
216.41181755654247
 31
0.0
 11
1457.7957279427553
 21
221.25178178563212
 31
0.0
 11
1456.133364338492
 21
223.02354175349794
 31
0.0
 11
1453.8173091657725
 21
228.93415751066246
 31
0.0
 11
1452.5364126186319
 21
230.50361305339263
 31
0.0
 11
1450.7399706134431
 21
231.68805125061658
 31
0.0
 11
1449.49027
 21
231.6346399999999
 31
0.0
 11
1448.607904
 21
231.013264
 31
0.0
 11
1448.0366654849786
 21
228.84890281890515
 31
0.0
 11
1448.4359517425598
 21
224.221728337776
 31
0.0
 11
1449.3314991868056
 21
219.83237684680574
 31
0.0
 11
1450.327861572218
 21
217.7134620362359
 31
0.0
 11
1449.32403
 21
214.84996699999996
 31
0.0
 11
1449.3167098547362
 21
211.75962042988843
 31
0.0
 11
1452.016923192224
 21
195.40053639752404
 31
0.0
 11
1452.624995
 21
193.21455999999998
 31
0.0
 11
1453.714648
 21
191.20972700000002
 31
0.0
 11
1453.9904759175224
 21
188.9934825113085
 31
0.0
 11
1453.7780717945384
 21
187.88771707168652
 31
0.0
 11
1453.153711036935
 21
187.28908017795882
 31
0.0
 11
1449.362461075944
 21
186.89640593299995
 31
0.0
 11
1447.19378484478
 21
186.09267153791995
 31
0.0
 11
1445.9696292823126
 21
185.09191839404542
 31
0.0
 11
1445.3112167228646
 21
183.58315079194648
 31
0.0
 11
1445.938949029842
 21
182.2065541297596
 31
0.0
 11
1446.0290396104729
 21
180.61161215652083
 31
0.0
 11
1447.094115
 21
144.956933
 31
0.0
 11
1447.8381878664609
 21
141.18745082287148
 31
0.0
 11
1449.8774828830337
 21
137.50380777789812
 31
0.0
 11
1450.3648898887043
 21
134.0449597330319
 31
0.0
 11
1449.321842
 21
129.971689
 31
0.0
 11
1448.4995557205032
 21
128.88397274990194
 31
0.0
 11
1446.2141842274714
 21
127.20234653315853
 31
0.0
 11
1445.7891468332364
 21
125.52392825114299
 31
0.0
 11
1447.74939
 21
122.88930800000001
 31
0.0
 11
1456.739772
 21
116.190281
 31
0.0
 11
1459.313299589359
 21
92.78248661209098
 31
0.0
 11
1462.185674525992
 21
76.2017458984135
 31
0.0
 11
1464.6313587285126
 21
48.93918989731275
 31
0.0
 11
1465.876948430745
 21
42.534046660541506
 31
0.0
 11
1466.9829351891265
 21
40.618624861777604
 31
0.0
 11
1467.9649227404052
 21
40.07320021076442
 31
0.0
 11
1469.3692515907212
 21
40.3427289964597
 31
0.0
 11
1469.9979816870575
 21
41.74826562010771
 31
0.0
 11
1470.360913
 21
61.9861599999998
 31
0.0
  0
SPLINE
  5
AC
330
17
100
AcDbEntity
  8
0
100
AcDbSpline
 70
0
 71
3
 72
0
 73
0
 74
57
 11
1439.975595
 21
220.7460339999998
 31
0.0
 11
1439.961712
 21
229.90317200000004
 31
0.0
 11
1439.4510732816836
 21
231.152374425959
 31
0.0
 11
1438.031733706162
 21
231.72216793024302
 31
0.0
 11
1436.998831
 21
231.36050100000003
 31
0.0
 11
1435.232788122607
 21
229.62293447886844
 31
0.0
 11
1433.3133248209065
 21
226.36211580719194
 31
0.0
 11
1425.9474952414814
 21
208.2274068622385
 31
0.0
 11
1424.926271665364
 21
206.55197086781206
 31
0.0
 11
1423.7194616885865
 21
205.48090887350378
 31
0.0
 11
1422.886693
 21
205.57002700000007
 31
0.0
 11
1422.2668572862897
 21
206.33512542485602
 31
0.0
 11
1422.191724
 21
212.338773
 31
0.0
 11
1423.931208
 21
214.960708
 31
0.0
 11
1425.866975
 21
229.08514999999997
 31
0.0
 11
1426.1559259037247
 21
238.27121110639112
 31
0.0
 11
1425.501320413002
 21
250.129321067624
 31
0.0
 11
1423.736631
 21
264.304317
 31
0.0
 11
1422.394535
 21
268.75
 31
0.0
 11
1421.181306
 21
270.639519
 31
0.0
 11
1419.631411
 21
271.796335
 31
0.0
 11
1418.039745
 21
272.021015
 31
0.0
 11
1416.5042453458084
 21
271.11832668791203
 31
0.0
 11
1415.6425159066573
 21
263.9349009613899
 31
0.0
 11
1413.1258783282206
 21
255.25226649226533
 31
0.0
 11
1412.106539
 21
244.753805
 31
0.0
 11
1410.0971664384251
 21
235.69544574091498
 31
0.0
 11
1409.291295662375
 21
227.34334986606555
 31
0.0
 11
1409.4039296453425
 21
223.86269501739497
 31
0.0
 11
1410.3106871258358
 21
219.49782920993547
 31
0.0
 11
1415.040321
 21
208.20901000000003
 31
0.0
 11
1415.7681473760151
 21
204.70500041720646
 31
0.0
 11
1415.3313033342
 21
190.41906377542355
 31
0.0
 11
1414.062136
 21
176.85291900000007
 31
0.0
 11
1413.474649
 21
174.25607600000004
 31
0.0
 11
1412.916314794772
 21
173.58406310708202
 31
0.0
 11
1408.13819
 21
174.647112
 31
0.0
 11
1406.1780850577697
 21
174.34197046666947
 31
0.0
 11
1404.530836947121
 21
173.464919041439
 31
0.0
 11
1403.3939193701344
 21
172.1258610158411
 31
0.0
 11
1403.0449082316945
 21
171.07968651251693
 31
0.0
 11
1403.122243
 21
169.195722
 31
0.0
 11
1403.533705
 21
168.470299
 31
0.0
 11
1409.0067284746694
 21
167.2684085833256
 31
0.0
 11
1413.6792952751937
 21
164.46360143114237
 31
0.0
 11
1417.230047
 21
163.25324200000003
 31
0.0
 11
1422.9863429283414
 21
160.19538773164865
 31
0.0
 11
1424.1499079122125
 21
159.8022728332557
 31
0.0
 11
1424.915272530648
 21
160.00270177118395
 31
0.0
 11
1426.121726
 21
162.95519999999996
 31
0.0
 11
1430.6236119616615
 21
170.55966495427282
 31
0.0
 11
1432.709749647815
 21
174.92952649877347
 31
0.0
 11
1434.3525893717062
 21
186.1137438910328
 31
0.0
 11
1436.855479
 21
197.67622999999998
 31
0.0
 11
1437.8960834042987
 21
205.47645593009804
 31
0.0
 11
1439.6623486501467
 21
211.10424284593998
 31
0.0
 11
1439.975595
 21
220.7460339999998
 31
0.0
  0
LWPOLYLINE
  5
AD
330
17
100
AcDbEntity
  8
0
100
AcDbPolyline
 90
2
 70
1
 10
1232.972925999995
 20
192.1468750000003
 10
1232.972925999995
 20
192.14687500000036
  0
SPLINE
  5
AE
330
17
100
AcDbEntity
  8
0
100
AcDbSpline
 70
0
 71
3
 72
0
 73
0
 74
47
 11
902.747692999983
 21
237.5944049999816
 31
0.0
 11
931.6814149914238
 21
267.59405332113573
 31
0.0
 11
934.735745883216
 21
271.83582910836805
 31
0.0
 11
934.2157184968273
 21
273.1740198632993
 31
0.0
 11
932.9614391210839
 21
273.970629721114
 31
0.0
 11
929.9251711368759
 21
273.5413508471119
 31
0.0
 11
927.4825879999999
 21
272.2153639999999
 31
0.0
 11
904.4578932844556
 21
253.76533454366754
 31
0.0
 11
888.6107596619679
 21
240.05413996497606
 31
0.0
 11
883.4410857359774
 21
234.79297654469997
 31
0.0
 11
856.1268307141311
 21
203.65745524085443
 31
0.0
 11
823.975103
 21
163.78822100000008
 31
0.0
 11
821.292191
 21
159.623404
 31
0.0
 11
819.778254
 21
155.430387
 31
0.0
 11
814.7899346235586
 21
131.85421602009262
 31
0.0
 11
813.8356550277604
 21
125.16361133689702
 31
0.0
 11
812.29375
 21
121.92318600000002
 31
0.0
 11
811.679573928854
 21
115.82232502203176
 31
0.0
 11
809.79522555983
 21
111.40634022308696
 31
0.0
 11
806.2515783428472
 21
93.33617753428234
 31
0.0
 11
802.9258079999998
 21
72.53431199999946
 31
0.0
 11
798.075253478896
 21
45.855818587878495
 31
0.0
 11
797.5832052007703
 21
41.4513027867771
 31
0.0
 11
797.87767
 21
37.785658000000005
 31
0.0
 11
799.245317
 21
35.10186700000001
 31
0.0
 11
800.8363261625834
 21
34.47827150907134
 31
0.0
 11
801.8726635400068
 21
34.84163238321983
 31
0.0
 11
802.7905999999999
 21
36.03123499999998
 31
0.0
 11
804.9795731699273
 21
44.08441045276694
 31
0.0
 11
807.03243868737
 21
57.81969146650699
 31
0.0
 11
809.2331019999999
 21
65.94000999999999
 31
0.0
 11
812.5985989863246
 21
86.18327002855041
 31
0.0
 11
818.9481089999999
 21
119.735007
 31
0.0
 11
819.726716
 21
122.130898
 31
0.0
 11
820.6775422085136
 21
123.58931443668232
 31
0.0
 11
821.2236950301633
 21
127.9530777942159
 31
0.0
 11
822.7745455314978
 21
130.71429589597327
 31
0.0
 11
823.3093557238756
 21
134.31949738104066
 31
0.0
 11
825.561468
 21
139.593896
 31
0.0
 11
829.4480855764517
 21
146.54602004186216
 31
0.0
 11
842.319550969869
 21
165.84789489356595
 31
0.0
 11
848.849041
 21
176.850781
 31
0.0
 11
853.2687449999999
 21
182.94608600000004
 31
0.0
 11
860.8523889999999
 21
192.07942499999996
 31
0.0
 11
861.6001019999995
 21
194.0680899999995
 31
0.0
 11
879.2450759038194
 21
213.28066317646824
 31
0.0
 11
902.7476930000412
 21
237.59440500001074
 31
0.0
  0
SPLINE
  5
AF
330
17
100
AcDbEntity
  8
0
100
AcDbSpline
 70
0
 71
3
 72
0
 73
0
 74
40
 11
269.9776699999997
 21
102.013035
 31
0.0
 11
269.97309676441216
 21
182.44750281521908
 31
0.0
 11
269.7200612587709
 21
191.21706400661245
 31
0.0
 11
268.4711696196506
 21
193.25023805256694
 31
0.0
 11
268.035724
 21
195.61344
 31
0.0
 11
268.284046
 21
197.48844
 31
0.0
 11
269.462391
 21
198.972659
 31
0.0
 11
269.669982
 21
200.47576
 31
0.0
 11
267.7304621326202
 21
211.51018050017584
 31
0.0
 11
265.701828259824
 21
231.271108699616
 31
0.0
 11
260.214006
 21
274.155616
 31
0.0
 11
259.3410530204775
 21
275.9351496030825
 31
0.0
 11
257.42162334641785
 21
276.90293092056294
 31
0.0
 11
255.341707
 21
276.587076
 31
0.0
 11
254.20042571474627
 21
274.90907741562063
 31
0.0
 11
259.6762115559374
 21
220.96075697088602
 31
0.0
 11
261.8823477404825
 21
192.863270769941
 31
0.0
 11
262.9505700000001
 21
173.112432
 31
0.0
 11
262.52785199054046
 21
169.76101246020758
 31
0.0
 11
261.60508265608894
 21
169.365294642238
 31
0.0
 11
258.49576325769783
 21
170.02760599303886
 31
0.0
 11
257.89617819202834
 21
169.14796045520083
 31
0.0
 11
257.76090869953447
 21
166.53487817251195
 31
0.0
 11
257.842677
 21
163.151913
 31
0.0
 11
258.3730640703315
 21
161.15022100621002
 31
0.0
 11
259.681238984997
 21
159.519357740224
 31
0.0
 11
263.111717
 21
156.7669629999999
 31
0.0
 11
262.01578800000016
 21
80.22374199999979
 31
0.0
 11
260.02812200000017
 21
43.47415799999974
 31
0.0
 11
260.42413219443915
 21
38.70894195337622
 31
0.0
 11
261.38309106711876
 21
37.36506064706131
 31
0.0
 11
262.70851280644746
 21
36.786837299674005
 31
0.0
 11
264.73431522241
 21
36.937621586728
 31
0.0
 11
266.01425356064334
 21
37.86719475091937
 31
0.0
 11
266.928401
 21
39.35614100000001
 31
0.0
 11
267.45325854044233
 21
41.394246092336004
 31
0.0
 11
268.9713209534615
 21
78.10195941951064
 31
0.0
 11
269.39447300000006
 21
85.50924299999902
 31
0.0
 11
269.8011709999992
 21
86.85017199999083
 31
0.0
 11
269.9776699999997
 21
102.013035
 31
0.0
  0
SPLINE
  5
B0
330
17
100
AcDbEntity
  8
0
100
AcDbSpline
 70
0
 71
3
 72
0
 73
0
 74
38
 11
1795.042187000001
 21
287.011812
 31
0.0
 11
1815.7374842393485
 21
285.97182571288386
 31
0.0
 11
1825.3137040656766
 21
285.03066615779113
 31
0.0
 11
1827.6503196198628
 21
283.525275006665
 31
0.0
 11
1830.988404
 21
277.243323
 31
0.0
 11
1833.280311
 21
271.0157549999999
 31
0.0
 11
1834.238280437235
 21
264.14673531290697
 31
0.0
 11
1835.51562
 21
261.356611
 31
0.0
 11
1835.6964428065983
 21
249.35621418386575
 31
0.0
 11
1835.0956219479099
 21
236.4419924813455
 31
0.0
 11
1834.087576041185
 21
227.6716365908451
 31
0.0
 11
1833.7356573073282
 21
225.94062622771764
 31
0.0
 11
1832.3247625681217
 21
223.32431882801183
 31
0.0
 11
1831.4089244135246
 21
217.2476813368411
 31
0.0
 11
1829.170636
 21
210.151643
 31
0.0
 11
1819.5782647019043
 21
173.64219201303155
 31
0.0
 11
1818.504046
 21
170.52373899999986
 31
0.0
 11
1817.2923963647727
 21
168.97051523233313
 31
0.0
 11
1815.262301678527
 21
168.101271168531
 31
0.0
 11
1813.717494
 21
167.953883
 31
0.0
 11
1804.2913817889041
 21
168.67766376264296
 31
0.0
 11
1787.135626
 21
172.2683849999999
 31
0.0
 11
1785.3706339538721
 21
173.31737617491967
 31
0.0
 11
1785.891868128844
 21
175.656643702867
 31
0.0
 11
1788.6442966217023
 21
182.3437150290825
 31
0.0
 11
1789.250444
 21
185.40548699999997
 31
0.0
 11
1791.4717379257463
 21
190.65339075771382
 31
0.0
 11
1794.808208
 21
205.875819
 31
0.0
 11
1796.6017729646442
 21
221.320024553483
 31
0.0
 11
1796.345169831016
 21
235.23531208573598
 31
0.0
 11
1792.915019
 21
254.68964399999996
 31
0.0
 11
1785.911750918556
 21
272.13769808537506
 31
0.0
 11
1777.502654
 21
282.996036
 31
0.0
 11
1774.856881466128
 21
285.676148918046
 31
0.0
 11
1774.2210769768944
 21
287.02159592152304
 31
0.0
 11
1774.703292
 21
287.580565
 31
0.0
 11
1777.298811
 21
287.962468
 31
0.0
 11
1795.042187000001
 21
287.011812
 31
0.0
  0
SPLINE
  5
B1
330
17
100
AcDbEntity
  8
0
100
AcDbSpline
 70
0
 71
3
 72
0
 73
0
 74
21
 11
1321.794969
 21
285.437587
 31
0.0
 11
1321.1273519922463
 21
286.6654688678959
 31
0.0
 11
1320.139154568217
 21
287.2053742726945
 31
0.0
 11
1318.248865
 21
287.656964
 31
0.0
 11
1315.3983198594508
 21
287.6559472606335
 31
0.0
 11
1309.5
 21
286.533581
 31
0.0
 11
1302.909007815197
 21
284.2568821553835
 31
0.0
 11
1297.533408143889
 21
280.9505766528115
 31
0.0
 11
1293.331600055924
 21
277.01144624392805
 31
0.0
 11
1289.2713108112068
 21
272.24754087257907
 31
0.0
 11
1288.6915695676512
 21
271.0202628297207
 31
0.0
 11
1288.8634647951399
 21
269.76484845868
 31
0.0
 11
1289.4970460702193
 21
268.9715377051597
 31
0.0
 11
1290.80738
 21
268.393176
 31
0.0
 11
1294.6860547262318
 21
268.50201401818026
 31
0.0
 11
1304.512903
 21
271.07669999999996
 31
0.0
 11
1309.59788951102
 21
273.030428113368
 31
0.0
 11
1313.695976
 21
275.655448
 31
0.0
 11
1318.5201008608728
 21
280.0740704314795
 31
0.0
 11
1320.9649239584571
 21
283.01582693053297
 31
0.0
 11
1321.794969
 21
285.437587
 31
0.0
  0
SPLINE
  5
B2
330
17
100
AcDbEntity
  8
0
100
AcDbSpline
 70
0
 71
3
 72
0
 73
0
 74
18
 11
1368.078454
 21
288.958013
 31
0.0
 11
1365.456111
 21
289.7142740000001
 31
0.0
 11
1362.344326
 21
289.4871219999999
 31
0.0
 11
1359.549438221426
 21
288.6312650675157
 31
0.0
 11
1355.3377915896715
 21
286.5516239837598
 31
0.0
 11
1350.5726033388287
 21
283.4735848887387
 31
0.0
 11
1347.8550786392884
 21
281.13980573803747
 31
0.0
 11
1346.2905732823524
 21
278.895627910199
 31
0.0
 11
1346.30654316206
 21
276.48236569061464
 31
0.0
 11
1347.542822
 21
275.345194
 31
0.0
 11
1350.6231595563806
 21
275.02093355102375
 31
0.0
 11
1357.0433006788778
 21
277.42936263595936
 31
0.0
 11
1362.274876657072
 21
280.12808153166
 31
0.0
 11
1366.6199294685277
 21
282.99266228136895
 31
0.0
 11
1368.2995916587388
 21
284.85362261504696
 31
0.0
 11
1369.4830559789052
 21
287.361366799184
 31
0.0
 11
1369.1641085815108
 21
288.2079005111546
 31
0.0
 11
1368.078454
 21
288.958013
 31
0.0
  0
SPLINE
  5
B3
330
17
100
AcDbEntity
  8
0
100
AcDbSpline
 70
0
 71
3
 72
0
 73
0
 74
44
 11
83.452037
 21
278.300789
 31
0.0
 11
84.24319340418195
 21
278.6244909845363
 31
0.0
 11
93.03335976323382
 21
282.69480816273904
 31
0.0
 11
98.86896351634614
 21
284.91143569553094
 31
0.0
 11
104.41865387848156
 21
286.3882369414051
 31
0.0
 11
109.62236686118342
 21
286.9178552919836
 31
0.0
 11
114.95003125483038
 21
286.58548031830753
 31
0.0
 11
120.25043399232361
 21
285.41285609735195
 31
0.0
 11
125.98589012955414
 21
283.21131617569546
 31
0.0
 11
132.1481193439646
 21
280.22573618588956
 31
0.0
 11
137.64399432878923
 21
276.9905664243733
 31
0.0
 11
143.11549266728116
 21
273.02167104872456
 31
0.0
 11
147.91421953144703
 21
268.9709858995645
 31
0.0
 11
151.93077481963834
 21
264.78446960771663
 31
0.0
 11
162.320095
 21
251.30791600000003
 31
0.0
 11
163.23151033544775
 21
248.54571322553699
 31
0.0
 11
166.26121627670642
 21
245.08404194147778
 31
0.0
 11
167.440625
 21
242.238332
 31
0.0
 11
169.45110107480292
 21
239.8118087587714
 31
0.0
 11
170.7186
 21
235.862923
 31
0.0
 11
174.71864516959545
 21
231.05805850025266
 31
0.0
 11
177.118681
 21
228.64918200000002
 31
0.0
 11
177.648702912419
 21
228.554824736984
 31
0.0
 11
177.93245973717103
 21
229.68909884945356
 31
0.0
 11
177.15044426382053
 21
235.611484242548
 31
0.0
 11
175.5302572631785
 21
242.36279796492602
 31
0.0
 11
172.73129
 21
247.757922
 31
0.0
 11
166.06674455097402
 21
257.610917331911
 31
0.0
 11
160.333517819212
 21
265.02204855947406
 31
0.0
 11
153.28175008714388
 21
272.5170050887564
 31
0.0
 11
146.0
 21
278.485859
 31
0.0
 11
138.4633444034223
 21
283.03286154418873
 31
0.0
 11
129.21384475489504
 21
287.49496077987203
 31
0.0
 11
121.24992985557893
 21
290.495681112141
 31
0.0
 11
114.53005811971302
 21
291.7375166412739
 31
0.0
 11
107.41947027139388
 21
291.6750779816695
 31
0.0
 11
101.940033986704
 21
290.678317051936
 31
0.0
 11
98.309731
 21
289.580527
 31
0.0
 11
89.4174923145326
 21
285.67381669662797
 31
0.0
 11
84.44427743400149
 21
282.518009997433
 31
0.0
 11
80.23710699999995
 21
278.6495
 31
0.0
 11
80.01014468939997
 21
278.00884216758
 31
0.0
 11
80.526150519553
 21
277.25188293928045
 31
0.0
 11
83.452037
 21
278.300789
 31
0.0
  0
SPLINE
  5
B4
330
17
100
AcDbEntity
  8
0
100
AcDbSpline
 70
0
 71
3
 72
0
 73
0
 74
17
 11
1394.076818
 21
278.2002889999999
 31
0.0
 11
1396.2934340652996
 21
278.5591042410745
 31
0.0
 11
1398.2567776776482
 21
279.85786771023885
 31
0.0
 11
1401.5376854345106
 21
283.2323255213565
 31
0.0
 11
1403.8998068826272
 21
286.55338124012286
 31
0.0
 11
1404.846228
 21
288.949119
 31
0.0
 11
1405.0276532794835
 21
290.9750057288159
 31
0.0
 11
1404.530300035226
 21
292.81112900682
 31
0.0
 11
1402.929319087332
 21
294.45448507457996
 31
0.0
 11
1400.1638341934486
 21
294.93055073201634
 31
0.0
 11
1397.5995615484476
 21
294.06778103966866
 31
0.0
 11
1394.963296231827
 21
292.13274277281585
 31
0.0
 11
1391.886621512455
 21
288.6860317046065
 31
0.0
 11
1391.144653
 21
286.114194
 31
0.0
 11
1391.5063463461527
 21
280.1754995255837
 31
0.0
 11
1392.2007611286601
 21
278.82602845865006
 31
0.0
 11
1394.076818
 21
278.2002889999999
 31
0.0
  0
SPLINE
  5
B5
330
17
100
AcDbEntity
  8
0
100
AcDbSpline
 70
0
 71
3
 72
0
 73
0
 74
18
 11
1561.939528
 21
294.5728649999999
 31
0.0
 11
1559.7301382890637
 21
295.8607114649762
 31
0.0
 11
1556.437720743243
 21
295.55608349098196
 31
0.0
 11
1552.6458419268724
 21
294.08121015937417
 31
0.0
 11
1548.534113
 21
291.44503399999996
 31
0.0
 11
1544.310001755802
 21
287.6853372234642
 31
0.0
 11
1539.375192
 21
281.88207099999994
 31
0.0
 11
1537.98035
 21
278.698997
 31
0.0
 11
1538.3052532885245
 21
277.19720734328047
 31
0.0
 11
1539.755884259265
 21
276.20873893232755
 31
0.0
 11
1540.979764
 21
276.0000000000001
 31
0.0
 11
1545.4280718188004
 21
276.7328967231591
 31
0.0
 11
1551.7105675704306
 21
279.3040694436888
 31
0.0
 11
1556.657714
 21
282.40228699999994
 31
0.0
 11
1559.724618
 21
285.34305499999994
 31
0.0
 11
1561.860718
 21
288.85953000000006
 31
0.0
 11
1562.693218
 21
292.186065
 31
0.0
 11
1561.939528
 21
294.5728649999999
 31
0.0
  0
LWPOLYLINE
  5
B6
330
17
100
AcDbEntity
  8
0
100
AcDbPolyline
 90
2
 70
1
 10
130.75
 20
296.0334529999999
 10
130.75
 20
296.03345299999995
  0
SPLINE
  5
B7
330
17
100
AcDbEntity
  8
0
100
AcDbSpline
 70
0
 71
3
 72
0
 73
0
 74
17
 11
1255.657899
 21
301.449119
 31
0.0
 11
1254.5091356380563
 21
302.6509716851809
 31
0.0
 11
1251.123786918813
 21
302.94414875662113
 31
0.0
 11
1246.5679810326308
 21
302.17121059192095
 31
0.0
 11
1241.6859528628572
 21
300.3281079364057
 31
0.0
 11
1237.488616
 21
297.80483799999996
 31
0.0
 11
1232.212858905828
 21
293.23182367261603
 31
0.0
 11
1230.3354707879892
 21
291.33300996415954
 31
0.0
 11
1230.1708747808584
 21
289.4164835919377
 31
0.0
 11
1231.366394368853
 21
288.3362429594796
 31
0.0
 11
1234.1008158366024
 21
288.48806919289785
 31
0.0
 11
1239.747776
 21
289.74684600000006
 31
0.0
 11
1246.1322806335754
 21
292.1187457253923
 31
0.0
 11
1249.7459700474378
 21
293.9646565132185
 31
0.0
 11
1252.6000293327497
 21
296.1003730619628
 31
0.0
 11
1255.123083234613
 21
299.02893551871693
 31
0.0
 11
1255.657899
 21
301.449119
 31
0.0
  0
SPLINE
  5
B8
330
17
100
AcDbEntity
  8
0
100
AcDbSpline
 70
0
 71
3
 72
0
 73
0
 74
14
 11
1536.089808
 21
303.391787
 31
0.0
 11
1533.879021171072
 21
304.699761701008
 31
0.0
 11
1530.569616
 21
304.676719
 31
0.0
 11
1524.661334195947
 21
302.86807354754956
 31
0.0
 11
1523.462073648069
 21
302.1103656144952
 31
0.0
 11
1523.1837456010335
 21
301.2371379652773
 31
0.0
 11
1524.0277344645901
 21
299.8640698070475
 31
0.0
 11
1525.093239
 21
299.400387
 31
0.0
 11
1529.558869999999
 21
299.015313
 31
0.0
 11
1532.1226385331502
 21
299.23897755339993
 31
0.0
 11
1534.7762522333082
 21
299.96314662098945
 31
0.0
 11
1536.49987
 21
301.20636199999996
 31
0.0
 11
1536.8405482163898
 21
302.15846257124497
 31
0.0
 11
1536.089808
 21
303.391787
 31
0.0
  0
LWPOLYLINE
  5
B9
330
17
100
AcDbEntity
  8
0
100
AcDbPolyline
 90
2
 70
1
 10
1841.990392
 20
278.147918
 10
1841.9903920000002
 20
278.1479179999999
  0
SPLINE
  5
BA
330
17
100
AcDbEntity
  8
0
100
AcDbSpline
 70
0
 71
3
 72
0
 73
0
 74
18
 11
1285.698683
 21
294.38159
 31
0.0
 11
1292.6558724033825
 21
297.22905992156996
 31
0.0
 11
1298.057218747926
 21
300.71439941987
 31
0.0
 11
1301.4677098915577
 21
304.41180443175296
 31
0.0
 11
1301.5028934712961
 21
306.5775698475307
 31
0.0
 11
1300.946949
 21
307.5639220000001
 31
0.0
 11
1299.57669
 21
308.517952
 31
0.0
 11
1296.8885973972494
 21
308.81830420008845
 31
0.0
 11
1287.6492310864107
 21
307.09062974435614
 31
0.0
 11
1281.4678699122808
 21
304.6541462933783
 31
0.0
 11
1274.5728298453075
 21
300.1214566402999
 31
0.0
 11
1272.340888
 21
298.06810099999984
 31
0.0
 11
1271.34835088958
 21
296.5731825153799
 31
0.0
 11
1271.0180216216627
 21
294.568451743324
 31
0.0
 11
1271.7955044747168
 21
293.4236878063943
 31
0.0
 11
1273.496066
 21
293.062994
 31
0.0
 11
1278.8523804327765
 21
293.0870772202512
 31
0.0
 11
1285.698683
 21
294.38159
 31
0.0
  0
SPLINE
  5
BB
330
17
100
AcDbEntity
  8
0
100
AcDbSpline
 70
0
 71
3
 72
0
 73
0
 74
69
 11
813.9552060000132
 21
271.9406250000174
 31
0.0
 11
823.7189072232146
 21
290.3090916776364
 31
0.0
 11
826.9357769999999
 21
295.4959719999999
 31
0.0
 11
832.7579774659839
 21
307.58238790742655
 31
0.0
 11
832.9606845012241
 21
309.47226086481396
 31
0.0
 11
832.4076129999999
 21
310.481016
 31
0.0
 11
831.409138786133
 21
310.9401590984725
 31
0.0
 11
829.97146257848
 21
310.6572176155925
 31
0.0
 11
827.3448393882367
 21
308.7657969549876
 31
0.0
 11
823.9147669999999
 21
304.5820320000002
 31
0.0
 11
806.398132999997
 21
278.8483489999953
 31
0.0
 11
805.8958309999999
 21
277.185437
 31
0.0
 11
799.101963
 21
267.086427
 31
0.0
 11
779.4668479999998
 21
231.25017499999973
 31
0.0
 11
777.2503120891452
 21
227.8719757271037
 31
0.0
 11
766.2807095046326
 21
204.71238066525092
 31
0.0
 11
765.7785549999971
 21
201.6100639999931
 31
0.0
 11
758.5938170000081
 21
179.70334900003218
 31
0.0
 11
751.4292795452258
 21
158.00329193044186
 31
0.0
 11
747.4036764334513
 21
147.98418955277933
 31
0.0
 11
746.6081183958311
 21
144.7899862218985
 31
0.0
 11
745.647855508745
 21
137.7759465492299
 31
0.0
 11
743.7487104606561
 21
109.52470694523592
 31
0.0
 11
742.8801366496067
 21
80.53311852473804
 31
0.0
 11
742.8587619382431
 21
46.6079350217846
 31
0.0
 11
743.321808960923
 21
36.82319818353746
 31
0.0
 11
743.86767678645
 21
34.86698202096248
 31
0.0
 11
744.635923
 21
34.30946799999998
 31
0.0
 11
745.992504525386
 21
34.25488279688201
 31
0.0
 11
747.1036339999999
 21
35.035065
 31
0.0
 11
748.3194095887826
 21
37.627511220080294
 31
0.0
 11
749.0845099999997
 21
47.643274999996585
 31
0.0
 11
750.0014842992194
 21
109.99076196191336
 31
0.0
 11
750.598452
 21
123.41779799999993
 31
0.0
 11
751.6490570000001
 21
135.19216399999996
 31
0.0
 11
752.7718949366979
 21
140.34183123969197
 31
0.0
 11
756.093246
 21
149.491136
 31
0.0
 11
759.3265244274432
 21
156.29750028996253
 31
0.0
 11
760.246733
 21
160.42143500000003
 31
0.0
 11
761.823552
 21
162.182934
 31
0.0
 11
764.4130071317129
 21
167.98356850645368
 31
0.0
 11
765.149320162956
 21
168.71570879990605
 31
0.0
 11
766.1505926553281
 21
168.26919252324006
 31
0.0
 11
771.3233139999999
 21
153.387705
 31
0.0
 11
771.174318652247
 21
150.1507704442592
 31
0.0
 11
772.3943996367642
 21
147.58369648992695
 31
0.0
 11
773.221444
 21
143.6187389999999
 31
0.0
 11
775.3840900529171
 21
125.93968143809303
 31
0.0
 11
776.8654430673593
 21
104.34764855862538
 31
0.0
 11
778.3275133598468
 21
50.527611655591976
 31
0.0
 11
779.2538768137853
 21
35.908810502791624
 31
0.0
 11
779.903636
 21
34.61611200000004
 31
0.0
 11
781.1293672873729
 21
33.62895099771474
 31
0.0
 11
782.7428497740369
 21
33.1362883132215
 31
0.0
 11
784.5773819793105
 21
33.15007644195557
 31
0.0
 11
787.9002487979251
 21
34.32540193918499
 31
0.0
 11
792.18016
 21
37.264474
 31
0.0
 11
791.441840164335
 21
78.9363369117008
 31
0.0
 11
790.4647539999999
 21
103.628783
 31
0.0
 11
787.5089253563871
 21
123.79258724653224
 31
0.0
 11
784.8392701263355
 21
135.87108265149755
 31
0.0
 11
780.812244
 21
149.645661
 31
0.0
 11
773.12680580392
 21
167.389069803832
 31
0.0
 11
770.9066423872107
 21
170.39808265141295
 31
0.0
 11
767.745984
 21
173.12699299999997
 31
0.0
 11
767.0096421407607
 21
174.76814422220573
 31
0.0
 11
771.161208
 21
185.6782359999999
 31
0.0
 11
782.6477788577404
 21
211.47070100274277
 31
0.0
 11
813.9552060000133
 21
271.94062499990105
 31
0.0
  0
SPLINE
  5
BC
330
17
100
AcDbEntity
  8
0
100
AcDbSpline
 70
0
 71
3
 72
0
 73
0
 74
16
 11
1375.022223
 21
307.7083569999999
 31
0.0
 11
1375.317898007877
 21
307.93110521853544
 31
0.0
 11
1375.8615556699606
 21
309.19902073040004
 31
0.0
 11
1374.9313302198047
 21
310.29302113024175
 31
0.0
 11
1372.020989982489
 21
311.4835252991911
 31
0.0
 11
1369.0992680383608
 21
311.9709072858039
 31
0.0
 11
1364.0154267082926
 21
311.67796200280503
 31
0.0
 11
1360.475091
 21
310.964056
 31
0.0
 11
1354.7918433599434
 21
308.5046939072663
 31
0.0
 11
1354.2170825477035
 21
307.54539207791396
 31
0.0
 11
1354.2795393567085
 21
306.4288307772706
 31
0.0
 11
1355.174417546016
 21
305.3771979682239
 31
0.0
 11
1356.150863
 21
305.092706
 31
0.0
 11
1368.566752
 21
305.430462
 31
0.0
 11
1371.5703379409417
 21
306.0873230546884
 31
0.0
 11
1375.022223
 21
307.7083569999999
 31
0.0
  0
SPLINE
  5
BD
330
17
100
AcDbEntity
  8
0
100
AcDbSpline
 70
0
 71
3
 72
0
 73
0
 74
13
 11
1426.440932
 21
304.0737430000001
 31
0.0
 11
1428.3568122692768
 21
303.07094145500093
 31
0.0
 11
1430.2415078002168
 21
303.3240610896925
 31
0.0
 11
1431.373477967339
 21
304.9253057058348
 31
0.0
 11
1431.731615
 21
307.247055
 31
0.0
 11
1431.202569775517
 21
310.0328352460634
 31
0.0
 11
1429.927599610608
 21
312.362811488288
 31
0.0
 11
1427.3982279210156
 21
314.35456131967095
 31
0.0
 11
1425.76129520189
 21
314.9044489996774
 31
0.0
 11
1423.948216341436
 21
313.0749624250513
 31
0.0
 11
1423.473627
 21
310.798249
 31
0.0
 11
1424.335971
 21
307.101489
 31
0.0
 11
1426.440932
 21
304.0737430000001
 31
0.0
  0
SPLINE
  5
BE
330
17
100
AcDbEntity
  8
0
100
AcDbSpline
 70
0
 71
3
 72
0
 73
0
 74
17
 11
1281.077045
 21
324.126817
 31
0.0
 11
1280.8732439034604
 21
326.197390557255
 31
0.0
 11
1279.137952
 21
327.27152399999994
 31
0.0
 11
1273.805913
 21
327.886978
 31
0.0
 11
1266.635084970959
 21
327.82540455098746
 31
0.0
 11
1261.7909863215432
 21
327.3090809745365
 31
0.0
 11
1256.5654864574667
 21
325.946726786119
 31
0.0
 11
1253.1945786197755
 21
324.13873914618836
 31
0.0
 11
1252.5
 21
322.415371
 31
0.0
 11
1253.208966
 21
320.932113
 31
0.0
 11
1256.0427182035169
 21
319.71140564217166
 31
0.0
 11
1261.640697437814
 21
319.1784040403475
 31
0.0
 11
1268.5253286507775
 21
319.2068343592825
 31
0.0
 11
1274.046089794632
 21
319.9415007664534
 31
0.0
 11
1277.130988644317
 21
320.89654368539516
 31
0.0
 11
1279.3974030909162
 21
322.0148562389216
 31
0.0
 11
1281.077045
 21
324.126817
 31
0.0
  0
LWPOLYLINE
  5
BF
330
17
100
AcDbEntity
  8
0
100
AcDbPolyline
 90
2
 70
1
 10
1600.237201999999
 20
318.4416530000001
 10
1600.2372019999987
 20
318.4416530000001
  0
SPLINE
  5
C0
330
17
100
AcDbEntity
  8
0
100
AcDbSpline
 70
0
 71
3
 72
0
 73
0
 74
36
 11
1382.031250000002
 21
325.9894260000019
 31
0.0
 11
1401.492431692346
 21
327.229081803256
 31
0.0
 11
1406.849607
 21
327.368723
 31
0.0
 11
1408.048593734754
 21
327.08113217453615
 31
0.0
 11
1408.8865843258827
 21
325.5736524140525
 31
0.0
 11
1408.716097117951
 21
323.58849454540547
 31
0.0
 11
1405.568942
 21
315.927811
 31
0.0
 11
1405.096611
 21
313.717942
 31
0.0
 11
1405.2872613908676
 21
312.60327779861825
 31
0.0
 11
1405.936086610717
 21
311.70706695117804
 31
0.0
 11
1407.8424324246541
 21
311.1501385184019
 31
0.0
 11
1410.440302
 21
312.0136490000001
 31
0.0
 11
1412.6962745666817
 21
313.68022744674084
 31
0.0
 11
1415.817096793696
 21
319.743590631006
 31
0.0
 11
1420.027239468301
 21
325.17282821621666
 31
0.0
 11
1422.6666749638725
 21
327.152394305136
 31
0.0
 11
1425.926139
 21
328.372063
 31
0.0
 11
1431.339005867999
 21
329.3018763303055
 31
0.0
 11
1476.3724776272127
 21
333.3668674428889
 31
0.0
 11
1485.326272
 21
333.658589
 31
0.0
 11
1490.142451
 21
333.261132
 31
0.0
 11
1490.7133203655874
 21
333.54068245762744
 31
0.0
 11
1490.896336
 21
334.149407
 31
0.0
 11
1490.3775315730256
 21
335.58274211265064
 31
0.0
 11
1489.2273027606711
 21
336.9202039813058
 31
0.0
 11
1483.329893
 21
342.5018170000001
 31
0.0
 11
1480.714452
 21
343.654297
 31
0.0
 11
1477.178334
 21
343.813762
 31
0.0
 11
1427.500000000001
 21
339.0113069999998
 31
0.0
 11
1348.504997
 21
329.4344060000001
 31
0.0
 11
1334.2056919377878
 21
326.09480051951516
 31
0.0
 11
1333.4853229587661
 21
325.1237346457584
 31
0.0
 11
1333.830974594355
 21
324.15428911538606
 31
0.0
 11
1336.9610101960268
 21
323.3379087706005
 31
0.0
 11
1342.999999999999
 21
323.4382409999998
 31
0.0
 11
1382.031250000002
 21
325.9894260000019
 31
0.0
  0
SPLINE
  5
C1
330
17
100
AcDbEntity
  8
0
100
AcDbSpline
 70
0
 71
3
 72
0
 73
0
 74
15
 11
1273.469883
 21
346.8578500000002
 31
0.0
 11
1272.4271185349019
 21
346.44021465110404
 31
0.0
 11
1271.719547
 21
345.567793
 31
0.0
 11
1271.7058488592625
 21
343.9759560746711
 31
0.0
 11
1273.5035416125775
 21
342.12209244820133
 31
0.0
 11
1275.9240983417958
 21
340.778290851378
 31
0.0
 11
1283.253937126503
 21
338.11153186470654
 31
0.0
 11
1286.4014156388794
 21
338.1608145905455
 31
0.0
 11
1287.983824
 21
338.637167
 31
0.0
 11
1288.7234532065925
 21
339.32288672807243
 31
0.0
 11
1288.831919
 21
340.325632
 31
0.0
 11
1287.7572775831686
 21
342.1799785897641
 31
0.0
 11
1284.0801458560813
 21
344.41078418522096
 31
0.0
 11
1277.764497
 21
346.633172
 31
0.0
 11
1273.469883
 21
346.8578500000002
 31
0.0
  0
SPLINE
  5
C2
330
17
100
AcDbEntity
  8
0
100
AcDbSpline
 70
0
 71
3
 72
0
 73
0
 74
12
 11
1366.654988
 21
346.9999999999999
 31
0.0
 11
1368.201686
 21
347.367302
 31
0.0
 11
1368.92882
 21
348.346553
 31
0.0
 11
1368.8343527654304
 21
349.44886580220145
 31
0.0
 11
1367.7817482769722
 21
351.05085411344527
 31
0.0
 11
1365.048549627028
 21
352.78701595726795
 31
0.0
 11
1363.310518070888
 21
352.933236186392
 31
0.0
 11
1361.9113455399681
 21
352.44075445193596
 31
0.0
 11
1361.2864658597932
 21
350.9056952030355
 31
0.0
 11
1362.3144798622573
 21
349.252358260249
 31
0.0
 11
1364.661283
 21
347.4756429999998
 31
0.0
 11
1366.654988
 21
346.9999999999999
 31
0.0
  0
LWPOLYLINE
  5
C3
330
17
100
AcDbEntity
  8
0
100
AcDbPolyline
 90
2
 70
1
 10
1317.867188
 20
343.285508
 10
1317.867188
 20
343.28550800000005
  0
SPLINE
  5
C4
330
17
100
AcDbEntity
  8
0
100
AcDbSpline
 70
0
 71
3
 72
0
 73
0
 74
19
 11
1431.531329
 21
364.8962280000001
 31
0.0
 11
1429.7485141069478
 21
364.5309605074111
 31
0.0
 11
1428.7041379090679
 21
363.6669643669045
 31
0.0
 11
1428.56070162522
 21
362.08784300342995
 31
0.0
 11
1429.2881544267507
 21
360.7246667853195
 31
0.0
 11
1434.010039
 21
356.588256
 31
0.0
 11
1439.8047725524136
 21
353.19153392564306
 31
0.0
 11
1446.00587905352
 21
350.9893872875574
 31
0.0
 11
1451.893459311059
 21
350.1588843602704
 31
0.0
 11
1456.650583
 21
350.8362839999999
 31
0.0
 11
1457.6056103331052
 21
351.29822887179375
 31
0.0
 11
1458.8288809620328
 21
352.93730176776296
 31
0.0
 11
1458.8141976462448
 21
354.99464636025294
 31
0.0
 11
1457.104284493847
 21
357.078875744001
 31
0.0
 11
1453.244498731153
 21
359.9342867075511
 31
0.0
 11
1449.2920538295432
 21
361.91891724462874
 31
0.0
 11
1446.0160586279974
 21
363.08594985795304
 31
0.0
 11
1442.1850848670847
 21
363.880995223957
 31
0.0
 11
1431.531329
 21
364.8962280000001
 31
0.0
  0
SPLINE
  5
C5
330
17
100
AcDbEntity
  8
0
100
AcDbSpline
 70
0
 71
3
 72
0
 73
0
 74
21
 11
1399.335171
 21
346.7679670000002
 31
0.0
 11
1400.6186403994807
 21
346.86956601852546
 31
0.0
 11
1402.879351383112
 21
347.97498646341717
 31
0.0
 11
1403.747697
 21
348.92556099999996
 31
0.0
 11
1404.45674388171
 21
351.15906480719497
 31
0.0
 11
1403.752263
 21
353.394013
 31
0.0
 11
1399.8245106978259
 21
357.8931216638283
 31
0.0
 11
1396.5129341789036
 21
360.1225720634999
 31
0.0
 11
1392.7821975553234
 21
361.89823583858356
 31
0.0
 11
1385.717509
 21
363.930256
 31
0.0
 11
1379.2244915673086
 21
365.21474574676427
 31
0.0
 11
1378.1168115390988
 21
365.0291370927154
 31
0.0
 11
1376.882910228225
 21
364.19297248239997
 31
0.0
 11
1376.439816
 21
363.3682970000001
 31
0.0
 11
1376.4129811189075
 21
361.9788996812887
 31
0.0
 11
1377.8820917335984
 21
359.4741098984227
 31
0.0
 11
1382.701955
 21
354.3937
 31
0.0
 11
1386.3701448542774
 21
351.3380840795775
 31
0.0
 11
1390.505494
 21
348.952441
 31
0.0
 11
1394.813458201787
 21
347.4282164676136
 31
0.0
 11
1399.335171
 21
346.7679670000002
 31
0.0
  0
SPLINE
  5
C6
330
17
100
AcDbEntity
  8
0
100
AcDbSpline
 70
0
 71
3
 72
0
 73
0
 74
17
 11
1481.670175
 21
355.0432670000001
 31
0.0
 11
1484.687424013753
 21
354.07155201166114
 31
0.0
 11
1486.6027580178006
 21
354.0790417703552
 31
0.0
 11
1487.550361
 21
354.56287700000007
 31
0.0
 11
1487.9750152277575
 21
356.09198176913
 31
0.0
 11
1487.8485459643746
 21
358.0540202993685
 31
0.0
 11
1486.1179082023266
 21
361.183046920212
 31
0.0
 11
1482.8372
 21
364.245555
 31
0.0
 11
1478.491762220515
 21
366.77262644514883
 31
0.0
 11
1474.6736955367523
 21
368.00154108593995
 31
0.0
 11
1472.0344305310794
 21
367.5585364044196
 31
0.0
 11
1471.3855482650665
 21
366.9278236415834
 31
0.0
 11
1471.0
 21
365.687091
 31
0.0
 11
1471.31839775927
 21
363.9698820562576
 31
0.0
 11
1472.231259
 21
362.4809670000001
 31
0.0
 11
1476.562697
 21
358.41592599999996
 31
0.0
 11
1481.670175
 21
355.0432670000001
 31
0.0
  0
SPLINE
  5
C7
330
17
100
AcDbEntity
  8
0
100
AcDbSpline
 70
0
 71
3
 72
0
 73
0
 74
17
 11
1243.225022
 21
357.3093180000002
 31
0.0
 11
1244.2356945305996
 21
357.5284950435127
 31
0.0
 11
1245.6079229770564
 21
358.92980314902354
 31
0.0
 11
1245.805861
 21
359.944849
 31
0.0
 11
1245.2627850515141
 21
362.497334151986
 31
0.0
 11
1243.75
 21
364.62373800000006
 31
0.0
 11
1238.3689553470215
 21
368.8627349369868
 31
0.0
 11
1233.626534185465
 21
371.0188179362144
 31
0.0
 11
1226.955006
 21
372.597584
 31
0.0
 11
1220.003828
 21
372.931133
 31
0.0
 11
1218.4030073334213
 21
372.0092308148738
 31
0.0
 11
1218.231999911806
 21
369.908902756389
 31
0.0
 11
1219.5660487930904
 21
367.942901324635
 31
0.0
 11
1226.6728096241973
 21
362.7897915945545
 31
0.0
 11
1231.7313001994048
 21
360.11253287849456
 31
0.0
 11
1236.5031538302521
 21
358.22047079666214
 31
0.0
 11
1243.225022
 21
357.3093180000002
 31
0.0
  0
SPLINE
  5
C8
330
17
100
AcDbEntity
  8
0
100
AcDbSpline
 70
0
 71
3
 72
0
 73
0
 74
18
 11
1465.963645
 21
385.543805
 31
0.0
 11
1465.4607098292374
 21
386.0383857148454
 31
0.0
 11
1464.2251812289605
 21
386.6750029415294
 31
0.0
 11
1461.184344443014
 21
386.858078385526
 31
0.0
 11
1457.5404021660788
 21
386.510413208163
 31
0.0
 11
1453.70626
 21
385.591921
 31
0.0
 11
1450.5174395603883
 21
384.2110206893785
 31
0.0
 11
1448.370334771318
 21
382.7174855809299
 31
0.0
 11
1447.17407313575
 21
381.2998281683825
 31
0.0
 11
1447.477719
 21
380.199507
 31
0.0
 11
1449.0704360043628
 21
379.3387560512369
 31
0.0
 11
1453.3767340108284
 21
379.0145492915926
 31
0.0
 11
1457.285200385384
 21
379.17504857338065
 31
0.0
 11
1460.931503788035
 21
379.95646026331667
 31
0.0
 11
1464.925911
 21
381.52811700000007
 31
0.0
 11
1466.1553007096863
 21
382.5113694402396
 31
0.0
 11
1466.650961573993
 21
383.83474687552103
 31
0.0
 11
1465.963645
 21
385.543805
 31
0.0
  0
SPLINE
  5
C9
330
17
100
AcDbEntity
  8
0
100
AcDbSpline
 70
0
 71
3
 72
0
 73
0
 74
17
 11
1319.941144
 21
373.5709169999999
 31
0.0
 11
1321.882182
 21
372.497487
 31
0.0
 11
1326.1645755852383
 21
372.63850647067085
 31
0.0
 11
1330.1419461445912
 21
373.80543509776425
 31
0.0
 11
1333.9883239791507
 21
375.74010650281036
 31
0.0
 11
1336.300071
 21
377.63724699999995
 31
0.0
 11
1338.933095
 21
381.037192
 31
0.0
 11
1340.408841
 21
384.39070999999996
 31
0.0
 11
1340.2748892060595
 21
386.05828856522197
 31
0.0
 11
1338.858071747291
 21
387.387762246994
 31
0.0
 11
1336.536501599445
 21
387.5981490299268
 31
0.0
 11
1333.764394
 21
386.876833
 31
0.0
 11
1330.1290863487172
 21
384.980862804628
 31
0.0
 11
1324.7935850582408
 21
380.8893971172365
 31
0.0
 11
1320.3471578768717
 21
376.7693720002163
 31
0.0
 11
1319.407564494919
 21
375.20905481740397
 31
0.0
 11
1319.941144
 21
373.5709169999999
 31
0.0
  0
SPLINE
  5
CA
330
17
100
AcDbEntity
  8
0
100
AcDbSpline
 70
0
 71
3
 72
0
 73
0
 74
50
 11
1822.167136
 21
288.710756
 31
0.0
 11
1823.593559
 21
289.2602249999998
 31
0.0
 11
1823.662831
 21
290.414585
 31
0.0
 11
1815.5294845645383
 21
300.2087368468567
 31
0.0
 11
1806.1462114327787
 21
309.49831382009756
 31
0.0
 11
1796.626907
 21
317.023666
 31
0.0
 11
1785.6016858089602
 21
324.1576666844497
 31
0.0
 11
1773.4443202389843
 21
330.6648707850989
 31
0.0
 11
1764.876881
 21
334.56321
 31
0.0
 11
1750.8359429964667
 21
339.9944422763199
 31
0.0
 11
1737.984763
 21
344.00340200000016
 31
0.0
 11
1720.201732148348
 21
348.17391503593797
 31
0.0
 11
1674.8104650000002
 21
356.3897609999999
 31
0.0
 11
1616.7129077927264
 21
367.59939442571346
 31
0.0
 11
1596.9951431264215
 21
371.53686708234767
 31
0.0
 11
1549.62488223993
 21
382.0878456040799
 31
0.0
 11
1535.899481757604
 21
385.3849776906874
 31
0.0
 11
1527.9509096961879
 21
386.8862330346346
 31
0.0
 11
1521.433700695416
 21
388.8771471302081
 31
0.0
 11
1519.9644325736424
 21
388.89341144078304
 31
0.0
 11
1519.11577679529
 21
388.4045676134575
 31
0.0
 11
1519.52479214034
 21
385.6220109217691
 31
0.0
 11
1525.423442
 21
376.8571650000001
 31
0.0
 11
1532.0313887240613
 21
368.1575105466222
 31
0.0
 11
1539.938948
 21
361.33936399999993
 31
0.0
 11
1546.192946
 21
355.17289200000005
 31
0.0
 11
1552.656444
 21
348.162145
 31
0.0
 11
1562.507161118094
 21
336.487309273966
 31
0.0
 11
1566.36198
 21
333.09634200000005
 31
0.0
 11
1572.2522333866343
 21
329.52216603831016
 31
0.0
 11
1576.574729971523
 21
325.8255749170291
 31
0.0
 11
1579.0358049853696
 21
324.50978495109854
 31
0.0
 11
1585.569564999998
 21
323.27738300000055
 31
0.0
 11
1619.352116
 21
319.302531
 31
0.0
 11
1622.398161730309
 21
320.3712370958545
 31
0.0
 11
1628.1890723677548
 21
324.4171234447581
 31
0.0
 11
1633.193518
 21
327.096535
 31
0.0
 11
1637.712400488683
 21
328.74923207531276
 31
0.0
 11
1640.4394835754722
 21
328.9704065869102
 31
0.0
 11
1642.070705
 21
328.548586
 31
0.0
 11
1652.0575678571174
 21
323.9622568956412
 31
0.0
 11
1662.002852472108
 21
317.860059211744
 31
0.0
 11
1676.8659289180393
 21
310.90723596682824
 31
0.0
 11
1693.8028399999998
 21
304.98025799999994
 31
0.0
 11
1709.372697
 21
300.909782
 31
0.0
 11
1730.0740717260576
 21
297.35003282428005
 31
0.0
 11
1759.563609
 21
294.195915
 31
0.0
 11
1765.5948285072895
 21
293.0162430929461
 31
0.0
 11
1770.503101999999
 21
291.390292
 31
0.0
 11
1822.167136
 21
288.710756
 31
0.0
  0
SPLINE
  5
CB
330
17
100
AcDbEntity
  8
0
100
AcDbSpline
 70
0
 71
3
 72
0
 73
0
 74
15
 11
1612.581773
 21
375.9999999999999
 31
0.0
 11
1614.6621285466574
 21
376.6167392504814
 31
0.0
 11
1615.8987277683075
 21
378.19109169072607
 31
0.0
 11
1615.5755702762353
 21
380.4488479850028
 31
0.0
 11
1613.923047
 21
382.979653
 31
0.0
 11
1609.748445
 21
386.48346900000007
 31
0.0
 11
1604.913201
 21
389.2027200000001
 31
0.0
 11
1602.1478093209455
 21
389.9273587984254
 31
0.0
 11
1600.193937836504
 21
389.57600101044295
 31
0.0
 11
1599.621276
 21
388.681542
 31
0.0
 11
1599.6776520160186
 21
386.73214975751915
 31
0.0
 11
1601.4393571520823
 21
383.9569664840108
 31
0.0
 11
1609.155619079154
 21
377.459060564441
 31
0.0
 11
1610.7709036479448
 21
376.40942998435605
 31
0.0
 11
1612.581773
 21
375.9999999999999
 31
0.0
  0
SPLINE
  5
CC
330
17
100
AcDbEntity
  8
0
100
AcDbSpline
 70
0
 71
3
 72
0
 73
0
 74
19
 11
1411.015679
 21
378.9903100000002
 31
0.0
 11
1412.612044030145
 21
378.45118570242016
 31
0.0
 11
1414.282755
 21
378.669729
 31
0.0
 11
1421.51765
 21
381.78862
 31
0.0
 11
1428.46423
 21
385.6960670000001
 31
0.0
 11
1430.2173191208628
 21
387.17239559187806
 31
0.0
 11
1431.527394
 21
389.052973
 31
0.0
 11
1432.3248025881576
 21
391.12512328200484
 31
0.0
 11
1432.0160274606949
 21
392.526374397375
 31
0.0
 11
1431.100735641056
 21
393.37365417900406
 31
0.0
 11
1429.5683754249258
 21
393.9504201412129
 31
0.0
 11
1426.027186649354
 21
393.664320169024
 31
0.0
 11
1420.471000617617
 21
392.08398642650496
 31
0.0
 11
1416.5312573889237
 21
390.1568480309029
 31
0.0
 11
1413.405376
 21
387.6781030000001
 31
0.0
 11
1411.255941734545
 21
384.7098709041509
 31
0.0
 11
1410.212625134652
 21
380.9199588190522
 31
0.0
 11
1410.2922768538565
 21
379.92779691031967
 31
0.0
 11
1411.015679
 21
378.9903100000002
 31
0.0
  0
LWPOLYLINE
  5
CD
330
17
100
AcDbEntity
  8
0
100
AcDbPolyline
 90
2
 70
1
 10
1394.944468
 20
392.5669120000001
 10
1394.944468
 20
392.56691200000006
  0
SPLINE
  5
CE
330
17
100
AcDbEntity
  8
0
100
AcDbSpline
 70
0
 71
3
 72
0
 73
0
 74
21
 11
1644.517579
 21
368.9999999999999
 31
0.0
 11
1646.1429667450845
 21
369.4080406001229
 31
0.0
 11
1647.7764340340345
 21
370.736768516712
 31
0.0
 11
1650.435969
 21
374.75142
 31
0.0
 11
1650.9496101815669
 21
376.79481963034806
 31
0.0
 11
1650.927290527908
 21
378.64716431584105
 31
0.0
 11
1649.7433191278333
 21
383.2120458216078
 31
0.0
 11
1646.244623221136
 21
389.05455227390405
 31
0.0
 11
1640.6500308908992
 21
394.69735607484006
 31
0.0
 11
1635.3600809471745
 21
398.28538961383754
 31
0.0
 11
1633.098415096357
 21
398.952045295985
 31
0.0
 11
1631.3177449841105
 21
398.7838258138711
 31
0.0
 11
1630.2889226293662
 21
397.87233599666564
 31
0.0
 11
1629.840596750297
 21
396.78614882478786
 31
0.0
 11
1629.845876131039
 21
393.330962839678
 31
0.0
 11
1630.790798
 21
384.59296
 31
0.0
 11
1632.096344
 21
380.518423
 31
0.0
 11
1634.559268
 21
376.47269
 31
0.0
 11
1638.018646
 21
372.674032
 31
0.0
 11
1641.652158
 21
369.84689400000013
 31
0.0
 11
1644.517579
 21
368.9999999999999
 31
0.0
  0
SPLINE
  5
CF
330
17
100
AcDbEntity
  8
0
100
AcDbSpline
 70
0
 71
3
 72
0
 73
0
 74
22
 11
1293.733632
 21
381.6945519999999
 31
0.0
 11
1294.9966035421498
 21
382.48700903019653
 31
0.0
 11
1299.6853454062602
 21
386.5701567550402
 31
0.0
 11
1304.85717270306
 21
393.173777960905
 31
0.0
 11
1306.682489164774
 21
396.47387185726024
 31
0.0
 11
1306.5039634698194
 21
397.7432095020873
 31
0.0
 11
1305.419525332162
 21
398.859168250236
 31
0.0
 11
1303.7815458857854
 21
399.56469764986787
 31
0.0
 11
1301.3343855453074
 21
399.68689637163226
 31
0.0
 11
1293.0085767808
 21
398.67292253458
 31
0.0
 11
1285.6937815993904
 21
396.461630107797
 31
0.0
 11
1278.4279020160623
 21
392.98122304275506
 31
0.0
 11
1270.938256
 21
387.80754600000006
 31
0.0
 11
1264.3202478977032
 21
382.54303285653145
 31
0.0
 11
1261.671587
 21
378.97616100000005
 31
0.0
 11
1261.877857
 21
377.702203
 31
0.0
 11
1263.6955557759084
 21
376.6798701267332
 31
0.0
 11
1266.14163
 21
376.1377700000001
 31
0.0
 11
1272.304426
 21
376.054275
 31
0.0
 11
1278.849252
 21
376.532654
 31
0.0
 11
1285.8646874841438
 21
378.1910594964018
 31
0.0
 11
1293.733632
 21
381.6945519999999
 31
0.0
  0
SPLINE
  5
D0
330
17
100
AcDbEntity
  8
0
100
AcDbSpline
 70
0
 71
3
 72
0
 73
0
 74
151
 11
307.419004
 21
67.12300000000003
 31
0.0
 11
308.489816
 21
47.88741600000003
 31
0.0
 11
309.96461085910715
 21
41.09559082671446
 31
0.0
 11
311.05244421503096
 21
38.43241426124295
 31
0.0
 11
311.8845621993373
 21
37.718138604898414
 31
0.0
 11
312.9632213182053
 21
37.45190172586222
 31
0.0
 11
314.7263177788388
 21
38.204933420770274
 31
0.0
 11
315.75664466654325
 21
40.431003557411586
 31
0.0
 11
314.21003299867374
 21
58.01729799352827
 31
0.0
 11
313.57185615583995
 21
76.52915786697238
 31
0.0
 11
313.4108105661774
 21
104.44510937974273
 31
0.0
 11
314.14004070300797
 21
129.28736083862393
 31
0.0
 11
316.67536999999993
 21
155.80768499999976
 31
0.0
 11
319.7503974089613
 21
178.68957092466536
 31
0.0
 11
328.010792555369
 21
218.30772841703802
 31
0.0
 11
329.496084
 21
221.113051
 31
0.0
 11
332.7060157045977
 21
224.76679878464506
 31
0.0
 11
340.64051097735364
 21
232.2918914018426
 31
0.0
 11
343.57321199999996
 21
234.79688799999994
 31
0.0
 11
344.82670470263605
 21
235.3868103685798
 31
0.0
 11
344.9936803698414
 21
236.9086753185723
 31
0.0
 11
344.393401064808
 21
238.8938922127493
 31
0.0
 11
340.99774687447496
 21
243.05423424089514
 31
0.0
 11
340.4026328237064
 21
245.41126285838402
 31
0.0
 11
340.896860060711
 21
247.2058856229235
 31
0.0
 11
344.86010441536
 21
253.49017975171
 31
0.0
 11
349.70067045962605
 21
257.97260764291116
 31
0.0
 11
364.29880499999996
 21
268.13515300000006
 31
0.0
 11
366.59680186273397
 21
270.379327452928
 31
0.0
 11
368.2669489999999
 21
273.122996
 31
0.0
 11
368.0974262751539
 21
274.540120691096
 31
0.0
 11
366.767005
 21
275.056802
 31
0.0
 11
357.3307476028263
 21
272.2877960568123
 31
0.0
 11
355.5424023951401
 21
272.38983278829636
 31
0.0
 11
354.7650550760961
 21
273.41297391616
 31
0.0
 11
354.59651258410395
 21
275.1872371653399
 31
0.0
 11
354.93982594201003
 21
279.11308674835396
 31
0.0
 11
355.6739628223631
 21
281.57632568409815
 31
0.0
 11
357.227414
 21
283.271486
 31
0.0
 11
369.960294284347
 21
291.8408482311545
 31
0.0
 11
371.66998027497766
 21
293.6639214662968
 31
0.0
 11
372.31150240197854
 21
295.9589448858797
 31
0.0
 11
373.68627519026
 21
297.2231595956266
 31
0.0
 11
376.24465060453207
 21
298.4063942533562
 31
0.0
 11
383.99706818712633
 21
300.7162791467344
 31
0.0
 11
386.364134
 21
302.30733
 31
0.0
 11
386.7677490000001
 21
303.809067
 31
0.0
 11
385.524706
 21
306.797458
 31
0.0
 11
388.593146
 21
309.377998
 31
0.0
 11
388.986275
 21
311.029938
 31
0.0
 11
388.37296125964826
 21
312.2043874142464
 31
0.0
 11
387.5372852663633
 21
312.7864479220983
 31
0.0
 11
383.72803395430464
 21
314.19088883644935
 31
0.0
 11
383.6979144936504
 21
315.2432701045517
 31
0.0
 11
384.471262
 21
315.773126
 31
0.0
 11
389.107612
 21
316.352184
 31
0.0
 11
392.00420371087114
 21
317.6075453429186
 31
0.0
 11
399.13018213949397
 21
323.00911614508396
 31
0.0
 11
401.2508409282551
 21
325.3511319563276
 31
0.0
 11
400.2656039999999
 21
327.259005
 31
0.0
 11
398.38754978822243
 21
328.5820591762214
 31
0.0
 11
396.68706
 21
328.783169
 31
0.0
 11
392.1962633515
 21
328.373799904945
 31
0.0
 11
389.75965465916795
 21
328.847671387664
 31
0.0
 11
388.88270344299997
 21
329.80723808485254
 31
0.0
 11
388.9791979850614
 21
331.13912640455584
 31
0.0
 11
389.858528
 21
332.372639
 31
0.0
 11
392.68099
 21
334.111308
 31
0.0
 11
405.42650391783593
 21
338.169968568343
 31
0.0
 11
410.61358597477687
 21
340.61138367973723
 31
0.0
 11
410.9540912828992
 21
341.2013733962968
 31
0.0
 11
410.85017968233
 21
342.29204501417007
 31
0.0
 11
408.7700569999999
 21
344.048106
 31
0.0
 11
405.73300740358263
 21
344.80081956374033
 31
0.0
 11
400.815345
 21
344.8092009999999
 31
0.0
 11
400.1563623435648
 21
345.5555422352017
 31
0.0
 11
401.2141699999999
 21
347.130391
 31
0.0
 11
410.79576212878106
 21
352.4656635728701
 31
0.0
 11
411.5664236369109
 21
353.867641573291
 31
0.0
 11
410.5094526919395
 21
355.9938130274033
 31
0.0
 11
409.1086279999999
 21
358.105143
 31
0.0
 11
409.15954518197213
 21
358.9835401593996
 31
0.0
 11
421.2963219999999
 21
365.988015
 31
0.0
 11
423.2965389999999
 21
367.782473
 31
0.0
 11
423.726476
 21
369.581675
 31
0.0
 11
422.62933530660155
 21
372.3226133371467
 31
0.0
 11
422.565144
 21
373.836636
 31
0.0
 11
423.741704
 21
376.50786
 31
0.0
 11
425.6491272407155
 21
379.1038167296978
 31
0.0
 11
433.031913769062
 21
386.70163910134
 31
0.0
 11
436.5334932724785
 21
392.08254886920656
 31
0.0
 11
446.6317932656464
 21
398.57434039750353
 31
0.0
 11
449.26720112365456
 21
401.59138890541567
 31
0.0
 11
449.715919597965
 21
403.53977296797075
 31
0.0
 11
449.28833470776226
 21
404.26494228707566
 31
0.0
 11
448.2801219999999
 21
404.810956
 31
0.0
 11
444.8097427983321
 21
404.5159505657539
 31
0.0
 11
435.759712
 21
400.243367
 31
0.0
 11
425.6336644217428
 21
396.73796194691704
 31
0.0
 11
422.44824027703766
 21
394.64887694849597
 31
0.0
 11
418.3283961103963
 21
390.75934234912995
 31
0.0
 11
412.76541799999984
 21
386.30394099999995
 31
0.0
 11
408.1463799999999
 21
383.08215499999994
 31
0.0
 11
403.3776029999999
 21
380.400848
 31
0.0
 11
401.2290898182408
 21
377.87017796678845
 31
0.0
 11
398.5134435908233
 21
372.5209530597917
 31
0.0
 11
395.754023
 21
368.148974
 31
0.0
 11
388.8245272816332
 21
359.50053362585675
 31
0.0
 11
387.513937988692
 21
359.0958604520165
 31
0.0
 11
383.498868
 21
360.58391099999994
 31
0.0
 11
381.668079
 21
360.190269
 31
0.0
 11
380.434284
 21
358.794181
 31
0.0
 11
379.64071367052327
 21
354.69537923064956
 31
0.0
 11
377.762169
 21
351.787365
 31
0.0
 11
375.320465
 21
350.041453
 31
0.0
 11
369.78415326106193
 21
348.4710914810961
 31
0.0
 11
368.64009591628934
 21
347.5958358691577
 31
0.0
 11
364.03373255376056
 21
335.29063429367903
 31
0.0
 11
363.07452713807504
 21
334.128188508765
 31
0.0
 11
361.312581366608
 21
333.73679672035604
 31
0.0
 11
360.306554
 21
332.9938160000001
 31
0.0
 11
356.749318
 21
328.543646
 31
0.0
 11
353.542428
 21
323.505891
 31
0.0
 11
352.2570339409561
 21
320.46574443679776
 31
0.0
 11
350.3431048929818
 21
313.7507940456757
 31
0.0
 11
348.20069288329597
 21
309.465042961792
 31
0.0
 11
346.644661503433
 21
307.4625026674679
 31
0.0
 11
342.04840602263926
 21
303.1556808551805
 31
0.0
 11
339.02924483435055
 21
298.3923658051693
 31
0.0
 11
335.793576
 21
294.40321400000005
 31
0.0
 11
332.6634932880608
 21
291.3460233515089
 31
0.0
 11
329.8107570665556
 21
290.47859247754945
 31
0.0
 11
327.91517
 21
287.619722
 31
0.0
 11
326.956654
 21
283.007033
 31
0.0
 11
325.828603
 21
267.18186999999995
 31
0.0
 11
325.238034
 21
263.38723
 31
0.0
 11
324.131405
 21
260.281534
 31
0.0
 11
319.50479364803954
 21
251.55725407361092
 31
0.0
 11
318.26460967686825
 21
247.56660332731383
 31
0.0
 11
318.1919293492187
 21
240.08264058483527
 31
0.0
 11
318.5733962938084
 21
237.9206329501495
 31
0.0
 11
319.70334020586904
 21
236.76631642866002
 31
0.0
 11
320.1133200000001
 21
235.672662
 31
0.0
 11
321.7944739163994
 21
218.32804113196207
 31
0.0
 11
319.733111437075
 21
212.70894990664252
 31
0.0
 11
313.88337000000007
 21
183.3452759999999
 31
0.0
 11
310.48755600000004
 21
161.2688660000001
 31
0.0
 11
309.728022
 21
150.8854629999999
 31
0.0
 11
308.6227481347828
 21
145.96193171478424
 31
0.0
 11
307.644102852652
 21
111.91324260908613
 31
0.0
 11
307.419004
 21
67.12300000000003
 31
0.0
  0
SPLINE
  5
D1
330
17
100
AcDbEntity
  8
0
100
AcDbSpline
 70
0
 71
3
 72
0
 73
0
 74
21
 11
1258.55887
 21
406.558569
 31
0.0
 11
1256.179487
 21
407.5229540000001
 31
0.0
 11
1250.3957436814244
 21
407.86019812074187
 31
0.0
 11
1244.7776130088494
 21
407.51226685971574
 31
0.0
 11
1238.210670968748
 21
406.46064420849194
 31
0.0
 11
1234.1742621231251
 21
405.050915206482
 31
0.0
 11
1229.4247082408983
 21
402.447465383783
 31
0.0
 11
1225.724772
 21
399.27309
 31
0.0
 11
1224.6610868034131
 21
397.94422610174837
 31
0.0
 11
1224.5365543584371
 21
397.08605246316506
 31
0.0
 11
1225.625260081586
 21
395.9052319793521
 31
0.0
 11
1227.006058
 21
395.327571
 31
0.0
 11
1230.889746
 21
395.526788
 31
0.0
 11
1237.4150007947276
 21
394.4457350925055
 31
0.0
 11
1242.459129304349
 21
394.76318241570294
 31
0.0
 11
1246.45125134004
 21
395.623297602025
 31
0.0
 11
1252.6465220497432
 21
398.1093414176791
 31
0.0
 11
1258.0867979565567
 21
401.76331776185225
 31
0.0
 11
1259.6828725062999
 21
404.1528076140375
 31
0.0
 11
1259.4534700918118
 21
405.46799423302593
 31
0.0
 11
1258.55887
 21
406.558569
 31
0.0
  0
LWPOLYLINE
  5
D2
330
17
100
AcDbEntity
  8
0
100
AcDbPolyline
 90
2
 70
1
 10
1305.612454
 20
405.187872
 10
1305.612454
 20
405.1878720000001
  0
SPLINE
  5
D3
330
17
100
AcDbEntity
  8
0
100
AcDbSpline
 70
0
 71
3
 72
0
 73
0
 74
27
 11
1460.206249999974
 21
394.8715670000529
 31
0.0
 11
1442.301468
 21
399.023876
 31
0.0
 11
1434.383153
 21
401.2764660000001
 31
0.0
 11
1421.74865910668
 21
402.89199150789295
 31
0.0
 11
1416.126152956735
 21
404.145586842928
 31
0.0
 11
1412.4752868344094
 21
405.7539149700041
 31
0.0
 11
1408.953917
 21
408.024184
 31
0.0
 11
1402.394355779983
 21
413.4884409370883
 31
0.0
 11
1399.5316304206624
 21
416.61509270609145
 31
0.0
 11
1399.5695143200498
 21
417.4949036592199
 31
0.0
 11
1400.184288957768
 21
418.13401844886437
 31
0.0
 11
1403.241319
 21
418.7076859999999
 31
0.0
 11
1419.532999
 21
416.340251
 31
0.0
 11
1425.71465831645
 21
414.60589079879986
 31
0.0
 11
1438.309825
 21
409.51192199999997
 31
0.0
 11
1446.9088283437009
 21
406.79480321067996
 31
0.0
 11
1495.0459548077492
 21
395.1920815156741
 31
0.0
 11
1509.2705393379
 21
391.39694034625
 31
0.0
 11
1512.0998122015476
 21
389.86762355554805
 31
0.0
 11
1514.347591438255
 21
387.2507063070321
 31
0.0
 11
1521.396071
 21
376.942996
 31
0.0
 11
1521.3145039986432
 21
376.1853285351641
 31
0.0
 11
1520.698357799102
 21
376.00850302032285
 31
0.0
 11
1508.503551
 21
381.546571
 31
0.0
 11
1491.526044
 21
387.456571
 31
0.0
 11
1483.089055502014
 21
388.9620229439674
 31
0.0
 11
1460.2062499999302
 21
394.8715669999365
 31
0.0
  0
SPLINE
  5
D4
330
17
100
AcDbEntity
  8
0
100
AcDbSpline
 70
0
 71
3
 72
0
 73
0
 74
12
 11
1599.616429
 21
421.8774939999999
 31
0.0
 11
1597.022532312862
 21
420.27414079245494
 31
0.0
 11
1595.2265173613516
 21
417.26240282340154
 31
0.0
 11
1595.3347339061024
 21
416.45712886460194
 31
0.0
 11
1596.26815
 21
415.303279
 31
0.0
 11
1598.275907476233
 21
414.26786647031645
 31
0.0
 11
1599.437467
 21
414.3376299999999
 31
0.0
 11
1600.739443
 21
415.34548
 31
0.0
 11
1602.683264
 21
419.6818519999998
 31
0.0
 11
1602.6092115560966
 21
420.7557551205357
 31
0.0
 11
1601.956717372896
 21
421.61052365961586
 31
0.0
 11
1599.616429
 21
421.8774939999999
 31
0.0
  0
SPLINE
  5
D5
330
17
100
AcDbEntity
  8
0
100
AcDbSpline
 70
0
 71
3
 72
0
 73
0
 74
15
 11
1533.418213
 21
422.3930109999999
 31
0.0
 11
1530.1517514803766
 21
423.0245638351036
 31
0.0
 11
1527.5758733184668
 21
422.78916099347686
 31
0.0
 11
1520.400211772302
 21
420.692394671285
 31
0.0
 11
1515.457672522624
 21
417.84672920211193
 31
0.0
 11
1512.507066
 21
414.815096
 31
0.0
 11
1512.2705703645793
 21
413.6566612300632
 31
0.0
 11
1514.07051452054
 21
412.47138962015845
 31
0.0
 11
1516.2882657884002
 21
412.3161990306401
 31
0.0
 11
1521.8225088078495
 21
412.75953864336344
 31
0.0
 11
1526.3593452300695
 21
413.861098555742
 31
0.0
 11
1530.4734156808809
 21
416.2898250840459
 31
0.0
 11
1534.7389596586963
 21
419.93723552807916
 31
0.0
 11
1534.884689
 21
421.21386200000006
 31
0.0
 11
1533.418213
 21
422.3930109999999
 31
0.0
  0
SPLINE
  5
D6
330
17
100
AcDbEntity
  8
0
100
AcDbSpline
 70
0
 71
3
 72
0
 73
0
 74
15
 11
1569.221325
 21
424.522158
 31
0.0
 11
1567.6459316582982
 21
424.947879489983
 31
0.0
 11
1564.9162984216143
 21
424.2113306732009
 31
0.0
 11
1560.066442058729
 21
420.47875485013213
 31
0.0
 11
1557.2400679516554
 21
416.6132297259673
 31
0.0
 11
1557.012298
 21
413.9574549999999
 31
0.0
 11
1557.6892387356802
 21
412.8438401074719
 31
0.0
 11
1558.918539
 21
412.4111649999999
 31
0.0
 11
1561.7710903399736
 21
412.93987125640297
 31
0.0
 11
1564.3555413032814
 21
414.330445999369
 31
0.0
 11
1567.37813022928
 21
416.749928503616
 31
0.0
 11
1569.1555326528
 21
418.79101173591556
 31
0.0
 11
1570.5667373952901
 21
421.3366681392268
 31
0.0
 11
1570.529788
 21
422.9061480000001
 31
0.0
 11
1569.221325
 21
424.522158
 31
0.0
  0
SPLINE
  5
D7
330
17
100
AcDbEntity
  8
0
100
AcDbSpline
 70
0
 71
3
 72
0
 73
0
 74
14
 11
1305.163246
 21
417.8957460000001
 31
0.0
 11
1307.4291787923498
 21
418.0438118240404
 31
0.0
 11
1308.70560305413
 21
419.68285646834994
 31
0.0
 11
1308.43424
 21
421.00510700000007
 31
0.0
 11
1306.2662801435638
 21
423.7577818764639
 31
0.0
 11
1302.582266
 21
426.77936699999987
 31
0.0
 11
1300.544762
 21
427.940654
 31
0.0
 11
1298.2344639892585
 21
428.3881843567448
 31
0.0
 11
1295.93818043734
 21
427.85007945925594
 31
0.0
 11
1295.371754
 21
427.15626599999996
 31
0.0
 11
1295.216380056311
 21
425.8461238692054
 31
0.0
 11
1296.6434099908786
 21
423.5343270740875
 31
0.0
 11
1300.65437
 21
420.2132849999999
 31
0.0
 11
1305.163246
 21
417.8957460000001
 31
0.0
  0
LWPOLYLINE
  5
D8
330
17
100
AcDbEntity
  8
0
100
AcDbPolyline
 90
2
 70
1
 10
1453.27652
 20
415.5902479999999
 10
1453.27652
 20
415.590248
  0
SPLINE
  5
D9
330
17
100
AcDbEntity
  8
0
100
AcDbSpline
 70
0
 71
3
 72
0
 73
0
 74
89
 11
289.2320039999995
 21
147.4937499999993
 31
0.0
 11
288.5321799208594
 21
117.49999767714085
 31
0.0
 11
288.1947330396324
 21
113.80514531433414
 31
0.0
 11
287.507949587828
 21
111.669089907648
 31
0.0
 11
286.4151298135537
 21
111.7009361917933
 31
0.0
 11
285.5354687113684
 21
113.30292610987942
 31
0.0
 11
283.2031733870778
 21
125.66636669157842
 31
0.0
 11
279.140025
 21
138.24625
 31
0.0
 11
277.05249965482153
 21
141.29252169267426
 31
0.0
 11
275.97018075303305
 21
141.2634154779537
 31
0.0
 11
275.4246611443638
 21
139.9179719978973
 31
0.0
 11
276.89937580057676
 21
123.29800773508272
 31
0.0
 11
277.67530640143445
 21
91.75175031587993
 31
0.0
 11
276.9954815502244
 21
78.61563622739261
 31
0.0
 11
273.499776465545
 21
39.68983365270737
 31
0.0
 11
274.0121369588455
 21
38.211075864567654
 31
0.0
 11
274.791734
 21
37.357205999999984
 31
0.0
 11
276.9371407321733
 21
36.02728072294401
 31
0.0
 11
278.62270812287034
 21
35.62458831766546
 31
0.0
 11
284.0782910000001
 21
38.543786
 31
0.0
 11
289.8616764802876
 21
38.54793434808544
 31
0.0
 11
290.569045
 21
39.111717
 31
0.0
 11
291.42786005046344
 21
41.35162274762493
 31
0.0
 11
293.2840278843105
 21
87.13426235072711
 31
0.0
 11
294.08650499999976
 21
136.68061399999982
 31
0.0
 11
295.6372435423037
 21
197.87879519141757
 31
0.0
 11
296.3513865875192
 21
266.17174383898185
 31
0.0
 11
299.1462562605549
 21
323.47876085670316
 31
0.0
 11
300.4702524069101
 21
339.6158119247334
 31
0.0
 11
300.30701431725834
 21
341.8781995207714
 31
0.0
 11
299.3263455215173
 21
343.4099138880623
 31
0.0
 11
299.050789280691
 21
345.1446918184574
 31
0.0
 11
299.634367
 21
347.686152
 31
0.0
 11
303.066999
 21
354.3640289999999
 31
0.0
 11
306.8916903656745
 21
364.2357662258582
 31
0.0
 11
310.435373764636
 21
373.937436444662
 31
0.0
 11
310.7114263338939
 21
375.9583996167825
 31
0.0
 11
309.37631241601304
 21
378.131898600684
 31
0.0
 11
308.34090245001164
 21
378.7953909457598
 31
0.0
 11
307.320248
 21
378.882514
 31
0.0
 11
305.9747549999999
 21
378.183333
 31
0.0
 11
302.457953
 21
374.156893
 31
0.0
 11
301.7347133040106
 21
374.0411461292418
 31
0.0
 11
301.265565
 21
374.55833
 31
0.0
 11
301.193522
 21
378.434509
 31
0.0
 11
302.5651965653202
 21
380.25022792698576
 31
0.0
 11
302.73491645095334
 21
382.19405078578984
 31
0.0
 11
302.046347
 21
384.98123
 31
0.0
 11
300.0317718595043
 21
387.7268902537083
 31
0.0
 11
299.308265
 21
390.550708
 31
0.0
 11
299.0
 21
418.961896
 31
0.0
 11
295.865744853344
 21
419.797826500448
 31
0.0
 11
294.232639
 21
420.9317869999999
 31
0.0
 11
289.98666
 21
427.877044
 31
0.0
 11
286.96497552731137
 21
430.55812864876975
 31
0.0
 11
285.6355255946573
 21
431.14210754530586
 31
0.0
 11
284.5725627952983
 21
430.9424459296286
 31
0.0
 11
283.3024428585865
 21
429.339055383899
 31
0.0
 11
282.938368
 21
427.8768079999999
 31
0.0
 11
282.7849202517041
 21
417.5036296252764
 31
0.0
 11
281.456456
 21
408.2483879999999
 31
0.0
 11
282.1353398187222
 21
394.8310442776259
 31
0.0
 11
281.869469842652
 21
393.0983982278194
 31
0.0
 11
280.0786
 21
388.97301
 31
0.0
 11
279.3937224377385
 21
381.0308341939055
 31
0.0
 11
279.849839904862
 21
376.33114791900704
 31
0.0
 11
281.147658
 21
372.425914
 31
0.0
 11
282.0445579571055
 21
368.03288666522053
 31
0.0
 11
284.335788
 21
349.670822
 31
0.0
 11
283.72990067271496
 21
345.9559314084405
 31
0.0
 11
282.86331550723037
 21
344.4110925231029
 31
0.0
 11
280.967085
 21
342.379209
 31
0.0
 11
280.6200970475499
 21
341.34661692213183
 31
0.0
 11
281.722172
 21
336.752239
 31
0.0
 11
282.336938
 21
331.2029129999999
 31
0.0
 11
283.77852018460726
 21
326.48622810009215
 31
0.0
 11
283.533934
 21
325.34146
 31
0.0
 11
282.1411446259999
 21
323.10559271203
 31
0.0
 11
281.696320962745
 21
319.9943675256434
 31
0.0
 11
281.794617
 21
308.35753
 31
0.0
 11
282.130070428112
 21
306.908071407174
 31
0.0
 11
283.629879
 21
303.988441
 31
0.0
 11
282.39854611938
 21
299.869353533172
 31
0.0
 11
282.31887070689135
 21
295.20881315168833
 31
0.0
 11
284.40691370216183
 21
279.55254259575486
 31
0.0
 11
288.836547
 21
261.0
 31
0.0
 11
289.8824040000002
 21
251.752264
 31
0.0
 11
290.411335
 21
202.61203499999965
 31
0.0
 11
289.2320039999995
 21
147.4937499999993
 31
0.0
  0
SPLINE
  5
DA
330
17
100
AcDbEntity
  8
0
100
AcDbSpline
 70
0
 71
3
 72
0
 73
0
 74
122
 11
924.3847650000002
 21
412.9683090000001
 31
0.0
 11
916.715424
 21
406.542954
 31
0.0
 11
914.7251197182679
 21
409.42467484221424
 31
0.0
 11
912.726518
 21
410.838836
 31
0.0
 11
911.071812929575
 21
410.849778164539
 31
0.0
 11
909.554958539706
 21
409.63055016743
 31
0.0
 11
907.7436299340978
 21
406.3829510575588
 31
0.0
 11
903.288842
 21
394.667936
 31
0.0
 11
901.9458754696863
 21
393.4769145355829
 31
0.0
 11
898.0268633373586
 21
392.1556236703413
 31
0.0
 11
895.6631826349757
 21
389.65567979802836
 31
0.0
 11
894.6869718778306
 21
384.57280592511194
 31
0.0
 11
893.2082002625368
 21
381.29479283578735
 31
0.0
 11
892.0804332068991
 21
375.43115425855916
 31
0.0
 11
890.9786690845606
 21
373.3374187980025
 31
0.0
 11
889.2544498739567
 21
372.9512721754599
 31
0.0
 11
885.39028596552
 21
376.11854577011997
 31
0.0
 11
883.755052
 21
376.7328959999999
 31
0.0
 11
882.3564595238804
 21
376.5798954984325
 31
0.0
 11
881.2895869999998
 21
375.6626970000001
 31
0.0
 11
880.162624747194
 21
373.3714620384415
 31
0.0
 11
879.5282080000001
 21
370.898141
 31
0.0
 11
878.012582
 21
354.657969
 31
0.0
 11
877.188804
 21
351.321456
 31
0.0
 11
876.3515213689514
 21
350.6884351277614
 31
0.0
 11
875.526246989116
 21
350.87814246603716
 31
0.0
 11
872.9546630000001
 21
353.263394
 31
0.0
 11
870.7747925699673
 21
353.9327149349405
 31
0.0
 11
868.680384206415
 21
353.15424835094
 31
0.0
 11
867.461948
 21
351.538398
 31
0.0
 11
867.3232072083744
 21
349.2207333803805
 31
0.0
 11
868.588278944921
 21
343.1710329275693
 31
0.0
 11
869.1176234207795
 21
338.36642332370576
 31
0.0
 11
870.5297724478755
 21
336.3218397622018
 31
0.0
 11
868.9104747484693
 21
334.79185893621036
 31
0.0
 11
863.3066564657635
 21
332.12369670062924
 31
0.0
 11
862.2689229491564
 21
330.7935526124495
 31
0.0
 11
862.1201511388697
 21
325.26282128729355
 31
0.0
 11
863.3197595844906
 21
318.88718921681624
 31
0.0
 11
864.11095662665
 21
311.9309037683017
 31
0.0
 11
863.3219219566786
 21
305.4515275767217
 31
0.0
 11
854.4966999999999
 21
285.18886499999996
 31
0.0
 11
848.529328
 21
268.923005
 31
0.0
 11
847.7755897044614
 21
263.8865100090326
 31
0.0
 11
846.29375
 21
261.216936
 31
0.0
 11
845.539950028576
 21
256.3361064867005
 31
0.0
 11
844.2748668234075
 21
254.54531448959682
 31
0.0
 11
843.752044
 21
249.821162
 31
0.0
 11
837.4844683354083
 21
226.80553942105195
 31
0.0
 11
834.7505186844501
 21
218.13749448426998
 31
0.0
 11
833.6650075926701
 21
211.85934545708858
 31
0.0
 11
831.9641231549053
 21
206.8561733761966
 31
0.0
 11
824.0937800000003
 21
175.3038560000002
 31
0.0
 11
824.2887541218972
 21
174.13079783155004
 31
0.0
 11
825.3566299999999
 21
174.140397
 31
0.0
 11
828.3922766143584
 21
177.29597454162365
 31
0.0
 11
832.6161784106852
 21
183.11347708729025
 31
0.0
 11
835.1372918024501
 21
188.2510471177151
 31
0.0
 11
839.7139590073386
 21
205.10755757832104
 31
0.0
 11
844.901918
 21
227.102942
 31
0.0
 11
847.0148390546169
 21
233.58329784193654
 31
0.0
 11
855.3184598123058
 21
265.71088604043354
 31
0.0
 11
862.040026
 21
285.465089
 31
0.0
 11
866.4887189999998
 21
295.5
 31
0.0
 11
869.6111303274508
 21
301.49541250284733
 31
0.0
 11
872.40249877156
 21
305.6639805543665
 31
0.0
 11
877.2833253269861
 21
309.3883584288221
 31
0.0
 11
913.4513948755059
 21
325.1134918153996
 31
0.0
 11
918.935588
 21
328.10303400000004
 31
0.0
 11
921.4027813682239
 21
330.1387305265652
 31
0.0
 11
922.4009686396622
 21
331.56572716377286
 31
0.0
 11
922.3714587506877
 21
332.8727497488759
 31
0.0
 11
921.267198945722
 21
334.10009134155007
 31
0.0
 11
919.6315401294033
 21
334.50240278598056
 31
0.0
 11
914.1756763604617
 21
333.8290422041939
 31
0.0
 11
897.775599018358
 21
329.48841468428805
 31
0.0
 11
895.9266119999997
 21
329.673388
 31
0.0
 11
895.5800726716614
 21
331.28787467851635
 31
0.0
 11
900.6474118152371
 21
336.63843801496023
 31
0.0
 11
907.7234350043518
 21
343.04714907595246
 31
0.0
 11
912.88331438323
 21
346.96110056143505
 31
0.0
 11
925.112647540582
 21
354.443730243162
 31
0.0
 11
927.6841045792706
 21
356.5320014761177
 31
0.0
 11
929.4780421401734
 21
358.77687304377963
 31
0.0
 11
929.4777029999998
 21
360.211933
 31
0.0
 11
928.6750291653309
 21
361.44681001261387
 31
0.0
 11
927.4595792544169
 21
362.23134122016353
 31
0.0
 11
925.8706785063013
 21
362.42110350555276
 31
0.0
 11
923.0695584447119
 21
361.75254607917657
 31
0.0
 11
914.9363554607594
 21
358.2352494958676
 31
0.0
 11
908.3389699999999
 21
356.06684499999994
 31
0.0
 11
907.5505965139954
 21
356.16729144067403
 31
0.0
 11
907.09894144143
 21
356.80564920826197
 31
0.0
 11
907.959974905771
 21
358.30879157518785
 31
0.0
 11
910.7397619999998
 21
360.242048
 31
0.0
 11
922.2844457615498
 21
366.4323607990628
 31
0.0
 11
929.5165078633261
 21
370.8791661880035
 31
0.0
 11
940.6724278193268
 21
378.6722893404968
 31
0.0
 11
943.6755471646596
 21
381.3244147231365
 31
0.0
 11
944.0
 21
382.701644
 31
0.0
 11
943.7544299318517
 21
383.4187147816156
 31
0.0
 11
942.5548577585884
 21
384.6518909864006
 31
0.0
 11
941.0053874753285
 21
385.37384372025554
 31
0.0
 11
937.8035134450411
 21
385.01097833748025
 31
0.0
 11
929.8056009999999
 21
381.757603
 31
0.0
 11
929.05749282695
 21
382.51780111765
 31
0.0
 11
929.1664326559186
 21
384.141675864775
 31
0.0
 11
930.6369763403094
 21
386.29772572271867
 31
0.0
 11
931.076872593635
 21
388.36262123353504
 31
0.0
 11
931.9284596858079
 21
389.65773762225604
 31
0.0
 11
939.3704208265581
 21
397.07982290882694
 31
0.0
 11
941.6139611497036
 21
400.0083725731545
 31
0.0
 11
944.8841452502684
 21
408.0411062846381
 31
0.0
 11
952.6616120368162
 21
421.04034577202947
 31
0.0
 11
956.951742370083
 21
426.9544703109417
 31
0.0
 11
957.729617
 21
429.2324299999999
 31
0.0
 11
957.4518462757025
 21
430.89451162652097
 31
0.0
 11
956.3144144570248
 21
431.7524921378926
 31
0.0
 11
954.585222132712
 21
431.8778206374979
 31
0.0
 11
950.3385
 21
430.248446
 31
0.0
 11
932.8214071663433
 21
419.5425075854818
 31
0.0
 11
924.3847650000002
 21
412.9683090000001
 31
0.0
  0
SPLINE
  5
DB
330
17
100
AcDbEntity
  8
0
100
AcDbSpline
 70
0
 71
3
 72
0
 73
0
 74
89
 11
794.0902129999959
 21
299.3991939999869
 31
0.0
 11
803.663371892449
 21
318.73387871035516
 31
0.0
 11
809.440233280541
 21
329.0903028472687
 31
0.0
 11
814.971238544805
 21
334.393852942815
 31
0.0
 11
828.8424796485792
 21
344.65124927050084
 31
0.0
 11
842.2197185310449
 21
355.99912299584525
 31
0.0
 11
843.5612499999999
 21
358.554057
 31
0.0
 11
843.1551907337054
 21
360.0368462676581
 31
0.0
 11
841.7158673147795
 21
362.3059316898442
 31
0.0
 11
842.10955916885
 21
363.5450409421
 31
0.0
 11
853.797355
 21
373.783541
 31
0.0
 11
853.8192480000001
 21
374.653531
 31
0.0
 11
852.170350752331
 21
378.2262116454244
 31
0.0
 11
852.4320798799042
 21
380.3315492846993
 31
0.0
 11
855.4587545141305
 21
383.1162903676465
 31
0.0
 11
857.9036840450997
 21
386.77186096985184
 31
0.0
 11
859.3954351059797
 21
388.125670259984
 31
0.0
 11
862.227866
 21
389.771629
 31
0.0
 11
869.8122928201412
 21
393.08025815079304
 31
0.0
 11
872.6058960000001
 21
395.062234
 31
0.0
 11
873.0
 21
396.116511
 31
0.0
 11
872.777356712305
 21
397.3004910799075
 31
0.0
 11
872.2972384362351
 21
397.91795078232843
 31
0.0
 11
871.282185019653
 21
398.2695340290452
 31
0.0
 11
870.9157775201231
 21
399.2078780343597
 31
0.0
 11
873.1084210000002
 21
403.5684299999999
 31
0.0
 11
878.1777009999998
 21
409.910893
 31
0.0
 11
892.08552
 21
424.66126399999996
 31
0.0
 11
893.764084415611
 21
427.22299141234356
 31
0.0
 11
893.8580032838081
 21
429.43079229577603
 31
0.0
 11
892.8394368166839
 21
431.0017555871825
 31
0.0
 11
890.7212580568208
 21
431.1605647064524
 31
0.0
 11
887.3611799488052
 21
429.83323976887374
 31
0.0
 11
876.0928764910519
 21
423.93598013071573
 31
0.0
 11
867.412299722869
 21
422.34534405524107
 31
0.0
 11
865.3569539999999
 21
420.74913399999986
 31
0.0
 11
859.84849
 21
414.629031
 31
0.0
 11
857.87116
 21
413.2993879999999
 31
0.0
 11
856.5008650000001
 21
413.5124969999999
 31
0.0
 11
855.2207489148441
 21
415.58164771570944
 31
0.0
 11
854.2667890021438
 21
416.3967907797145
 31
0.0
 11
852.9423124597714
 21
416.6126100704929
 31
0.0
 11
851.6043286471686
 21
416.2334785655869
 31
0.0
 11
849.2190742285601
 21
414.03611613922493
 31
0.0
 11
847.7398070000002
 21
411.963915
 31
0.0
 11
845.275146585733
 21
407.3242507118772
 31
0.0
 11
841.0389593378021
 21
397.7154331353182
 31
0.0
 11
839.0320174367719
 21
395.0508630194446
 31
0.0
 11
833.183829
 21
391.816615
 31
0.0
 11
830.51408
 21
389.903699
 31
0.0
 11
828.3195054790714
 21
387.61281653803064
 31
0.0
 11
827.4848466767193
 21
385.0474678508439
 31
0.0
 11
825.4033927329609
 21
383.5886112340729
 31
0.0
 11
819.2288701605556
 21
380.82588070640475
 31
0.0
 11
815.768284336335
 21
381.27974277290605
 31
0.0
 11
814.094805
 21
380.843474
 31
0.0
 11
812.5575485061376
 21
379.7435033777375
 31
0.0
 11
811.4441820000001
 21
378.215921
 31
0.0
 11
809.8103679315773
 21
373.8914568745393
 31
0.0
 11
809.050507058389
 21
369.902515378207
 31
0.0
 11
806.3388940000001
 21
350.528264
 31
0.0
 11
805.6838582649892
 21
340.6479742028385
 31
0.0
 11
804.637954
 21
336.006029
 31
0.0
 11
778.0042451501877
 21
279.55212226553175
 31
0.0
 11
771.719494
 21
264.087614
 31
0.0
 11
765.7118119183353
 21
246.62851038750287
 31
0.0
 11
764.7746616892322
 21
241.73082005371873
 31
0.0
 11
763.3604494423239
 21
239.3177749847454
 31
0.0
 11
762.7401179999999
 21
233.950871
 31
0.0
 11
762.3998948838888
 21
232.86624687611155
 31
0.0
 11
761.537321
 21
231.89564700000003
 31
0.0
 11
760.711309210104
 21
229.15719413852003
 31
0.0
 11
756.1926990000001
 21
207.2484810000002
 31
0.0
 11
753.963234009797
 21
197.6968270880683
 31
0.0
 11
752.795383
 21
194.221123
 31
0.0
 11
750.4027826042317
 21
179.37973349019467
 31
0.0
 11
749.400563
 21
176.814333
 31
0.0
 11
749.0861134720258
 21
168.64353647588234
 31
0.0
 11
749.546539165909
 21
166.55795586018482
 31
0.0
 11
750.3678437951341
 21
167.1941543974067
 31
0.0
 11
751.4825169999992
 21
169.3946969999988
 31
0.0
 11
762.6694507298607
 21
205.21805528898665
 31
0.0
 11
764.0094019999999
 21
212.624096
 31
0.0
 11
769.2503298820491
 21
233.1608969885432
 31
0.0
 11
770.4801549367069
 21
239.7460843024283
 31
0.0
 11
777.625154
 21
260.76253700000007
 31
0.0
 11
785.479304
 21
279.505095
 31
0.0
 11
786.7423480125599
 21
284.1807944179709
 31
0.0
 11
794.0902129999959
 21
299.3991939999869
 31
0.0
  0
SPLINE
  5
DC
330
17
100
AcDbEntity
  8
0
100
AcDbSpline
 70
0
 71
3
 72
0
 73
0
 74
18
 11
1272.553041
 21
417.7874999999999
 31
0.0
 11
1274.782066379001
 21
417.9920505872829
 31
0.0
 11
1276.837492
 21
418.8784029999999
 31
0.0
 11
1277.9227828814696
 21
420.7659269876174
 31
0.0
 11
1277.4641426192024
 21
422.4865165395621
 31
0.0
 11
1276.3670902571062
 21
424.20932610605155
 31
0.0
 11
1271.7850205862753
 21
427.6757828240923
 31
0.0
 11
1265.26000488372
 21
430.2847017303065
 31
0.0
 11
1253.628261
 21
432.7639519999999
 31
0.0
 11
1250.5987714386815
 21
432.51760842740345
 31
0.0
 11
1248.9944232638918
 21
431.38466491135966
 31
0.0
 11
1249.004566622587
 21
430.0960380558455
 31
0.0
 11
1251.204546837841
 21
427.429521575675
 31
0.0
 11
1254.7446752652754
 21
424.186673668214
 31
0.0
 11
1257.5270200504365
 21
422.3216430868418
 31
0.0
 11
1264.1632261294762
 21
419.4280631385859
 31
0.0
 11
1267.57397823079
 21
418.49534582018634
 31
0.0
 11
1272.553041
 21
417.7874999999999
 31
0.0
  0
SPLINE
  5
DD
330
17
100
AcDbEntity
  8
0
100
AcDbSpline
 70
0
 71
3
 72
0
 73
0
 74
158
 11
657.6246919999976
 21
84.00000000001057
 31
0.0
 11
660.0197181760606
 21
46.57336235162833
 31
0.0
 11
660.9899361834674
 21
38.11597486033823
 31
0.0
 11
662.047298
 21
34.83458799999998
 31
0.0
 11
662.9582101483925
 21
33.70665371713748
 31
0.0
 11
667.1164059999999
 21
32.855923
 31
0.0
 11
666.053203
 21
57.94175599999999
 31
0.0
 11
664.326735373574
 21
85.3758509451702
 31
0.0
 11
659.060645
 21
154.996508
 31
0.0
 11
657.208297
 21
174.750495
 31
0.0
 11
654.9664799999999
 21
192.64882899999998
 31
0.0
 11
647.211197
 21
244.657909
 31
0.0
 11
638.2541535448687
 21
290.19333472253226
 31
0.0
 11
633.863723
 21
306.980598
 31
0.0
 11
643.6628656447549
 21
325.312405802337
 31
0.0
 11
646.2843120138489
 21
334.8200539157044
 31
0.0
 11
646.8544279491111
 21
340.4871983987208
 31
0.0
 11
646.2631847573961
 21
345.5163610127049
 31
0.0
 11
645.4979192656201
 21
346.4153806485694
 31
0.0
 11
641.534484
 21
347.753238
 31
0.0
 11
640.5257085081139
 21
348.7213497747481
 31
0.0
 11
640.0473359368915
 21
349.9340475722155
 31
0.0
 11
640.2008667628672
 21
351.1999129885609
 31
0.0
 11
641.7520087229849
 21
353.97502231256846
 31
0.0
 11
642.1087445427775
 21
356.75848970235796
 31
0.0
 11
642.5842629999999
 21
358.086987
 31
0.0
 11
643.5397748982356
 21
359.24392355456683
 31
0.0
 11
643.4796969999999
 21
362.117191
 31
0.0
 11
642.486645597097
 21
365.75477781790204
 31
0.0
 11
640.7489385148114
 21
367.4993398756394
 31
0.0
 11
638.823788560867
 21
367.75263744037966
 31
0.0
 11
637.2616134633839
 21
367.160750809654
 31
0.0
 11
635.342622412493
 21
365.431983904769
 31
0.0
 11
632.146272
 21
361.216574
 31
0.0
 11
631.4932358216848
 21
361.0767228162548
 31
0.0
 11
631.1276764389623
 21
361.40606526238446
 31
0.0
 11
631.2739008295327
 21
367.7104974718661
 31
0.0
 11
632.8856168957174
 21
376.1154393138869
 31
0.0
 11
632.5116659431337
 21
378.3599599375839
 31
0.0
 11
631.2847920989075
 21
380.53115431857253
 31
0.0
 11
629.428808919658
 21
381.7669884445041
 31
0.0
 11
627.3055751221125
 21
381.23788360781646
 31
0.0
 11
625.3316081098806
 21
379.01795003883296
 31
0.0
 11
622.23464
 21
373.878708
 31
0.0
 11
621.135896485963
 21
373.4154564141086
 31
0.0
 11
620.3192963545828
 21
373.87890622064583
 31
0.0
 11
619.637357
 21
375.252085
 31
0.0
 11
618.9499040000001
 21
385.107079
 31
0.0
 11
618.5101559999999
 21
386.999717
 31
0.0
 11
617.583794
 21
388.228055
 31
0.0
 11
613.7124546123564
 21
390.9035476367447
 31
0.0
 11
611.4382937922688
 21
393.83237795035086
 31
0.0
 11
609.5170320000001
 21
398.015653
 31
0.0
 11
609.7244545617615
 21
401.22079562425944
 31
0.0
 11
608.8716250253625
 21
403.01195198588744
 31
0.0
 11
606.0733759999999
 21
405.196831
 31
0.0
 11
602.8315759370112
 21
405.3399275467928
 31
0.0
 11
600.519244
 21
406.7690879999999
 31
0.0
 11
598.147944
 21
409.6151669999999
 31
0.0
 11
588.7296235645194
 21
423.533358109956
 31
0.0
 11
583.5225833446399
 21
430.26113281236513
 31
0.0
 11
580.3664259999999
 21
432.647448
 31
0.0
 11
578.6414030000001
 21
432.9124559999999
 31
0.0
 11
577.2010339999999
 21
432.4630459999999
 31
0.0
 11
576.326747
 21
431.4091059999999
 31
0.0
 11
576.268104365784
 21
429.9171727118959
 31
0.0
 11
578.5177009999999
 21
422.7958389999999
 31
0.0
 11
579.541896
 21
415.0120049999999
 31
0.0
 11
580.700773
 21
413.1812039999999
 31
0.0
 11
582.297828
 21
407.843584
 31
0.0
 11
584.567148
 21
404.415939
 31
0.0
 11
585.6424344899962
 21
399.90074706558545
 31
0.0
 11
589.3094119143831
 21
394.8759047296986
 31
0.0
 11
590.870243458415
 21
391.068920361725
 31
0.0
 11
591.1843558208319
 21
388.39509541467
 31
0.0
 11
590.1741849999999
 21
384.604589
 31
0.0
 11
590.322513
 21
382.673172
 31
0.0
 11
591.426048
 21
380.812684
 31
0.0
 11
596.2276463016069
 21
376.1139945081954
 31
0.0
 11
597.1127696744929
 21
374.690289306906
 31
0.0
 11
597.097747816325
 21
373.7410313863
 31
0.0
 11
596.35049
 21
372.829129
 31
0.0
 11
592.3321862148205
 21
370.87225744212003
 31
0.0
 11
591.832330544186
 21
370.16743273481404
 31
0.0
 11
591.8191296565634
 21
369.17650670292
 31
0.0
 11
592.8181550179063
 21
367.71739087638514
 31
0.0
 11
598.1917244547706
 21
362.70054016210867
 31
0.0
 11
599.4414102025614
 21
361.0411800041866
 31
0.0
 11
599.8739842714417
 21
359.51891289155003
 31
0.0
 11
599.6928985613127
 21
358.062480822378
 31
0.0
 11
598.2892360000001
 21
356.70558299999993
 31
0.0
 11
595.3794085747894
 21
356.04462906796556
 31
0.0
 11
589.537739
 21
355.6430879999999
 31
0.0
 11
588.6097338823784
 21
355.16730465298
 31
0.0
 11
588.1620189999999
 21
354.225437
 31
0.0
 11
588.3259293840689
 21
353.070897771148
 31
0.0
 11
589.0383469999999
 21
352.147703
 31
0.0
 11
599.1287899999999
 21
345.677822
 31
0.0
 11
595.1422900601275
 21
342.1781412095455
 31
0.0
 11
594.5745937978922
 21
341.21325152808174
 31
0.0
 11
594.59273
 21
339.842606
 31
0.0
 11
595.956298
 21
338.166959
 31
0.0
 11
601.222817163365
 21
335.59025449463
 31
0.0
 11
602.9859436608742
 21
334.280427018924
 31
0.0
 11
601.825
 21
333.093396
 31
0.0
 11
596.4242620102746
 21
330.24131409150016
 31
0.0
 11
595.324719411814
 21
329.06976291859297
 31
0.0
 11
595.2682305205111
 21
327.8892224593636
 31
0.0
 11
597.2241776031765
 21
325.7107263068361
 31
0.0
 11
599.1448149999999
 21
324.3983420000002
 31
0.0
 11
622.0496850354021
 21
311.8727565072082
 31
0.0
 11
625.6599819999999
 21
309.033823
 31
0.0
 11
627.5957669563333
 21
306.4592505757296
 31
0.0
 11
628.6781114658575
 21
303.1779587833095
 31
0.0
 11
629.3433686294375
 21
297.7538576996969
 31
0.0
 11
630.7769339590054
 21
294.76548931456455
 31
0.0
 11
631.3165609275601
 21
289.709146642929
 31
0.0
 11
632.662103
 21
286.49772
 31
0.0
 11
634.3395437109076
 21
275.25182085868244
 31
0.0
 11
637.8684725725333
 21
257.6326305124487
 31
0.0
 11
638.726604
 21
254.869085
 31
0.0
 11
639.831492
 21
253.466114
 31
0.0
 11
639.8269885105968
 21
251.17927084854955
 31
0.0
 11
639.3869485846274
 21
250.2958312451312
 31
0.0
 11
638.686767
 21
250.0
 31
0.0
 11
636.8225418638893
 21
251.19929245140668
 31
0.0
 11
621.55664
 21
267.413281
 31
0.0
 11
616.0891127062
 21
272.4921727218
 31
0.0
 11
607.346490075989
 21
279.4754804503523
 31
0.0
 11
594.4214990634753
 21
287.7482124794567
 31
0.0
 11
581.9016346825899
 21
294.29562686631124
 31
0.0
 11
576.3542499376337
 21
296.8148079817587
 31
0.0
 11
570.989422463121
 21
298.715151786541
 31
0.0
 11
561.4611710485474
 21
300.301340338744
 31
0.0
 11
552.9219259446264
 21
300.4253539399356
 31
0.0
 11
544.8032389999998
 21
299.793283
 31
0.0
 11
542.237669
 21
298.7303759999999
 31
0.0
 11
541.672899
 21
297.480772
 31
0.0
 11
542.353711
 21
296.25236699999994
 31
0.0
 11
544.0431436041747
 21
295.3763784360123
 31
0.0
 11
551.6104124146141
 21
293.7957852275565
 31
0.0
 11
556.4708602225879
 21
292.220448749874
 31
0.0
 11
566.7140527283902
 21
288.44444353812185
 31
0.0
 11
577.5
 21
283.896257
 31
0.0
 11
586.0830495634318
 21
278.9892602503081
 31
0.0
 11
595.7923220675625
 21
272.3221133773125
 31
0.0
 11
600.0290814121513
 21
268.8140666629678
 31
0.0
 11
605.752826
 21
263.191078
 31
0.0
 11
631.8806969999998
 21
233.522968
 31
0.0
 11
632.7112050370584
 21
232.1103500642115
 31
0.0
 11
633.4783909999999
 21
229.06163
 31
0.0
 11
640.2562059999999
 21
220.50345700000008
 31
0.0
 11
643.0765599999999
 21
219.529318
 31
0.0
 11
644.7222195156395
 21
217.8071379778394
 31
0.0
 11
645.9925846554135
 21
213.6935315527366
 31
0.0
 11
648.6436409999998
 21
196.523223
 31
0.0
 11
652.2000413988198
 21
162.28054029689667
 31
0.0
 11
657.6246919999976
 21
84.00000000001057
 31
0.0
  0
SPLINE
  5
DE
330
17
100
AcDbEntity
  8
0
100
AcDbSpline
 70
0
 71
3
 72
0
 73
0
 74
20
 11
1330.607106
 21
413.1350060000001
 31
0.0
 11
1332.158724997725
 21
412.732260949197
 31
0.0
 11
1333.754589
 21
412.8837309999999
 31
0.0
 11
1336.867482
 21
414.651373
 31
0.0
 11
1339.161943
 21
418.01534900000007
 31
0.0
 11
1339.771570361474
 21
420.02764543103
 31
0.0
 11
1339.94099131648
 21
422.8272953956191
 31
0.0
 11
1339.5705250710232
 21
424.1866272784766
 31
0.0
 11
1337.77906380089
 21
427.16719161960793
 31
0.0
 11
1332.713144
 21
433.837949
 31
0.0
 11
1329.966325
 21
436.018022
 31
0.0
 11
1326.6588757035868
 21
436.78037979808767
 31
0.0
 11
1325.334976
 21
435.940253
 31
0.0
 11
1324.27692
 21
433.171001
 31
0.0
 11
1324.0
 21
427.785976
 31
0.0
 11
1324.430637
 21
422.6660059999999
 31
0.0
 11
1325.3022611082029
 21
419.4381946361648
 31
0.0
 11
1326.651779362586
 21
416.71633935057093
 31
0.0
 11
1328.4352916191253
 21
414.5676998507029
 31
0.0
 11
1330.607106
 21
413.1350060000001
 31
0.0
  0
LWPOLYLINE
  5
DF
330
17
100
AcDbEntity
  8
0
100
AcDbPolyline
 90
2
 70
1
 10
1676.938277999999
 20
410.4890779999999
 10
1676.938277999999
 20
410.48907799999984
  0
SPLINE
  5
E0
330
17
100
AcDbEntity
  8
0
100
AcDbSpline
 70
0
 71
3
 72
0
 73
0
 74
15
 11
1507.078454
 21
436.0419869999999
 31
0.0
 11
1508.2846822993463
 21
437.74023672038277
 31
0.0
 11
1507.7509625789735
 21
439.4312626870181
 31
0.0
 11
1505.2304116403639
 21
441.328818120403
 31
0.0
 11
1502.207823
 21
442.3211049999999
 31
0.0
 11
1495.4336104832726
 21
442.97970087581245
 31
0.0
 11
1489.485785
 21
442.74448700000005
 31
0.0
 11
1485.7301398593127
 21
441.681854189127
 31
0.0
 11
1484.1049437724205
 21
439.86030876091394
 31
0.0
 11
1484.5165202408366
 21
438.2808876027682
 31
0.0
 11
1485.6900516363457
 21
437.21827792836416
 31
0.0
 11
1490.396457463697
 21
436.14247935345446
 31
0.0
 11
1502.509965
 21
434.937618
 31
0.0
 11
1504.864775365993
 21
435.19788975836695
 31
0.0
 11
1507.078454
 21
436.0419869999999
 31
0.0
  0
SPLINE
  5
E1
330
17
100
AcDbEntity
  8
0
100
AcDbSpline
 70
0
 71
3
 72
0
 73
0
 74
17
 11
1397.009106
 21
426.2631390000001
 31
0.0
 11
1398.9728505536434
 21
426.616487079938
 31
0.0
 11
1400.7836029047821
 21
428.723809182499
 31
0.0
 11
1401.239456972528
 21
431.473368999804
 31
0.0
 11
1400.49005850296
 21
434.593048481437
 31
0.0
 11
1397.9331501191507
 21
438.5178332626382
 31
0.0
 11
1394.5824822644267
 21
441.69049163656683
 31
0.0
 11
1392.432005241054
 21
443.00927821584844
 31
0.0
 11
1390.5675974477726
 21
442.9139198857977
 31
0.0
 11
1389.7455170502067
 21
442.19305622683703
 31
0.0
 11
1389.1292110144664
 21
439.86442773750997
 31
0.0
 11
1389.04941333544
 21
437.02314736387194
 31
0.0
 11
1389.596490772508
 21
434.6813907384734
 31
0.0
 11
1390.857566
 21
432.38078299999984
 31
0.0
 11
1393.2092317621116
 21
429.45875681243336
 31
0.0
 11
1395.600888716411
 21
427.0275072914048
 31
0.0
 11
1397.009106
 21
426.2631390000001
 31
0.0
  0
SPLINE
  5
E2
330
17
100
AcDbEntity
  8
0
100
AcDbSpline
 70
0
 71
3
 72
0
 73
0
 74
100
 11
959.0735969999965
 21
305.597385
 31
0.0
 11
963.2412416787613
 21
304.32935727548244
 31
0.0
 11
965.1646355604164
 21
304.8278934021297
 31
0.0
 11
974.0620289999998
 21
312.9707279999999
 31
0.0
 11
982.594266081027
 21
318.4888793758127
 31
0.0
 11
986.9527580048264
 21
323.0522793613051
 31
0.0
 11
990.9988444594419
 21
329.678782959831
 31
0.0
 11
993.5725954617142
 21
332.77265284164633
 31
0.0
 11
1003.311065
 21
342.887418
 31
0.0
 11
1006.873687869143
 21
345.4100387003555
 31
0.0
 11
1009.6869800949601
 21
345.35273953064
 31
0.0
 11
1016.5534568060955
 21
344.11689569249404
 31
0.0
 11
1026.561079358401
 21
345.3185223066813
 31
0.0
 11
1028.680911917176
 21
344.57195507823997
 31
0.0
 11
1028.840810361664
 21
343.4806741130255
 31
0.0
 11
1028.384988
 21
342.2250409999999
 31
0.0
 11
1017.2706157530686
 21
323.0573369970502
 31
0.0
 11
1017.207462
 21
321.320099
 31
0.0
 11
1017.6195045382445
 21
320.5141491235205
 31
0.0
 11
1019.6884294469
 21
319.746884519678
 31
0.0
 11
1034.6441155657851
 21
320.8505049646451
 31
0.0
 11
1050.655923
 21
323.327217
 31
0.0
 11
1058.646404
 21
326.35773499999993
 31
0.0
 11
1065.110924
 21
327.63094799999993
 31
0.0
 11
1072.8530405496044
 21
330.62107170181366
 31
0.0
 11
1080.3513387061987
 21
332.2739922004167
 31
0.0
 11
1082.23287852536
 21
333.182181279
 31
0.0
 11
1084.599786710276
 21
335.88261822116345
 31
0.0
 11
1086.390428261566
 21
339.5541238593924
 31
0.0
 11
1092.94513
 21
345.6162389999999
 31
0.0
 11
1105.3737519999997
 21
360.2294489999997
 31
0.0
 11
1105.9432203377971
 21
362.27047709825035
 31
0.0
 11
1104.137216447509
 21
364.26408876044115
 31
0.0
 11
1101.4110870381726
 21
364.815307584405
 31
0.0
 11
1075.3854590000005
 21
364.44218500000005
 31
0.0
 11
1070.344105
 21
364.9333449999999
 31
0.0
 11
1067.940524
 21
366.3328920000001
 31
0.0
 11
1067.0617179318947
 21
368.1452234981258
 31
0.0
 11
1067.187797617325
 21
370.53434270245003
 31
0.0
 11
1068.3158232450148
 21
373.3371017639348
 31
0.0
 11
1071.1078898463225
 21
378.00691282363937
 31
0.0
 11
1074.886508190391
 21
382.8307059117538
 31
0.0
 11
1083.5252977779528
 21
390.8758732075849
 31
0.0
 11
1113.668042256429
 21
412.9837925603992
 31
0.0
 11
1129.502047
 21
423.4935809999999
 31
0.0
 11
1130.569561316004
 21
425.0062398532991
 31
0.0
 11
1131.9999922076822
 21
428.9327839923097
 31
0.0
 11
1135.294641
 21
433.8733690000001
 31
0.0
 11
1136.440934073679
 21
437.40767328333794
 31
0.0
 11
1140.4634241049318
 21
441.52886972465745
 31
0.0
 11
1140.698232
 21
442.769653
 31
0.0
 11
1140.2171353835233
 21
443.8790055116922
 31
0.0
 11
1138.5066403391277
 21
444.9379016761475
 31
0.0
 11
1136.2843275336297
 21
445.5106671209604
 31
0.0
 11
1131.042696
 21
445.9037409999999
 31
0.0
 11
1113.4181538181929
 21
444.61275252342796
 31
0.0
 11
1100.0846014240249
 21
442.8214249552205
 31
0.0
 11
1068.2435111832365
 21
434.2170074536619
 31
0.0
 11
1046.523504
 21
426.934897
 31
0.0
 11
1036.955340003217
 21
422.9341167247362
 31
0.0
 11
1030.262221760724
 21
419.41098434230787
 31
0.0
 11
1026.1787207656491
 21
415.8473665386472
 31
0.0
 11
1023.1501627402214
 21
411.84262714088925
 31
0.0
 11
1021.9086460000001
 21
408.80630799999994
 31
0.0
 11
1021.265592399008
 21
404.9913682281563
 31
0.0
 11
1021.820766
 21
387.108047
 31
0.0
 11
1021.6469921735775
 21
385.7123129854475
 31
0.0
 11
1020.7047085522189
 21
384.0396626310897
 31
0.0
 11
1019.211194
 21
383.776845
 31
0.0
 11
1010.917757
 21
387.370801
 31
0.0
 11
1007.9384312521851
 21
387.7947731791939
 31
0.0
 11
1004.597065866312
 21
386.4446396001284
 31
0.0
 11
1000.458596471958
 21
383.604705791261
 31
0.0
 11
999.2299130000001
 21
381.777008
 31
0.0
 11
998.496331
 21
378.432571
 31
0.0
 11
997.169126
 21
377.487379
 31
0.0
 11
994.6298519999999
 21
377.617309
 31
0.0
 11
985.4704678192694
 21
380.1925872509535
 31
0.0
 11
978.7943818972868
 21
380.7414099920791
 31
0.0
 11
972.5020380000001
 21
379.693765
 31
0.0
 11
968.6074225908819
 21
378.137571087984
 31
0.0
 11
965.0416939999999
 21
375.929552
 31
0.0
 11
960.2418814868488
 21
371.4137047873341
 31
0.0
 11
957.3885557289196
 21
367.50198937202697
 31
0.0
 11
954.7437195157753
 21
362.93536755618305
 31
0.0
 11
951.2706131172525
 21
354.8950600068815
 31
0.0
 11
948.391629441905
 21
345.82803773501126
 31
0.0
 11
946.83112184912
 21
339.22152703792875
 31
0.0
 11
945.129520723016
 21
328.70288993360396
 31
0.0
 11
944.4114419999999
 21
321.476598
 31
0.0
 11
944.0731308718692
 21
315.22329624782606
 31
0.0
 11
944.4806854397925
 21
311.759120630535
 31
0.0
 11
946.385174
 21
307.226598
 31
0.0
 11
949.0529707104364
 21
303.15819649453186
 31
0.0
 11
950.7894960000001
 21
302.078006
 31
0.0
 11
952.4862402023474
 21
302.0281175831189
 31
0.0
 11
954.275439141114
 21
303.058906738524
 31
0.0
 11
956.694554209936
 21
305.2686538725265
 31
0.0
 11
957.8859283928439
 21
305.6933216179167
 31
0.0
 11
959.0735969999965
 21
305.597385
 31
0.0
  0
SPLINE
  5
E3
330
17
100
AcDbEntity
  8
0
100
AcDbSpline
 70
0
 71
3
 72
0
 73
0
 74
18
 11
1355.924447
 21
450.4912830000001
 31
0.0
 11
1355.543059925344
 21
450.14972924298945
 31
0.0
 11
1355.02817
 21
448.7499999999999
 31
0.0
 11
1355.9376062998526
 21
444.4032935799241
 31
0.0
 11
1358.7168602957126
 21
439.9448371536
 31
0.0
 11
1361.211969
 21
437.118569
 31
0.0
 11
1365.2299847396853
 21
433.87235250919554
 31
0.0
 11
1367.7293568282419
 21
432.5732716529751
 31
0.0
 11
1369.8789319717503
 21
432.55635563633587
 31
0.0
 11
1371.8897050110459
 21
433.6576327022326
 31
0.0
 11
1372.961490358902
 21
435.2853849773229
 31
0.0
 11
1372.688142942197
 21
437.7030371090046
 31
0.0
 11
1370.722644
 21
441.60696299999995
 31
0.0
 11
1368.204492
 21
444.838813
 31
0.0
 11
1364.2939338169724
 21
448.2350961879071
 31
0.0
 11
1360.5929469308587
 21
450.3751996471542
 31
0.0
 11
1357.502574223101
 21
451.0435662310499
 31
0.0
 11
1355.924447
 21
450.4912830000001
 31
0.0
  0
SPLINE
  5
E4
330
17
100
AcDbEntity
  8
0
100
AcDbSpline
 70
0
 71
3
 72
0
 73
0
 74
15
 11
1868.38527
 21
450.763897
 31
0.0
 11
1867.217022927993
 21
451.9258941019837
 31
0.0
 11
1866.1159713383786
 21
452.4048011636909
 31
0.0
 11
1862.7963781029505
 21
452.6090227507851
 31
0.0
 11
1859.5726119051199
 21
451.32197939092936
 31
0.0
 11
1857.450857
 21
449.51460699999984
 31
0.0
 11
1857.1215580912917
 21
448.73312548465856
 31
0.0
 11
1858.520843
 21
447.360718
 31
0.0
 11
1861.094556
 21
445.842967
 31
0.0
 11
1862.8103029777812
 21
445.3277298551851
 31
0.0
 11
1864.461950719014
 21
445.33025561110804
 31
0.0
 11
1866.4610494478457
 21
446.1681382191435
 31
0.0
 11
1868.359991
 21
448.0451479999999
 31
0.0
 11
1868.869758531361
 21
449.37014532940645
 31
0.0
 11
1868.38527
 21
450.763897
 31
0.0
  0
SPLINE
  5
E5
330
17
100
AcDbEntity
  8
0
100
AcDbSpline
 70
0
 71
3
 72
0
 73
0
 74
19
 11
1532.469442
 21
453.5190829999999
 31
0.0
 11
1531.0894620123515
 21
453.1474369375023
 31
0.0
 11
1529.648266
 21
452.18472299999996
 31
0.0
 11
1529.6325789868674
 21
451.05215928315283
 31
0.0
 11
1533.6983453918788
 21
447.05756662597787
 31
0.0
 11
1538.094957812078
 21
444.4857354524691
 31
0.0
 11
1543.1959114192139
 21
442.4953290941616
 31
0.0
 11
1548.4009434260638
 21
441.36555551595706
 31
0.0
 11
1554.5344893655656
 21
441.06911490755124
 31
0.0
 11
1555.7638743667596
 21
441.45004630476365
 31
0.0
 11
1556.531939846635
 21
442.27356367448834
 31
0.0
 11
1556.7758258784775
 21
443.71408285315994
 31
0.0
 11
1555.6149895162591
 21
445.59928781133556
 31
0.0
 11
1552.3321213987185
 21
448.4961896156478
 31
0.0
 11
1549.143474
 21
450.41419199999996
 31
0.0
 11
1545.9004488446471
 21
451.6708361169237
 31
0.0
 11
1540.5084987931352
 21
452.8110776105248
 31
0.0
 11
1536.1746554361182
 21
453.4721676863558
 31
0.0
 11
1532.469442
 21
453.5190829999999
 31
0.0
  0
SPLINE
  5
E6
330
17
100
AcDbEntity
  8
0
100
AcDbSpline
 70
0
 71
3
 72
0
 73
0
 74
114
 11
303.4314770000001
 21
59.70885199999506
 31
0.0
 11
304.4458912179254
 21
139.13365482174896
 31
0.0
 11
307.2482331760638
 21
215.71019242838454
 31
0.0
 11
308.0
 21
256.209276
 31
0.0
 11
320.121936
 21
268.434543
 31
0.0
 11
321.9231399999999
 21
271.028532
 31
0.0
 11
321.92481641574204
 21
272.0697526221544
 31
0.0
 11
321.3875417948651
 21
272.64004639759025
 31
0.0
 11
317.53468011670225
 21
273.6841125249069
 31
0.0
 11
316.51014698245183
 21
274.4143779736451
 31
0.0
 11
316.2166486063121
 21
275.1153054076578
 31
0.0
 11
319.4748535625291
 21
280.94521362697833
 31
0.0
 11
319.41819112772305
 21
281.79299604701976
 31
0.0
 11
318.307119
 21
283.745444
 31
0.0
 11
318.07293431019895
 21
287.24899604325003
 31
0.0
 11
318.33250409925705
 21
288.7192964236067
 31
0.0
 11
319.63935328098916
 21
290.6113657768559
 31
0.0
 11
320.10851187235016
 21
294.40571175202086
 31
0.0
 11
320.758915
 21
296.2322509999999
 31
0.0
 11
325.933251
 21
302.032467
 31
0.0
 11
327.73041795873974
 21
306.0495978664822
 31
0.0
 11
329.315308
 21
308.334798
 31
0.0
 11
338.970345730176
 21
318.112203937528
 31
0.0
 11
339.81286522997516
 21
319.27537146842707
 31
0.0
 11
340.354594
 21
321.139939
 31
0.0
 11
342.8313591695354
 21
324.28520055348423
 31
0.0
 11
355.209987
 21
336.837779
 31
0.0
 11
353.71800094584927
 21
345.5371348005301
 31
0.0
 11
352.845186
 21
346.952867
 31
0.0
 11
350.714975
 21
348.374405
 31
0.0
 11
350.062441
 21
349.858965
 31
0.0
 11
350.2954826175404
 21
351.745506841567
 31
0.0
 11
351.52837334927654
 21
352.974661155768
 31
0.0
 11
351.95166856319906
 21
353.9899762349275
 31
0.0
 11
351.9253780000001
 21
355.171536
 31
0.0
 11
351.189988
 21
356.663212
 31
0.0
 11
349.885806
 21
357.536244
 31
0.0
 11
348.165455516106
 21
357.634299336587
 31
0.0
 11
346.57221153831694
 21
357.11282979969747
 31
0.0
 11
342.0912255913958
 21
354.4881872935175
 31
0.0
 11
340.7115050205293
 21
354.15623688437273
 31
0.0
 11
340.2208090668987
 21
354.5856163648452
 31
0.0
 11
343.1853909126594
 21
359.4018826653685
 31
0.0
 11
356.214433548253
 21
376.887044668311
 31
0.0
 11
360.882521868994
 21
385.712715815864
 31
0.0
 11
361.64292571854844
 21
387.62259182276466
 31
0.0
 11
361.8421025374314
 21
389.6050771025245
 31
0.0
 11
360.60038668643074
 21
391.61834125579185
 31
0.0
 11
357.931544245476
 21
392.327383984311
 31
0.0
 11
355.7664747829679
 21
391.67581687521226
 31
0.0
 11
351.795930068388
 21
389.2079911879719
 31
0.0
 11
349.54663573433197
 21
388.30298966296743
 31
0.0
 11
346.627649
 21
388.143356
 31
0.0
 11
346.0117782976302
 21
389.065444622872
 31
0.0
 11
351.474384
 21
394.639739
 31
0.0
 11
353.11250256066126
 21
397.1686910692682
 31
0.0
 11
355.51192231261984
 21
405.11903926127496
 31
0.0
 11
356.506081
 21
412.2539149999999
 31
0.0
 11
360.21429940988804
 21
416.16355704532486
 31
0.0
 11
371.8458835937747
 21
426.7425194556236
 31
0.0
 11
371.725898779497
 21
428.170430950452
 31
0.0
 11
369.543471
 21
431.1556599999999
 31
0.0
 11
369.4463307391024
 21
431.89190217300336
 31
0.0
 11
372.3749205650753
 21
434.33388219107394
 31
0.0
 11
373.8098638252714
 21
440.796431555615
 31
0.0
 11
381.434006
 21
449.906578
 31
0.0
 11
383.442572
 21
453.335773
 31
0.0
 11
384.0
 21
455.650038
 31
0.0
 11
383.72692034538
 21
457.22521695708
 31
0.0
 11
382.678084
 21
457.864494
 31
0.0
 11
380.35747921246497
 21
457.83369442434037
 31
0.0
 11
377.925598
 21
456.756354
 31
0.0
 11
365.05891315228797
 21
446.304096452744
 31
0.0
 11
358.7029986513022
 21
440.4784181309982
 31
0.0
 11
350.0529193140712
 21
431.70456560096613
 31
0.0
 11
346.0063799999999
 21
428.318369
 31
0.0
 11
342.81124556515005
 21
426.39466512484773
 31
0.0
 11
339.786724730512
 21
423.14473581970697
 31
0.0
 11
336.387475
 21
417.02824599999997
 31
0.0
 11
333.6203192121289
 21
411.0451702389342
 31
0.0
 11
332.23809679393014
 21
407.3029311772245
 31
0.0
 11
331.521186
 21
403.4740779999999
 31
0.0
 11
330.626513108615
 21
402.55744155520495
 31
0.0
 11
327.07502516758154
 21
400.9892646750592
 31
0.0
 11
326.231734
 21
399.874776
 31
0.0
 11
325.80289560603524
 21
398.1352604035319
 31
0.0
 11
325.86995684269806
 21
387.1167858187617
 31
0.0
 11
325.31404201087116
 21
382.44686326294544
 31
0.0
 11
324.76525572275756
 21
380.7355211435418
 31
0.0
 11
323.589552
 21
378.91092
 31
0.0
 11
322.66598244552
 21
378.23806250894404
 31
0.0
 11
319.905637
 21
377.521825
 31
0.0
 11
318.09238264812296
 21
375.6969516645026
 31
0.0
 11
317.2047153518705
 21
373.675902197034
 31
0.0
 11
316.559375
 21
369.7035029999999
 31
0.0
 11
314.769115
 21
366.9242
 31
0.0
 11
314.10315962694284
 21
362.7813511315434
 31
0.0
 11
313.94784100000004
 21
351.200655
 31
0.0
 11
313.5272160432206
 21
348.6756453333831
 31
0.0
 11
312.094639591405
 21
347.28160262387
 31
0.0
 11
306.976565743408
 21
344.85372355941
 31
0.0
 11
305.78175695383936
 21
342.96291374113
 31
0.0
 11
301.4547971143198
 21
262.94351608315765
 31
0.0
 11
299.89884379365503
 21
181.42311763088153
 31
0.0
 11
299.30497
 21
168.99143499999985
 31
0.0
 11
298.327804999999
 21
160.1847110000007
 31
0.0
 11
297.1702117827306
 21
72.14170048751552
 31
0.0
 11
297.16275099999996
 21
48.41680700000012
 31
0.0
 11
297.7562751562855
 21
38.930603501436984
 31
0.0
 11
298.902890498225
 21
37.69938305802001
 31
0.0
 11
300.3420235761187
 21
37.16584590647219
 31
0.0
 11
301.746455
 21
37.611864999999995
 31
0.0
 11
302.6162831432969
 21
38.73946063960878
 31
0.0
 11
303.4314770000001
 21
59.70885199999506
 31
0.0
  0
LWPOLYLINE
  5
E7
330
17
100
AcDbEntity
  8
0
100
AcDbPolyline
 90
2
 70
1
 10
1460.854722
 20
457.089657
 10
1460.854722
 20
457.08965700000005
  0
SPLINE
  5
E8
330
17
100
AcDbEntity
  8
0
100
AcDbSpline
 70
0
 71
3
 72
0
 73
0
 74
17
 11
1657.128239
 21
452.4748309999998
 31
0.0
 11
1658.3278069049322
 21
453.450287908338
 31
0.0
 11
1658.8286531247165
 21
455.97807779622025
 31
0.0
 11
1658.5656669654654
 21
458.3781919733209
 31
0.0
 11
1657.6037365255515
 21
461.3681521679335
 31
0.0
 11
1656.0842660693054
 21
463.77324762773895
 31
0.0
 11
1654.653933
 21
465.1847319999999
 31
0.0
 11
1652.6127342698992
 21
465.89701649474
 31
0.0
 11
1651.1925816899422
 21
465.53834627891376
 31
0.0
 11
1650.1091349061014
 21
464.58987498678067
 31
0.0
 11
1649.201605866482
 21
462.03283944533797
 31
0.0
 11
1649.057123691332
 21
459.20248075567304
 31
0.0
 11
1649.759435357557
 21
455.99994693491533
 31
0.0
 11
1651.3596414899002
 21
453.60377726737175
 31
0.0
 11
1653.016474
 21
452.52765999999997
 31
0.0
 11
1654.916446867839
 21
452.1335703426502
 31
0.0
 11
1657.128239
 21
452.4748309999998
 31
0.0
  0
SPLINE
  5
E9
330
17
100
AcDbEntity
  8
0
100
AcDbSpline
 70
0
 71
3
 72
0
 73
0
 74
54
 11
521.8972769999996
 21
425.3860879999999
 31
0.0
 11
505.14307834781346
 21
425.8674173830809
 31
0.0
 11
500.896976
 21
426.5129589999999
 31
0.0
 11
500.2143779999999
 21
427.228863
 31
0.0
 11
500.334294
 21
427.860019
 31
0.0
 11
501.458724859835
 21
429.03822850353504
 31
0.0
 11
505.606557
 21
431.4778719999999
 31
0.0
 11
506.3543999999999
 21
432.9982089999999
 31
0.0
 11
505.6134469999999
 21
434.5177679999999
 31
0.0
 11
500.9994879999999
 21
437.14196699999997
 31
0.0
 11
500.2849450651018
 21
438.12629805236213
 31
0.0
 11
513.1535513048382
 21
450.65585994633165
 31
0.0
 11
516.4598086807051
 21
455.1024005319463
 31
0.0
 11
518.737949746564
 21
459.874483816735
 31
0.0
 11
518.8467518127688
 21
462.3939744693205
 31
0.0
 11
517.6088582329551
 21
463.872614927567
 31
0.0
 11
511.157253
 21
465.926108
 31
0.0
 11
509.908531369138
 21
465.6964722956389
 31
0.0
 11
504.62580928450234
 21
462.3781060534848
 31
0.0
 11
497.2825056954685
 21
455.722611234966
 31
0.0
 11
487.8235639999999
 21
447.915316
 31
0.0
 11
478.73042233151864
 21
437.4988675208459
 31
0.0
 11
477.4087762131765
 21
436.11865246950026
 31
0.0
 11
476.57321
 21
435.772436
 31
0.0
 11
468.0472627809702
 21
422.98712271859944
 31
0.0
 11
466.51621548813284
 21
422.27609182262984
 31
0.0
 11
463.021837381025
 21
423.66278867307494
 31
0.0
 11
460.5847348888725
 21
423.80901581732996
 31
0.0
 11
458.175549029464
 21
422.696354951315
 31
0.0
 11
456.539111397896
 21
421.0734616508207
 31
0.0
 11
453.879045
 21
416.474787
 31
0.0
 11
453.11488555744546
 21
413.21827631729144
 31
0.0
 11
453.39973013912237
 21
407.07829945181567
 31
0.0
 11
454.74159066687815
 21
401.32706309265114
 31
0.0
 11
456.508903
 21
397.593436
 31
0.0
 11
459.407585
 21
394.17002
 31
0.0
 11
461.7215246255131
 21
393.0766126327904
 31
0.0
 11
464.04210243869846
 21
393.21145527264605
 31
0.0
 11
468.88676808167014
 21
396.2890749391122
 31
0.0
 11
474.475062
 21
401.1151899999999
 31
0.0
 11
479.3849430834759
 21
407.97744794375
 31
0.0
 11
484.7849512540381
 21
405.98583508892534
 31
0.0
 11
487.0298749999999
 21
405.6008
 31
0.0
 11
496.8822969999999
 21
407.55738299999996
 31
0.0
 11
503.094895659689
 21
408.22505340169687
 31
0.0
 11
515.5232915755886
 21
412.1827124618229
 31
0.0
 11
522.1659848504559
 21
415.70559521215876
 31
0.0
 11
533.7427726944239
 21
422.694540655634
 31
0.0
 11
537.1766029999999
 21
425.875609
 31
0.0
 11
537.945619033823
 21
427.93683963021147
 31
0.0
 11
537.525332956553
 21
429.0593122136819
 31
0.0
 11
536.4736589999999
 21
429.5485679999999
 31
0.0
 11
527.8637051206205
 21
426.0272122414795
 31
0.0
 11
521.8972769999996
 21
425.3860879999999
 31
0.0
  0
LWPOLYLINE
  5
EA
330
17
100
AcDbEntity
  8
0
100
AcDbPolyline
 90
2
 70
1
 10
1394.477524
 20
467.867123
 10
1394.477524
 20
467.86712299999994
  0
SPLINE
  5
EB
330
17
100
AcDbEntity
  8
0
100
AcDbSpline
 70
0
 71
3
 72
0
 73
0
 74
16
 11
1277.190704
 21
459.205974
 31
0.0
 11
1278.8280849660891
 21
459.218801621701
 31
0.0
 11
1280.330603
 21
459.869663
 31
0.0
 11
1282.8473395583853
 21
462.12176949603196
 31
0.0
 11
1284.2107074811088
 21
463.9545858131851
 31
0.0
 11
1285.9029042015825
 21
467.940039282684
 31
0.0
 11
1285.8668605611151
 21
469.690483672232
 31
0.0
 11
1284.9931921822686
 21
471.387421310493
 31
0.0
 11
1282.63827964
 21
471.7586003852
 31
0.0
 11
1280.5108118566295
 21
470.98802737279317
 31
0.0
 11
1278.363234
 21
469.40367
 31
0.0
 11
1276.709106366751
 21
467.2935115625675
 31
0.0
 11
1275.6688213985433
 21
464.76077573603385
 31
0.0
 11
1275.4220142957909
 21
462.40518909451504
 31
0.0
 11
1276.05992
 21
460.0246179999999
 31
0.0
 11
1277.190704
 21
459.205974
 31
0.0
  0
SPLINE
  5
EC
330
17
100
AcDbEntity
  8
0
100
AcDbSpline
 70
0
 71
3
 72
0
 73
0
 74
18
 11
1250.749168
 21
464.6183470000001
 31
0.0
 11
1251.7496209795816
 21
465.56589813335864
 31
0.0
 11
1252.8044427512582
 21
468.032285825128
 31
0.0
 11
1252.532567994942
 21
470.19489963163204
 31
0.0
 11
1250.7762297668933
 21
471.4844764520762
 31
0.0
 11
1248.2084337974275
 21
471.70463283261813
 31
0.0
 11
1242.1569535498238
 21
470.7208522930581
 31
0.0
 11
1238.1856508575859
 21
469.3428796228926
 31
0.0
 11
1234.48843763314
 21
467.2491832456626
 31
0.0
 11
1231.0094559046431
 21
464.38675803330483
 31
0.0
 11
1226.773666
 21
459.59600199999994
 31
0.0
 11
1225.8244263308075
 21
457.70255155947245
 31
0.0
 11
1226.053092669474
 21
456.465067757148
 31
0.0
 11
1227.189148474589
 21
455.3743482055137
 31
0.0
 11
1229.655547445765
 21
454.6373818697891
 31
0.0
 11
1233.5925942706353
 21
455.697115366356
 31
0.0
 11
1241.223558
 21
458.909848
 31
0.0
 11
1250.749168
 21
464.6183470000001
 31
0.0
  0
SPLINE
  5
ED
330
17
100
AcDbEntity
  8
0
100
AcDbSpline
 70
0
 71
3
 72
0
 73
0
 74
21
 11
1208.55887
 21
471.5585690000001
 31
0.0
 11
1206.063744
 21
472.548345
 31
0.0
 11
1201.112964
 21
472.8825719999999
 31
0.0
 11
1195.583901
 21
472.687298
 31
0.0
 11
1190.610965
 21
471.8862889999999
 31
0.0
 11
1186.144656
 21
470.4346919999999
 31
0.0
 11
1181.576654
 21
468.153282
 31
0.0
 11
1177.857475
 21
465.6979559999999
 31
0.0
 11
1177.3059256785564
 21
464.97531620296945
 31
0.0
 11
1177.223062
 21
464.0700269999999
 31
0.0
 11
1177.6227404479941
 21
463.40056010664546
 31
0.0
 11
1178.606887902528
 21
462.95447636472807
 31
0.0
 11
1182.204391
 21
462.448674
 31
0.0
 11
1193.954999483149
 21
462.2521903436441
 31
0.0
 11
1198.8993535559955
 21
462.90893981855584
 31
0.0
 11
1203.9631986579443
 21
464.71865957181444
 31
0.0
 11
1208.2533249272808
 21
467.08726145870196
 31
0.0
 11
1209.258101
 21
468.141692
 31
0.0
 11
1209.6982596055807
 21
469.4394185642094
 31
0.0
 11
1209.2482017172665
 21
470.8277901890435
 31
0.0
 11
1208.55887
 21
471.5585690000001
 31
0.0
  0
SPLINE
  5
EE
330
17
100
AcDbEntity
  8
0
100
AcDbSpline
 70
0
 71
3
 72
0
 73
0
 74
18
 11
1311.056835
 21
458.464874
 31
0.0
 11
1312.460549670869
 21
458.0416610313237
 31
0.0
 11
1313.5482459549632
 21
458.1837914054369
 31
0.0
 11
1316.48711656985
 21
459.7357481611249
 31
0.0
 11
1319.377549536014
 21
462.90917661621455
 31
0.0
 11
1321.982822
 21
467.52328900000003
 31
0.0
 11
1322.897344
 21
471.074462
 31
0.0
 11
1322.607332
 21
474.07408
 31
0.0
 11
1321.644023495383
 21
475.8547631435117
 31
0.0
 11
1319.294743
 21
477.615719
 31
0.0
 11
1317.686409
 21
477.77596600000004
 31
0.0
 11
1315.929689
 21
476.8282139999999
 31
0.0
 11
1312.8945419932982
 21
473.75570187387143
 31
0.0
 11
1310.7455904489127
 21
470.7385991628026
 31
0.0
 11
1310.178540241967
 21
468.73710220895777
 31
0.0
 11
1310.004817488327
 21
464.30108344844353
 31
0.0
 11
1310.380856013064
 21
460.2145663845978
 31
0.0
 11
1311.056835
 21
458.464874
 31
0.0
  0
LWPOLYLINE
  5
EF
330
17
100
AcDbEntity
  8
0
100
AcDbPolyline
 90
2
 70
1
 10
1866.709621
 20
483.6992209999998
 10
1866.709621
 20
483.69922099999974
  0
SPLINE
  5
F0
330
17
100
AcDbEntity
  8
0
100
AcDbSpline
 70
0
 71
3
 72
0
 73
0
 74
17
 11
1587.883077
 21
477.142168
 31
0.0
 11
1588.7017004051054
 21
477.81082969785814
 31
0.0
 11
1588.978230306654
 21
479.4289043976579
 31
0.0
 11
1588.871423
 21
481.802168
 31
0.0
 11
1588.2259967999998
 21
483.8469662839199
 31
0.0
 11
1587.3794959851502
 21
485.1419080352494
 31
0.0
 11
1585.8010125705848
 21
486.3880167836062
 31
0.0
 11
1584.623445831261
 21
486.973085152719
 31
0.0
 11
1583.5420849815916
 21
486.81866394025326
 31
0.0
 11
1582.158893
 21
485.71600499999994
 31
0.0
 11
1581.164621865305
 21
484.17682650504446
 31
0.0
 11
1581.0307210299557
 21
482.7382029135226
 31
0.0
 11
1581.481664
 21
481.23239199999995
 31
0.0
 11
1582.9119
 21
479.133158
 31
0.0
 11
1584.793645
 21
477.532991
 31
0.0
 11
1586.1345318793165
 21
477.0343383921886
 31
0.0
 11
1587.883077
 21
477.142168
 31
0.0
  0
LWPOLYLINE
  5
F1
330
17
100
AcDbEntity
  8
0
100
AcDbPolyline
 90
2
 70
1
 10
1468.0
 20
465.9698929999994
 10
1467.9999999999998
 20
465.9698929999995
  0
SPLINE
  5
F2
330
17
100
AcDbEntity
  8
0
100
AcDbSpline
 70
0
 71
3
 72
0
 73
0
 74
21
 11
1830.81133
 21
471.9999999999999
 31
0.0
 11
1832.4711894508525
 21
472.3510433537025
 31
0.0
 11
1833.8584180300352
 21
473.34923231285995
 31
0.0
 11
1835.1045625731683
 21
476.16671648346085
 31
0.0
 11
1834.80495
 21
479.82705
 31
0.0
 11
1832.8902472336376
 21
483.99453451829595
 31
0.0
 11
1829.5050982691305
 21
487.78725528869137
 31
0.0
 11
1824.4534821176494
 21
491.3539001540979
 31
0.0
 11
1817.8188244513171
 21
494.76709895691226
 31
0.0
 11
1815.867755
 21
494.939654
 31
0.0
 11
1815.005905181136
 21
494.572596795316
 31
0.0
 11
1814.11914933336
 21
492.36623495083995
 31
0.0
 11
1814.1137632046166
 21
489.5236136196108
 31
0.0
 11
1814.614787
 21
487.9253389999999
 31
0.0
 11
1815.7730982709404
 21
486.45421472933145
 31
0.0
 11
1816.321709412837
 21
483.4727388988789
 31
0.0
 11
1817.249541
 21
481.8264639999998
 31
0.0
 11
1821.711296
 21
477.1419749999999
 31
0.0
 11
1825.5440842514497
 21
474.0786783873642
 31
0.0
 11
1827.8059921540666
 21
472.6593292145145
 31
0.0
 11
1830.81133
 21
471.9999999999999
 31
0.0
  0
SPLINE
  5
F3
330
17
100
AcDbEntity
  8
0
100
AcDbSpline
 70
0
 71
3
 72
0
 73
0
 74
13
 11
1241.022453
 21
495.34883
 31
0.0
 11
1241.576698902332
 21
496.10328076461394
 31
0.0
 11
1241.539312
 21
497.0386879999999
 31
0.0
 11
1239.4907572215345
 21
500.02176328263766
 31
0.0
 11
1236.8865194796947
 21
501.8094732933636
 31
0.0
 11
1235.7939500738405
 21
501.85370245720543
 31
0.0
 11
1234.9145106178316
 21
501.3015181163506
 31
0.0
 11
1234.301857
 21
500.3442419999999
 31
0.0
 11
1234.2167642536015
 21
499.2925045827585
 31
0.0
 11
1235.4612251851056
 21
497.270217824069
 31
0.0
 11
1238.880449
 21
495.115563
 31
0.0
 11
1239.9807333564106
 21
494.96330752487404
 31
0.0
 11
1241.022453
 21
495.34883
 31
0.0
  0
SPLINE
  5
F4
330
17
100
AcDbEntity
  8
0
100
AcDbSpline
 70
0
 71
3
 72
0
 73
0
 74
21
 11
1216.117893
 21
491.0008749999999
 31
0.0
 11
1216.3323823548146
 21
491.1702041957346
 31
0.0
 11
1216.86499110196
 21
492.2873490544
 31
0.0
 11
1216.0166029997129
 21
493.7927400472311
 31
0.0
 11
1214.3725028795777
 21
495.5080906195315
 31
0.0
 11
1211.8430137653431
 21
497.22755296341063
 31
0.0
 11
1205.3803127330095
 21
500.159419861286
 31
0.0
 11
1198.055430133129
 21
502.26855267944745
 31
0.0
 11
1188.976553689781
 21
502.8765741771548
 31
0.0
 11
1173.296654
 21
502.2864779999999
 31
0.0
 11
1170.4713735861674
 21
501.6914393729774
 31
0.0
 11
1167.925843
 21
500.32888499999996
 31
0.0
 11
1167.2466561708163
 21
499.31207230781155
 31
0.0
 11
1167.3810703752251
 21
498.09149907839173
 31
0.0
 11
1171.2318417408644
 21
495.207859288752
 31
0.0
 11
1183.197354
 21
489.532638
 31
0.0
 11
1189.8547499437473
 21
487.5285730247889
 31
0.0
 11
1197.3401103881904
 21
487.12917006060945
 31
0.0
 11
1207.4680771078624
 21
487.81731337789995
 31
0.0
 11
1212.4716499586114
 21
488.92532863789074
 31
0.0
 11
1216.117893
 21
491.0008749999999
 31
0.0
  0
SPLINE
  5
F5
330
17
100
AcDbEntity
  8
0
100
AcDbSpline
 70
0
 71
3
 72
0
 73
0
 74
16
 11
1515.720556
 21
505.193868
 31
0.0
 11
1513.5661430674452
 21
505.7948742464192
 31
0.0
 11
1512.0473106512961
 21
505.46425153933893
 31
0.0
 11
1510.699563371888
 21
504.62947183301867
 31
0.0
 11
1508.9210036247036
 21
501.66313026078814
 31
0.0
 11
1508.753016471306
 21
498.9519005151039
 31
0.0
 11
1509.933847076181
 21
495.73628062799094
 31
0.0
 11
1512.1294425119422
 21
492.5754322448173
 31
0.0
 11
1514.685479
 21
490.508363
 31
0.0
 11
1516.902530406767
 21
490.0101526035486
 31
0.0
 11
1518.16383681306
 21
490.34680270466595
 31
0.0
 11
1518.766084561056
 21
491.08715775068794
 31
0.0
 11
1519.2200178969476
 21
495.597601512495
 31
0.0
 11
1517.714528188702
 21
501.93525439714693
 31
0.0
 11
1516.8026707238976
 21
504.1007932847454
 31
0.0
 11
1515.720556
 21
505.193868
 31
0.0
  0
SPLINE
  5
F6
330
17
100
AcDbEntity
  8
0
100
AcDbSpline
 70
0
 71
3
 72
0
 73
0
 74
18
 11
1424.72452
 21
487.8467030000001
 31
0.0
 11
1425.2083324357259
 21
488.02304588827934
 31
0.0
 11
1426.6397936502979
 21
489.4797189013673
 31
0.0
 11
1426.9645871312975
 21
491.6752258369838
 31
0.0
 11
1426.444306
 21
493.4521469999999
 31
0.0
 11
1423.819595554384
 21
497.95761106425806
 31
0.0
 11
1420.333989728852
 21
502.3598295940199
 31
0.0
 11
1417.0474242357366
 21
505.3354283479694
 31
0.0
 11
1414.4454687044285
 21
506.79014269171273
 31
0.0
 11
1412.333305
 21
506.57854999999995
 31
0.0
 11
1410.918235878077
 21
505.06551106640063
 31
0.0
 11
1410.6325433861034
 21
501.09197494263253
 31
0.0
 11
1411.3771002929277
 21
497.4392437286023
 31
0.0
 11
1412.9181387396977
 21
494.3052015497761
 31
0.0
 11
1415.235569757897
 21
491.5998326053651
 31
0.0
 11
1418.2638236558764
 21
489.4032504505154
 31
0.0
 11
1422.183003
 21
487.813425
 31
0.0
 11
1424.72452
 21
487.8467030000001
 31
0.0
  0
SPLINE
  5
F7
330
17
100
AcDbEntity
  8
0
100
AcDbSpline
 70
0
 71
3
 72
0
 73
0
 74
148
 11
688.8714239999535
 21
220.1724509999618
 31
0.0
 11
689.064606368989
 21
320.74805728563706
 31
0.0
 11
688.3841373749376
 21
338.80188796741294
 31
0.0
 11
689.1442940000001
 21
339.500325
 31
0.0
 11
690.3699520510547
 21
339.46757967286527
 31
0.0
 11
694.423937
 21
335.902508
 31
0.0
 11
694.8355856133401
 21
334.73981615940005
 31
0.0
 11
692.4036490996317
 21
332.0366895304144
 31
0.0
 11
692.0079732645377
 21
330.9530973492858
 31
0.0
 11
692.186215658778
 21
330.0924936683229
 31
0.0
 11
696.2649422188432
 21
325.59945236064203
 31
0.0
 11
706.7434074178635
 21
315.4774791048384
 31
0.0
 11
711.3664819999999
 21
309.5901659999999
 31
0.0
 11
712.2855322479893
 21
309.1812655758792
 31
0.0
 11
712.99545210517
 21
309.4172048965121
 31
0.0
 11
713.759134
 21
310.322663
 31
0.0
 11
714.6723058670874
 21
312.88248762800333
 31
0.0
 11
721.1909018132874
 21
333.74054468890006
 31
0.0
 11
723.5898125778222
 21
342.8437795112715
 31
0.0
 11
724.5887639085464
 21
348.68253323137094
 31
0.0
 11
725.8754153269431
 21
367.57294112425006
 31
0.0
 11
725.3581344865954
 21
368.63252613470956
 31
0.0
 11
722.3368406857212
 21
369.97936858179906
 31
0.0
 11
721.2068118259143
 21
371.4029113586723
 31
0.0
 11
721.052138
 21
373.83548
 31
0.0
 11
722.3428398572345
 21
377.12112058498445
 31
0.0
 11
721.780833
 21
379.242759
 31
0.0
 11
720.1705719999999
 21
381.02918400000004
 31
0.0
 11
714.2348056720925
 21
385.3976634166921
 31
0.0
 11
714.294509
 21
387.451127
 31
0.0
 11
712.4973219999999
 21
396.112465
 31
0.0
 11
711.1728579345611
 21
400.13616695712324
 31
0.0
 11
709.7790281755499
 21
402.615990574464
 31
0.0
 11
706.8389143823363
 21
405.8365084453504
 31
0.0
 11
700.0261277608998
 21
410.906969191382
 31
0.0
 11
697.6665299999999
 21
412.2295359999998
 31
0.0
 11
692.5232269999999
 21
414.1317669999999
 31
0.0
 11
696.0050266675516
 21
417.14624622987014
 31
0.0
 11
698.518365
 21
420.8583579999999
 31
0.0
 11
705.0
 21
432.9864309999999
 31
0.0
 11
705.936952399572
 21
435.960779417047
 31
0.0
 11
705.3588009105799
 21
437.9138713998701
 31
0.0
 11
702.1814009999999
 21
440.630315
 31
0.0
 11
701.549786
 21
441.610619
 31
0.0
 11
701.6327734461112
 21
448.5174272812849
 31
0.0
 11
701.0682810634561
 21
450.4226380022833
 31
0.0
 11
699.9145709261314
 21
451.62180626884157
 31
0.0
 11
697.3798868377139
 21
452.1080617935405
 31
0.0
 11
695.7417089999999
 21
451.449446
 31
0.0
 11
693.0968431188828
 21
448.9781215183733
 31
0.0
 11
689.336121
 21
444.1938969999999
 31
0.0
 11
688.6150373624037
 21
444.0448227517315
 31
0.0
 11
688.149147
 21
444.599118
 31
0.0
 11
688.076808
 21
446.420108
 31
0.0
 11
688.56092
 21
448.6273749999999
 31
0.0
 11
691.6756842907664
 21
455.2035283493439
 31
0.0
 11
696.3378376814624
 21
469.5733338353622
 31
0.0
 11
696.1185852018313
 21
472.4354778398549
 31
0.0
 11
694.656753
 21
473.192087
 31
0.0
 11
692.1540869790488
 21
472.46385005405267
 31
0.0
 11
689.70507608
 21
470.3397795525
 31
0.0
 11
684.857657954698
 21
464.4889529205855
 31
0.0
 11
684.1735266422872
 21
464.01452903880516
 31
0.0
 11
683.517701635756
 21
464.180957366793
 31
0.0
 11
683.0805997277265
 21
465.7878656999235
 31
0.0
 11
683.074012575045
 21
468.16397495398746
 31
0.0
 11
683.3322536034971
 21
469.71136882645686
 31
0.0
 11
684.8262412260507
 21
471.56385882887446
 31
0.0
 11
684.8874268259741
 21
477.3323428374641
 31
0.0
 11
684.067881259102
 21
482.2865067378869
 31
0.0
 11
682.063677
 21
486.013535
 31
0.0
 11
681.1027025253185
 21
486.72402348084347
 31
0.0
 11
679.8792595903185
 21
486.83986199015897
 31
0.0
 11
675.0168559999998
 21
484.059617
 31
0.0
 11
673.1269199797925
 21
484.15736305722
 31
0.0
 11
672.2237082306137
 21
485.2901097614009
 31
0.0
 11
671.5531639999999
 21
487.748694
 31
0.0
 11
668.2508299124078
 21
490.9144992621893
 31
0.0
 11
664.973215
 21
492.866883
 31
0.0
 11
653.535116
 21
507.333695
 31
0.0
 11
650.8218046535479
 21
508.9735858953641
 31
0.0
 11
648.8829208782946
 21
508.83406013987826
 31
0.0
 11
647.895736
 21
508.25
 31
0.0
 11
648.1777179999999
 21
491.871621
 31
0.0
 11
649.6121925679129
 21
488.3486551195624
 31
0.0
 11
653.926756
 21
481.994421
 31
0.0
 11
654.651324
 21
479.610609
 31
0.0
 11
653.9686769999998
 21
478.009779
 31
0.0
 11
650.833943155305
 21
476.552350509943
 31
0.0
 11
649.4985166346406
 21
475.37058551350367
 31
0.0
 11
649.076639
 21
473.813012
 31
0.0
 11
649.328168357248
 21
472.47725923682594
 31
0.0
 11
651.073472033288
 21
469.8465895536014
 31
0.0
 11
659.624793
 21
460.89329799999996
 31
0.0
 11
663.503973
 21
456.187638
 31
0.0
 11
663.9676347975602
 21
455.16120999663025
 31
0.0
 11
663.816833
 21
454.4097889999999
 31
0.0
 11
658.638460576631
 21
451.5468950037396
 31
0.0
 11
657.227405345744
 21
449.91513139958005
 31
0.0
 11
657.3119402284749
 21
447.8527777836392
 31
0.0
 11
660.88097523068
 21
442.98189254363996
 31
0.0
 11
662.0
 21
440.204159
 31
0.0
 11
661.0812277801516
 21
438.3271661684114
 31
0.0
 11
657.6285889999999
 21
435.703048
 31
0.0
 11
657.282711
 21
433.893232
 31
0.0
 11
658.6371
 21
431.50118699999996
 31
0.0
 11
665.632312255884
 21
424.6691565441419
 31
0.0
 11
666.7905601917666
 21
422.07051880987757
 31
0.0
 11
665.6954849999998
 21
417.90496299999984
 31
0.0
 11
664.698775
 21
416.690027
 31
0.0
 11
663.3542259999999
 21
416.54241
 31
0.0
 11
659.2393005807984
 21
418.5685671571242
 31
0.0
 11
657.7303728308939
 21
418.71151977740305
 31
0.0
 11
655.8029382995775
 21
417.19479975393
 31
0.0
 11
655.2355483690499
 21
415.60586681095947
 31
0.0
 11
655.3301481538987
 21
414.5250341709943
 31
0.0
 11
656.36149906011
 21
412.56642340082
 31
0.0
 11
658.4635803162574
 21
410.26344043080155
 31
0.0
 11
676.8881719999999
 21
393.5
 31
0.0
 11
681.0854536730548
 21
350.39066572737823
 31
0.0
 11
681.0447928006931
 21
214.89387593471676
 31
0.0
 11
680.905971118389
 21
194.9554269260762
 31
0.0
 11
680.2844464180035
 21
181.67282787474682
 31
0.0
 11
679.7163795892375
 21
180.85057037896246
 31
0.0
 11
678.7683654701865
 21
180.5342216135185
 31
0.0
 11
677.6231983714351
 21
180.86181297735223
 31
0.0
 11
676.377926490613
 21
181.97964509841964
 31
0.0
 11
670.114810407466
 21
197.46394312351464
 31
0.0
 11
658.6405790000001
 21
220.63276200000004
 31
0.0
 11
657.573607100639
 21
221.96630716468806
 31
0.0
 11
656.085731
 21
222.8047560000001
 31
0.0
 11
655.2795897151525
 21
222.74672945421958
 31
0.0
 11
655.1342339999999
 21
221.817283
 31
0.0
 11
657.127877498171
 21
212.0374009259705
 31
0.0
 11
661.6648740653565
 21
184.8798374183435
 31
0.0
 11
669.406979
 21
163.904639
 31
0.0
 11
678.834791584985
 21
132.80168810018026
 31
0.0
 11
679.8107000114504
 21
123.83018008746585
 31
0.0
 11
680.5384642547317
 21
111.39883670031551
 31
0.0
 11
681.2754088543649
 21
67.71530831777706
 31
0.0
 11
682.1652931839516
 21
40.563574541832715
 31
0.0
 11
683.1268399999999
 21
34.63703499999999
 31
0.0
 11
683.8884066724378
 21
33.78679063600587
 31
0.0
 11
685.7479839732443
 21
33.42618381214976
 31
0.0
 11
687.376994
 21
33.59117199999996
 31
0.0
 11
688.0445800000016
 21
34.55037800000412
 31
0.0
 11
688.5796420880574
 21
91.57039363765494
 31
0.0
 11
688.8714239999535
 21
220.1724509999618
 31
0.0
  0
LWPOLYLINE
  5
F8
330
17
100
AcDbEntity
  8
0
100
AcDbPolyline
 90
2
 70
1
 10
1615.429291
 20
497.8212129999999
 10
1615.429291
 20
497.82121299999983
  0
SPLINE
  5
F9
330
17
100
AcDbEntity
  8
0
100
AcDbSpline
 70
0
 71
3
 72
0
 73
0
 74
14
 11
1471.984431
 21
505.0
 31
0.0
 11
1473.820416
 21
505.656834
 31
0.0
 11
1477.459117876437
 21
509.361115914794
 31
0.0
 11
1478.6804929393668
 21
511.12244472816656
 31
0.0
 11
1478.8000122383448
 21
511.9555387201082
 31
0.0
 11
1478.400586
 21
512.828396
 31
0.0
 11
1476.859515
 21
513.599124
 31
0.0
 11
1474.9640661191645
 21
513.8044501817961
 31
0.0
 11
1473.2599738218876
 21
513.1945514108256
 31
0.0
 11
1471.934755207699
 21
511.948384076422
 31
0.0
 11
1470.4119496233568
 21
509.5887817222611
 31
0.0
 11
1469.8201668696968
 21
507.4526953825137
 31
0.0
 11
1470.2576855404645
 21
505.84376484354857
 31
0.0
 11
1471.984431
 21
505.0
 31
0.0
  0
SPLINE
  5
FA
330
17
100
AcDbEntity
  8
0
100
AcDbSpline
 70
0
 71
3
 72
0
 73
0
 74
20
 11
1277.331683
 21
496.1643669999999
 31
0.0
 11
1278.50113784681
 21
496.20752326816006
 31
0.0
 11
1280.5462251775316
 21
497.2054726828304
 31
0.0
 11
1281.5902787840719
 21
498.72843454958104
 31
0.0
 11
1281.6706816524668
 21
500.0781853970319
 31
0.0
 11
1279.73118664703
 21
503.66684249362464
 31
0.0
 11
1276.1563562833787
 21
507.56544002284954
 31
0.0
 11
1271.6427725650824
 21
510.76741264656374
 31
0.0
 11
1265.724688
 21
513.407629
 31
0.0
 11
1259.7657984193386
 21
514.8418758723251
 31
0.0
 11
1257.6234353257362
 21
514.8781072382785
 31
0.0
 11
1256.8462037255113
 21
514.4488315567045
 31
0.0
 11
1256.4613987586547
 21
513.1694953861787
 31
0.0
 11
1257.670387623727
 21
510.0539156993247
 31
0.0
 11
1260.42252032279
 21
506.18443946381893
 31
0.0
 11
1263.449756
 21
503.0274329999999
 31
0.0
 11
1266.89738058952
 21
500.30930244390004
 31
0.0
 11
1270.686081
 21
498.091173
 31
0.0
 11
1273.922682479978
 21
496.83046570332596
 31
0.0
 11
1277.331683
 21
496.1643669999999
 31
0.0
  0
SPLINE
  5
FB
330
17
100
AcDbEntity
  8
0
100
AcDbSpline
 70
0
 71
3
 72
0
 73
0
 74
170
 11
697.4322859999992
 21
192.0414060000003
 31
0.0
 11
696.0108580477765
 21
174.02034003053404
 31
0.0
 11
695.1060489292736
 21
150.1863162446317
 31
0.0
 11
694.390429094543
 21
108.95452174647964
 31
0.0
 11
694.3917287835579
 21
72.30546020028353
 31
0.0
 11
695.3057959999999
 21
54.500000000000064
 31
0.0
 11
696.8832744695625
 21
39.17643025137499
 31
0.0
 11
697.8417836330136
 21
35.67617550835425
 31
0.0
 11
699.1942849999999
 21
33.98638499999993
 31
0.0
 11
700.9069028207962
 21
33.49586014160586
 31
0.0
 11
701.7997544979115
 21
33.788146005835
 31
0.0
 11
702.440178
 21
34.52429200000002
 31
0.0
 11
702.9800406731799
 21
37.8361951388
 31
0.0
 11
702.7659389049013
 21
45.04284846112748
 31
0.0
 11
700.5125013830651
 21
76.17478092691468
 31
0.0
 11
700.0384819999999
 21
90.2382719999999
 31
0.0
 11
701.1386414323232
 21
141.13053273532063
 31
0.0
 11
703.3145629357222
 21
179.16104786177314
 31
0.0
 11
707.9695137571143
 21
222.03802242313435
 31
0.0
 11
717.5591757793376
 21
276.5304024979875
 31
0.0
 11
718.073849
 21
281.429517
 31
0.0
 11
719.6453000770706
 21
284.8697868299326
 31
0.0
 11
720.8356580366338
 21
295.2748172625777
 31
0.0
 11
728.9289465888227
 21
326.8541696839713
 31
0.0
 11
733.2477372683119
 21
338.24938594071557
 31
0.0
 11
735.807289983108
 21
342.948903154844
 31
0.0
 11
741.250329
 21
351.411516
 31
0.0
 11
744.1835980399817
 21
357.9684620918161
 31
0.0
 11
746.226427
 21
358.98495
 31
0.0
 11
755.4198769999999
 21
361.672834
 31
0.0
 11
759.755558
 21
363.651147
 31
0.0
 11
763.7649001942065
 21
366.52251625590804
 31
0.0
 11
766.9028627857077
 21
370.0871251015494
 31
0.0
 11
771.504272
 21
372.028125
 31
0.0
 11
778.900074
 21
377.779612
 31
0.0
 11
784.3339918037689
 21
378.8011052228478
 31
0.0
 11
796.9102333648871
 21
382.53337042016176
 31
0.0
 11
800.7315176626499
 21
384.2837627001525
 31
0.0
 11
802.774946
 21
386.29776
 31
0.0
 11
802.83202922232
 21
387.96405497534397
 31
0.0
 11
800.809316218183
 21
389.942770959796
 31
0.0
 11
797.582064
 21
391.576072
 31
0.0
 11
794.4164268971574
 21
392.11009728901985
 31
0.0
 11
793.5560731951698
 21
392.85296895256744
 31
0.0
 11
794.475594306114
 21
394.3672038093828
 31
0.0
 11
799.4934975425966
 21
397.2185997837788
 31
0.0
 11
799.8249559999999
 21
398.6948240000001
 31
0.0
 11
798.9244866501571
 21
400.00134790131045
 31
0.0
 11
795.5157146509098
 21
400.7774067377609
 31
0.0
 11
790.9421714321634
 21
400.77970653474193
 31
0.0
 11
781.2445618088317
 21
398.38517674976214
 31
0.0
 11
779.6945022553707
 21
398.85622454087616
 31
0.0
 11
778.6823779999999
 21
400.18101
 31
0.0
 11
778.7176450606227
 21
401.042994789609
 31
0.0
 11
779.9289876193777
 21
402.4051060943845
 31
0.0
 11
790.1546626627319
 21
409.569903598758
 31
0.0
 11
795.6695707153006
 21
414.53068767696004
 31
0.0
 11
795.7238582114209
 21
415.33779900681805
 31
0.0
 11
795.0939324946419
 21
416.0306906607019
 31
0.0
 11
792.4578789148841
 21
417.4596947771537
 31
0.0
 11
791.2047520635326
 21
417.4709595245872
 31
0.0
 11
787.7184983969701
 21
416.239184077931
 31
0.0
 11
786.59853858413
 21
416.32641321250003
 31
0.0
 11
786.009699
 21
417.6333689999999
 31
0.0
 11
786.4874518305959
 21
419.2246787257263
 31
0.0
 11
796.4839397395742
 21
428.8644111145105
 31
0.0
 11
805.7067361828001
 21
436.1090182616384
 31
0.0
 11
807.906800699796
 21
438.70479289390397
 31
0.0
 11
807.9143216363925
 21
439.64851995183665
 31
0.0
 11
807.4018885711199
 21
440.51975934570464
 31
0.0
 11
805.1007275258378
 21
441.39488594439325
 31
0.0
 11
800.82390156754
 21
440.98108327115744
 31
0.0
 11
790.850696198967
 21
438.34463286012647
 31
0.0
 11
789.1540109335449
 21
438.8426051885739
 31
0.0
 11
789.153900303705
 21
440.40983406518245
 31
0.0
 11
792.8354191630101
 21
445.3235942565999
 31
0.0
 11
794.614709
 21
450.093962
 31
0.0
 11
795.8660419386138
 21
451.510520172504
 31
0.0
 11
801.2517742844079
 21
454.018838330736
 31
0.0
 11
815.0401530853336
 21
458.8572074080524
 31
0.0
 11
817.7336203508979
 21
460.32244097800464
 31
0.0
 11
819.5593159999999
 21
462.3074639999999
 31
0.0
 11
819.5404278603155
 21
463.7250401856647
 31
0.0
 11
816.371793
 21
467.7492599999999
 31
0.0
 11
816.4534590193259
 21
468.69836283641314
 31
0.0
 11
817.7053739999999
 21
470.703748
 31
0.0
 11
817.9052376850143
 21
473.1619873441528
 31
0.0
 11
817.3356947459567
 21
474.99465280643125
 31
0.0
 11
815.3493780936076
 21
477.4639161853865
 31
0.0
 11
815.0541055106396
 21
479.736086545464
 31
0.0
 11
817.120882
 21
482.8387309999999
 31
0.0
 11
825.7245936134623
 21
489.77902473457436
 31
0.0
 11
826.9269843800832
 21
492.3732462673176
 31
0.0
 11
826.7661824890691
 21
493.5676738475004
 31
0.0
 11
825.4779737247599
 21
495.47585723448
 31
0.0
 11
821.4999999999999
 21
498.8711349999999
 31
0.0
 11
832.8241969055259
 21
510.168133381246
 31
0.0
 11
841.8253399999999
 21
517.963598
 31
0.0
 11
843.6561139510937
 21
520.936236646926
 31
0.0
 11
843.1644233572827
 21
522.8634648534202
 31
0.0
 11
840.7525775999492
 21
523.9137712250066
 31
0.0
 11
836.3603254588949
 21
522.451780322804
 31
0.0
 11
827.8520359700623
 21
521.3540847380967
 31
0.0
 11
825.845673
 21
520.3184809999998
 31
0.0
 11
823.1633423974408
 21
518.2248283054487
 31
0.0
 11
811.750614941456
 21
507.59071371412597
 31
0.0
 11
810.333284926748
 21
507.27310082314403
 31
0.0
 11
806.3575052775192
 21
508.7969522670331
 31
0.0
 11
805.427338679441
 21
508.58658219506
 31
0.0
 11
804.045654
 21
507.541316
 31
0.0
 11
800.9998830924452
 21
502.5611714254738
 31
0.0
 11
795.8548179509501
 21
490.3050917119705
 31
0.0
 11
794.7678906932911
 21
486.6705508141622
 31
0.0
 11
793.8893825491555
 21
486.35103914884075
 31
0.0
 11
790.8282753598758
 21
486.61683891789505
 31
0.0
 11
788.152317
 21
485.1023289999999
 31
0.0
 11
786.507514
 21
482.5610969999999
 31
0.0
 11
784.8342349999999
 21
476.465729
 31
0.0
 11
783.800095
 21
475.2216709999999
 31
0.0
 11
782.5082959999999
 21
475.22377599999993
 31
0.0
 11
780.5112155466337
 21
476.96837102874025
 31
0.0
 11
779.3005863896706
 21
477.5159174361397
 31
0.0
 11
777.9741518619317
 21
477.4739941834383
 31
0.0
 11
776.4347
 21
476.325098
 31
0.0
 11
774.420529
 21
471.6748769999999
 31
0.0
 11
771.570918
 21
458.9004080000001
 31
0.0
 11
770.3533851211514
 21
455.05628745707673
 31
0.0
 11
768.8806221778589
 21
452.12184094319696
 31
0.0
 11
764.7471633293516
 21
446.4458367565014
 31
0.0
 11
762.8081889999999
 21
442.23644599999994
 31
0.0
 11
762.0309434056912
 21
442.08332865857125
 31
0.0
 11
761.2984175571146
 21
443.09056086889916
 31
0.0
 11
760.8463913423886
 21
448.5104732985207
 31
0.0
 11
760.0141367948407
 21
450.2060794877863
 31
0.0
 11
758.5296139999999
 21
451.168461
 31
0.0
 11
756.5422949999999
 21
451.6473110000001
 31
0.0
 11
754.785615
 21
451.2411849999999
 31
0.0
 11
753.7998494077791
 21
450.3829613720511
 31
0.0
 11
753.062205
 21
448.183304
 31
0.0
 11
751.7318407881548
 21
433.26880244137
 31
0.0
 11
751.5376395595574
 21
425.8276981072827
 31
0.0
 11
750.799421
 21
425.4766820000001
 31
0.0
 11
749.5565035847685
 21
425.77745707494495
 31
0.0
 11
746.3027840803376
 21
428.82380200304743
 31
0.0
 11
744.705590787519
 21
429.74408753457243
 31
0.0
 11
743.1980767716371
 21
429.7747580629753
 31
0.0
 11
742.112628983891
 21
428.753394634084
 31
0.0
 11
741.7397049999998
 21
425.941323
 31
0.0
 11
742.1707619999999
 21
411.969296
 31
0.0
 11
736.1330822387795
 21
409.1785247378628
 31
0.0
 11
734.6720009996793
 21
408.01854490021697
 31
0.0
 11
734.2067920806438
 21
406.79708983950644
 31
0.0
 11
736.3583051873322
 21
380.9741975971565
 31
0.0
 11
737.296153
 21
375.6887680000001
 31
0.0
 11
735.8747063186231
 21
369.832574166406
 31
0.0
 11
730.4166435697443
 21
352.8491018570458
 31
0.0
 11
728.814821
 21
345.347525
 31
0.0
 11
716.6664448790518
 21
307.41688841319905
 31
0.0
 11
715.745213
 21
301.663784
 31
0.0
 11
714.7579900000001
 21
300.124135
 31
0.0
 11
714.0016297718812
 21
297.55851204650895
 31
0.0
 11
712.1904621105696
 21
285.67703771819686
 31
0.0
 11
711.2097118676476
 21
273.12824578839127
 31
0.0
 11
710.6721602845807
 21
270.4423690177723
 31
0.0
 11
709.5107059999999
 21
268.0546820000001
 31
0.0
 11
707.8237889999999
 21
259.87007199999994
 31
0.0
 11
705.0348237213012
 21
242.4944964748983
 31
0.0
 11
702.486836
 21
229.49245399999998
 31
0.0
 11
698.9468234896618
 21
207.36118111906518
 31
0.0
 11
697.4322859999992
 21
192.0414060000003
 31
0.0
  0
SPLINE
  5
FC
330
17
100
AcDbEntity
  8
0
100
AcDbSpline
 70
0
 71
3
 72
0
 73
0
 74
18
 11
1283.886744
 21
533.5251120000001
 31
0.0
 11
1281.563144
 21
534.915406
 31
0.0
 11
1277.677195
 21
535.776274
 31
0.0
 11
1268.429645493643
 21
535.9660231445514
 31
0.0
 11
1254.611826118
 21
534.1317659021731
 31
0.0
 11
1250.821376
 21
532.275958
 31
0.0
 11
1250.2113798310988
 21
531.0830503244005
 31
0.0
 11
1250.810925
 21
529.884856
 31
0.0
 11
1253.0852417180604
 21
528.491626398118
 31
0.0
 11
1258.354770630021
 21
526.8691134673351
 31
0.0
 11
1265.0720084942325
 21
526.3090103074824
 31
0.0
 11
1274.6463264131007
 21
526.5222349467845
 31
0.0
 11
1280.125244849059
 21
527.4255628681052
 31
0.0
 11
1283.353463
 21
529.019406
 31
0.0
 11
1284.3194996166267
 21
530.075596356356
 31
0.0
 11
1284.756505244528
 21
531.269443898752
 31
0.0
 11
1284.5789401426612
 21
532.4713855580393
 31
0.0
 11
1283.886744
 21
533.5251120000001
 31
0.0
  0
SPLINE
  5
FD
330
17
100
AcDbEntity
  8
0
100
AcDbSpline
 70
0
 71
3
 72
0
 73
0
 74
26
 11
1810.571947
 21
519.097481
 31
0.0
 11
1817.4141054822812
 21
514.9448151485907
 31
0.0
 11
1822.6601961101717
 21
512.4472124921896
 31
0.0
 11
1836.7127120877165
 21
507.21230648399404
 31
0.0
 11
1839.3572481199408
 21
506.4517411505618
 31
0.0
 11
1842.015808
 21
506.27391699999987
 31
0.0
 11
1843.529832264622
 21
506.92105288996163
 31
0.0
 11
1844.5231094025676
 21
508.55217252698503
 31
0.0
 11
1844.735702
 21
512.5774230000001
 31
0.0
 11
1843.1812066092
 21
516.036511033478
 31
0.0
 11
1842.6934327177441
 21
519.6648875390079
 31
0.0
 11
1841.793024
 21
521.9373559999999
 31
0.0
 11
1839.1294531164185
 21
525.921891986433
 31
0.0
 11
1835.5413402962226
 21
529.6934871881575
 31
0.0
 11
1831.2500701715323
 21
532.9868362765448
 31
0.0
 11
1826.5
 21
535.564568
 31
0.0
 11
1822.133091203421
 21
537.1935536054705
 31
0.0
 11
1815.634263
 21
538.3628919999999
 31
0.0
 11
1803.4667743742575
 21
538.9775034153929
 31
0.0
 11
1799.762696148112
 21
538.6150561359868
 31
0.0
 11
1797.9614470727943
 21
537.4308128335315
 31
0.0
 11
1797.467439967645
 21
536.0748955957899
 31
0.0
 11
1797.7908881574508
 21
534.3660478255572
 31
0.0
 11
1801.171005608504
 21
528.031666884631
 31
0.0
 11
1805.2911115073348
 21
523.3874669035163
 31
0.0
 11
1810.571947
 21
519.097481
 31
0.0
  0
LWPOLYLINE
  5
FE
330
17
100
AcDbEntity
  8
0
100
AcDbPolyline
 90
2
 70
1
 10
1376.622722
 20
511.240596
 10
1376.622722
 20
511.24059600000004
  0
SPLINE
  5
FF
330
17
100
AcDbEntity
  8
0
100
AcDbSpline
 70
0
 71
3
 72
0
 73
0
 74
12
 11
1211.192778
 21
539.7030389999998
 31
0.0
 11
1210.74145
 21
538.9341559999999
 31
0.0
 11
1211.518511
 21
538.190434
 31
0.0
 11
1219.978331
 21
537.071578
 31
0.0
 11
1224.3171000875727
 21
537.6242043452806
 31
0.0
 11
1226.165647
 21
538.419042
 31
0.0
 11
1226.816868044548
 21
539.3968175241889
 31
0.0
 11
1226.6776180450531
 21
540.202971212662
 31
0.0
 11
1225.812978
 21
541.0512640000001
 31
0.0
 11
1222.6174575572236
 21
541.6565184553375
 31
0.0
 11
1217.45937589625
 21
541.1138222471875
 31
0.0
 11
1211.192778
 21
539.7030389999998
 31
0.0
  0
SPLINE
  5
100
330
17
100
AcDbEntity
  8
0
100
AcDbSpline
 70
0
 71
3
 72
0
 73
0
 74
17
 11
1856.502215
 21
536.471522
 31
0.0
 11
1857.714251
 21
537.6241089999999
 31
0.0
 11
1857.431981
 21
539.4125209999999
 31
0.0
 11
1854.210874098075
 21
543.0979546664412
 31
0.0
 11
1850.9997597803613
 21
545.7427606497874
 31
0.0
 11
1847.743200907097
 21
547.4728515500809
 31
0.0
 11
1844.2061855729796
 21
548.7363620756679
 31
0.0
 11
1841.8269219105885
 21
548.7501514128159
 31
0.0
 11
1840.117325
 21
547.6413679999999
 31
0.0
 11
1839.7137215101761
 21
546.3754593329635
 31
0.0
 11
1840.6997096408065
 21
544.1389585705724
 31
0.0
 11
1843.0383350812992
 21
541.577270566325
 31
0.0
 11
1845.604504935592
 21
539.643872275256
 31
0.0
 11
1848.322051096681
 21
537.9907003829072
 31
0.0
 11
1851.5906170644032
 21
536.6664432624842
 31
0.0
 11
1854.010832
 21
536.237099
 31
0.0
 11
1856.502215
 21
536.471522
 31
0.0
  0
SPLINE
  5
101
330
17
100
AcDbEntity
  8
0
100
AcDbSpline
 70
0
 71
3
 72
0
 73
0
 74
14
 11
1350.124484
 21
547.053515
 31
0.0
 11
1349.0898874974364
 21
549.0161971741697
 31
0.0
 11
1346.7389257071334
 21
549.8901923806142
 31
0.0
 11
1345.4331368883152
 21
549.4307508684807
 31
0.0
 11
1343.39243
 21
547.4833389999999
 31
0.0
 11
1341.9619133927115
 21
545.5608909337784
 31
0.0
 11
1341.171318696692
 21
543.348415257296
 31
0.0
 11
1341.114017059709
 21
541.1537164885192
 31
0.0
 11
1342.1771707318862
 21
538.9236844357006
 31
0.0
 11
1343.1120262773434
 21
538.3307082593934
 31
0.0
 11
1344.5239595019368
 21
538.1684169009869
 31
0.0
 11
1346.834574
 21
539.2120489999999
 31
0.0
 11
1349.403197
 21
542.926041
 31
0.0
 11
1350.124484
 21
547.053515
 31
0.0
  0
SPLINE
  5
102
330
17
100
AcDbEntity
  8
0
100
AcDbSpline
 70
0
 71
3
 72
0
 73
0
 74
39
 11
1357.212310999998
 21
496.3123899999995
 31
0.0
 11
1313.591229
 21
492.2328849999998
 31
0.0
 11
1271.9986979999999
 21
487.13173499999994
 31
0.0
 11
1269.529728434844
 21
486.1042145012958
 31
0.0
 11
1269.761629
 21
484.89518899999985
 31
0.0
 11
1270.8401795678456
 21
483.7169081129715
 31
0.0
 11
1273.8582314834132
 21
483.14635070473423
 31
0.0
 11
1278.5277273728457
 21
483.06719506517015
 31
0.0
 11
1321.5408670537622
 21
484.6955953077351
 31
0.0
 11
1352.4936039914396
 21
486.6652322548445
 31
0.0
 11
1392.6986795688094
 21
488.32576858246483
 31
0.0
 11
1396.37437763183
 21
488.6333881912875
 31
0.0
 11
1398.3385334951909
 21
489.6327717039212
 31
0.0
 11
1397.593148
 21
490.309662
 31
0.0
 11
1387.967003
 21
494.6488579999999
 31
0.0
 11
1373.5312974496962
 21
502.6187361509176
 31
0.0
 11
1358.9088629508474
 21
511.3544683745598
 31
0.0
 11
1332.9244814123513
 21
528.1537067486786
 31
0.0
 11
1330.1313046211571
 21
529.8504416129656
 31
0.0
 11
1328.2412897834436
 21
530.5253857551663
 31
0.0
 11
1325.1595289961617
 21
532.8412524503688
 31
0.0
 11
1310.2790558435888
 21
540.3235899970232
 31
0.0
 11
1299.0877815288009
 21
544.8283678573375
 31
0.0
 11
1286.375662001363
 21
548.444977391544
 31
0.0
 11
1277.0191534163923
 21
549.9394507303629
 31
0.0
 11
1274.7974056498724
 21
549.6359126541096
 31
0.0
 11
1273.4794085240792
 21
548.7016792546011
 31
0.0
 11
1273.1842470472498
 21
547.63650582165
 31
0.0
 11
1273.5604798957881
 21
546.5214780998551
 31
0.0
 11
1275.7323956064208
 21
544.5927179723241
 31
0.0
 11
1282.5893741895507
 21
543.1810148980783
 31
0.0
 11
1295.0541549144796
 21
538.9686256705095
 31
0.0
 11
1310.82163122164
 21
530.65740033206
 31
0.0
 11
1325.5079552057662
 21
521.9431415880988
 31
0.0
 11
1342.347594
 21
510.89449199999984
 31
0.0
 11
1351.613046
 21
504.028344
 31
0.0
 11
1358.1315599582726
 21
498.417995075324
 31
0.0
 11
1358.278098392113
 21
497.10741501712835
 31
0.0
 11
1357.212310999998
 21
496.3123899999995
 31
0.0
  0
LWPOLYLINE
  5
103
330
17
100
AcDbEntity
  8
0
100
AcDbPolyline
 90
2
 70
1
 10
1673.0
 20
547.4999999999998
 10
1673.0
 20
547.4999999999997
  0
SPLINE
  5
104
330
17
100
AcDbEntity
  8
0
100
AcDbSpline
 70
0
 71
3
 72
0
 73
0
 74
18
 11
1582.17094
 21
554.22906
 31
0.0
 11
1579.9378524818044
 21
554.9841867520636
 31
0.0
 11
1574.9946131609895
 21
555.6359540509103
 31
0.0
 11
1569.8511915117424
 21
555.7888251660248
 31
0.0
 11
1566.609459792574
 21
555.3168753624459
 31
0.0
 11
1562.5
 21
553.7130770000001
 31
0.0
 11
1558.3006082394754
 21
551.4007102458585
 31
0.0
 11
1555.9033453968186
 21
549.2545312406689
 31
0.0
 11
1555.325442586966
 21
547.3667840864405
 31
0.0
 11
1556.7459350978324
 21
546.0871837771596
 31
0.0
 11
1559.1605405807748
 21
545.9795736377794
 31
0.0
 11
1570.4090127667312
 21
546.3209232513253
 31
0.0
 11
1576.0547851676858
 21
547.2008992152729
 31
0.0
 11
1579.5713576577987
 21
548.5645539775658
 31
0.0
 11
1581.8355087140687
 21
550.2279534781009
 31
0.0
 11
1582.8183442008637
 21
552.0891748095108
 31
0.0
 11
1582.8101619107363
 21
553.0371583181969
 31
0.0
 11
1582.17094
 21
554.22906
 31
0.0
  0
SPLINE
  5
105
330
17
100
AcDbEntity
  8
0
100
AcDbSpline
 70
0
 71
3
 72
0
 73
0
 74
95
 11
1772.924542
 21
438.063299
 31
0.0
 11
1771.121809412187
 21
438.65346510120764
 31
0.0
 11
1762.4569190324805
 21
442.10194016998383
 31
0.0
 11
1758.686954
 21
444.7934179999999
 31
0.0
 11
1756.866722
 21
448.180616
 31
0.0
 11
1756.3266515244256
 21
451.71155053604986
 31
0.0
 11
1756.3600434453292
 21
454.5647585999185
 31
0.0
 11
1756.955289
 21
459.5080309999999
 31
0.0
 11
1758.4402872559986
 21
466.63816456651097
 31
0.0
 11
1767.0700334378946
 21
502.50249186852
 31
0.0
 11
1769.106532
 21
508.8970599999999
 31
0.0
 11
1774.1536734848446
 21
529.0416940752355
 31
0.0
 11
1776.9904018300742
 21
538.3077301724157
 31
0.0
 11
1778.619446787536
 21
551.2298041610959
 31
0.0
 11
1778.611123
 21
557.7534309999999
 31
0.0
 11
1778.0534219401316
 21
558.3113373044832
 31
0.0
 11
1773.686283043912
 21
558.0095374638939
 31
0.0
 11
1765.323854
 21
556.010117
 31
0.0
 11
1762.836793
 21
540.792736
 31
0.0
 11
1759.6259259556
 21
530.4393747826249
 31
0.0
 11
1751.1630990387357
 21
510.57778453230753
 31
0.0
 11
1748.694169
 21
503.12542999999994
 31
0.0
 11
1741.7633792118434
 21
487.3285881025926
 31
0.0
 11
1737.2456468013083
 21
478.0266908717612
 31
0.0
 11
1734.8715640501534
 21
473.80357357629066
 31
0.0
 11
1732.4729463110298
 21
470.6791755489706
 31
0.0
 11
1730.353246
 21
466.04709499999996
 31
0.0
 11
1720.978354
 21
439.550579
 31
0.0
 11
1742.337810921512
 21
418.4824171104121
 31
0.0
 11
1750.718387
 21
411.59814900000003
 31
0.0
 11
1764.380055
 21
401.72405399999997
 31
0.0
 11
1769.0721823870224
 21
397.470318224295
 31
0.0
 11
1773.2644569075774
 21
392.72886412234254
 31
0.0
 11
1779.6350706139065
 21
383.1263024700988
 31
0.0
 11
1781.7558517929033
 21
379.161106925899
 31
0.0
 11
1783.138028442
 21
375.55829645439997
 31
0.0
 11
1784.0745335677384
 21
370.1369956669128
 31
0.0
 11
1785.5570706709495
 21
350.57453312679917
 31
0.0
 11
1786.838982806666
 21
340.7230534115456
 31
0.0
 11
1790.6428390559167
 21
338.26630489003185
 31
0.0
 11
1802.036881378291
 21
333.03562449650366
 31
0.0
 11
1814.20317602979
 21
322.0533553611665
 31
0.0
 11
1818.141041120055
 21
319.0805093846559
 31
0.0
 11
1819.934104633053
 21
319.19789921352094
 31
0.0
 11
1822.3598233199104
 21
320.67298776025973
 31
0.0
 11
1828.6856262892725
 21
325.67564868679847
 31
0.0
 11
1833.407077058055
 21
330.14110751587504
 31
0.0
 11
1839.2171813397383
 21
337.47243192959826
 31
0.0
 11
1841.7583576513323
 21
341.85457134870893
 31
0.0
 11
1843.7870270007209
 21
346.34725931809106
 31
0.0
 11
1845.207652751645
 21
351.137628357225
 31
0.0
 11
1844.884181
 21
356.558229
 31
0.0
 11
1843.834144151168
 21
360.9191506469978
 31
0.0
 11
1842.312364287117
 21
363.57368332883516
 31
0.0
 11
1841.747277
 21
367.379869
 31
0.0
 11
1840.342956
 21
370.168834
 31
0.0
 11
1839.5191409020206
 21
375.054336347743
 31
0.0
 11
1840.08064
 21
379.243695
 31
0.0
 11
1841.1626598226078
 21
381.32730572964397
 31
0.0
 11
1842.922396
 21
382.88150299999995
 31
0.0
 11
1846.9905821057384
 21
384.35535642760055
 31
0.0
 11
1852.7068378911958
 21
384.42717097948
 31
0.0
 11
1861.864502
 21
383.5334430000001
 31
0.0
 11
1865.254654
 21
383.802355
 31
0.0
 11
1867.249798
 21
384.7645580000001
 31
0.0
 11
1868.0
 21
386.354854
 31
0.0
 11
1867.641112452298
 21
388.0532742960701
 31
0.0
 11
1866.62581
 21
389.4613200000001
 31
0.0
 11
1850.7576753474557
 21
403.5353316032882
 31
0.0
 11
1837.886180265725
 21
414.0603169081394
 31
0.0
 11
1820.4108944397651
 21
426.69464460970096
 31
0.0
 11
1816.9501274070622
 21
429.6731872625999
 31
0.0
 11
1815.1660271116775
 21
431.74112413275486
 31
0.0
 11
1815.064536115729
 21
433.26337933483234
 31
0.0
 11
1815.5591900638024
 21
434.45944906501126
 31
0.0
 11
1820.548859274486
 21
438.5557961717339
 31
0.0
 11
1826.005035198598
 21
441.4449272039197
 31
0.0
 11
1837.754506
 21
446.356629
 31
0.0
 11
1841.190134
 21
448.47271500000016
 31
0.0
 11
1841.858320597488
 21
449.28958358919607
 31
0.0
 11
1842.1369764503067
 21
450.8026987470356
 31
0.0
 11
1841.758238624476
 21
451.70703919598066
 31
0.0
 11
1840.880058109472
 21
452.4127271556349
 31
0.0
 11
1837.665378791049
 21
452.50896478701384
 31
0.0
 11
1829.5135394721983
 21
450.08139037196514
 31
0.0
 11
1820.159272
 21
446.53909599999986
 31
0.0
 11
1813.6902257025774
 21
443.1155059642967
 31
0.0
 11
1810.2724469004581
 21
440.58792014374046
 31
0.0
 11
1806.730274
 21
436.50152799999995
 31
0.0
 11
1805.4418309502296
 21
433.735532513717
 31
0.0
 11
1804.755987
 21
428.5948320000001
 31
0.0
 11
1803.944924
 21
427.8092519999999
 31
0.0
 11
1802.36621
 21
427.940472
 31
0.0
 11
1790.1438810894408
 21
432.6624247265048
 31
0.0
 11
1772.924542
 21
438.063299
 31
0.0
  0
SPLINE
  5
106
330
17
100
AcDbEntity
  8
0
100
AcDbSpline
 70
0
 71
3
 72
0
 73
0
 74
12
 11
1402.531573
 21
555.826652
 31
0.0
 11
1402.7596800242723
 21
556.364721194881
 31
0.0
 11
1402.3120988029368
 21
557.0717821538427
 31
0.0
 11
1401.0636351202852
 21
558.4316067318633
 31
0.0
 11
1399.571819
 21
559.3375530000001
 31
0.0
 11
1396.328984872548
 21
560.0173316727705
 31
0.0
 11
1394.294114111453
 21
559.370625937082
 31
0.0
 11
1394.246843
 21
558.75
 31
0.0
 11
1394.9256788408031
 21
557.6196075347187
 31
0.0
 11
1397.9433536917634
 21
555.7753880952909
 31
0.0
 11
1400.61207731809
 21
555.159372810195
 31
0.0
 11
1402.531573
 21
555.826652
 31
0.0
  0
LWPOLYLINE
  5
107
330
17
100
AcDbEntity
  8
0
100
AcDbPolyline
 90
2
 70
1
 10
1832.827396999999
 20
557.527384
 10
1832.827397
 20
557.5273840000009
  0
SPLINE
  5
108
330
17
100
AcDbEntity
  8
0
100
AcDbSpline
 70
0
 71
3
 72
0
 73
0
 74
23
 11
1745.386685
 21
535.9999999999998
 31
0.0
 11
1747.551081388165
 21
536.3513133437449
 31
0.0
 11
1749.493239
 21
537.369182
 31
0.0
 11
1750.952206997449
 21
538.925857475964
 31
0.0
 11
1751.792315
 21
540.8869909999999
 31
0.0
 11
1752.0506186385142
 21
543.4439846990593
 31
0.0
 11
1751.643338
 21
545.981515
 31
0.0
 11
1749.01903
 21
551.472341
 31
0.0
 11
1744.493922529636
 21
556.2539313335069
 31
0.0
 11
1736.3262660067508
 21
561.9153537994683
 31
0.0
 11
1729.3774659593207
 21
565.3544196137053
 31
0.0
 11
1726.605717763146
 21
565.9924262071012
 31
0.0
 11
1724.712298966106
 21
565.6778383365231
 31
0.0
 11
1724.084551
 21
564.439924
 31
0.0
 11
1724.2230026761406
 21
560.2566481066668
 31
0.0
 11
1724.6815852765233
 21
558.8219318763133
 31
0.0
 11
1725.715211
 21
557.4199120000001
 31
0.0
 11
1726.4851305358002
 21
553.0146848897699
 31
0.0
 11
1727.731343
 21
550.6030030000001
 31
0.0
 11
1732.0572934553654
 21
545.3171736574592
 31
0.0
 11
1738.655544191502
 21
539.0718665527381
 31
0.0
 11
1741.5617713260053
 21
536.9493580218964
 31
0.0
 11
1745.386685
 21
535.9999999999998
 31
0.0
  0
SPLINE
  5
109
330
17
100
AcDbEntity
  8
0
100
AcDbSpline
 70
0
 71
3
 72
0
 73
0
 74
17
 11
1467.0
 21
565.013154
 31
0.0
 11
1465.3069337671598
 21
565.7356480790671
 31
0.0
 11
1463.2812156271825
 21
565.6968022812225
 31
0.0
 11
1450.7450565414306
 21
562.664463056121
 31
0.0
 11
1448.363568
 21
561.693794
 31
0.0
 11
1446.606079
 21
560.4243799999998
 31
0.0
 11
1446.0400637623877
 21
559.3488028152717
 31
0.0
 11
1446.1164227450945
 21
558.2242773164909
 31
0.0
 11
1447.3147676002059
 21
556.8293760620815
 31
0.0
 11
1449.852061
 21
556.146724
 31
0.0
 11
1454.7791031350491
 21
556.0578085435602
 31
0.0
 11
1458.907941
 21
556.915659
 31
0.0
 11
1463.0839880480894
 21
558.8001429080886
 31
0.0
 11
1466.0932108254071
 21
560.9945269394968
 31
0.0
 11
1467.7370418275561
 21
563.3032516324569
 31
0.0
 11
1467.6306278914421
 21
564.2729195653546
 31
0.0
 11
1467.0
 21
565.013154
 31
0.0
  0
SPLINE
  5
10A
330
17
100
AcDbEntity
  8
0
100
AcDbSpline
 70
0
 71
3
 72
0
 73
0
 74
14
 11
1291.58723
 21
559.9552820000001
 31
0.0
 11
1292.957538556772
 21
559.064625109448
 31
0.0
 11
1294.3983600399908
 21
559.4555124535276
 31
0.0
 11
1295.0887765361028
 21
561.9713395061012
 31
0.0
 11
1295.400008983824
 21
565.2461496402158
 31
0.0
 11
1295.242331789132
 21
567.4417695862471
 31
0.0
 11
1294.440796634426
 21
569.569014338804
 31
0.0
 11
1293.4120084861954
 21
570.5043821699628
 31
0.0
 11
1291.6608432624018
 21
570.9812571547365
 31
0.0
 11
1290.41417
 21
570.6611539999999
 31
0.0
 11
1289.5306148600685
 21
569.8365398809269
 31
0.0
 11
1288.9428256103781
 21
567.274477028795
 31
0.0
 11
1289.90842
 21
562.927441
 31
0.0
 11
1291.58723
 21
559.9552820000001
 31
0.0
  0
SPLINE
  5
10B
330
17
100
AcDbEntity
  8
0
100
AcDbSpline
 70
0
 71
3
 72
0
 73
0
 74
18
 11
1321.941721
 21
573.9732479999998
 31
0.0
 11
1319.480628807328
 21
573.7304565238355
 31
0.0
 11
1317.527773393858
 21
571.4957589280884
 31
0.0
 11
1314.9709914236284
 21
566.1730654014095
 31
0.0
 11
1313.9648731389004
 21
560.8252227455876
 31
0.0
 11
1314.268301
 21
557.064671
 31
0.0
 11
1315.455236720771
 21
553.8688028975192
 31
0.0
 11
1317.3153585185628
 21
551.498804339528
 31
0.0
 11
1318.832718
 21
550.3902450000002
 31
0.0
 11
1320.286718986072
 21
549.8865303138859
 31
0.0
 11
1322.6783080630546
 21
550.2348095876646
 31
0.0
 11
1324.867452
 21
551.753678
 31
0.0
 11
1327.75
 21
555.7364309999999
 31
0.0
 11
1328.9720257359684
 21
559.6750689427755
 31
0.0
 11
1328.2640430516537
 21
563.5036797799195
 31
0.0
 11
1325.034710781047
 21
571.3165899163791
 31
0.0
 11
1323.4682856302934
 21
573.2006710022331
 31
0.0
 11
1321.941721
 21
573.9732479999998
 31
0.0
  0
LWPOLYLINE
  5
10C
330
17
100
AcDbEntity
  8
0
100
AcDbPolyline
 90
2
 70
1
 10
1204.452603
 20
569.717299
 10
1204.4526029999997
 20
569.717299
  0
SPLINE
  5
10D
330
17
100
AcDbEntity
  8
0
100
AcDbSpline
 70
0
 71
3
 72
0
 73
0
 74
16
 11
1864.761071
 21
573.3937409999997
 31
0.0
 11
1866.2595403954497
 21
574.1791489979389
 31
0.0
 11
1867.31402243006
 21
575.5152428523745
 31
0.0
 11
1867.822892
 21
579.5315669999999
 31
0.0
 11
1867.517548322161
 21
581.0898478322983
 31
0.0
 11
1866.503726920689
 21
583.024631052274
 31
0.0
 11
1865.487648867555
 21
583.6451884252695
 31
0.0
 11
1864.11607980313
 21
583.7354512172752
 31
0.0
 11
1861.955275
 21
582.975959
 31
0.0
 11
1858.25
 21
580.0602249999998
 31
0.0
 11
1856.6263208725247
 21
578.0780111861865
 31
0.0
 11
1855.921355294294
 21
576.1935516292061
 31
0.0
 11
1856.5481715706405
 21
574.5176953279
 31
0.0
 11
1858.123928
 21
573.498104
 31
0.0
 11
1861.890658
 21
573.0
 31
0.0
 11
1864.761071
 21
573.3937409999997
 31
0.0
  0
SPLINE
  5
10E
330
17
100
AcDbEntity
  8
0
100
AcDbSpline
 70
0
 71
3
 72
0
 73
0
 74
18
 11
1657.720372
 21
584.963809
 31
0.0
 11
1657.3962925276549
 21
585.292251155905
 31
0.0
 11
1655.339958646969
 21
585.6839378100481
 31
0.0
 11
1651.8601118259294
 21
584.6302080082684
 31
0.0
 11
1646.4550036039082
 21
582.0145901491126
 31
0.0
 11
1641.231563
 21
578.574855
 31
0.0
 11
1638.8878551061396
 21
576.368467663375
 31
0.0
 11
1636.6869152090171
 21
572.8683278345225
 31
0.0
 11
1636.6722756323109
 21
571.0418013612934
 31
0.0
 11
1637.554225721302
 21
569.4054002740261
 31
0.0
 11
1640.009259
 21
568.2039869999999
 31
0.0
 11
1642.8629292772985
 21
568.4080444946485
 31
0.0
 11
1645.2377210708878
 21
569.3490740335145
 31
0.0
 11
1649.143062202356
 21
571.9494612530567
 31
0.0
 11
1653.70173842345
 21
575.8932764069694
 31
0.0
 11
1656.8966283503669
 21
579.8045654723558
 31
0.0
 11
1658.241223
 21
583.13069
 31
0.0
 11
1657.720372
 21
584.963809
 31
0.0
  0
SPLINE
  5
10F
330
17
100
AcDbEntity
  8
0
100
AcDbSpline
 70
0
 71
3
 72
0
 73
0
 74
19
 11
1255.395436
 21
585.8165109999998
 31
0.0
 11
1254.765046751516
 21
585.5542214970136
 31
0.0
 11
1254.1936259394245
 21
584.6425187052042
 31
0.0
 11
1253.5822969196927
 21
580.7647820256237
 31
0.0
 11
1253.4629182233252
 21
576.2780222521682
 31
0.0
 11
1254.2713349044132
 21
572.7217030156792
 31
0.0
 11
1256.1046089107365
 21
569.6560049776471
 31
0.0
 11
1259.640987611507
 21
566.2052735484439
 31
0.0
 11
1262.1852424649253
 21
564.4562549203349
 31
0.0
 11
1263.710646207843
 21
564.177342400363
 31
0.0
 11
1264.559872284705
 21
564.4223409247749
 31
0.0
 11
1266.589066
 21
566.495587
 31
0.0
 11
1267.4989135697358
 21
568.5724061698586
 31
0.0
 11
1267.6307879557073
 21
571.7346910381932
 31
0.0
 11
1266.87829307692
 21
574.4256433757799
 31
0.0
 11
1263.9672992409264
 21
579.4656490714473
 31
0.0
 11
1260.5894359953609
 21
583.5613190917209
 31
0.0
 11
1257.896951930216
 21
585.5237821999318
 31
0.0
 11
1255.395436
 21
585.8165109999998
 31
0.0
  0
SPLINE
  5
110
330
17
100
AcDbEntity
  8
0
100
AcDbSpline
 70
0
 71
3
 72
0
 73
0
 74
20
 11
1372.770511999999
 21
583.3571189999999
 31
0.0
 11
1366.30359014283
 21
585.6944687063839
 31
0.0
 11
1361.946666
 21
586.457826
 31
0.0
 11
1357.4123434170099
 21
586.717481415185
 31
0.0
 11
1352.969592095753
 21
586.451832057892
 31
0.0
 11
1347.280353313178
 21
585.2917926192634
 31
0.0
 11
1345.0731712784707
 21
584.3346739161414
 31
0.0
 11
1344.3888659539066
 21
583.0463143720527
 31
0.0
 11
1345.1805874303725
 21
581.3885343635017
 31
0.0
 11
1346.5199598667318
 21
580.0186100268102
 31
0.0
 11
1350.231766
 21
578.0365
 31
0.0
 11
1359.441516
 21
575.9894649999999
 31
0.0
 11
1369.010238
 21
575.165141
 31
0.0
 11
1372.2500776533411
 21
575.4418338645979
 31
0.0
 11
1375.363834
 21
576.3786589999997
 31
0.0
 11
1377.423082756206
 21
577.4597322126201
 31
0.0
 11
1378.7428576507746
 21
578.7680725238937
 31
0.0
 11
1378.6822436996124
 21
579.420001055347
 31
0.0
 11
1377.9441130145058
 21
580.1594223450979
 31
0.0
 11
1372.770511999999
 21
583.3571189999999
 31
0.0
  0
SPLINE
  5
111
330
17
100
AcDbEntity
  8
0
100
AcDbSpline
 70
0
 71
3
 72
0
 73
0
 74
17
 11
1746.773316
 21
577.7540479999998
 31
0.0
 11
1747.405517117199
 21
579.4071360765329
 31
0.0
 11
1746.807917
 21
581.073045
 31
0.0
 11
1744.135288044896
 21
583.654364613216
 31
0.0
 11
1740.989186
 21
585.631281
 31
0.0
 11
1734.2192691666673
 21
588.3929746012316
 31
0.0
 11
1726.47708
 21
590.5801909999999
 31
0.0
 11
1724.5655300798267
 21
590.8394553384321
 31
0.0
 11
1723.512773
 21
590.020667
 31
0.0
 11
1723.085446740207
 21
588.206041007667
 31
0.0
 11
1723.834235
 21
586.498765
 31
0.0
 11
1729.364637
 21
581.543188
 31
0.0
 11
1734.7063366621878
 21
578.2661357845399
 31
0.0
 11
1738.1072755434325
 21
576.7681499615863
 31
0.0
 11
1742.901145
 21
576.0
 31
0.0
 11
1745.0266089233921
 21
576.4589592497284
 31
0.0
 11
1746.773316
 21
577.7540479999998
 31
0.0
  0
LWPOLYLINE
  5
112
330
17
100
AcDbEntity
  8
0
100
AcDbPolyline
 90
2
 70
1
 10
1470.04001
 20
482.4970999999999
 10
1470.04001
 20
482.49709999999993
  0
SPLINE
  5
113
330
17
100
AcDbEntity
  8
0
100
AcDbSpline
 70
0
 71
3
 72
0
 73
0
 74
112
 11
1544.334786
 21
565.196903
 31
0.0
 11
1551.6307134490537
 21
565.1029401273524
 31
0.0
 11
1555.388570847703
 21
565.512140927354
 31
0.0
 11
1559.1442363647027
 21
567.184625249701
 31
0.0
 11
1561.7569585224762
 21
569.8155339615071
 31
0.0
 11
1561.5511278586737
 21
570.7965826448873
 31
0.0
 11
1560.476837
 21
572.051696
 31
0.0
 11
1549.2501143556208
 21
578.9896511374602
 31
0.0
 11
1544.075650520957
 21
581.084000619507
 31
0.0
 11
1538.79706
 21
582.125469
 31
0.0
 11
1512.383753
 21
582.56947
 31
0.0
 11
1506.1135408280586
 21
589.2171140177823
 31
0.0
 11
1500.5
 21
593.1343379999998
 31
0.0
 11
1497.40274
 21
594.337104
 31
0.0
 11
1494.929306
 21
594.801614
 31
0.0
 11
1492.485578
 21
594.616544
 31
0.0
 11
1488.7221990282528
 21
593.4632433000473
 31
0.0
 11
1485.788269736702
 21
591.415298480722
 31
0.0
 11
1485.4726441876346
 21
588.9184962188865
 31
0.0
 11
1487.6547311196252
 21
583.4370073187245
 31
0.0
 11
1490.2206724340476
 21
578.7663571618452
 31
0.0
 11
1493.8154011836127
 21
574.0934828860595
 31
0.0
 11
1498.4623918347174
 21
569.1497842766914
 31
0.0
 11
1511.955610662392
 21
557.231747583293
 31
0.0
 11
1511.9010242970594
 21
556.7563784716095
 31
0.0
 11
1510.868772
 21
556.071727
 31
0.0
 11
1503.964859
 21
552.3350719999999
 31
0.0
 11
1502.660691564822
 21
551.170145895605
 31
0.0
 11
1501.5155904967366
 21
549.24718884828
 31
0.0
 11
1501.6722846455086
 21
548.2862654537031
 31
0.0
 11
1502.4472743765793
 21
547.5051510214582
 31
0.0
 11
1506.565831
 21
546.5411479999999
 31
0.0
 11
1509.7897687181276
 21
544.7538362845185
 31
0.0
 11
1511.6287212025215
 21
543.0359220566651
 31
0.0
 11
1511.897053802808
 21
541.2771729748671
 31
0.0
 11
1510.862840038747
 21
540.3849960622978
 31
0.0
 11
1508.9789281052083
 21
540.0780160734147
 31
0.0
 11
1483.876553496928
 21
539.223652396112
 31
0.0
 11
1482.975603443595
 21
540.0425922271503
 31
0.0
 11
1482.9034374708945
 21
540.7639764261904
 31
0.0
 11
1486.0965800293734
 21
545.6408363242525
 31
0.0
 11
1486.892086
 21
548.1595849999999
 31
0.0
 11
1486.19441662963
 21
550.0813656088071
 31
0.0
 11
1484.1976258157727
 21
551.1792941885857
 31
0.0
 11
1479.627828200234
 21
550.0933112105671
 31
0.0
 11
1466.587037
 21
544.853237
 31
0.0
 11
1464.0338452965266
 21
544.6700832267304
 31
0.0
 11
1459.4992984928335
 21
545.4753165592005
 31
0.0
 11
1458.416464998028
 21
544.2091892943283
 31
0.0
 11
1459.536861
 21
540.281016
 31
0.0
 11
1459.4250436202394
 21
538.5965410112804
 31
0.0
 11
1456.0999147167913
 21
532.3664145502963
 31
0.0
 11
1455.215735413388
 21
529.7773767350299
 31
0.0
 11
1455.077075515289
 21
527.4092843614994
 31
0.0
 11
1455.670521
 21
525.4282319999999
 31
0.0
 11
1456.436264126495
 21
524.3138837945024
 31
0.0
 11
1458.0372611540422
 21
523.1036517281924
 31
0.0
 11
1459.934861
 21
522.5585409999999
 31
0.0
 11
1462.1249872752796
 21
522.6314013895577
 31
0.0
 11
1466.521383
 21
524.2135639999998
 31
0.0
 11
1474.937897
 21
529.0783629999999
 31
0.0
 11
1476.818234
 21
529.4068509999998
 31
0.0
 11
1478.346552177251
 21
528.928812333846
 31
0.0
 11
1485.4383
 21
524.10858
 31
0.0
 11
1489.8718052565218
 21
521.7593233367701
 31
0.0
 11
1509.9224177085603
 21
516.0532313321393
 31
0.0
 11
1514.295553327208
 21
515.2146564471498
 31
0.0
 11
1520.28921
 21
514.671223
 31
0.0
 11
1527.82474456922
 21
513.2271899472426
 31
0.0
 11
1530.5563597027565
 21
513.4606311232649
 31
0.0
 11
1538.535892
 21
515.5208019999999
 31
0.0
 11
1540.4703262878077
 21
515.4641407596578
 31
0.0
 11
1542.2762598753243
 21
514.2919676842977
 31
0.0
 11
1542.876066763622
 21
512.4655497346819
 31
0.0
 11
1543.3491993397445
 21
508.4448081034122
 31
0.0
 11
1544.0723968266689
 21
506.4295684196363
 31
0.0
 11
1546.9236472739399
 21
500.75405147255987
 31
0.0
 11
1549.6037956060425
 21
497.0018757648824
 31
0.0
 11
1552.409274895412
 21
494.5705838374222
 31
0.0
 11
1554.8764190288828
 21
493.3799174123209
 31
0.0
 11
1557.8330034151238
 21
493.16763024009924
 31
0.0
 11
1561.492283672511
 21
493.7246496197571
 31
0.0
 11
1562.456309
 21
494.59058
 31
0.0
 11
1563.612709
 21
497.6462450000001
 31
0.0
 11
1566.433015
 21
500.15168899999986
 31
0.0
 11
1567.580573
 21
502.830674
 31
0.0
 11
1570.2766477940256
 21
506.1950823805378
 31
0.0
 11
1570.42446939187
 21
509.22811206717995
 31
0.0
 11
1573.459952
 21
516.6945189999999
 31
0.0
 11
1574.483243
 21
523.7077339999998
 31
0.0
 11
1574.959807
 21
524.872208
 31
0.0
 11
1575.843527
 21
525.575787
 31
0.0
 11
1580.460411
 21
526.9933780000001
 31
0.0
 11
1584.3103729388472
 21
528.7949312317348
 31
0.0
 11
1587.280261492336
 21
530.7630230548674
 31
0.0
 11
1588.3944779903466
 21
532.5607847816644
 31
0.0
 11
1587.962156
 21
533.477653
 31
0.0
 11
1586.7974688255808
 21
534.246937323927
 31
0.0
 11
1582.816240752193
 21
534.6195328816815
 31
0.0
 11
1578.6548256753526
 21
533.9895982108616
 31
0.0
 11
1571.0968386554691
 21
532.0162409016841
 31
0.0
 11
1567.647965
 21
536.12077
 31
0.0
 11
1565.949686999999
 21
537.276412
 31
0.0
 11
1564.6628091253308
 21
537.6276082710795
 31
0.0
 11
1562.4881421385376
 21
537.4015584080206
 31
0.0
 11
1555.8084018924924
 21
535.0494690291197
 31
0.0
 11
1554.238761957079
 21
535.449108185813
 31
0.0
 11
1551.580282
 21
538.6769960000001
 31
0.0
 11
1544.3487545700102
 21
550.294482858724
 31
0.0
 11
1532.3934613614713
 21
564.4457840698615
 31
0.0
 11
1533.085759
 21
565.0874049999999
 31
0.0
 11
1544.334786
 21
565.196903
 31
0.0
  0
LWPOLYLINE
  5
114
330
17
100
AcDbEntity
  8
0
100
AcDbPolyline
 90
2
 70
1
 10
599.021072
 20
543.334279
 10
599.021072
 20
543.3342790000002
  0
LWPOLYLINE
  5
115
330
17
100
AcDbEntity
  8
0
100
AcDbPolyline
 90
2
 70
1
 10
967.986978
 20
584.9456860000001
 10
967.986978
 20
584.9456860000003
  0
SPLINE
  5
116
330
17
100
AcDbEntity
  8
0
100
AcDbSpline
 70
0
 71
3
 72
0
 73
0
 74
20
 11
1450.446958
 21
592.0
 31
0.0
 11
1449.202776
 21
591.5723719999999
 31
0.0
 11
1442.4702790935576
 21
586.0375346056813
 31
0.0
 11
1436.443353
 21
579.4889
 31
0.0
 11
1435.546522
 21
577.7883749999999
 31
0.0
 11
1435.5024438256082
 21
576.7608720401731
 31
0.0
 11
1437.3463414313298
 21
574.2159645837467
 31
0.0
 11
1439.2223294810608
 21
573.3039755122867
 31
0.0
 11
1441.6492296606498
 21
573.0927218363279
 31
0.0
 11
1447.331481648295
 21
574.206548044314
 31
0.0
 11
1453.2720772956693
 21
577.3592164806406
 31
0.0
 11
1455.9814413906279
 21
579.5566804044694
 31
0.0
 11
1458.7156717535909
 21
582.493367569059
 31
0.0
 11
1461.1717268917364
 21
586.4431769582965
 31
0.0
 11
1462.80225102478
 21
590.6066825652949
 31
0.0
 11
1463.2901746745365
 21
593.9803304585558
 31
0.0
 11
1462.338215796958
 21
595.9718008825179
 31
0.0
 11
1460.82606449175
 21
596.8317026799598
 31
0.0
 11
1458.814704107362
 21
596.6671820397759
 31
0.0
 11
1450.446958
 21
592.0
 31
0.0
  0
SPLINE
  5
117
330
17
100
AcDbEntity
  8
0
100
AcDbSpline
 70
0
 71
3
 72
0
 73
0
 74
17
 11
1302.898932
 21
603.727045
 31
0.0
 11
1303.264959114173
 21
601.9756481469184
 31
0.0
 11
1304.537853
 21
600.718227
 31
0.0
 11
1310.2754647961342
 21
598.5050912133465
 31
0.0
 11
1314.3471264765794
 21
597.8013436978356
 31
0.0
 11
1318.4951573994847
 21
597.7269961843683
 31
0.0
 11
1324.9216212314548
 21
598.7715141791377
 31
0.0
 11
1326.9458235498191
 21
599.4484070452326
 31
0.0
 11
1327.809254
 21
601.1247009999998
 31
0.0
 11
1327.4132004868557
 21
602.43364071089
 31
0.0
 11
1326.370034
 21
603.3179400000001
 31
0.0
 11
1320.512329
 21
605.4533919999999
 31
0.0
 11
1314.8101319059929
 21
606.647936233782
 31
0.0
 11
1310.2463875047547
 21
606.7670854853492
 31
0.0
 11
1305.079491
 21
606.1183589999999
 31
0.0
 11
1303.584595192915
 21
605.2916580341974
 31
0.0
 11
1302.898932
 21
603.727045
 31
0.0
  0
SPLINE
  5
118
330
17
100
AcDbEntity
  8
0
100
AcDbSpline
 70
0
 71
3
 72
0
 73
0
 74
20
 11
1637.538944
 21
608.936987
 31
0.0
 11
1636.080145
 21
609.772087
 31
0.0
 11
1625.4536580091421
 21
609.8592894930956
 31
0.0
 11
1617.4913481145666
 21
609.5512766277868
 31
0.0
 11
1611.4088475538285
 21
608.7164202913737
 31
0.0
 11
1606.463064425831
 21
607.283202081774
 31
0.0
 11
1601.182755628475
 21
604.669948589852
 31
0.0
 11
1599.0608657471585
 21
603.0712833288515
 31
0.0
 11
1598.5656163874955
 21
602.0669665447512
 31
0.0
 11
1598.585445099442
 21
600.8685838630548
 31
0.0
 11
1599.217310375501
 21
599.7995305632106
 31
0.0
 11
1600.7643944516078
 21
598.8837046497297
 31
0.0
 11
1606.741117766291
 21
596.877228309867
 31
0.0
 11
1612.28611940568
 21
596.2325047400974
 31
0.0
 11
1618.692615347867
 21
596.8736821818159
 31
0.0
 11
1626.3743033480725
 21
599.6607371302525
 31
0.0
 11
1633.7702927542025
 21
603.7718752779199
 31
0.0
 11
1637.5486542056585
 21
606.666468833587
 31
0.0
 11
1637.8290431389785
 21
608.1823498301886
 31
0.0
 11
1637.538944
 21
608.936987
 31
0.0
  0
SPLINE
  5
119
330
17
100
AcDbEntity
  8
0
100
AcDbSpline
 70
0
 71
3
 72
0
 73
0
 74
23
 11
1812.612783
 21
576.9581929999999
 31
0.0
 11
1813.7823353438055
 21
575.2050834041281
 31
0.0
 11
1815.931003957536
 21
574.20465119248
 31
0.0
 11
1818.8865204231784
 21
574.0636608761276
 31
0.0
 11
1821.4343824804978
 21
574.5675285439854
 31
0.0
 11
1825.617146636582
 21
576.3968026719909
 31
0.0
 11
1829.7769410083622
 21
579.0372066094184
 31
0.0
 11
1833.543261
 21
582.3020690000001
 31
0.0
 11
1835.326362196296
 21
584.4287304217254
 31
0.0
 11
1836.726214
 21
586.8250929999999
 31
0.0
 11
1837.6710663042627
 21
589.6527073026492
 31
0.0
 11
1838.238972418158
 21
598.0242683348604
 31
0.0
 11
1837.7095712258524
 21
604.1699559685469
 31
0.0
 11
1834.8828532455555
 21
610.3103971039989
 31
0.0
 11
1833.705473079024
 21
610.7659656503521
 31
0.0
 11
1832.1886219590615
 21
610.3212633480977
 31
0.0
 11
1827.1620920362834
 21
606.4018192552796
 31
0.0
 11
1821.897485
 21
601.1136139999999
 31
0.0
 11
1816.112764329032
 21
593.657104254928
 31
0.0
 11
1814.1073653028986
 21
590.4822124025878
 31
0.0
 11
1813.297172
 21
588.1068879999999
 31
0.0
 11
1812.231124
 21
581.006966
 31
0.0
 11
1812.612783
 21
576.9581929999999
 31
0.0
  0
SPLINE
  5
11A
330
17
100
AcDbEntity
  8
0
100
AcDbSpline
 70
0
 71
3
 72
0
 73
0
 74
18
 11
1416.567461
 21
596.3357390000001
 31
0.0
 11
1418.0868049732485
 21
596.1427469715162
 31
0.0
 11
1419.1980654487377
 21
596.4411462563259
 31
0.0
 11
1422.0740626831282
 21
598.3277471615638
 31
0.0
 11
1424.1668556571442
 21
600.9005128719459
 31
0.0
 11
1426.4977223308706
 21
605.3678460676265
 31
0.0
 11
1426.699280557312
 21
607.109943203064
 31
0.0
 11
1425.8593831635253
 21
609.2889421957588
 31
0.0
 11
1424.3926931840385
 21
611.5839485051533
 31
0.0
 11
1423.019612988075
 21
612.6870648158625
 31
0.0
 11
1421.4175300999711
 21
612.8186956694818
 31
0.0
 11
1419.881494
 21
612.0925900000001
 31
0.0
 11
1417.550891
 21
609.655609
 31
0.0
 11
1416.08858005952
 21
607.1238761797467
 31
0.0
 11
1415.20105766438
 21
604.0682524714125
 31
0.0
 11
1414.8917599306574
 21
599.9668365049224
 31
0.0
 11
1415.3060285919703
 21
597.5043939730893
 31
0.0
 11
1416.567461
 21
596.3357390000001
 31
0.0
  0
SPLINE
  5
11B
330
17
100
AcDbEntity
  8
0
100
AcDbSpline
 70
0
 71
3
 72
0
 73
0
 74
21
 11
1486.5
 21
616.377167
 31
0.0
 11
1495.6444376818586
 21
615.313331074133
 31
0.0
 11
1500.898085
 21
613.979426
 31
0.0
 11
1505.3519294984176
 21
612.3277235707192
 31
0.0
 11
1507.8228533410563
 21
611.116219692679
 31
0.0
 11
1510.555695
 21
608.941867
 31
0.0
 11
1512.220525
 21
606.72045
 31
0.0
 11
1512.352291
 21
605.02671
 31
0.0
 11
1511.080655
 21
603.5348190000001
 31
0.0
 11
1507.865474
 21
601.944278
 31
0.0
 11
1503.492975357076
 21
601.183839493403
 31
0.0
 11
1493.9552161214847
 21
602.9579518689065
 31
0.0
 11
1484.8084657281845
 21
606.4163439365094
 31
0.0
 11
1479.8396996750373
 21
608.8744471486598
 31
0.0
 11
1476.742433
 21
611.5710329999999
 31
0.0
 11
1474.0369998875071
 21
612.5920557083883
 31
0.0
 11
1472.5722250956374
 21
614.0535269961429
 31
0.0
 11
1472.167598
 21
615.1812129999998
 31
0.0
 11
1473.7119452617997
 21
616.7702252348514
 31
0.0
 11
1475.7818054233726
 21
617.4973932614455
 31
0.0
 11
1486.5
 21
616.377167
 31
0.0
  0
SPLINE
  5
11C
330
17
100
AcDbEntity
  8
0
100
AcDbSpline
 70
0
 71
3
 72
0
 73
0
 74
19
 11
1678.813822
 21
610.882879
 31
0.0
 11
1684.372962
 21
608.237614
 31
0.0
 11
1687.641342
 21
607.125272
 31
0.0
 11
1695.6934571321647
 21
606.5498977097869
 31
0.0
 11
1703.046157747976
 21
606.6481069741727
 31
0.0
 11
1706.8323667339635
 21
607.2115906873512
 31
0.0
 11
1708.623408
 21
608.1948360000001
 31
0.0
 11
1709.6740879439865
 21
610.457915118852
 31
0.0
 11
1709.252736
 21
611.71841
 31
0.0
 11
1707.185898
 21
613.5574639999999
 31
0.0
 11
1701.7419933188305
 21
616.4345971436135
 31
0.0
 11
1697.0664861141963
 21
618.2895533366369
 31
0.0
 11
1691.318616
 21
619.222375
 31
0.0
 11
1677.9468949759134
 21
619.7990211900834
 31
0.0
 11
1671.1266419474255
 21
619.7315985125189
 31
0.0
 11
1669.164346
 21
618.229029
 31
0.0
 11
1668.9765959668644
 21
616.861409661078
 31
0.0
 11
1669.810558
 21
615.761346
 31
0.0
 11
1678.813822
 21
610.882879
 31
0.0
  0
SPLINE
  5
11D
330
17
100
AcDbEntity
  8
0
100
AcDbSpline
 70
0
 71
3
 72
0
 73
0
 74
53
 11
1722.2743
 21
454.9199749999985
 31
0.0
 11
1725.7091309999996
 21
464.9279499999991
 31
0.0
 11
1725.9695647764452
 21
466.76687716323
 31
0.0
 11
1720.1450962316185
 21
467.18793328736433
 31
0.0
 11
1714.312166721462
 21
468.6657119951456
 31
0.0
 11
1702.8290693488345
 21
475.0054000506196
 31
0.0
 11
1688.959615945648
 21
484.50476216433646
 31
0.0
 11
1678.3719402734416
 21
492.75713866341664
 31
0.0
 11
1660.477133372348
 21
508.331861964442
 31
0.0
 11
1648.0
 21
519.8949869999999
 31
0.0
 11
1621.1337136507063
 21
545.3092481020781
 31
0.0
 11
1613.799103533224
 21
552.7281333653278
 31
0.0
 11
1611.6548672344534
 21
555.7695563323649
 31
0.0
 11
1610.551711
 21
558.551558
 31
0.0
 11
1610.0346850453313
 21
561.8345119535229
 31
0.0
 11
1610.0
 21
567.839536
 31
0.0
 11
1587.7052344579279
 21
583.93811787232
 31
0.0
 11
1582.636287
 21
588.08895
 31
0.0
 11
1579.7076092592533
 21
591.209319639581
 31
0.0
 11
1578.0186648614745
 21
594.2262004212305
 31
0.0
 11
1577.819137
 21
596.260932
 31
0.0
 11
1578.266528258248
 21
598.6683332246649
 31
0.0
 11
1580.3772965726334
 21
602.7696277952907
 31
0.0
 11
1586.8457111491778
 21
612.3710334627525
 31
0.0
 11
1589.556439
 21
617.2730139999999
 31
0.0
 11
1589.6653255411436
 21
618.909687820229
 31
0.0
 11
1588.4823054098233
 21
620.4176343452455
 31
0.0
 11
1586.703788932847
 21
620.8064504035025
 31
0.0
 11
1584.620805
 21
619.808665
 31
0.0
 11
1576.470063969297
 21
610.8338513799317
 31
0.0
 11
1570.23231059003
 21
602.3912978244394
 31
0.0
 11
1565.629045
 21
592.880932
 31
0.0
 11
1565.04246375873
 21
587.9278260067393
 31
0.0
 11
1565.0
 21
579.329975
 31
0.0
 11
1582.430892
 21
565.9425669999999
 31
0.0
 11
1589.501476
 21
559.5417150000001
 31
0.0
 11
1594.948692
 21
553.8968790000001
 31
0.0
 11
1595.728025559462
 21
552.635201612856
 31
0.0
 11
1596.3621597823978
 21
549.3711558488471
 31
0.0
 11
1597.7742962346838
 21
547.3193459558538
 31
0.0
 11
1598.2942688694575
 21
543.9391677712625
 31
0.0
 11
1599.153005
 21
542.069228
 31
0.0
 11
1602.181374897618
 21
537.8686734451043
 31
0.0
 11
1606.391359318842
 21
533.1134951316319
 31
0.0
 11
1632.4088304241316
 21
509.6009395508445
 31
0.0
 11
1674.6158494961771
 21
472.6545059828872
 31
0.0
 11
1692.489221
 21
458.955415
 31
0.0
 11
1707.6049724563404
 21
449.5547281567636
 31
0.0
 11
1714.90714
 21
444.550186
 31
0.0
 11
1717.422774
 21
443.4458390000001
 31
0.0
 11
1718.023469
 21
443.62346900000006
 31
0.0
 11
1718.611122368165
 21
444.45150191371295
 31
0.0
 11
1722.2743
 21
454.9199749999985
 31
0.0
  0
LWPOLYLINE
  5
11E
330
17
100
AcDbEntity
  8
0
100
AcDbPolyline
 90
2
 70
1
 10
1554.660714
 20
624.0652589999999
 10
1554.660714
 20
624.065259
  0
LWPOLYLINE
  5
11F
330
17
100
AcDbEntity
  8
0
100
AcDbPolyline
 90
2
 70
1
 10
387.736726
 20
548.4167439999999
 10
387.73672599999986
 20
548.4167439999999
  0
SPLINE
  5
120
330
17
100
AcDbEntity
  8
0
100
AcDbSpline
 70
0
 71
3
 72
0
 73
0
 74
14
 11
1772.40923
 21
616.3267950000001
 31
0.0
 11
1773.6306823872817
 21
617.169228110431
 31
0.0
 11
1774.3743726298992
 21
618.2827035888027
 31
0.0
 11
1776.681825
 21
623.6672639999999
 31
0.0
 11
1776.3793753552409
 21
626.0332776304933
 31
0.0
 11
1774.78184303539
 21
627.0208567298182
 31
0.0
 11
1772.5604543822835
 21
626.7934334275085
 31
0.0
 11
1770.3013860163337
 21
625.3784527398153
 31
0.0
 11
1768.587088288955
 21
623.0852481179049
 31
0.0
 11
1767.265099
 21
619.851896
 31
0.0
 11
1767.4758126281547
 21
618.3871282663199
 31
0.0
 11
1768.8602591241115
 21
616.9035355348377
 31
0.0
 11
1770.877472
 21
616.1479149999999
 31
0.0
 11
1772.40923
 21
616.3267950000001
 31
0.0
  0
SPLINE
  5
121
330
17
100
AcDbEntity
  8
0
100
AcDbSpline
 70
0
 71
3
 72
0
 73
0
 74
17
 11
1623.792189
 21
630.8672709999998
 31
0.0
 11
1622.726129138846
 21
632.3036741338497
 31
0.0
 11
1620.3454146172319
 21
632.630886380268
 31
0.0
 11
1617.2362276406504
 21
632.0037000828366
 31
0.0
 11
1613.410465
 21
630.4089849999999
 31
0.0
 11
1608.7846702084903
 21
627.717313646166
 31
0.0
 11
1605.6337762699084
 21
625.3788528573668
 31
0.0
 11
1604.1319428304923
 21
623.0790259531699
 31
0.0
 11
1604.2568555251519
 21
620.8450512624055
 31
0.0
 11
1605.4902795292326
 21
620.1075030000708
 31
0.0
 11
1608.943636614145
 21
620.02940721262
 31
0.0
 11
1612.337148443357
 21
620.589325311318
 31
0.0
 11
1615.299659999999
 21
621.616893
 31
0.0
 11
1618.379181
 21
623.5839009999999
 31
0.0
 11
1621.276873
 21
626.275545
 31
0.0
 11
1623.414988
 21
629.003927
 31
0.0
 11
1623.792189
 21
630.8672709999998
 31
0.0
  0
SPLINE
  5
122
330
17
100
AcDbEntity
  8
0
100
AcDbSpline
 70
0
 71
3
 72
0
 73
0
 74
22
 11
1388.952788
 21
598.3019309999999
 31
0.0
 11
1391.8546680974857
 21
599.8079684236947
 31
0.0
 11
1395.1386514851856
 21
604.0704930211161
 31
0.0
 11
1396.8113811917183
 21
608.4370019296467
 31
0.0
 11
1396.9339532265135
 21
613.2812873395104
 31
0.0
 11
1395.7726481451477
 21
618.8200121502329
 31
0.0
 11
1392.522427
 21
626.402489
 31
0.0
 11
1389.180362
 21
631.6488099999999
 31
0.0
 11
1387.958398220092
 21
632.6056355123881
 31
0.0
 11
1386.42309
 21
632.832658
 31
0.0
 11
1384.835972449172
 21
632.2895130270641
 31
0.0
 11
1383.626206
 21
631.1274400000001
 31
0.0
 11
1380.046434
 21
625.0
 31
0.0
 11
1376.900781
 21
617.454823
 31
0.0
 11
1376.207424550085
 21
614.5042516161656
 31
0.0
 11
1376.05013
 21
611.477393
 31
0.0
 11
1376.440762246588
 21
608.833239139399
 31
0.0
 11
1377.394776
 21
606.336441
 31
0.0
 11
1380.931402
 21
601.4256770000001
 31
0.0
 11
1384.970715
 21
598.6210219999999
 31
0.0
 11
1386.9345919099894
 21
598.1225403655683
 31
0.0
 11
1388.952788
 21
598.3019309999999
 31
0.0
  0
SPLINE
  5
123
330
17
100
AcDbEntity
  8
0
100
AcDbSpline
 70
0
 71
3
 72
0
 73
0
 74
23
 11
1326.917894
 21
613.682569
 31
0.0
 11
1328.885662576514
 21
613.3748877104424
 31
0.0
 11
1330.847099
 21
613.7206449999999
 31
0.0
 11
1333.425179204325
 21
615.1198031059563
 31
0.0
 11
1334.925884019298
 21
616.7315903356954
 31
0.0
 11
1335.7985077930277
 21
618.6471550400742
 31
0.0
 11
1336.0
 21
620.192292
 31
0.0
 11
1335.568660147726
 21
622.573589207675
 31
0.0
 11
1334.32945
 21
624.652288
 31
0.0
 11
1328.61894
 21
630.115574
 31
0.0
 11
1320.844588
 21
635.288266
 31
0.0
 11
1314.4914135223373
 21
638.2621615641661
 31
0.0
 11
1309.726923729713
 21
639.9199733970839
 31
0.0
 11
1305.9254588175054
 21
640.9370557272683
 31
0.0
 11
1303.966088930506
 21
640.6576726894779
 31
0.0
 11
1303.0294536152496
 21
638.6046643517716
 31
0.0
 11
1303.446703
 21
635.4940659999999
 31
0.0
 11
1306.1069281630155
 21
629.2127344391689
 31
0.0
 11
1309.293204
 21
623.9602559999998
 31
0.0
 11
1312.2900779250767
 21
620.9763842296626
 31
0.0
 11
1315.0630425134327
 21
619.1351488256398
 31
0.0
 11
1320.119445
 21
616.41139
 31
0.0
 11
1326.917894
 21
613.682569
 31
0.0
  0
SPLINE
  5
124
330
17
100
AcDbEntity
  8
0
100
AcDbSpline
 70
0
 71
3
 72
0
 73
0
 74
19
 11
1460.321861
 21
642.405998
 31
0.0
 11
1456.275386370996
 21
643.4337839702104
 31
0.0
 11
1451.9645894564285
 21
643.8392873058705
 31
0.0
 11
1444.2402416459186
 21
643.1734920734849
 31
0.0
 11
1437.4680466339087
 21
641.3906126561118
 31
0.0
 11
1431.978711
 21
639.2580769999998
 31
0.0
 11
1429.0899621666065
 21
637.4421306718522
 31
0.0
 11
1428.1562363329551
 21
635.77834321776
 31
0.0
 11
1428.7916271582264
 21
634.9235844130723
 31
0.0
 11
1430.100043
 21
634.320447
 31
0.0
 11
1442.2786436144752
 21
632.2502264730247
 31
0.0
 11
1448.136499166002
 21
632.107897533759
 31
0.0
 11
1455.316258
 21
633.096924
 31
0.0
 11
1461.263461189546
 21
634.9467634561349
 31
0.0
 11
1463.2851770777656
 21
636.1596063417978
 31
0.0
 11
1464.8816619622778
 21
637.9695757029765
 31
0.0
 11
1464.906477
 21
639.320982
 31
0.0
 11
1463.96524543525
 21
640.6558528226552
 31
0.0
 11
1460.321861
 21
642.405998
 31
0.0
  0
SPLINE
  5
125
330
17
100
AcDbEntity
  8
0
100
AcDbSpline
 70
0
 71
3
 72
0
 73
0
 74
18
 11
1562.221487
 21
643.562883
 31
0.0
 11
1556.716528
 21
645.8158589999999
 31
0.0
 11
1555.576656
 21
645.827555
 31
0.0
 11
1554.666667
 21
645.3333330000002
 31
0.0
 11
1553.950740000225
 21
644.083479385705
 31
0.0
 11
1553.965486
 21
642.643178
 31
0.0
 11
1555.2304683945179
 21
639.8136841362592
 31
0.0
 11
1556.714182482456
 21
637.9062194176311
 31
0.0
 11
1561.0208425779233
 21
634.2666408661149
 31
0.0
 11
1567.5642585246164
 21
630.9972436721521
 31
0.0
 11
1571.1312098743724
 21
630.1084018945102
 31
0.0
 11
1572.7562580153178
 21
630.4569057282251
 31
0.0
 11
1573.753196
 21
631.1531959999999
 31
0.0
 11
1574.342937835126
 21
632.2654998231694
 31
0.0
 11
1574.206915
 21
633.517104
 31
0.0
 11
1572.042394
 21
636.839385
 31
0.0
 11
1567.809093
 21
640.4385009999999
 31
0.0
 11
1562.221487
 21
643.562883
 31
0.0
  0
LWPOLYLINE
  5
126
330
17
100
AcDbEntity
  8
0
100
AcDbPolyline
 90
2
 70
1
 10
1697.0242
 20
640.070755
 10
1697.0241999999998
 20
640.070755
  0
SPLINE
  5
127
330
17
100
AcDbEntity
  8
0
100
AcDbSpline
 70
0
 71
3
 72
0
 73
0
 74
18
 11
1796.758039
 21
655.941659
 31
0.0
 11
1796.357121781463
 21
654.3421896478945
 31
0.0
 11
1797.230568
 21
652.943573
 31
0.0
 11
1800.671991313455
 21
650.992718585805
 31
0.0
 11
1804.419727
 21
649.726344
 31
0.0
 11
1811.95767435945
 21
648.4859364957047
 31
0.0
 11
1818.392907878055
 21
648.2220372895408
 31
0.0
 11
1823.2113972623551
 21
648.5523593371962
 31
0.0
 11
1824.2404137674844
 21
649.1570193891274
 31
0.0
 11
1824.5694385077024
 21
649.9304937495987
 31
0.0
 11
1823.634746
 21
652.467984
 31
0.0
 11
1821.20348
 21
654.820011
 31
0.0
 11
1817.736116
 21
656.885698
 31
0.0
 11
1813.6039491136441
 21
658.3425763830534
 31
0.0
 11
1808.967294785615
 21
658.78434398692
 31
0.0
 11
1800.508681
 21
658.0928959999998
 31
0.0
 11
1798.413908011156
 21
657.3998879917038
 31
0.0
 11
1796.758039
 21
655.941659
 31
0.0
  0
LWPOLYLINE
  5
128
330
17
100
AcDbEntity
  8
0
100
AcDbPolyline
 90
2
 70
1
 10
1177.028852
 20
635.2732430000005
 10
1177.0288519999997
 20
635.2732430000012
  0
SPLINE
  5
129
330
17
100
AcDbEntity
  8
0
100
AcDbSpline
 70
0
 71
3
 72
0
 73
0
 74
26
 11
1752.664521999999
 21
660.5
 31
0.0
 11
1751.8444300063106
 21
662.0015211387876
 31
0.0
 11
1750.8248769444917
 21
662.5600891210223
 31
0.0
 11
1749.6778831420183
 21
662.6129121969025
 31
0.0
 11
1747.0473409048484
 21
661.4454418605056
 31
0.0
 11
1743.1818595568186
 21
658.9777785880608
 31
0.0
 11
1739.2321553759311
 21
655.4782008222263
 31
0.0
 11
1735.2329201590273
 21
651.0638152661652
 31
0.0
 11
1732.2337521153859
 21
646.8313240723134
 31
0.0
 11
1731.306138946675
 21
644.8341348997075
 31
0.0
 11
1730.6427610546266
 21
642.7343347772479
 31
0.0
 11
1730.092462251978
 21
638.4811970145145
 31
0.0
 11
1730.1271642453307
 21
635.5838079915823
 31
0.0
 11
1730.625444
 21
633.1923129999999
 31
0.0
 11
1731.6217063954193
 21
630.9566786224178
 31
0.0
 11
1733.953468022091
 21
627.7634758898444
 31
0.0
 11
1736.9215252016697
 21
624.793656398737
 31
0.0
 11
1739.0152604800974
 21
623.4535179270534
 31
0.0
 11
1740.424441
 21
623.150026
 31
0.0
 11
1742.528606716648
 21
623.4683007154885
 31
0.0
 11
1746.524118
 21
626.15532
 31
0.0
 11
1750.291157426088
 21
630.3238906534576
 31
0.0
 11
1752.8654497105
 21
635.0809857937501
 31
0.0
 11
1753.804087
 21
638.4952450000001
 31
0.0
 11
1754.3421300249329
 21
645.1168243611878
 31
0.0
 11
1752.664521999999
 21
660.5
 31
0.0
  0
SPLINE
  5
12A
330
17
100
AcDbEntity
  8
0
100
AcDbSpline
 70
0
 71
3
 72
0
 73
0
 74
16
 11
1661.464998
 21
661.58995
 31
0.0
 11
1656.6591687256825
 21
662.723457612121
 31
0.0
 11
1653.5204891260453
 21
662.7118522992638
 31
0.0
 11
1646.088898
 21
661.915651
 31
0.0
 11
1644.523897
 21
661.305199
 31
0.0
 11
1644.0
 21
660.3936099999999
 31
0.0
 11
1644.1314222253588
 21
659.5331931027199
 31
0.0
 11
1645.083675658931
 21
658.1427568037764
 31
0.0
 11
1649.19534629938
 21
656.5731821508859
 31
0.0
 11
1656.3161006278974
 21
655.1717700461576
 31
0.0
 11
1661.2083280256359
 21
655.0135620915971
 31
0.0
 11
1664.44647
 21
656.3372
 31
0.0
 11
1665.418882546148
 21
657.334493014064
 31
0.0
 11
1665.8297679339119
 21
658.407242216591
 31
0.0
 11
1664.7109673413552
 21
660.1206793081983
 31
0.0
 11
1661.464998
 21
661.58995
 31
0.0
  0
SPLINE
  5
12B
330
17
100
AcDbEntity
  8
0
100
AcDbSpline
 70
0
 71
3
 72
0
 73
0
 74
17
 11
1534.496363
 21
669.005885
 31
0.0
 11
1533.1830408126875
 21
670.1255182485875
 31
0.0
 11
1531.46324
 21
670.2693199999999
 31
0.0
 11
1526.9648582170435
 21
668.7763870844168
 31
0.0
 11
1522.500888916115
 21
666.3096212960052
 31
0.0
 11
1519.690973
 21
664.186962
 31
0.0
 11
1517.921929150006
 21
662.2266267442719
 31
0.0
 11
1516.6323278315074
 21
659.5276731641708
 31
0.0
 11
1517.0608211695567
 21
657.4783472006571
 31
0.0
 11
1518.2080827566888
 21
656.4744635753101
 31
0.0
 11
1520.219872
 21
656.0
 31
0.0
 11
1522.265537946178
 21
656.3090539456639
 31
0.0
 11
1524.128608
 21
657.2086279999999
 31
0.0
 11
1529.604129
 21
661.5405429999998
 31
0.0
 11
1534.296731
 21
666.3902889999999
 31
0.0
 11
1534.822511194378
 21
667.665575830824
 31
0.0
 11
1534.496363
 21
669.005885
 31
0.0
  0
SPLINE
  5
12C
330
17
100
AcDbEntity
  8
0
100
AcDbSpline
 70
0
 71
3
 72
0
 73
0
 74
15
 11
1478.008288
 21
668.75
 31
0.0
 11
1475.104145
 21
670.263922
 31
0.0
 11
1472.082339
 21
670.9565610000001
 31
0.0
 11
1469.836138
 21
670.6957070000001
 31
0.0
 11
1469.0
 21
669.5394269999999
 31
0.0
 11
1469.367188
 21
668.210914
 31
0.0
 11
1470.25
 21
667.0678479999999
 31
0.0
 11
1475.9967896661647
 21
662.2876533352343
 31
0.0
 11
1478.8702042217942
 21
661.1037252362414
 31
0.0
 11
1480.190257
 21
661.207664
 31
0.0
 11
1482.0
 21
661.986846
 31
0.0
 11
1482.759909168796
 21
663.5586170393325
 31
0.0
 11
1482.427418
 21
664.6860659999999
 31
0.0
 11
1481.2998340103425
 21
666.1512074844493
 31
0.0
 11
1478.008288
 21
668.75
 31
0.0
  0
SPLINE
  5
12D
330
17
100
AcDbEntity
  8
0
100
AcDbSpline
 70
0
 71
3
 72
0
 73
0
 74
18
 11
1607.146481
 21
672.25
 31
0.0
 11
1606.2892886796712
 21
673.7688064928266
 31
0.0
 11
1605.2216927888364
 21
674.707886697368
 31
0.0
 11
1602.9175318610473
 21
674.44376362711
 31
0.0
 11
1598.9647980126585
 21
670.6443655967116
 31
0.0
 11
1595.2029399621563
 21
665.1131418179344
 31
0.0
 11
1593.597025
 21
660.927754
 31
0.0
 11
1593.315055
 21
656.222998
 31
0.0
 11
1594.4434692418415
 21
653.598246911745
 31
0.0
 11
1596.626287799008
 21
651.791193773793
 31
0.0
 11
1598.372766
 21
651.7561509999999
 31
0.0
 11
1602.550762458564
 21
654.170275452386
 31
0.0
 11
1604.725911934335
 21
656.351370830892
 31
0.0
 11
1606.9521708761094
 21
659.8100935980456
 31
0.0
 11
1607.9733896014152
 21
662.5780807473016
 31
0.0
 11
1608.288397
 21
665.312902
 31
0.0
 11
1607.934423
 21
669.077853
 31
0.0
 11
1607.146481
 21
672.25
 31
0.0
  0
SPLINE
  5
12E
330
17
100
AcDbEntity
  8
0
100
AcDbSpline
 70
0
 71
3
 72
0
 73
0
 74
19
 11
1723.337978
 21
674.82597
 31
0.0
 11
1722.537177618747
 21
675.7317454942249
 31
0.0
 11
1720.9251446016392
 21
676.4955422050903
 31
0.0
 11
1719.197583
 21
676.3476319999999
 31
0.0
 11
1717.6391298022409
 21
675.6013223690784
 31
0.0
 11
1713.2885470724668
 21
671.756528297733
 31
0.0
 11
1708.7292203255054
 21
666.3553338943223
 31
0.0
 11
1707.5774482099291
 21
663.6321364984007
 31
0.0
 11
1707.532543
 21
661.685618
 31
0.0
 11
1708.7522028694202
 21
657.8356226836439
 31
0.0
 11
1710.6175120370274
 21
655.4518663207189
 31
0.0
 11
1712.315558
 21
654.947895
 31
0.0
 11
1714.2824973603313
 21
655.5084506339674
 31
0.0
 11
1717.0941360336478
 21
658.0646410742642
 31
0.0
 11
1719.1799312292026
 21
660.8076463552384
 31
0.0
 11
1720.9913781067228
 21
664.08658279919
 31
0.0
 11
1722.8910953014072
 21
668.9346855515989
 31
0.0
 11
1723.848657094741
 21
673.0267592459788
 31
0.0
 11
1723.337978
 21
674.82597
 31
0.0
  0
SPLINE
  5
12F
330
17
100
AcDbEntity
  8
0
100
AcDbSpline
 70
0
 71
3
 72
0
 73
0
 74
487
 11
254.1323970000012
 21
108.067271000042
 31
0.0
 11
252.98599480599705
 21
201.15704791693526
 31
0.0
 11
252.34440550255945
 21
221.3359770675404
 31
0.0
 11
251.25041202734548
 21
231.27103244221323
 31
0.0
 11
252.001568
 21
242.13195399999998
 31
0.0
 11
250.03500600000007
 21
273.7965220000004
 31
0.0
 11
249.46296400000006
 21
303.12609600000013
 31
0.0
 11
250.20233242195602
 21
311.926549319292
 31
0.0
 11
253.7321361030774
 21
329.4555085235799
 31
0.0
 11
253.60343711902618
 21
331.61223036905136
 31
0.0
 11
251.72043299999999
 21
338.736954
 31
0.0
 11
251.737067064908
 21
345.901051849484
 31
0.0
 11
257.8813250086715
 21
383.1850056242284
 31
0.0
 11
257.5655375161363
 21
384.6535524602927
 31
0.0
 11
256.60581911953875
 21
385.487709727175
 31
0.0
 11
251.038038
 21
385.978521
 31
0.0
 11
250.48530799999997
 21
386.629622
 31
0.0
 11
250.11288909687738
 21
388.6036049465845
 31
0.0
 11
250.4394735359737
 21
390.5161565004049
 31
0.0
 11
251.7552282286593
 21
393.16478535839514
 31
0.0
 11
252.36691989926058
 21
397.4716034791568
 31
0.0
 11
253.62859549903018
 21
399.2676600601457
 31
0.0
 11
253.446281
 21
400.460262
 31
0.0
 11
253.99881448079103
 21
403.89284108375494
 31
0.0
 11
256.85515862245154
 21
416.8227862908633
 31
0.0
 11
257.82150963464267
 21
440.2653855732251
 31
0.0
 11
257.4775301541922
 21
442.3818517892133
 31
0.0
 11
256.70977123297087
 21
443.5231608507288
 31
0.0
 11
254.76711716902022
 21
443.8880260861089
 31
0.0
 11
252.8821485350578
 21
442.98186596955316
 31
0.0
 11
251.38537299999996
 21
439.5518389999999
 31
0.0
 11
249.76951791290176
 21
428.9533777534695
 31
0.0
 11
248.92372629228498
 21
426.20692079840495
 31
0.0
 11
247.63070186829316
 21
424.52003568661934
 31
0.0
 11
245.436551
 21
423.4393379999999
 31
0.0
 11
244.049107
 21
423.46965
 31
0.0
 11
243.18459586546567
 21
424.7982204158442
 31
0.0
 11
243.1613550264621
 21
427.1765944600262
 31
0.0
 11
244.564710765689
 21
429.62690044843646
 31
0.0
 11
245.343929
 21
437.449259
 31
0.0
 11
246.9069949999999
 21
442.9258339999997
 31
0.0
 11
247.8806058170673
 21
465.3686455539026
 31
0.0
 11
248.5
 21
496.4999999999999
 31
0.0
 11
243.67437673017326
 21
496.55863629833755
 31
0.0
 11
242.148275
 21
496.9744429999999
 31
0.0
 11
239.95762487393432
 21
500.9485849706506
 31
0.0
 11
235.18927945005163
 21
503.51987209420855
 31
0.0
 11
233.74960573182233
 21
505.27169622546967
 31
0.0
 11
233.25236
 21
509.6698820000008
 31
0.0
 11
232.59562899999997
 21
538.6164439999999
 31
0.0
 11
231.66048775761328
 21
551.5419815773531
 31
0.0
 11
230.8206078572208
 21
558.8135930703403
 31
0.0
 11
229.60114970795715
 21
560.9120371857623
 31
0.0
 11
229.262263
 21
562.472187
 31
0.0
 11
228.59754126797
 21
570.2226879603601
 31
0.0
 11
227.32899999999998
 21
573.072559
 31
0.0
 11
226.60531123312998
 21
576.50681156809
 31
0.0
 11
225.63819928779895
 21
578.466853638859
 31
0.0
 11
224.20238571234998
 21
579.69138469303
 31
0.0
 11
222.69978301903296
 21
579.854587577069
 31
0.0
 11
221.7486026967308
 21
578.8092473694304
 31
0.0
 11
221.819875
 21
570.198952
 31
0.0
 11
223.34384699999998
 21
544.1209429999999
 31
0.0
 11
222.88670959641686
 21
540.9893658560882
 31
0.0
 11
222.0
 21
540.5
 31
0.0
 11
220.9628082727625
 21
541.1384504980699
 31
0.0
 11
219.96778716140878
 21
543.2338652972578
 31
0.0
 11
214.634437
 21
561.620782
 31
0.0
 11
214.151306
 21
565.538923
 31
0.0
 11
213.88130290262774
 21
575.9454261667117
 31
0.0
 11
213.46532103599384
 21
578.2743124439345
 31
0.0
 11
212.5780854310808
 21
580.0532750678555
 31
0.0
 11
211.05659020885
 21
581.868367754675
 31
0.0
 11
208.739089
 21
583.865267
 31
0.0
 11
207.57171028502717
 21
584.310747287143
 31
0.0
 11
206.24249
 21
586.778882
 31
0.0
 11
205.1680986881804
 21
589.809365366276
 31
0.0
 11
204.70758629708058
 21
594.1922569629879
 31
0.0
 11
203.58816999041002
 21
598.1194981035001
 31
0.0
 11
199.11388809470702
 21
609.3596495065194
 31
0.0
 11
186.190248
 21
632.696073
 31
0.0
 11
182.17726311747796
 21
639.271729564928
 31
0.0
 11
172.02460850867948
 21
652.222504130889
 31
0.0
 11
159.735388
 21
668.9296879999999
 31
0.0
 11
155.46501947403254
 21
674.2761800442978
 31
0.0
 11
151.9468618524751
 21
677.2820973690701
 31
0.0
 11
149.37639579103097
 21
677.8854877688918
 31
0.0
 11
148.38303495210442
 21
677.2018791126962
 31
0.0
 11
148.0
 21
676.0475079999999
 31
0.0
 11
150.57132899999996
 21
669.426248
 31
0.0
 11
161.40152184072195
 21
648.5462450933625
 31
0.0
 11
173.49852999999985
 21
623.972483
 31
0.0
 11
174.367188
 21
619.903518
 31
0.0
 11
175.86723127831974
 21
616.4946439232533
 31
0.0
 11
175.42357044722505
 21
615.0962291880971
 31
0.0
 11
171.76830700000002
 21
611.5099349999999
 31
0.0
 11
171.167947
 21
610.0587309999999
 31
0.0
 11
171.544646
 21
608.4619469999999
 31
0.0
 11
174.7707207562941
 21
603.6965747702554
 31
0.0
 11
174.892416618112
 21
602.6809182968959
 31
0.0
 11
172.68463400000002
 21
600.875316
 31
0.0
 11
169.087305
 21
599.8544719999999
 31
0.0
 11
167.71843666865848
 21
598.9539794546096
 31
0.0
 11
166.66641073032096
 21
597.103250797649
 31
0.0
 11
166.91075249400407
 21
594.6986833624591
 31
0.0
 11
168.97193000000001
 21
592.1408979999999
 31
0.0
 11
177.107052
 21
585.271543
 31
0.0
 11
188.378826
 21
572.504849
 31
0.0
 11
188.8147150590126
 21
571.1439233176101
 31
0.0
 11
188.33247500000002
 21
570.21355
 31
0.0
 11
186.4635549349378
 21
569.6300789496105
 31
0.0
 11
180.87626808029808
 21
569.0984122229318
 31
0.0
 11
180.38780543483207
 21
568.6584104293099
 31
0.0
 11
180.34382700000003
 21
567.7990799999999
 31
0.0
 11
182.4061089091
 21
563.995019734448
 31
0.0
 11
188.12218732199807
 21
557.1290576796798
 31
0.0
 11
191.902368407036
 21
551.167115626766
 31
0.0
 11
193.4217130344737
 21
550.0642111279717
 31
0.0
 11
197.862406
 21
548.562704
 31
0.0
 11
198.9982099999999
 21
547.106489
 31
0.0
 11
198.9219085549344
 21
545.8429650267842
 31
0.0
 11
197.54032277279654
 21
544.3242948906237
 31
0.0
 11
195.33176
 21
543.443556
 31
0.0
 11
193.809727
 21
543.604323
 31
0.0
 11
192.52396299999998
 21
544.548968
 31
0.0
 11
191.00884113352842
 21
547.0440481909981
 31
0.0
 11
188.717165023369
 21
549.182072725921
 31
0.0
 11
185.45283004484702
 21
551.2500965095693
 31
0.0
 11
182.126545
 21
552.693506
 31
0.0
 11
181.17690000000002
 21
552.4269259999999
 31
0.0
 11
179.61736697832652
 21
551.0318161447511
 31
0.0
 11
178.91305373316462
 21
549.6574576896909
 31
0.0
 11
179.041023
 21
548.703912
 31
0.0
 11
184.23730799999998
 21
542.0153669999997
 31
0.0
 11
200.261013
 21
523.550287
 31
0.0
 11
203.455128
 21
518.857769
 31
0.0
 11
205.59489480874862
 21
514.5636866777861
 31
0.0
 11
205.063047
 21
513.538965
 31
0.0
 11
204.442472
 21
513.532719
 31
0.0
 11
200.9554998428768
 21
515.8489218433028
 31
0.0
 11
190.181609866672
 21
524.3285441533602
 31
0.0
 11
185.41049256566492
 21
526.572139604312
 31
0.0
 11
181.929349
 21
527.1306
 31
0.0
 11
176.172103
 21
526.7689639999999
 31
0.0
 11
172.43936099999996
 21
525.3425289999999
 31
0.0
 11
171.5379062356699
 21
523.6778969980323
 31
0.0
 11
172.65384965058644
 21
520.8739104546576
 31
0.0
 11
174.0265619999999
 21
518.9433450000001
 31
0.0
 11
206.300113917036
 21
483.33166562222914
 31
0.0
 11
210.0637195663565
 21
478.2938617037705
 31
0.0
 11
210.772974
 21
476.492332
 31
0.0
 11
210.97476812809055
 21
474.2323128283729
 31
0.0
 11
210.2850091566575
 21
471.918109316163
 31
0.0
 11
208.6258949296953
 21
468.83652336852356
 31
0.0
 11
208.45415922738673
 21
465.7668196653726
 31
0.0
 11
208.87953186132498
 21
462.8802210185859
 31
0.0
 11
210.70312445060938
 21
457.2336174410213
 31
0.0
 11
217.96451400000004
 21
440.0851849999999
 31
0.0
 11
218.5955027853843
 21
437.8340880254017
 31
0.0
 11
218.65307756677902
 21
436.657682392663
 31
0.0
 11
217.849124
 21
435.851668
 31
0.0
 11
216.08643162392545
 21
435.6779182813531
 31
0.0
 11
214.16855
 21
436.3002329999999
 31
0.0
 11
210.79257165667764
 21
439.0714195784409
 31
0.0
 11
203.58112864869645
 21
447.1232484270777
 31
0.0
 11
200.7736729921348
 21
449.6852615784702
 31
0.0
 11
196.56615573987855
 21
452.4386751925329
 31
0.0
 11
187.052684
 21
457.5941019999999
 31
0.0
 11
185.325476
 21
458.168073
 31
0.0
 11
183.649095
 21
458.044062
 31
0.0
 11
182.454945
 21
457.2748559999999
 31
0.0
 11
182.01058916263491
 21
455.94020749983713
 31
0.0
 11
198.0208261856006
 21
436.4205188407764
 31
0.0
 11
208.5325170000001
 21
422.84745899999984
 31
0.0
 11
209.20907626826718
 21
420.85115487830484
 31
0.0
 11
213.163012
 21
414.5180639999999
 31
0.0
 11
220.7651113308933
 21
399.7783889009498
 31
0.0
 11
220.0203032410555
 21
399.03489718151064
 31
0.0
 11
218.51998
 21
399.673562
 31
0.0
 11
217.2100674676852
 21
400.82812754434474
 31
0.0
 11
216.7025957130348
 21
402.5957655590537
 31
0.0
 11
215.665646798782
 21
403.692881488226
 31
0.0
 11
213.7453877932855
 21
405.0618211022175
 31
0.0
 11
211.737488510074
 21
405.900716119561
 31
0.0
 11
210.37621052711248
 21
405.96080084028756
 31
0.0
 11
209.5477438362886
 21
405.54444954253506
 31
0.0
 11
209.104608
 21
404.653314
 31
0.0
 11
209.03577014828247
 21
402.82801771213747
 31
0.0
 11
209.5303669999999
 21
400.954295
 31
0.0
 11
211.73811
 21
397.630264
 31
0.0
 11
222.85207565227327
 21
376.92458120722256
 31
0.0
 11
223.78806133488345
 21
374.3477182657057
 31
0.0
 11
223.28128251061392
 21
373.41173837312755
 31
0.0
 11
221.50993344334248
 21
374.66788703907633
 31
0.0
 11
215.04552165863998
 21
381.0224220349651
 31
0.0
 11
200.79076368008398
 21
396.8241850078
 31
0.0
 11
198.98562564475642
 21
397.99021420938226
 31
0.0
 11
196.9186771423633
 21
398.23152358176475
 31
0.0
 11
195.26685696965617
 21
397.43994041704286
 31
0.0
 11
194.413773
 21
395.979581
 31
0.0
 11
212.49325332597803
 21
361.69808655525344
 31
0.0
 11
212.70172395026302
 21
359.1516062401985
 31
0.0
 11
211.84671583487338
 21
358.1995013745623
 31
0.0
 11
208.178633
 21
356.290965
 31
0.0
 11
208.36408011083896
 21
354.1188529238755
 31
0.0
 11
214.38829851325397
 21
345.17840046726405
 31
0.0
 11
221.675649
 21
336.63385
 31
0.0
 11
225.44239800000003
 21
331.188408
 31
0.0
 11
230.96939598118044
 21
319.8160536360755
 31
0.0
 11
234.937686846991
 21
310.59604824088694
 31
0.0
 11
234.94114634308482
 21
309.6462122732659
 31
0.0
 11
234.217104
 21
309.051966
 31
0.0
 11
231.7648539689409
 21
309.625382067289
 31
0.0
 11
229.16554642037013
 21
311.5183600943819
 31
0.0
 11
224.34268199999997
 21
316.585665
 31
0.0
 11
222.704972
 21
317.689456
 31
0.0
 11
221.7005795244016
 21
317.74988707568923
 31
0.0
 11
220.6257118112375
 21
317.11694653249253
 31
0.0
 11
219.7825159368385
 21
316.18301971719444
 31
0.0
 11
219.577428
 21
315.161833
 31
0.0
 11
221.03460037332542
 21
310.4486132954354
 31
0.0
 11
230.49345600000004
 21
290.73142899999993
 31
0.0
 11
235.372532686514
 21
279.63346316658
 31
0.0
 11
237.86287865220208
 21
270.53825449167084
 31
0.0
 11
242.3225939999993
 21
251.0000000000009
 31
0.0
 11
243.3312939999999
 21
244.603142
 31
0.0
 11
245.0432351757441
 21
222.01180449231998
 31
0.0
 11
245.83947718436372
 21
204.8703270101167
 31
0.0
 11
245.5811779999999
 21
197.59865
 31
0.0
 11
245.12586181224896
 21
197.04035511184904
 31
0.0
 11
244.41394
 21
197.150688
 31
0.0
 11
242.3339739999998
 21
199.5963120000003
 31
0.0
 11
225.34384690062
 21
230.214340627846
 31
0.0
 11
223.704467
 21
232.075427
 31
0.0
 11
222.82831794608748
 21
232.53953058672118
 31
0.0
 11
221.759434
 21
232.159434
 31
0.0
 11
221.17431291357087
 21
230.7724095799639
 31
0.0
 11
222.2547506804055
 21
226.83415876066812
 31
0.0
 11
224.7787286980516
 21
220.5710342610508
 31
0.0
 11
235.13839199999984
 21
199.82411800000006
 31
0.0
 11
239.8303841824
 21
192.567014805696
 31
0.0
 11
242.01763312932383
 21
190.16566134214898
 31
0.0
 11
244.64211889971605
 21
188.22860617541758
 31
0.0
 11
245.275513
 21
187.053582
 31
0.0
 11
245.94467237910646
 21
177.67911497229363
 31
0.0
 11
246.48424537998392
 21
134.34456972286517
 31
0.0
 11
246.8221485354982
 21
126.41534192539862
 31
0.0
 11
247.762851650779
 21
117.74007867869804
 31
0.0
 11
247.3134596361125
 21
114.9872237482825
 31
0.0
 11
246.0272966327955
 21
113.89880958691937
 31
0.0
 11
244.75341335975253
 21
114.30583597615998
 31
0.0
 11
243.79147190697398
 21
116.85523247063341
 31
0.0
 11
239.6054309014105
 21
141.80385177645002
 31
0.0
 11
236.733585707428
 21
156.142089648076
 31
0.0
 11
224.899092
 21
195.472263
 31
0.0
 11
219.651297
 21
207.87540000000004
 31
0.0
 11
218.63722264856804
 21
211.25726586359139
 31
0.0
 11
208.66950099999994
 21
231.57618699999998
 31
0.0
 11
201.06047691739911
 21
244.56788167316677
 31
0.0
 11
194.14595924166696
 21
254.3035942673625
 31
0.0
 11
191.02712216128762
 21
257.3852950946213
 31
0.0
 11
187.36294442475574
 21
259.66072839448253
 31
0.0
 11
185.99417156749774
 21
262.0952414259794
 31
0.0
 11
180.56848353944676
 21
290.27969281213774
 31
0.0
 11
178.19126971227917
 21
298.31967053282006
 31
0.0
 11
175.35905600000012
 21
315.00392
 31
0.0
 11
173.69339243336802
 21
322.28173793275874
 31
0.0
 11
172.32702613401887
 21
325.9343268391051
 31
0.0
 11
171.719395
 21
330.898126
 31
0.0
 11
170.42167240584743
 21
334.486500305266
 31
0.0
 11
169.75591181440228
 21
338.20089004483526
 31
0.0
 11
167.79363357028
 21
359.005985521985
 31
0.0
 11
165.367747142276
 21
369.79755031385264
 31
0.0
 11
162.7461615001883
 21
415.1181241767531
 31
0.0
 11
162.514715829196
 21
417.3966178289225
 31
0.0
 11
161.27023
 21
420.181043
 31
0.0
 11
160.654785
 21
426.1388619999999
 31
0.0
 11
159.617593
 21
428.54868
 31
0.0
 11
158.226093
 21
429.561883
 31
0.0
 11
156.822586
 21
429.205265
 31
0.0
 11
156.0029135586253
 21
427.7452171074909
 31
0.0
 11
155.76971505289714
 21
413.1829965711697
 31
0.0
 11
156.782330790143
 21
403.99036581679695
 31
0.0
 11
156.43078650110553
 21
403.23753531380464
 31
0.0
 11
155.25251051515676
 21
403.04333636609385
 31
0.0
 11
153.96747885848
 21
404.49583853735203
 31
0.0
 11
153.18964871519196
 21
408.2706433024162
 31
0.0
 11
151.670084
 21
423.909375
 31
0.0
 11
150.777640561536
 21
429.10171688919996
 31
0.0
 11
150.128505663635
 21
431.17941444255496
 31
0.0
 11
148.4872339742809
 21
433.4635205570671
 31
0.0
 11
147.29928616603598
 21
436.01319514600794
 31
0.0
 11
145.09148
 21
442.287958
 31
0.0
 11
140.37061599999998
 21
470.4970099999999
 31
0.0
 11
137.778541
 21
476.3350099999999
 31
0.0
 11
135.403093
 21
487.231424
 31
0.0
 11
132.1357238284285
 21
497.02536732568103
 31
0.0
 11
130.641465
 21
498.403708
 31
0.0
 11
128.7327028871368
 21
498.9012299624049
 31
0.0
 11
127.12514549684649
 21
498.36464256032974
 31
0.0
 11
126.50260359188941
 21
497.11353187564004
 31
0.0
 11
126.98095074917074
 21
492.28077431758095
 31
0.0
 11
129.39854575335423
 21
482.91574830543414
 31
0.0
 11
130.920816
 21
471.695699
 31
0.0
 11
130.50419515750104
 21
470.24531466811214
 31
0.0
 11
129.455052
 21
470.155842
 31
0.0
 11
128.33494697580795
 21
470.6074162597725
 31
0.0
 11
126.45159362572595
 21
473.044433838348
 31
0.0
 11
124.78151336682852
 21
476.99125560632444
 31
0.0
 11
123.6469184910435
 21
481.9422920981459
 31
0.0
 11
122.31230486058472
 21
491.42948401011574
 31
0.0
 11
121.344851
 21
494.5873139999999
 31
0.0
 11
119.875044
 21
497.1802119999999
 31
0.0
 11
118.67960919588727
 21
497.83218971921343
 31
0.0
 11
117.6534868640547
 21
497.6207993041049
 31
0.0
 11
116.1759146635886
 21
496.33569669426356
 31
0.0
 11
114.38984470857368
 21
493.60443963531225
 31
0.0
 11
113.072563928598
 21
493.58404995806404
 31
0.0
 11
112.3995697638315
 21
494.771007890774
 31
0.0
 11
111.38809295064642
 21
499.5704440061872
 31
0.0
 11
110.40912180458956
 21
501.92924228289525
 31
0.0
 11
104.48421554787714
 21
509.71610883646264
 31
0.0
 11
103.211455
 21
511.724386
 31
0.0
 11
102.746379
 21
513.228696
 31
0.0
 11
92.54733854797259
 21
522.3102067915634
 31
0.0
 11
88.635915
 21
526.8714529999999
 31
0.0
 11
87.58121342481088
 21
529.3917023637727
 31
0.0
 11
80.13281199999997
 21
534.7874769999999
 31
0.0
 11
68.69977931989065
 21
545.1847634754124
 31
0.0
 11
61.1642248129945
 21
550.4038640341389
 31
0.0
 11
57.4018139068724
 21
552.4958263790605
 31
0.0
 11
54.760676
 21
553.0
 31
0.0
 11
52.71270600000001
 21
552.272041
 31
0.0
 11
52.00895000000002
 21
550.547395
 31
0.0
 11
52.64421930050066
 21
548.4231074977965
 31
0.0
 11
54.31908179122699
 21
545.975495670722
 31
0.0
 11
66.89135259043454
 21
531.2296541401802
 31
0.0
 11
72.42923272693884
 21
524.1105271527722
 31
0.0
 11
72.44771762723857
 21
522.5071790451743
 31
0.0
 11
70.66871566984736
 21
519.8211267262168
 31
0.0
 11
70.29931799999997
 21
518.1692289999999
 31
0.0
 11
71.10436800000001
 21
514.4585799999999
 31
0.0
 11
71.96458790332451
 21
506.9735357840266
 31
0.0
 11
73.33071367275087
 21
503.5053799623929
 31
0.0
 11
76.15715173005282
 21
500.4074437675184
 31
0.0
 11
86.39066131916955
 21
493.27203172407326
 31
0.0
 11
89.98262212026182
 21
490.1993853659342
 31
0.0
 11
89.53993150969599
 21
489.1064086202192
 31
0.0
 11
86.62715999999999
 21
488.324521
 31
0.0
 11
82.86764399999998
 21
488.207209
 31
0.0
 11
73.03442447558653
 21
489.09282199325
 31
0.0
 11
70.35841034092535
 21
488.52044833236886
 31
0.0
 11
69.35938000000002
 21
487.558993
 31
0.0
 11
69.11238958481138
 21
486.28772387714787
 31
0.0
 11
69.46659209412842
 21
485.33471298742177
 31
0.0
 11
72.33529046770047
 21
482.6951027914335
 31
0.0
 11
77.32030996626197
 21
479.5531695769909
 31
0.0
 11
84.84425309640265
 21
476.21625417021124
 31
0.0
 11
87.62592314526997
 21
474.5278122582106
 31
0.0
 11
90.28878688990665
 21
469.0819289867688
 31
0.0
 11
91.21453624097288
 21
465.6884547288933
 31
0.0
 11
90.93233484271111
 21
464.47053300831845
 31
0.0
 11
89.88306099999997
 21
463.978567
 31
0.0
 11
78.02237563436762
 21
463.37795195267466
 31
0.0
 11
74.95617440344482
 21
462.76112824560727
 31
0.0
 11
73.5870273071328
 21
461.9874709085406
 31
0.0
 11
72.518118
 21
460.80581
 31
0.0
 11
72.12305399985505
 21
459.80286602719315
 31
0.0
 11
72.32647807008199
 21
458.77144116576994
 31
0.0
 11
74.98766834659187
 21
455.81413450127917
 31
0.0
 11
80.71530211954345
 21
452.9192848857465
 31
0.0
 11
95.31972400000001
 21
447.01576100000005
 31
0.0
 11
98.343246576699
 21
446.25566049801597
 31
0.0
 11
102.7084875369963
 21
445.78354745544345
 31
0.0
 11
104.994697
 21
444.435859
 31
0.0
 11
106.73183504475651
 21
442.67035028925307
 31
0.0
 11
106.790381
 21
441.407173
 31
0.0
 11
97.978553
 21
440.342944
 31
0.0
 11
97.28267912353095
 21
439.5264809274722
 31
0.0
 11
97.31023698222903
 21
438.6838945501401
 31
0.0
 11
98.97073663945918
 21
436.61639294246015
 31
0.0
 11
101.99226032412962
 21
434.3747150781064
 31
0.0
 11
109.78816714360164
 21
430.8175129146946
 31
0.0
 11
112.59053186690225
 21
429.1453124454266
 31
0.0
 11
114.949913
 21
426.5057139999999
 31
0.0
 11
116.350275
 21
423.6017179999999
 31
0.0
 11
116.34830816091427
 21
422.83863913208205
 31
0.0
 11
115.59605928210806
 21
422.126171405331
 31
0.0
 11
113.47586856980489
 21
421.97270284299776
 31
0.0
 11
95.612454
 21
422.70697
 31
0.0
 11
94.46012300000001
 21
422.168419
 31
0.0
 11
94.03056994830834
 21
421.3930971069002
 31
0.0
 11
94.25209576098337
 21
420.1686429942142
 31
0.0
 11
95.139311461658
 21
419.170930528131
 31
0.0
 11
99.45082308127371
 21
416.18884731659347
 31
0.0
 11
109.90947595963712
 21
410.6627607534692
 31
0.0
 11
116.85378929307244
 21
407.6529386122994
 31
0.0
 11
129.48833164652535
 21
403.0535412909918
 31
0.0
 11
131.64088402044
 21
401.78167026244
 31
0.0
 11
133.55756568607
 21
399.8863005873875
 31
0.0
 11
134.15007755210556
 21
398.49604624263947
 31
0.0
 11
133.98591666941294
 21
397.7343420805365
 31
0.0
 11
133.39505691750392
 21
397.2739677142787
 31
0.0
 11
117.52758636212299
 21
403.257486558577
 31
0.0
 11
114.47460568041198
 21
403.633549217882
 31
0.0
 11
113.01751290037092
 21
403.17873950188095
 31
0.0
 11
112.5629370112796
 21
402.5287422398289
 31
0.0
 11
112.85970896826637
 21
401.0479365749204
 31
0.0
 11
114.91487827945488
 21
399.27110516382254
 31
0.0
 11
136.49989153090453
 21
383.81800225676454
 31
0.0
 11
140.772
 21
380.333358
 31
0.0
 11
141.46162451334223
 21
379.1167658351413
 31
0.0
 11
141.216987
 21
378.074383
 31
0.0
 11
140.68750745496152
 21
377.59392188126697
 31
0.0
 11
138.65774536036
 21
377.541606470785
 31
0.0
 11
127.39002846398002
 21
382.0155843579142
 31
0.0
 11
123.2778487793548
 21
382.8165775571624
 31
0.0
 11
120.37725326488543
 21
382.5497362863277
 31
0.0
 11
119.26596192688046
 21
381.1883984657425
 31
0.0
 11
119.87877300000001
 21
379.108484
 31
0.0
 11
122.37848801699997
 21
376.4254224135
 31
0.0
 11
128.5
 21
371.041134
 31
0.0
 11
120.18941325872422
 21
370.7642786683952
 31
0.0
 11
119.13420891615306
 21
369.83905359740976
 31
0.0
 11
119.134249667192
 21
368.33379045806197
 31
0.0
 11
120.318769421883
 21
366.80228494474903
 31
0.0
 11
122.73163815974294
 21
364.922426775139
 31
0.0
 11
139.68710353612752
 21
354.8881889872251
 31
0.0
 11
144.24388619074
 21
351.53991621548
 31
0.0
 11
146.72849106888197
 21
348.7568879981775
 31
0.0
 11
152.53561669804998
 21
340.729562701465
 31
0.0
 11
159.01530788912848
 21
333.1854283102315
 31
0.0
 11
159.84382285506277
 21
331.32909425920286
 31
0.0
 11
159.52473920137072
 21
331.0079486489714
 31
0.0
 11
158.563062
 21
331.153322
 31
0.0
 11
155.908005
 21
332.434274
 31
0.0
 11
150.89738491989
 21
335.739338307584
 31
0.0
 11
148.049841
 21
336.593838
 31
0.0
 11
146.5
 21
336.361626
 31
0.0
 11
145.75502381282794
 21
335.843380553286
 31
0.0
 11
145.3357929999999
 21
335.038512
 31
0.0
 11
145.35622777501175
 21
333.5007128731194
 31
0.0
 11
147.51324
 21
329.87663
 31
0.0
 11
158.16378502437826
 21
317.70299911686453
 31
0.0
 11
163.733622946815
 21
310.475148397446
 31
0.0
 11
168.26981737168745
 21
303.5507632711291
 31
0.0
 11
172.26112535817427
 21
295.86143521421985
 31
0.0
 11
173.34188098892326
 21
288.9640278067848
 31
0.0
 11
175.1518959999999
 21
282.330876
 31
0.0
 11
176.813882
 21
273.92645
 31
0.0
 11
182.79385399999993
 21
237.79375
 31
0.0
 11
186.3215087575438
 21
208.4908694909016
 31
0.0
 11
190.587264
 21
188.0
 31
0.0
 11
192.33765462215786
 21
173.92124429704467
 31
0.0
 11
192.5908157751011
 21
170.55270008320204
 31
0.0
 11
192.305243
 21
168.900529
 31
0.0
 11
194.1894320576621
 21
162.373019131562
 31
0.0
 11
195.1231639064441
 21
155.789343934771
 31
0.0
 11
197.28361953723245
 21
131.0994351856997
 31
0.0
 11
203.45949900000005
 21
81.50884300000037
 31
0.0
 11
206.65669095922703
 21
59.8928501466258
 31
0.0
 11
207.889628748554
 21
46.39051024262751
 31
0.0
 11
208.57631570865334
 21
42.219396494608894
 31
0.0
 11
209.685123
 21
39.106334
 31
0.0
 11
211.495693
 21
36.968193
 31
0.0
 11
212.548936307968
 21
36.565174348704005
 31
0.0
 11
213.668209
 21
36.702921
 31
0.0
 11
214.51810132987904
 21
37.861796156957745
 31
0.0
 11
214.84829940074204
 21
41.28392100891169
 31
0.0
 11
213.84598893846598
 21
59.243127414619
 31
0.0
 11
208.361945029484
 21
96.07741493518603
 31
0.0
 11
208.430003
 21
101.191893
 31
0.0
 11
209.40745
 21
102.0
 31
0.0
 11
210.23794008599248
 21
101.73148892766588
 31
0.0
 11
210.7862268991885
 21
100.961631536391
 31
0.0
 11
211.38746668331086
 21
96.73297648694744
 31
0.0
 11
213.4772010668436
 21
91.42941919403529
 31
0.0
 11
214.51025018513138
 21
86.91334890481765
 31
0.0
 11
218.066170285002
 21
69.20395558672402
 31
0.0
 11
223.53770483928847
 21
37.14191075772943
 31
0.0
 11
225.5776320000001
 21
36.23544600000002
 31
0.0
 11
248.835426
 21
36.641615999999885
 31
0.0
 11
250.76776268344804
 21
37.150684024929525
 31
0.0
 11
252.0189680874415
 21
38.2471061602235
 31
0.0
 11
252.7894053201897
 21
42.74377669936344
 31
0.0
 11
253.2132758861355
 21
50.2436503481114
 31
0.0
 11
254.1323970000012
 21
108.067271000042
 31
0.0
  0
SPLINE
  5
130
330
17
100
AcDbEntity
  8
0
100
AcDbSpline
 70
0
 71
3
 72
0
 73
0
 74
22
 11
1328.453651
 21
682.812342
 31
0.0
 11
1320.128002
 21
680.403058
 31
0.0
 11
1319.361024696021
 21
679.2165044945012
 31
0.0
 11
1320.2005264118848
 21
677.4987488549266
 31
0.0
 11
1322.625927
 21
675.41102
 31
0.0
 11
1330.751935
 21
670.9734620000002
 31
0.0
 11
1337.5145584178335
 21
667.8771408112908
 31
0.0
 11
1343.9948209938966
 21
665.5612940001395
 31
0.0
 11
1352.4905828458361
 21
663.745178450253
 31
0.0
 11
1363.6909157632776
 21
663.3031150682041
 31
0.0
 11
1370.996478136778
 21
663.912264495552
 31
0.0
 11
1376.1319071911685
 21
664.8168788757437
 31
0.0
 11
1379.4243706026593
 21
666.0647894209966
 31
0.0
 11
1380.4757533881498
 21
666.7817509550673
 31
0.0
 11
1380.9380696829335
 21
667.6276557382477
 31
0.0
 11
1380.773505754225
 21
669.2418327108859
 31
0.0
 11
1380.129316
 21
670.1915089999999
 31
0.0
 11
1375.562787187896
 21
673.9879472004952
 31
0.0
 11
1369.1740288095075
 21
677.8406981838835
 31
0.0
 11
1360.956467849358
 21
681.4317134769487
 31
0.0
 11
1353.761335
 21
682.504297
 31
0.0
 11
1328.453651
 21
682.812342
 31
0.0
  0
SPLINE
  5
131
330
17
100
AcDbEntity
  8
0
100
AcDbSpline
 70
0
 71
3
 72
0
 73
0
 74
27
 11
1416.038446
 21
654.288119
 31
0.0
 11
1443.241184
 21
651.612194
 31
0.0
 11
1465.7023088003712
 21
647.8722009234709
 31
0.0
 11
1472.1200470653594
 21
646.2841130983904
 31
0.0
 11
1493.7395554549798
 21
638.0705329115754
 31
0.0
 11
1496.267886
 21
637.2591319999999
 31
0.0
 11
1496.802736060655
 21
637.563877006713
 31
0.0
 11
1493.361496
 21
643.6235179999999
 31
0.0
 11
1489.4021696370887
 21
648.5529881247263
 31
0.0
 11
1486.331169
 21
650.240254
 31
0.0
 11
1477.5960178746643
 21
653.0946922578695
 31
0.0
 11
1461.850607545944
 21
657.4007875341758
 31
0.0
 11
1451.26732556543
 21
659.3260234443179
 31
0.0
 11
1440.69156860515
 21
660.243057601325
 31
0.0
 11
1420.899178
 21
660.5
 31
0.0
 11
1407.5369008081614
 21
673.6621968159367
 31
0.0
 11
1398.433685
 21
681.985995
 31
0.0
 11
1393.7471496012529
 21
685.4035647127963
 31
0.0
 11
1390.620767
 21
686.803582
 31
0.0
 11
1388.798441
 21
686.75413
 31
0.0
 11
1387.074147862906
 21
685.6074800347801
 31
0.0
 11
1387.111766
 21
684.80651
 31
0.0
 11
1388.2213329887322
 21
683.167589649577
 31
0.0
 11
1406.0834639923455
 21
664.4155093623832
 31
0.0
 11
1412.968129
 21
656.1176929999999
 31
0.0
 11
1414.519854136938
 21
654.7040425400669
 31
0.0
 11
1416.038446
 21
654.288119
 31
0.0
  0
SPLINE
  5
132
330
17
100
AcDbEntity
  8
0
100
AcDbSpline
 70
0
 71
3
 72
0
 73
0
 74
16
 11
1641.962168
 21
678.6408789999999
 31
0.0
 11
1642.7483010021779
 21
679.79380807992
 31
0.0
 11
1642.3196416064402
 21
681.0026091934516
 31
0.0
 11
1641.3368683411818
 21
682.2323234792533
 31
0.0
 11
1638.32356400533
 21
684.225637096165
 31
0.0
 11
1634.723046764337
 21
686.124255059616
 31
0.0
 11
1630.4769277958712
 21
687.76542260158
 31
0.0
 11
1628.061851
 21
687.906858
 31
0.0
 11
1626.8364134624126
 21
687.2014969235772
 31
0.0
 11
1626.406895237358
 21
685.6664927837669
 31
0.0
 11
1626.8775412550483
 21
684.0028232419927
 31
0.0
 11
1628.105029
 21
682.6323389999999
 31
0.0
 11
1630.7850575472928
 21
680.8975371564799
 31
0.0
 11
1637.219063725291
 21
678.140626824329
 31
0.0
 11
1639.5956602522645
 21
678.0406517048414
 31
0.0
 11
1641.962168
 21
678.6408789999999
 31
0.0
  0
SPLINE
  5
133
330
17
100
AcDbEntity
  8
0
100
AcDbSpline
 70
0
 71
3
 72
0
 73
0
 74
21
 11
1574.526507
 21
686.544982
 31
0.0
 11
1572.490314
 21
689.630016
 31
0.0
 11
1570.817968
 21
691.071663
 31
0.0
 11
1569.143059
 21
691.2937099999999
 31
0.0
 11
1567.211298
 21
690.435446
 31
0.0
 11
1565.686546031042
 21
688.8426168981034
 31
0.0
 11
1564.357643837127
 21
685.925068801607
 31
0.0
 11
1562.1978262040052
 21
677.9551281537391
 31
0.0
 11
1562.6501495033738
 21
674.7083239965297
 31
0.0
 11
1564.5161383734953
 21
671.5037553432124
 31
0.0
 11
1568.410068548819
 21
667.2740423628509
 31
0.0
 11
1570.6587237857693
 21
665.4690077393255
 31
0.0
 11
1571.8559562659345
 21
665.0535716024663
 31
0.0
 11
1574.299586
 21
665.332725
 31
0.0
 11
1575.9885433407655
 21
666.7022939592351
 31
0.0
 11
1577.4143877178071
 21
669.7124048441774
 31
0.0
 11
1578.6327368057084
 21
673.8902224639389
 31
0.0
 11
1578.6155663219363
 21
675.3114753003548
 31
0.0
 11
1577.325456
 21
677.7977980000001
 31
0.0
 11
1576.5731262564
 21
681.97327687509
 31
0.0
 11
1574.526507
 21
686.544982
 31
0.0
  0
SPLINE
  5
134
330
17
100
AcDbEntity
  8
0
100
AcDbSpline
 70
0
 71
3
 72
0
 73
0
 74
17
 11
1840.912051
 21
691.605972
 31
0.0
 11
1840.198538962276
 21
692.2431992020323
 31
0.0
 11
1838.4204258963448
 21
692.7685047208282
 31
0.0
 11
1836.4230357722981
 21
692.1851697071371
 31
0.0
 11
1833.96053
 21
689.894169
 31
0.0
 11
1832.735193125704
 21
687.2678738680651
 31
0.0
 11
1832.157975
 21
684.427857
 31
0.0
 11
1832.37220057659
 21
681.856995927903
 31
0.0
 11
1833.7626585146186
 21
679.0149767586764
 31
0.0
 11
1836.104073164088
 21
677.321020581768
 31
0.0
 11
1837.7632987192446
 21
677.0403807482118
 31
0.0
 11
1839.8658889285155
 21
677.6049705237931
 31
0.0
 11
1841.127555
 21
678.653875
 31
0.0
 11
1841.9616850241582
 21
680.2772746504643
 31
0.0
 11
1842.169209070112
 21
687.215765310496
 31
0.0
 11
1841.795282140601
 21
689.9405631802999
 31
0.0
 11
1840.912051
 21
691.605972
 31
0.0
  0
SPLINE
  5
135
330
17
100
AcDbEntity
  8
0
100
AcDbSpline
 70
0
 71
3
 72
0
 73
0
 74
76
 11
551.684024
 21
622.618384
 31
0.0
 11
547.809280355949
 21
619.0823215269269
 31
0.0
 11
546.0216389784857
 21
616.6993395961802
 31
0.0
 11
546.109232
 21
615.368384
 31
0.0
 11
547.2142591995901
 21
614.4867644829175
 31
0.0
 11
548.578873
 21
614.117756
 31
0.0
 11
551.3692792280671
 21
614.3373386559249
 31
0.0
 11
554.73717875416
 21
615.530436573484
 31
0.0
 11
558.5476863733049
 21
617.6917599231158
 31
0.0
 11
565.3370485282281
 21
622.4295270817457
 31
0.0
 11
568.1480622101392
 21
623.7310447589552
 31
0.0
 11
569.3070030213465
 21
623.8914198848984
 31
0.0
 11
570.6404459999999
 21
623.4747079999999
 31
0.0
 11
572.6355385532987
 21
620.5507594476767
 31
0.0
 11
574.3072789155472
 21
620.043279821505
 31
0.0
 11
574.877771624335
 21
620.47269604973
 31
0.0
 11
575.5676839999999
 21
622.56725
 31
0.0
 11
579.040867983872
 21
626.3116681753199
 31
0.0
 11
581.0844111448475
 21
627.8521252991525
 31
0.0
 11
584.3447610000001
 21
628.668249
 31
0.0
 11
587.9622099999998
 21
631.1429009999999
 31
0.0
 11
591.8884230839838
 21
634.6971691082767
 31
0.0
 11
594.93029
 21
639.047573
 31
0.0
 11
599.6681731011105
 21
642.6599947492055
 31
0.0
 11
599.756245330914
 21
644.2651781561979
 31
0.0
 11
598.9594145194807
 21
645.6513995784737
 31
0.0
 11
597.0830584673905
 21
647.8178122524018
 31
0.0
 11
594.9104601570555
 21
649.2726300462419
 31
0.0
 11
593.0443549999999
 21
649.8872959999999
 31
0.0
 11
590.848069
 21
649.915573
 31
0.0
 11
588.7202157913413
 21
648.3127431474659
 31
0.0
 11
586.436367
 21
648.043891
 31
0.0
 11
584.0159797431777
 21
648.6610287304928
 31
0.0
 11
582.7247532470288
 21
649.898977000221
 31
0.0
 11
582.2711349999998
 21
651.414608
 31
0.0
 11
582.2461846060319
 21
657.4665256571717
 31
0.0
 11
582.6493670582628
 21
661.8947782676806
 31
0.0
 11
583.4877102581445
 21
665.2771515131589
 31
0.0
 11
582.8063718067635
 21
667.0357349718689
 31
0.0
 11
579.588794267243
 21
672.0399744317408
 31
0.0
 11
578.455859
 21
677.9120699999999
 31
0.0
 11
576.820149799937
 21
681.6171401138814
 31
0.0
 11
572.8809709434488
 21
690.8688941880927
 31
0.0
 11
572.1931371444539
 21
691.954076604003
 31
0.0
 11
571.0706657773864
 21
692.715044677104
 31
0.0
 11
567.7310920126259
 21
692.9933078263011
 31
0.0
 11
564.9975809999999
 21
692.5737619999999
 31
0.0
 11
563.5451305451031
 21
691.9769820484802
 31
0.0
 11
561.5732069999999
 21
690.440625
 31
0.0
 11
558.903440418157
 21
689.765540983755
 31
0.0
 11
558.126685
 21
689.112206
 31
0.0
 11
556.4528659999999
 21
686.205864
 31
0.0
 11
555.2846470809476
 21
682.9223836281275
 31
0.0
 11
554.1217975326387
 21
677.5177418911612
 31
0.0
 11
553.4194162596566
 21
671.8343789488116
 31
0.0
 11
553.7576283066493
 21
668.5701968854447
 31
0.0
 11
556.2555763739626
 21
662.7902231123378
 31
0.0
 11
556.3813867641661
 21
661.6102622684392
 31
0.0
 11
553.573108
 21
656.928323
 31
0.0
 11
552.577975569284
 21
653.170208082256
 31
0.0
 11
551.7055479634962
 21
652.3705820129609
 31
0.0
 11
550.6346299999998
 21
652.426722
 31
0.0
 11
540.099813
 21
657.496821
 31
0.0
 11
537.5158951672859
 21
660.0774429332076
 31
0.0
 11
532.8948566713128
 21
662.4940081037444
 31
0.0
 11
529.9430944175749
 21
663.6837648105412
 31
0.0
 11
528.9657039999998
 21
663.478804
 31
0.0
 11
528.3247354050872
 21
662.7551463494381
 31
0.0
 11
528.1738070367558
 21
661.3322373309986
 31
0.0
 11
528.679779987412
 21
659.807633433014
 31
0.0
 11
531.5157199999999
 21
654.966278
 31
0.0
 11
534.8490879999999
 21
650.645874
 31
0.0
 11
538.7944309999999
 21
647.073049
 31
0.0
 11
545.0391067071773
 21
643.3624774308332
 31
0.0
 11
565.38145
 21
634.7376780000001
 31
0.0
 11
551.684024
 21
622.618384
 31
0.0
  0
SPLINE
  5
136
330
17
100
AcDbEntity
  8
0
100
AcDbSpline
 70
0
 71
3
 72
0
 73
0
 74
19
 11
1443.844574
 21
689.2635690000002
 31
0.0
 11
1441.395202666095
 21
693.8881462369474
 31
0.0
 11
1440.1005978052974
 21
694.7410500403145
 31
0.0
 11
1439.1372482434267
 21
694.8321002310335
 31
0.0
 11
1436.356991
 21
693.3061979999999
 31
0.0
 11
1432.7876219917166
 21
688.803208418951
 31
0.0
 11
1429.386954267804
 21
682.8696234202645
 31
0.0
 11
1427.9997993564762
 21
677.8579624092677
 31
0.0
 11
1428.5103316788618
 21
673.6828877015134
 31
0.0
 11
1429.4446365379395
 21
671.9229582850841
 31
0.0
 11
1431.0687917896926
 21
670.3022114859376
 31
0.0
 11
1433.3428318936749
 21
669.4903443072611
 31
0.0
 11
1435.877097714251
 21
670.284403847274
 31
0.0
 11
1439.8790994129088
 21
673.7571180681609
 31
0.0
 11
1443.631325976944
 21
678.1034429574278
 31
0.0
 11
1444.6946784343827
 21
680.4209654698938
 31
0.0
 11
1445.0
 21
683.110316
 31
0.0
 11
1444.660594
 21
686.533523
 31
0.0
 11
1443.844574
 21
689.2635690000002
 31
0.0
  0
SPLINE
  5
137
330
17
100
AcDbEntity
  8
0
100
AcDbSpline
 70
0
 71
3
 72
0
 73
0
 74
21
 11
1789.27221
 21
679.0618119999999
 31
0.0
 11
1790.8759415994814
 21
680.7336007757734
 31
0.0
 11
1790.9473659104788
 21
682.0618988690298
 31
0.0
 11
1790.205452
 21
683.4409969999999
 31
0.0
 11
1781.504218
 21
690.920903
 31
0.0
 11
1778.4525512486798
 21
692.8587049188376
 31
0.0
 11
1774.933475
 21
694.4806059999999
 31
0.0
 11
1767.6464479772303
 21
696.6814527175814
 31
0.0
 11
1759.0982654095997
 21
697.9989811761837
 31
0.0
 11
1744.0865738458801
 21
698.696158823294
 31
0.0
 11
1740.056257
 21
698.657211
 31
0.0
 11
1739.0825639941902
 21
697.9952431498405
 31
0.0
 11
1739.1295762485934
 21
696.4301747901235
 31
0.0
 11
1740.110545473507
 21
694.3778481834665
 31
0.0
 11
1745.115361835558
 21
690.3397165514589
 31
0.0
 11
1754.333720381778
 21
684.348918800761
 31
0.0
 11
1763.690944558496
 21
679.8194242388801
 31
0.0
 11
1770.0603730478742
 21
678.0407131533424
 31
0.0
 11
1777.7004473993547
 21
677.255155134188
 31
0.0
 11
1783.40099
 21
677.6120849999999
 31
0.0
 11
1789.27221
 21
679.0618119999999
 31
0.0
  0
LWPOLYLINE
  5
138
330
17
100
AcDbEntity
  8
0
100
AcDbPolyline
 90
2
 70
1
 10
1501.344543
 20
662.3475260000004
 10
1501.3445429999997
 20
662.3475260000005
  0
SPLINE
  5
139
330
17
100
AcDbEntity
  8
0
100
AcDbSpline
 70
0
 71
3
 72
0
 73
0
 74
19
 11
1536.826354
 21
705.4999999999999
 31
0.0
 11
1535.6272431069929
 21
709.0383599442486
 31
0.0
 11
1534.692396144623
 21
709.5900539990932
 31
0.0
 11
1532.49352581223
 21
709.4002146008888
 31
0.0
 11
1524.945513
 21
705.1234329999999
 31
0.0
 11
1516.4740573103072
 21
698.8563437752549
 31
0.0
 11
1512.1974150141252
 21
694.1070568096748
 31
0.0
 11
1509.7183976642827
 21
689.1240168453236
 31
0.0
 11
1508.7847003416032
 21
683.7085392175142
 31
0.0
 11
1508.9863587355753
 21
682.285518998505
 31
0.0
 11
1509.856014
 21
680.874315
 31
0.0
 11
1513.258323230174
 21
678.3641444587723
 31
0.0
 11
1515.1287505631985
 21
678.2910109252908
 31
0.0
 11
1522.4364416794174
 21
681.6461800035065
 31
0.0
 11
1528.07020099543
 21
685.6496416864812
 31
0.0
 11
1531.1193554651577
 21
688.7764635210106
 31
0.0
 11
1534.5404962818945
 21
693.987614417235
 31
0.0
 11
1536.4889982752136
 21
699.6641636555229
 31
0.0
 11
1536.826354
 21
705.4999999999999
 31
0.0
  0
SPLINE
  5
13A
330
17
100
AcDbEntity
  8
0
100
AcDbSpline
 70
0
 71
3
 72
0
 73
0
 74
18
 11
1407.614649
 21
689.0237689999999
 31
0.0
 11
1408.2276761575783
 21
689.2738199713448
 31
0.0
 11
1410.3841998482903
 21
691.0506605827724
 31
0.0
 11
1411.343297
 21
693.3453339999999
 31
0.0
 11
1411.528241
 21
697.9416419999999
 31
0.0
 11
1410.519258
 21
703.0639259999999
 31
0.0
 11
1408.413209
 21
707.661255
 31
0.0
 11
1405.8557685562591
 21
711.1448021911348
 31
0.0
 11
1403.451080417712
 21
712.6662795891959
 31
0.0
 11
1400.491654
 21
712.635322
 31
0.0
 11
1399.596451960884
 21
711.739861996271
 31
0.0
 11
1397.4875723364785
 21
706.3220272792614
 31
0.0
 11
1397.0408241260693
 21
701.2994494362529
 31
0.0
 11
1397.4750854511367
 21
696.3599353805773
 31
0.0
 11
1399.194841594892
 21
693.0896564534561
 31
0.0
 11
1402.460627
 21
689.889048
 31
0.0
 11
1405.088113
 21
688.823147
 31
0.0
 11
1407.614649
 21
689.0237689999999
 31
0.0
  0
SPLINE
  5
13B
330
17
100
AcDbEntity
  8
0
100
AcDbSpline
 70
0
 71
3
 72
0
 73
0
 74
16
 11
1329.815166
 21
717.7139760000002
 31
0.0
 11
1329.0
 21
716.7228610000001
 31
0.0
 11
1329.666168
 21
714.83045
 31
0.0
 11
1333.8436292849326
 21
710.5117305866851
 31
0.0
 11
1337.962364417877
 21
707.5533112663068
 31
0.0
 11
1342.278897
 21
705.680486
 31
0.0
 11
1345.526306
 21
705.084158
 31
0.0
 11
1348.6910435679958
 21
705.4953704500222
 31
0.0
 11
1350.0781881722558
 21
706.6210424487259
 31
0.0
 11
1350.2532972481358
 21
708.0041126040525
 31
0.0
 11
1349.321164
 21
709.3801779999999
 31
0.0
 11
1345.763146
 21
712.5704829999999
 31
0.0
 11
1341.510836
 21
715.306288
 31
0.0
 11
1335.0928128901912
 21
717.5818131446166
 31
0.0
 11
1332.439898
 21
717.90411
 31
0.0
 11
1329.815166
 21
717.7139760000002
 31
0.0
  0
SPLINE
  5
13C
330
17
100
AcDbEntity
  8
0
100
AcDbSpline
 70
0
 71
3
 72
0
 73
0
 74
25
 11
1707.017228
 21
716.9678089999999
 31
0.0
 11
1705.779879408211
 21
718.2949895993711
 31
0.0
 11
1704.0196540278555
 21
718.854296200684
 31
0.0
 11
1701.8826467043855
 21
718.4511083611205
 31
0.0
 11
1699.375877
 21
717.180477
 31
0.0
 11
1694.657334
 21
713.6653579999999
 31
0.0
 11
1687.494086
 21
707.258671
 31
0.0
 11
1685.1638706504505
 21
704.7149009695754
 31
0.0
 11
1682.4063294790583
 21
700.6956444437244
 31
0.0
 11
1681.2361680345407
 21
698.0947779443073
 31
0.0
 11
1680.2007907814
 21
693.8532759717999
 31
0.0
 11
1680.2520857484474
 21
687.5851566262785
 31
0.0
 11
1681.491700568709
 21
683.0929482151839
 31
0.0
 11
1682.9819817137404
 21
680.9190808813596
 31
0.0
 11
1684.9536916313475
 21
679.364274353829
 31
0.0
 11
1688.383772
 21
678.595005
 31
0.0
 11
1691.086403200312
 21
679.0478850281661
 31
0.0
 11
1693.610211
 21
680.115457
 31
0.0
 11
1700.57448
 21
685.057561
 31
0.0
 11
1703.0462440936226
 21
687.6177724804074
 31
0.0
 11
1705.043977
 21
690.56283
 31
0.0
 11
1707.070765517635
 21
695.575968149044
 31
0.0
 11
1708.0259165198572
 21
701.7383476471549
 31
0.0
 11
1708.0261425207464
 21
710.4956937081977
 31
0.0
 11
1707.017228
 21
716.9678089999999
 31
0.0
  0
SPLINE
  5
13D
330
17
100
AcDbEntity
  8
0
100
AcDbSpline
 70
0
 71
3
 72
0
 73
0
 74
18
 11
1651.18628
 21
695.1264860000001
 31
0.0
 11
1654.2717196116553
 21
695.7193159744306
 31
0.0
 11
1656.985846558525
 21
698.2406712193849
 31
0.0
 11
1659.4189950578577
 21
703.0879493787884
 31
0.0
 11
1659.507357850675
 21
706.232333730657
 31
0.0
 11
1657.8617943561696
 21
712.7502183460141
 31
0.0
 11
1654.2994037186552
 21
717.9078529928573
 31
0.0
 11
1647.965503
 21
724.8907589999998
 31
0.0
 11
1646.478942713524
 21
725.8198511112519
 31
0.0
 11
1643.9834778114705
 21
725.9829076443973
 31
0.0
 11
1642.248003
 21
724.54777
 31
0.0
 11
1639.8460887567278
 21
718.1481260133731
 31
0.0
 11
1638.9791763811481
 21
712.2863059505479
 31
0.0
 11
1639.4777122737041
 21
708.228129483132
 31
0.0
 11
1641.089704774062
 21
704.311849380383
 31
0.0
 11
1644.3456549481975
 21
699.6385260959674
 31
0.0
 11
1647.7305696480248
 21
696.3905776974404
 31
0.0
 11
1651.18628
 21
695.1264860000001
 31
0.0
  0
SPLINE
  5
13E
330
17
100
AcDbEntity
  8
0
100
AcDbSpline
 70
0
 71
3
 72
0
 73
0
 74
13
 11
1422.252358
 21
726.4211349999998
 31
0.0
 11
1421.36289984236
 21
726.010822760656
 31
0.0
 11
1421.0
 21
725.10099
 31
0.0
 11
1422.0553732562134
 21
722.6077926876588
 31
0.0
 11
1430.594067
 21
718.370386
 31
0.0
 11
1439.9698860914582
 21
715.4278270532914
 31
0.0
 11
1443.228637
 21
716.122363
 31
0.0
 11
1444.651878
 21
717.6080299999999
 31
0.0
 11
1444.7275331762971
 21
718.8883449355785
 31
0.0
 11
1443.0558437035606
 21
720.8760294275855
 31
0.0
 11
1435.798615511188
 21
724.8532146351524
 31
0.0
 11
1429.0650323734155
 21
726.2372711618599
 31
0.0
 11
1422.252358
 21
726.4211349999998
 31
0.0
  0
SPLINE
  5
13F
330
17
100
AcDbEntity
  8
0
100
AcDbSpline
 70
0
 71
3
 72
0
 73
0
 74
34
 11
1831.597376000034
 21
670.842960999973
 31
0.0
 11
1780.962638
 21
718.568646
 31
0.0
 11
1766.6293939999998
 21
731.6220200000001
 31
0.0
 11
1764.5874289535873
 21
731.7650603652312
 31
0.0
 11
1762.596093666787
 21
730.8198550062325
 31
0.0
 11
1762.0171735894494
 21
729.7160071558104
 31
0.0
 11
1762.3409316859697
 21
727.6656960420606
 31
0.0
 11
1763.316757999999
 21
726.1091770000011
 31
0.0
 11
1769.179198732074
 21
719.7806967030115
 31
0.0
 11
1804.1013035981043
 21
682.5876524197603
 31
0.0
 11
1819.616377730513
 21
666.7806230735707
 31
0.0
 11
1844.0574229999984
 21
643.1209040000003
 31
0.0
 11
1856.3614789999997
 21
631.2985720000001
 31
0.0
 11
1861.2798079494003
 21
627.087566181239
 31
0.0
 11
1864.42695593296
 21
625.14264186575
 31
0.0
 11
1868.146947
 21
625.0
 31
0.0
 11
1867.059901269808
 21
639.5406183944215
 31
0.0
 11
1866.1024188400665
 21
644.4493232699981
 31
0.0
 11
1864.2923119877655
 21
650.4114675522803
 31
0.0
 11
1864.5048925173987
 21
651.8828186002643
 31
0.0
 11
1866.7314562116699
 21
656.2049573500949
 31
0.0
 11
1867.5875846844408
 21
658.9292150814862
 31
0.0
 11
1867.9931276826153
 21
662.6947295649774
 31
0.0
 11
1867.567787785775
 21
665.6489854934998
 31
0.0
 11
1866.48204
 21
666.645266
 31
0.0
 11
1864.7664022725987
 21
666.8726652759229
 31
0.0
 11
1860.5711820055444
 21
665.0869334608981
 31
0.0
 11
1856.516480832969
 21
661.2079978413409
 31
0.0
 11
1853.866694
 21
657.1024219999999
 31
0.0
 11
1852.828750106946
 21
654.5816860972678
 31
0.0
 11
1851.4071372031374
 21
654.2392088004256
 31
0.0
 11
1849.783499
 21
654.89941
 31
0.0
 11
1846.4633622685722
 21
657.3655068861085
 31
0.0
 11
1831.597376000034
 21
670.842960999973
 31
0.0
  0
SPLINE
  5
140
330
17
100
AcDbEntity
  8
0
100
AcDbSpline
 70
0
 71
3
 72
0
 73
0
 74
19
 11
1813.177129
 21
733.25
 31
0.0
 11
1811.749826
 21
734.425695
 31
0.0
 11
1810.092947
 21
734.9342749999998
 31
0.0
 11
1808.500179
 21
734.690252
 31
0.0
 11
1807.238877
 21
733.75
 31
0.0
 11
1803.4952991303708
 21
726.3453772225356
 31
0.0
 11
1802.101083184845
 21
720.4106762696069
 31
0.0
 11
1802.852573003043
 21
716.283244322632
 31
0.0
 11
1805.3259764018226
 21
712.4999818033499
 31
0.0
 11
1809.75039994381
 21
708.683189209934
 31
0.0
 11
1813.560515
 21
707.0
 31
0.0
 11
1815.903973
 21
707.7886989999998
 31
0.0
 11
1818.014053
 21
710.060199
 31
0.0
 11
1819.493256
 21
713.3097759999999
 31
0.0
 11
1820.0
 21
716.922776
 31
0.0
 11
1819.490971
 21
720.433919
 31
0.0
 11
1817.818084
 21
725.1348879999999
 31
0.0
 11
1815.568558
 21
729.788379
 31
0.0
 11
1813.177129
 21
733.25
 31
0.0
  0
LWPOLYLINE
  5
141
330
17
100
AcDbEntity
  8
0
100
AcDbPolyline
 90
2
 70
1
 10
1755.847942
 20
723.64676
 10
1755.847942
 20
723.6467599999999
  0
SPLINE
  5
142
330
17
100
AcDbEntity
  8
0
100
AcDbSpline
 70
0
 71
3
 72
0
 73
0
 74
26
 11
1620.135163
 21
706.4092950000002
 31
0.0
 11
1622.2839421558733
 21
707.3661762122335
 31
0.0
 11
1624.0916744167364
 21
709.4983547054269
 31
0.0
 11
1624.79447
 21
711.388097
 31
0.0
 11
1624.9584351016817
 21
714.6928779967672
 31
0.0
 11
1623.9546850255927
 21
718.3835606495154
 31
0.0
 11
1622.722882
 21
720.8115769999999
 31
0.0
 11
1617.843806930118
 21
727.063246025154
 31
0.0
 11
1613.9766229684992
 21
730.6453862335467
 31
0.0
 11
1610.931396
 21
732.8770280000001
 31
0.0
 11
1602.6198869663501
 21
737.3649390221001
 31
0.0
 11
1591.134318324675
 21
742.1732105909249
 31
0.0
 11
1588.043425589464
 21
742.8566749262638
 31
0.0
 11
1586.4486860575328
 21
742.7600152393402
 31
0.0
 11
1585.7650358928734
 21
742.3380459019096
 31
0.0
 11
1585.162118540438
 21
740.9402195437954
 31
0.0
 11
1585.583917
 21
737.5148280000001
 31
0.0
 11
1586.4118577103504
 21
734.1986155125594
 31
0.0
 11
1587.8006228173986
 21
732.2739895207822
 31
0.0
 11
1588.7597923666895
 21
726.9857738010182
 31
0.0
 11
1592.4964819861136
 21
720.9428720501858
 31
0.0
 11
1596.4857429795925
 21
716.3300851440974
 31
0.0
 11
1602.50474838064
 21
711.26718534928
 31
0.0
 11
1608.429743478589
 21
708.224815411391
 31
0.0
 11
1614.8844199805537
 21
706.3392846019321
 31
0.0
 11
1620.135163
 21
706.4092950000002
 31
0.0
  0
SPLINE
  5
143
330
17
100
AcDbEntity
  8
0
100
AcDbSpline
 70
0
 71
3
 72
0
 73
0
 74
21
 11
1516.844574
 21
737.2635690000001
 31
0.0
 11
1514.4861500854656
 21
741.7501444766816
 31
0.0
 11
1512.5462275185926
 21
743.5487921911255
 31
0.0
 11
1510.6961364817296
 21
744.477250443163
 31
0.0
 11
1509.1036431191064
 21
743.722670808262
 31
0.0
 11
1504.328157
 21
738.3811249999999
 31
0.0
 11
1499.191915
 21
731.142136
 31
0.0
 11
1497.5600664471501
 21
726.4274237289428
 31
0.0
 11
1496.1695653658123
 21
724.5428705620124
 31
0.0
 11
1496.050365
 21
721.385918
 31
0.0
 11
1496.547961
 21
718.4017650000001
 31
0.0
 11
1497.23254897415
 21
716.732043111806
 31
0.0
 11
1498.427845490954
 21
715.273752345432
 31
0.0
 11
1501.428908820332
 21
714.0976874493335
 31
0.0
 11
1504.5330635294033
 21
714.5585398531999
 31
0.0
 11
1510.2140123701938
 21
717.5831994450693
 31
0.0
 11
1514.6970445165389
 21
721.381176957206
 31
0.0
 11
1516.8470872932821
 21
724.680872844016
 31
0.0
 11
1517.868690653356
 21
728.41848092872
 31
0.0
 11
1517.8661966563877
 21
732.8443454957138
 31
0.0
 11
1516.844574
 21
737.2635690000001
 31
0.0
  0
SPLINE
  5
144
330
17
100
AcDbEntity
  8
0
100
AcDbSpline
 70
0
 71
3
 72
0
 73
0
 74
20
 11
1675.529569
 21
749.4137869999998
 31
0.0
 11
1674.388245554557
 21
749.8346537941538
 31
0.0
 11
1673.295042
 21
749.442319
 31
0.0
 11
1669.9195609218918
 21
745.8236188452644
 31
0.0
 11
1669.1342574968198
 21
744.320133370356
 31
0.0
 11
1668.5634050579256
 21
741.5859267929376
 31
0.0
 11
1667.377017891461
 21
739.1945093916871
 31
0.0
 11
1667.0496121168567
 21
737.2927691862628
 31
0.0
 11
1667.9346141902345
 21
733.876896296281
 31
0.0
 11
1669.8235310433988
 21
730.5919563737109
 31
0.0
 11
1672.455621
 21
728.009514
 31
0.0
 11
1674.9532440676744
 21
727.2788227586184
 31
0.0
 11
1677.2680713464522
 21
728.2597204372487
 31
0.0
 11
1678.98781923123
 21
730.4947606449131
 31
0.0
 11
1680.586031
 21
734.231755
 31
0.0
 11
1681.0
 21
737.247008
 31
0.0
 11
1680.4633444731053
 21
740.4511158774136
 31
0.0
 11
1679.142649206525
 21
744.1353253558574
 31
0.0
 11
1677.4051023032287
 21
747.1865171511707
 31
0.0
 11
1675.529569
 21
749.4137869999998
 31
0.0
  0
SPLINE
  5
145
330
17
100
AcDbEntity
  8
0
100
AcDbSpline
 70
0
 71
3
 72
0
 73
0
 74
23
 11
1374.587508
 21
745.25
 31
0.0
 11
1371.2721729231425
 21
749.3187424128149
 31
0.0
 11
1368.4201261069993
 21
751.7385053468859
 31
0.0
 11
1365.658683
 21
751.726235
 31
0.0
 11
1363.5239622652064
 21
750.8540639581231
 31
0.0
 11
1359.286945
 21
739.814926
 31
0.0
 11
1357.922311485427
 21
732.3891938416094
 31
0.0
 11
1358.159051471425
 21
727.1864424458191
 31
0.0
 11
1359.1399900437884
 21
724.3538167769644
 31
0.0
 11
1360.201114
 21
722.603747
 31
0.0
 11
1362.9704534789657
 21
719.1570844378595
 31
0.0
 11
1367.0659097260168
 21
715.0272500228895
 31
0.0
 11
1369.6449292813002
 21
713.0856514756
 31
0.0
 11
1371.9530700944467
 21
712.3386278140556
 31
0.0
 11
1373.875175
 21
712.4662759999999
 31
0.0
 11
1375.9026779928727
 21
713.2835303758276
 31
0.0
 11
1379.004322
 21
715.955017
 31
0.0
 11
1381.6723848737108
 21
720.468126987065
 31
0.0
 11
1382.740362
 21
724.783676
 31
0.0
 11
1382.6262504913695
 21
729.3079059791307
 31
0.0
 11
1381.2239027082726
 21
734.2281779740754
 31
0.0
 11
1378.49137966906
 21
739.4858651286396
 31
0.0
 11
1374.587508
 21
745.25
 31
0.0
  0
SPLINE
  5
146
330
17
100
AcDbEntity
  8
0
100
AcDbSpline
 70
0
 71
3
 72
0
 73
0
 74
27
 11
1461.764016
 21
721.3283829999999
 31
0.0
 11
1463.55575008572
 21
721.22052289216
 31
0.0
 11
1465.277424
 21
721.728247
 31
0.0
 11
1467.773202683681
 21
723.5565375995228
 31
0.0
 11
1469.256935492384
 21
725.5391101631071
 31
0.0
 11
1470.4372219718964
 21
728.1557024457327
 31
0.0
 11
1470.9914062302125
 21
730.9606737450899
 31
0.0
 11
1470.8728686468326
 21
733.7869696892425
 31
0.0
 11
1470.0008910967995
 21
736.8565129497374
 31
0.0
 11
1468.4645826158974
 21
740.0423879624691
 31
0.0
 11
1466.0625242433891
 21
743.4728677375657
 31
0.0
 11
1457.3555591325635
 21
753.0472619711604
 31
0.0
 11
1453.2476475334229
 21
755.7949797839909
 31
0.0
 11
1451.4767379397556
 21
755.9855698993276
 31
0.0
 11
1449.733962883923
 21
755.6536445384239
 31
0.0
 11
1448.4911921217836
 21
754.906418445261
 31
0.0
 11
1448.108553
 21
754.190899
 31
0.0
 11
1448.4244593797457
 21
752.2212664281365
 31
0.0
 11
1446.832415839782
 21
747.00248133039
 31
0.0
 11
1446.44502
 21
744.283525
 31
0.0
 11
1446.6335783918735
 21
739.9449692892977
 31
0.0
 11
1447.72822655912
 21
735.6625062014399
 31
0.0
 11
1449.6691808504181
 21
731.6639241546931
 31
0.0
 11
1452.370408
 21
728.169795
 31
0.0
 11
1457.605575
 21
723.3628969999997
 31
0.0
 11
1459.571705004796
 21
722.1144888985739
 31
0.0
 11
1461.764016
 21
721.3283829999999
 31
0.0
  0
SPLINE
  5
147
330
17
100
AcDbEntity
  8
0
100
AcDbSpline
 70
0
 71
3
 72
0
 73
0
 74
22
 11
1864.734388
 21
731.2304439999999
 31
0.0
 11
1866.2941708598319
 21
731.8917598796706
 31
0.0
 11
1867.6018139329956
 21
734.1095980533447
 31
0.0
 11
1867.982870325306
 21
738.382720350172
 31
0.0
 11
1867.8434042805006
 21
743.7960214115801
 31
0.0
 11
1866.651006
 21
747.211946
 31
0.0
 11
1862.5236802852257
 21
751.6945461768262
 31
0.0
 11
1853.229474741792
 21
757.295819901172
 31
0.0
 11
1841.2075866073894
 21
762.0888284545711
 31
0.0
 11
1835.27984
 21
763.792986
 31
0.0
 11
1831.1316885328702
 21
764.4828605079216
 31
0.0
 11
1828.247400286124
 21
764.362478230937
 31
0.0
 11
1826.4739043377415
 21
763.368004794781
 31
0.0
 11
1826.1398666357898
 21
762.3464409349964
 31
0.0
 11
1826.6733220083952
 21
760.771070455233
 31
0.0
 11
1830.368930545343
 21
754.7442685251546
 31
0.0
 11
1837.185275
 21
745.667959
 31
0.0
 11
1841.8135750187155
 21
741.0355971556143
 31
0.0
 11
1848.0537903355598
 21
736.8059205392309
 31
0.0
 11
1855.2405411002685
 21
733.2131815017974
 31
0.0
 11
1860.1934270501297
 21
731.5515096835917
 31
0.0
 11
1864.734388
 21
731.2304439999999
 31
0.0
  0
LWPOLYLINE
  5
148
330
17
100
AcDbEntity
  8
0
100
AcDbPolyline
 90
2
 70
1
 10
320.088298
 20
684.516957
 10
320.0882979999999
 20
684.516957
  0
SPLINE
  5
149
330
17
100
AcDbEntity
  8
0
100
AcDbSpline
 70
0
 71
3
 72
0
 73
0
 74
18
 11
1427.340855
 21
744.193835
 31
0.0
 11
1428.5755203328329
 21
746.2507379378596
 31
0.0
 11
1428.2231504319361
 21
750.7127476120722
 31
0.0
 11
1426.8070023851305
 21
754.7027040810747
 31
0.0
 11
1423.811035
 21
759.3061339999999
 31
0.0
 11
1419.6037667221913
 21
763.6240965538062
 31
0.0
 11
1413.95074384792
 21
767.6243696044969
 31
0.0
 11
1410.423442309994
 21
769.518634433887
 31
0.0
 11
1408.913816075732
 21
769.6356186785589
 31
0.0
 11
1407.5871993953328
 21
769.1527368048743
 31
0.0
 11
1406.711238
 21
767.491401
 31
0.0
 11
1407.307131847433
 21
760.985206816853
 31
0.0
 11
1409.015824959921
 21
755.3307456264179
 31
0.0
 11
1411.729126155777
 21
750.9522226288693
 31
0.0
 11
1415.768932353418
 21
747.3852568248319
 31
0.0
 11
1420.8121575605326
 21
744.4918958989991
 31
0.0
 11
1425.1094078991168
 21
743.3437340135653
 31
0.0
 11
1427.340855
 21
744.193835
 31
0.0
  0
SPLINE
  5
14A
330
17
100
AcDbEntity
  8
0
100
AcDbSpline
 70
0
 71
3
 72
0
 73
0
 74
19
 11
1783.596028
 21
771.234687
 31
0.0
 11
1782.235655
 21
771.802389
 31
0.0
 11
1781.008978
 21
771.655727
 31
0.0
 11
1777.095164
 21
768.1889059999999
 31
0.0
 11
1772.5065687783576
 21
762.1990567179375
 31
0.0
 11
1769.554305
 21
755.9258309999998
 31
0.0
 11
1769.0
 21
752.511255
 31
0.0
 11
1769.645744
 21
749.645154
 31
0.0
 11
1772.1979199036055
 21
745.7099615363563
 31
0.0
 11
1775.152705360264
 21
743.2071982380904
 31
0.0
 11
1776.324485
 21
743.0
 31
0.0
 11
1777.7844652013287
 21
743.3291800687037
 31
0.0
 11
1781.03558
 21
745.7312019999999
 31
0.0
 11
1784.635976552596
 21
749.572051144035
 31
0.0
 11
1786.181813818352
 21
752.9527937577468
 31
0.0
 11
1786.526691497792
 21
758.574054975968
 31
0.0
 11
1785.945527077892
 21
765.300346332866
 31
0.0
 11
1785.130264939815
 21
769.3701735145293
 31
0.0
 11
1783.596028
 21
771.234687
 31
0.0
  0
SPLINE
  5
14B
330
17
100
AcDbEntity
  8
0
100
AcDbSpline
 70
0
 71
3
 72
0
 73
0
 74
82
 11
693.4787150000029
 21
751.3562999999976
 31
0.0
 11
706.7518158792471
 21
742.2215173787688
 31
0.0
 11
713.4896285874293
 21
737.0599003413907
 31
0.0
 11
721.9772912823969
 21
729.2494598845198
 31
0.0
 11
723.9029506946313
 21
727.1425411150076
 31
0.0
 11
725.615978
 21
724.396837
 31
0.0
 11
726.409012716669
 21
721.8008793354724
 31
0.0
 11
726.4416664152723
 21
720.2776036246859
 31
0.0
 11
725.8312726589547
 21
719.2378429214774
 31
0.0
 11
724.407312964904
 21
718.4925719047387
 31
0.0
 11
721.5035359999999
 21
717.898757
 31
0.0
 11
701.3908589999999
 21
717.2723179999999
 31
0.0
 11
700.0925186790769
 21
716.7845996898814
 31
0.0
 11
699.302632
 21
715.6445839999999
 31
0.0
 11
699.4610545483023
 21
713.453358556227
 31
0.0
 11
701.7675322989505
 21
710.5890800652173
 31
0.0
 11
712.5458559999998
 21
698.664417
 31
0.0
 11
717.1602911235759
 21
694.7084398354095
 31
0.0
 11
723.6368477541175
 21
691.6751242502045
 31
0.0
 11
734.5203686872097
 21
688.7065277565746
 31
0.0
 11
739.057661
 21
686.8222879999998
 31
0.0
 11
762.28283317634
 21
684.2579858261156
 31
0.0
 11
763.703599
 21
685.249367
 31
0.0
 11
763.9893844462418
 21
687.0067906517395
 31
0.0
 11
757.822122013646
 21
698.124603076324
 31
0.0
 11
756.397899
 21
701.8347969999999
 31
0.0
 11
760.8371443259792
 21
702.6215208184165
 31
0.0
 11
771.8617009999999
 21
702.9324629999999
 31
0.0
 11
778.6990678593206
 21
696.2092055197535
 31
0.0
 11
786.3970529098963
 21
686.0652364199109
 31
0.0
 11
790.9178019999999
 21
681.632205
 31
0.0
 11
793.4357377217582
 21
680.6303021992373
 31
0.0
 11
800.46385
 21
674.710125
 31
0.0
 11
802.104871
 21
674.1763039999998
 31
0.0
 11
807.2333851524255
 21
673.639694153194
 31
0.0
 11
808.1688335507541
 21
673.3210377405887
 31
0.0
 11
809.3836783059219
 21
672.2143645551187
 31
0.0
 11
810.6425950943375
 21
671.994129565375
 31
0.0
 11
812.5241659618539
 21
672.6278262619139
 31
0.0
 11
814.3012506114638
 21
674.2150538802559
 31
0.0
 11
815.6369122076999
 21
676.314540427525
 31
0.0
 11
816.5515002196336
 21
679.0487633181714
 31
0.0
 11
816.3206571432045
 21
689.5596209212383
 31
0.0
 11
814.8926895938116
 21
700.2012177570418
 31
0.0
 11
812.1806730000001
 21
709.23595
 31
0.0
 11
808.609419
 21
717.4736730000001
 31
0.0
 11
807.2757965867797
 21
718.3228732317195
 31
0.0
 11
806.7774374452752
 21
720.508887307825
 31
0.0
 11
806.143265
 21
721.464683
 31
0.0
 11
800.6468630805001
 21
726.1162912617499
 31
0.0
 11
795.9587154496031
 21
728.7066352169206
 31
0.0
 11
791.689769
 21
729.52611
 31
0.0
 11
786.1723416405081
 21
729.213817179217
 31
0.0
 11
783.8706629050814
 21
728.663046639314
 31
0.0
 11
781.0519914737417
 21
727.1990927811534
 31
0.0
 11
778.9681420249298
 21
727.306513749914
 31
0.0
 11
776.3670082341248
 21
728.7273365846468
 31
0.0
 11
775.790518
 21
730.6054019999999
 31
0.0
 11
774.15368
 21
732.528948
 31
0.0
 11
770.1470465831385
 21
734.5737227831502
 31
0.0
 11
768.7294231732373
 21
734.414303159053
 31
0.0
 11
763.459934896805
 21
732.2921681122682
 31
0.0
 11
760.67113758282
 21
731.6830959319959
 31
0.0
 11
760.1693669999999
 21
734.895412
 31
0.0
 11
759.5735599999999
 21
750.12369
 31
0.0
 11
759.0004873544773
 21
751.6183588661883
 31
0.0
 11
757.4099537483922
 21
753.8612078625017
 31
0.0
 11
753.9147023560362
 21
757.1856104147247
 31
0.0
 11
746.505668
 21
761.318622
 31
0.0
 11
738.0457759999999
 21
764.631476
 31
0.0
 11
718.6030869999998
 21
770.487311
 31
0.0
 11
698.9156820248425
 21
775.3795211787069
 31
0.0
 11
693.2849200715991
 21
776.0837852071651
 31
0.0
 11
676.7854899999999
 21
776.9153719999999
 31
0.0
 11
673.976643057212
 21
776.2491544098294
 31
0.0
 11
673.1388338733774
 21
774.7875173954051
 31
0.0
 11
673.4006748021814
 21
772.1551149722534
 31
0.0
 11
675.3974085779121
 21
769.9522797661881
 31
0.0
 11
678.514563
 21
764.196807
 31
0.0
 11
680.2950212350763
 21
761.6987640683695
 31
0.0
 11
684.288853
 21
757.881746
 31
0.0
 11
693.4787150000029
 21
751.3562999999976
 31
0.0
  0
SPLINE
  5
14C
330
17
100
AcDbEntity
  8
0
100
AcDbSpline
 70
0
 71
3
 72
0
 73
0
 74
18
 11
1481.994412
 21
757.080514
 31
0.0
 11
1483.9488631031074
 21
757.8733004341893
 31
0.0
 11
1485.12057046481
 21
760.177594824824
 31
0.0
 11
1485.575964988
 21
763.05454988925
 31
0.0
 11
1484.978272602798
 21
766.8077278447051
 31
0.0
 11
1483.055281906494
 21
772.0231419333566
 31
0.0
 11
1480.9382312801733
 21
775.4711129009404
 31
0.0
 11
1479.128554674317
 21
777.1706520870679
 31
0.0
 11
1477.716685
 21
777.7284469999998
 31
0.0
 11
1476.5124604124362
 21
777.6519718181869
 31
0.0
 11
1475.0505321937997
 21
776.1771425233062
 31
0.0
 11
1474.281385
 21
773.6080789999999
 31
0.0
 11
1474.385094
 21
768.3805389999999
 31
0.0
 11
1475.3563766024206
 21
762.9449632696432
 31
0.0
 11
1476.260349
 21
760.538856
 31
0.0
 11
1477.751409
 21
758.447592
 31
0.0
 11
1479.669203
 21
757.368177
 31
0.0
 11
1481.994412
 21
757.080514
 31
0.0
  0
SPLINE
  5
14D
330
17
100
AcDbEntity
  8
0
100
AcDbSpline
 70
0
 71
3
 72
0
 73
0
 74
64
 11
431.1178899999998
 21
758.4786439999998
 31
0.0
 11
429.6914432737999
 21
756.9881371047258
 31
0.0
 11
425.1077071735716
 21
752.3118080937364
 31
0.0
 11
424.093242
 21
752.0
 31
0.0
 11
423.014796
 21
752.404735
 31
0.0
 11
422.49874881900274
 21
753.1449701363775
 31
0.0
 11
422.35361655312204
 21
754.6640428282925
 31
0.0
 11
423.6778567929016
 21
759.167401854645
 31
0.0
 11
423.4831590837486
 21
761.0831147188321
 31
0.0
 11
422.3394342477945
 21
761.7685589066294
 31
0.0
 11
421.418929
 21
761.746325
 31
0.0
 11
414.98169967104985
 21
759.6031211858731
 31
0.0
 11
413.528317
 21
759.9977269999999
 31
0.0
 11
412.790992862832
 21
760.6776950480299
 31
0.0
 11
412.2064260131643
 21
762.327239562893
 31
0.0
 11
411.5703759999999
 21
768.3916759999998
 31
0.0
 11
409.7941453081264
 21
774.1473637394658
 31
0.0
 11
407.166245134705
 21
779.655567020664
 31
0.0
 11
403.81619822938313
 21
784.2306737448741
 31
0.0
 11
401.7880351468384
 21
785.9145940655328
 31
0.0
 11
398.89213047481496
 21
786.4194273681474
 31
0.0
 11
396.6453469506093
 21
785.4842012809379
 31
0.0
 11
393.77573103120943
 21
783.2196489082645
 31
0.0
 11
392.2584366653615
 21
780.23605147711
 31
0.0
 11
392.184177596403
 21
777.1713374047525
 31
0.0
 11
395.4125
 21
766.101473
 31
0.0
 11
396.62649840793927
 21
755.948651237893
 31
0.0
 11
399.672868
 21
749.1412190000001
 31
0.0
 11
402.9270131079505
 21
740.0940489154885
 31
0.0
 11
410.277313
 21
727.6099269999999
 31
0.0
 11
404.64333614512003
 21
722.69956569028
 31
0.0
 11
403.1129843753209
 21
720.8493277108203
 31
0.0
 11
403.0566986163739
 21
720.031434661807
 31
0.0
 11
407.7394536495877
 21
714.3703918480825
 31
0.0
 11
413.2650667994874
 21
709.3643175413112
 31
0.0
 11
416.06392801088475
 21
707.8743127341656
 31
0.0
 11
420.11445110189226
 21
706.4662275668155
 31
0.0
 11
426.59535599999987
 21
704.737862
 31
0.0
 11
429.0445758391031
 21
704.4589040357376
 31
0.0
 11
431.1118549592725
 21
704.707879189935
 31
0.0
 11
432.88015455523924
 21
705.5868745989449
 31
0.0
 11
434.494562
 21
706.993991
 31
0.0
 11
435.65108733332954
 21
709.069926315995
 31
0.0
 11
435.884377
 21
714.3377309999998
 31
0.0
 11
434.889129
 21
719.0875759999999
 31
0.0
 11
433.5406323917369
 21
721.9827313903398
 31
0.0
 11
430.5111209999999
 21
726.1525179999999
 31
0.0
 11
434.84485153115725
 21
729.8616289523845
 31
0.0
 11
437.68720676226746
 21
733.499599264936
 31
0.0
 11
445.0690289999999
 21
747.60139
 31
0.0
 11
447.92849003339245
 21
757.715065568446
 31
0.0
 11
447.7241817543646
 21
760.9409278017376
 31
0.0
 11
446.0500809999999
 21
764.200232
 31
0.0
 11
447.6497389999999
 21
768.352008
 31
0.0
 11
447.8585003438104
 21
774.6695092307181
 31
0.0
 11
447.24850070820344
 21
777.4719887921879
 31
0.0
 11
446.1296985658822
 21
779.1100060380443
 31
0.0
 11
444.133576
 21
779.940508
 31
0.0
 11
442.2718173977845
 21
779.3515726861622
 31
0.0
 11
441.41749068330193
 21
777.8054155924958
 31
0.0
 11
440.8644559999999
 21
772.26419
 31
0.0
 11
439.6056155751799
 21
768.4814921217651
 31
0.0
 11
437.162799769085
 21
765.0867583912857
 31
0.0
 11
431.1178899999998
 21
758.4786439999998
 31
0.0
  0
SPLINE
  5
14E
330
17
100
AcDbEntity
  8
0
100
AcDbSpline
 70
0
 71
3
 72
0
 73
0
 74
29
 11
1647.012128
 21
801.7759979999998
 31
0.0
 11
1646.0206120625026
 21
801.4307576563313
 31
0.0
 11
1645.424275
 21
800.5666529999999
 31
0.0
 11
1645.3395020564485
 21
799.343055394893
 31
0.0
 11
1645.781833
 21
798.199062
 31
0.0
 11
1649.656141
 21
792.7920920000001
 31
0.0
 11
1655.4257816016836
 21
785.8585160939659
 31
0.0
 11
1659.2824833427508
 21
781.8064135596633
 31
0.0
 11
1665.154388
 21
776.740657
 31
0.0
 11
1671.406103944267
 21
772.5689623463436
 31
0.0
 11
1676.069159135365
 21
770.1104502673205
 31
0.0
 11
1686.912962412655
 21
765.8265876345608
 31
0.0
 11
1692.0917577596224
 21
764.9113675186053
 31
0.0
 11
1697.724386
 21
764.6150759999999
 31
0.0
 11
1702.8921682568898
 21
764.9397525988718
 31
0.0
 11
1706.8776724654135
 21
765.8212030724725
 31
0.0
 11
1709.5520230552108
 21
767.4311098180447
 31
0.0
 11
1711.4346956471009
 21
769.6319858649226
 31
0.0
 11
1711.88327
 21
771.4098799999999
 31
0.0
 11
1711.544860500567
 21
773.486991398782
 31
0.0
 11
1709.7323595188855
 21
776.7944174373888
 31
0.0
 11
1707.6086538938596
 21
779.6168262677903
 31
0.0
 11
1702.238848999999
 21
784.8679900000001
 31
0.0
 11
1697.7603645936874
 21
788.0733640185175
 31
0.0
 11
1692.977344
 21
790.803558
 31
0.0
 11
1684.0961900122927
 21
794.5959282793142
 31
0.0
 11
1669.7932548521705
 21
798.6001159261423
 31
0.0
 11
1655.182998
 21
801.210741
 31
0.0
 11
1647.012128
 21
801.7759979999998
 31
0.0
  0
SPLINE
  5
14F
330
17
100
AcDbEntity
  8
0
100
AcDbSpline
 70
0
 71
3
 72
0
 73
0
 74
98
 11
1066.200089000002
 21
806.8645460000007
 31
0.0
 11
1044.958344
 21
800.885065
 31
0.0
 11
1026.7436274794984
 21
794.5245200696169
 31
0.0
 11
1021.037445
 21
792.3665399999999
 31
0.0
 11
1020.2844126987711
 21
791.773825190885
 31
0.0
 11
1019.6688939664111
 21
790.3105861373965
 31
0.0
 11
1016.8856460169777
 21
789.5919298651511
 31
0.0
 11
1014.1555304479094
 21
787.4421686876524
 31
0.0
 11
1010.1186191092164
 21
782.6913477439549
 31
0.0
 11
1008.729603
 21
780.121628
 31
0.0
 11
1007.5307259201205
 21
776.6106250064381
 31
0.0
 11
1007.1185767377127
 21
771.952426618381
 31
0.0
 11
1007.83088
 21
756.3682509999999
 31
0.0
 11
1007.613721503506
 21
754.9621505530979
 31
0.0
 11
1006.5003955648452
 21
753.3286547454693
 31
0.0
 11
1005.4252312268901
 21
753.0397445382496
 31
0.0
 11
1003.5978669999038
 21
753.6713989187309
 31
0.0
 11
994.94789
 21
758.153186
 31
0.0
 11
987.0688677175816
 21
753.9253659709084
 31
0.0
 11
985.8416960000001
 21
752.3585789999998
 31
0.0
 11
984.4046431106827
 21
748.346839706303
 31
0.0
 11
983.2712207991956
 21
747.2885612065663
 31
0.0
 11
979.1793410049338
 21
747.936901491162
 31
0.0
 11
970.8579181655999
 21
750.0775456179399
 31
0.0
 11
966.5868019999999
 21
750.630341
 31
0.0
 11
962.8058411375649
 21
750.599312439176
 31
0.0
 11
957.3153059622504
 21
749.4184639899779
 31
0.0
 11
952.385188
 21
746.9495440000001
 31
0.0
 11
947.7144681597251
 21
743.1118445431296
 31
0.0
 11
944.1050861184001
 21
738.9039792412999
 31
0.0
 11
940.327199567709
 21
732.974136210196
 31
0.0
 11
936.5678169518491
 21
723.961070649774
 31
0.0
 11
932.9934859999998
 21
711.0
 31
0.0
 11
931.3801789999999
 21
702.537723
 31
0.0
 11
930.3706720000001
 21
692.895253
 31
0.0
 11
930.1970302570588
 21
682.095346792533
 31
0.0
 11
934.145331
 21
673.899807
 31
0.0
 11
936.191301
 21
671.680236
 31
0.0
 11
937.2037010250544
 21
671.34122150133
 31
0.0
 11
938.249441
 21
671.5564249999999
 31
0.0
 11
944.1113192477501
 21
675.7626758050162
 31
0.0
 11
948.259488
 21
674.276497
 31
0.0
 11
950.782182771101
 21
674.6644996418171
 31
0.0
 11
960.8482859999998
 21
683.2225329999999
 31
0.0
 11
969.710129842468
 21
688.5875706887824
 31
0.0
 11
972.385440697324
 21
691.5611252039199
 31
0.0
 11
976.6148147969452
 21
698.6456910085799
 31
0.0
 11
980.1116466468895
 21
703.1568094320787
 31
0.0
 11
991.6547449999999
 21
714.8544209999999
 31
0.0
 11
1008.040021868564
 21
714.4563765473439
 31
0.0
 11
1014.003109
 21
714.027098
 31
0.0
 11
1014.6432880919857
 21
713.6698246361381
 31
0.0
 11
1014.1103517236953
 21
711.6858726128448
 31
0.0
 11
1009.6852543994147
 21
704.3463557796662
 31
0.0
 11
1003.2407417403222
 21
691.8955806591407
 31
0.0
 11
1003.0
 21
690.530205
 31
0.0
 11
1003.3206507212873
 21
689.5534494371362
 31
0.0
 11
1004.213164426493
 21
688.872336433727
 31
0.0
 11
1005.5833349682957
 21
688.613120509988
 31
0.0
 11
1017.280989
 21
690.5717119999999
 31
0.0
 11
1028.424933
 21
691.16343
 31
0.0
 11
1033.481117987304
 21
691.8345702306
 31
0.0
 11
1043.501720966086
 21
694.8837443076442
 31
0.0
 11
1050.1446741013804
 21
696.4215799072986
 31
0.0
 11
1058.5
 21
699.533269
 31
0.0
 11
1067.420770179582
 21
701.856086511526
 31
0.0
 11
1069.894308981203
 21
703.6766543329468
 31
0.0
 11
1074.042726
 21
710.0521549999999
 31
0.0
 11
1077.708366
 21
713.4323209999999
 31
0.0
 11
1082.1240770213522
 21
718.3155789952506
 31
0.0
 11
1091.044705
 21
730.0825920000001
 31
0.0
 11
1091.1607330832915
 21
732.0418851861438
 31
0.0
 11
1090.0298091678908
 21
733.1175107456274
 31
0.0
 11
1088.4146202526706
 21
733.7549022702011
 31
0.0
 11
1062.9554867401607
 21
734.144978483473
 31
0.0
 11
1054.494681075505
 21
734.9636441414671
 31
0.0
 11
1052.8586142909073
 21
736.282495429789
 31
0.0
 11
1052.03624749158
 21
738.4838480467345
 31
0.0
 11
1052.3419954678084
 21
739.8168564375246
 31
0.0
 11
1053.7741621907498
 21
741.6634338438952
 31
0.0
 11
1054.300757869365
 21
744.6337227266349
 31
0.0
 11
1055.164586
 21
746.0774159999999
 31
0.0
 11
1060.543585
 21
751.762915
 31
0.0
 11
1072.636843904841
 21
762.210746686492
 31
0.0
 11
1099.121089
 21
781.720435
 31
0.0
 11
1116.240222
 21
792.843081
 31
0.0
 11
1117.557641
 21
794.447464
 31
0.0
 11
1118.5875
 21
797.9748099999999
 31
0.0
 11
1121.2645992995945
 21
802.3279427880959
 31
0.0
 11
1122.4323321388858
 21
806.183384417382
 31
0.0
 11
1126.4852966365495
 21
810.2202656328562
 31
0.0
 11
1126.8291366812
 21
812.1271800257999
 31
0.0
 11
1125.4645486830043
 21
813.7246704824076
 31
0.0
 11
1123.748139
 21
814.367592
 31
0.0
 11
1113.6491667801104
 21
814.9037136173635
 31
0.0
 11
1102.612288
 21
814.532211
 31
0.0
 11
1087.6114825434452
 21
812.3180434544882
 31
0.0
 11
1066.200089000002
 21
806.8645460000007
 31
0.0
  0
SPLINE
  5
150
330
17
100
AcDbEntity
  8
0
100
AcDbSpline
 70
0
 71
3
 72
0
 73
0
 74
28
 11
1728.162137
 21
815.8781910000001
 31
0.0
 11
1726.3063047152036
 21
814.8203349131084
 31
0.0
 11
1725.2821602847698
 21
812.804025491229
 31
0.0
 11
1723.668871
 21
808.5
 31
0.0
 11
1721.9031961234439
 21
801.5093368001516
 31
0.0
 11
1721.252998402716
 21
795.2923177615479
 31
0.0
 11
1721.605199
 21
791.455645
 31
0.0
 11
1722.5105578687994
 21
788.0587185310001
 31
0.0
 11
1724.010298999999
 21
784.879165
 31
0.0
 11
1726.1787623411565
 21
781.7112987996449
 31
0.0
 11
1728.764589
 21
778.873851
 31
0.0
 11
1733.4526677862295
 21
774.7165622093485
 31
0.0
 11
1736.0619655690457
 21
772.7318535238047
 31
0.0
 11
1738.2185224125333
 21
771.7497373229623
 31
0.0
 11
1740.3083118279617
 21
771.3648355602855
 31
0.0
 11
1742.1320566338482
 21
771.7082353109195
 31
0.0
 11
1745.8319830306432
 21
774.4858909432052
 31
0.0
 11
1748.0848362801482
 21
777.4408466028827
 31
0.0
 11
1749.3679607823055
 21
779.9935026426407
 31
0.0
 11
1750.0263988372405
 21
782.943410573404
 31
0.0
 11
1750.2734394933611
 21
787.3528059070766
 31
0.0
 11
1750.154571
 21
791.457045
 31
0.0
 11
1749.640113
 21
793.745595
 31
0.0
 11
1745.6611187218239
 21
800.6331649522439
 31
0.0
 11
1739.324336
 21
807.993416
 31
0.0
 11
1731.148828
 21
815.1247549999999
 31
0.0
 11
1729.731822142392
 21
815.804090505502
 31
0.0
 11
1728.162137
 21
815.8781910000001
 31
0.0
  0
SPLINE
  5
151
330
17
100
AcDbEntity
  8
0
100
AcDbSpline
 70
0
 71
3
 72
0
 73
0
 74
20
 11
1801.833874
 21
788.5587410000002
 31
0.0
 11
1803.098245264162
 21
789.3257490094793
 31
0.0
 11
1804.477804909098
 21
791.1600506661803
 31
0.0
 11
1805.2791409088823
 21
793.0574149014541
 31
0.0
 11
1805.8120443489056
 21
795.9090914019503
 31
0.0
 11
1805.2897878995361
 21
800.3860638620399
 31
0.0
 11
1803.1992976947113
 21
804.8332949014396
 31
0.0
 11
1799.636379
 21
809.119793
 31
0.0
 11
1792.379835
 21
814.8717980000001
 31
0.0
 11
1786.531918
 21
817.799113
 31
0.0
 11
1783.8158407665155
 21
817.6882899483115
 31
0.0
 11
1783.059575
 21
815.830058
 31
0.0
 11
1783.2563755374974
 21
809.0016392214895
 31
0.0
 11
1784.5963316590155
 21
803.8368238896901
 31
0.0
 11
1787.001526
 21
798.990608
 31
0.0
 11
1790.394437822115
 21
794.6445220654613
 31
0.0
 11
1794.6114730367556
 21
791.026402856486
 31
0.0
 11
1798.8320203729481
 21
788.6442335281321
 31
0.0
 11
1800.4150649226349
 21
788.3248899533851
 31
0.0
 11
1801.833874
 21
788.5587410000002
 31
0.0
  0
SPLINE
  5
152
330
17
100
AcDbEntity
  8
0
100
AcDbSpline
 70
0
 71
3
 72
0
 73
0
 74
85
 11
582.1416389999996
 21
757.2608980000003
 31
0.0
 11
578.811629
 21
765.386864
 31
0.0
 11
578.619345
 21
766.7658509999999
 31
0.0
 11
579.055125
 21
767.534069
 31
0.0
 11
580.358853
 21
767.864617
 31
0.0
 11
587.5962583994959
 21
767.299184462051
 31
0.0
 11
591.612929983492
 21
766.7449979826561
 31
0.0
 11
594.2850620320376
 21
765.8785884795105
 31
0.0
 11
596.640466054082
 21
763.18389177193
 31
0.0
 11
599.524874751846
 21
758.8951291388499
 31
0.0
 11
605.0001142398547
 21
748.1520507311909
 31
0.0
 11
611.4878509999998
 21
740.3902480000003
 31
0.0
 11
618.1968469894118
 21
733.6635681863797
 31
0.0
 11
622.461608
 21
732.361626
 31
0.0
 11
627.1497353477473
 21
729.3652514233413
 31
0.0
 11
628.4968112350138
 21
729.3189938440955
 31
0.0
 11
631.918707
 21
732.5295439999999
 31
0.0
 11
633.848522592
 21
735.9546781202879
 31
0.0
 11
636.0409246377956
 21
743.6035000106631
 31
0.0
 11
636.884237
 21
749.652297
 31
0.0
 11
637.050245273671
 21
756.7153744905966
 31
0.0
 11
636.3091124241723
 21
765.7614460946404
 31
0.0
 11
635.6104811819583
 21
769.5951474940953
 31
0.0
 11
633.4632695400803
 21
775.2290822010236
 31
0.0
 11
632.815706758644
 21
778.575124636373
 31
0.0
 11
632.282142
 21
779.580859
 31
0.0
 11
629.498865
 21
782.8309759999999
 31
0.0
 11
626.0508839999999
 21
785.985635
 31
0.0
 11
620.9305780976505
 21
788.9496563841572
 31
0.0
 11
616.3238581457292
 21
789.7897751650837
 31
0.0
 11
604.9907820000001
 21
788.796091
 31
0.0
 11
603.5479750117097
 21
794.089307534601
 31
0.0
 11
602.6563398116745
 21
795.2565279839107
 31
0.0
 11
600.887996
 21
796.48527
 31
0.0
 11
597.744357
 21
797.147725
 31
0.0
 11
591.3700112104204
 21
796.1328537279497
 31
0.0
 11
589.420832
 21
796.2458349999999
 31
0.0
 11
589.6122592795955
 21
798.9124472363834
 31
0.0
 11
592.3019126435436
 21
809.6970736231856
 31
0.0
 11
592.477359
 21
813.331011
 31
0.0
 11
592.0502533528802
 21
816.3025838443446
 31
0.0
 11
591.4426744851385
 21
818.102705553419
 31
0.0
 11
589.998015
 21
820.3622799999999
 31
0.0
 11
586.25324095883
 21
824.0342819765805
 31
0.0
 11
581.9854740000001
 21
827.08274
 31
0.0
 11
561.8867759095731
 21
838.0307881005851
 31
0.0
 11
548.4623669999999
 21
844.1440830000001
 31
0.0
 11
540.30936809011
 21
847.336509190545
 31
0.0
 11
532.0
 21
850.096469
 31
0.0
 11
525.1650599999999
 21
851.843864
 31
0.0
 11
517.3590863996487
 21
852.9422365772574
 31
0.0
 11
512.32074850855
 21
852.8130186402
 31
0.0
 11
511.54244499999993
 21
852.068678
 31
0.0
 11
511.395165
 21
851.0590269999999
 31
0.0
 11
512.774845373791
 21
846.9052263704721
 31
0.0
 11
515.3885138688936
 21
841.1388250258516
 31
0.0
 11
516.128648
 21
836.5179099999998
 31
0.0
 11
516.637608587049
 21
835.4340925094568
 31
0.0
 11
521.3202259999998
 21
832.4204669999998
 31
0.0
 11
546.7355799999999
 21
805.4852139999999
 31
0.0
 11
551.101425
 21
799.5
 31
0.0
 11
554.013366
 21
793.365421
 31
0.0
 11
554.223624945795
 21
791.6437969081239
 31
0.0
 11
553.607694
 21
790.0224309999999
 31
0.0
 11
552.304401645428
 21
788.8669174335889
 31
0.0
 11
550.614715
 21
788.444139
 31
0.0
 11
543.0359654327949
 21
789.0614724662244
 31
0.0
 11
529.97667
 21
791.7972429999999
 31
0.0
 11
526.8613086106178
 21
791.3484279435338
 31
0.0
 11
525.3700814959982
 21
790.0009375038536
 31
0.0
 11
525.006948254886
 21
788.3527815694267
 31
0.0
 11
525.5463177509724
 21
786.333211016985
 31
0.0
 11
527.7396675714756
 21
783.5407033106444
 31
0.0
 11
528.887054
 21
780.7643019999999
 31
0.0
 11
533.256365182756
 21
773.7058516020322
 31
0.0
 11
536.4782847151524
 21
767.6081071969724
 31
0.0
 11
539.0560041678009
 21
765.198130970755
 31
0.0
 11
558.6649440321495
 21
755.97611102417
 31
0.0
 11
565.0744154294905
 21
753.6672016880831
 31
0.0
 11
579.428342495695
 21
749.3597891403188
 31
0.0
 11
582.1226889999999
 21
749.314015
 31
0.0
 11
583.1861842415959
 21
749.8433049283387
 31
0.0
 11
583.8645293442255
 21
750.7507502271735
 31
0.0
 11
583.888693
 21
752.3322639999999
 31
0.0
 11
582.1416389999996
 21
757.2608980000003
 31
0.0
  0
SPLINE
  5
153
330
17
100
AcDbEntity
  8
0
100
AcDbSpline
 70
0
 71
3
 72
0
 73
0
 74
32
 11
1852.311014999999
 21
854.1788929999999
 31
0.0
 11
1849.6319930005568
 21
853.6254464514724
 31
0.0
 11
1845.5223844739
 21
849.940364382028
 31
0.0
 11
1838.631185943832
 21
842.6661825247519
 31
0.0
 11
1832.35268436715
 21
834.8886933720274
 31
0.0
 11
1828.7678231971918
 21
829.3249764743798
 31
0.0
 11
1826.011352
 21
823.8319370000002
 31
0.0
 11
1823.9392268871861
 21
818.1928190949013
 31
0.0
 11
1822.659753
 21
812.916921
 31
0.0
 11
1822.635573497791
 21
809.3255708599329
 31
0.0
 11
1823.7174451895664
 21
804.9695553611504
 31
0.0
 11
1825.66200407254
 21
799.362965798693
 31
0.0
 11
1827.6834144608501
 21
795.32062494148
 31
0.0
 11
1830.0933437150325
 21
791.9199442258027
 31
0.0
 11
1832.801178
 21
789.248039
 31
0.0
 11
1835.6245766449463
 21
787.4898713539188
 31
0.0
 11
1839.60358587426
 21
786.2376176369027
 31
0.0
 11
1842.036867590277
 21
786.5732254904412
 31
0.0
 11
1845.278865
 21
788.3175379999999
 31
0.0
 11
1850.937215923361
 21
792.054792770349
 31
0.0
 11
1854.548528519558
 21
795.092690002112
 31
0.0
 11
1858.890994464565
 21
800.4983365681518
 31
0.0
 11
1863.348457
 21
807.026271
 31
0.0
 11
1864.2453992198677
 21
810.3513832463749
 31
0.0
 11
1865.939327586939
 21
813.2221500426123
 31
0.0
 11
1866.106764141915
 21
823.7192699846149
 31
0.0
 11
1865.7741850236564
 21
828.1836748267438
 31
0.0
 11
1865.00486
 21
831.5224049999999
 31
0.0
 11
1860.6378225637966
 21
841.8783782582243
 31
0.0
 11
1856.313908844101
 21
850.4461520176746
 31
0.0
 11
1854.6835817024892
 21
853.0141771183787
 31
0.0
 11
1852.311014999999
 21
854.1788929999999
 31
0.0
  0
SPLINE
  5
154
330
17
100
AcDbEntity
  8
0
100
AcDbSpline
 70
0
 71
3
 72
0
 73
0
 74
92
 11
300.899213
 21
784.22746
 31
0.0
 11
298.3045418754461
 21
778.9946978749904
 31
0.0
 11
298.053112058415
 21
777.6988171746654
 31
0.0
 11
300.80440478453795
 21
775.6484596508678
 31
0.0
 11
304.727505
 21
774.154986
 31
0.0
 11
309.33944
 21
776.652092
 31
0.0
 11
317.1761658455432
 21
776.3236628535577
 31
0.0
 11
319.639342
 21
778.582995
 31
0.0
 11
326.27116817150403
 21
779.7302226933019
 31
0.0
 11
336.52022994830196
 21
783.6778834345524
 31
0.0
 11
337.4840462043987
 21
784.7810244682479
 31
0.0
 11
338.424919
 21
788.1148
 31
0.0
 11
339.066257
 21
789.044275
 31
0.0
 11
340.131155
 21
789.6123939999999
 31
0.0
 11
344.1629109953178
 21
790.4854901267282
 31
0.0
 11
345.1415863789331
 21
791.1608738806333
 31
0.0
 11
347.07585800000004
 21
796.0595389999999
 31
0.0
 11
351.558413140779
 21
799.737671541865
 31
0.0
 11
352.330532
 21
803.340153
 31
0.0
 11
353.6419287592104
 21
805.8267760788474
 31
0.0
 11
355.38533705905667
 21
807.4898682198987
 31
0.0
 11
359.002634
 21
809.826398
 31
0.0
 11
359.856684
 21
811.194949
 31
0.0
 11
359.80382727245444
 21
812.2808468376984
 31
0.0
 11
359.086492131577
 21
813.4045750761528
 31
0.0
 11
358.12216287853545
 21
814.2877181060683
 31
0.0
 11
356.64428471463293
 21
814.80273364568
 31
0.0
 11
352.7112484433453
 21
815.2271649698538
 31
0.0
 11
337.9075279999999
 21
815.5571509999999
 31
0.0
 11
337.4245340787854
 21
816.1904886212654
 31
0.0
 11
337.488077
 21
816.984442
 31
0.0
 11
342.823574
 21
826.1339109999999
 31
0.0
 11
345.0
 21
827.8635469999999
 31
0.0
 11
349.85027550320757
 21
829.4994584237377
 31
0.0
 11
356.08201123491557
 21
830.6822488004844
 31
0.0
 11
366.87050944115254
 21
831.4829901773272
 31
0.0
 11
370.451168
 21
832.5450189999999
 31
0.0
 11
375.09915269092
 21
834.5847895768578
 31
0.0
 11
380.702141
 21
836.8558140000001
 31
0.0
 11
384.16416795300734
 21
837.5599666994513
 31
0.0
 11
387.4725370000001
 21
839.7272859999999
 31
0.0
 11
388.5788094347654
 21
842.3342596472654
 31
0.0
 11
391.721861282485
 21
844.68816140576
 31
0.0
 11
392.7198250667376
 21
846.6455101644989
 31
0.0
 11
392.34541800000005
 21
848.7177689999999
 31
0.0
 11
390.35377082762625
 21
851.1469769088022
 31
0.0
 11
387.072658787623
 21
853.263315575252
 31
0.0
 11
382.08766609941597
 21
855.4801031905281
 31
0.0
 11
368.3343049999999
 21
859.9041589999997
 31
0.0
 11
354.35529615297116
 21
862.8068890031929
 31
0.0
 11
344.38725881706824
 21
863.5061889047199
 31
0.0
 11
339.9748533115905
 21
863.2753090874273
 31
0.0
 11
334.057712
 21
862.2381220000001
 31
0.0
 11
331.13013485287496
 21
861.177655944365
 31
0.0
 11
327.73502076714016
 21
858.9487896321452
 31
0.0
 11
325.0574605491831
 21
856.0223043538134
 31
0.0
 11
322.23343791721805
 21
851.4684589288114
 31
0.0
 11
321.2304013965272
 21
849.1068978786242
 31
0.0
 11
321.5138887050286
 21
846.2299841320338
 31
0.0
 11
320.77063099190997
 21
844.6000432405839
 31
0.0
 11
318.726254
 21
843.3429980000001
 31
0.0
 11
313.914941
 21
843.2995719999999
 31
0.0
 11
311.367862
 21
841.8468869999999
 31
0.0
 11
309.615296
 21
839.2244099999999
 31
0.0
 11
308.57429000000013
 21
833.1101359999999
 31
0.0
 11
307.7205256338097
 21
832.2262607032253
 31
0.0
 11
305.3412765946959
 21
832.4403648614439
 31
0.0
 11
293.75787074401
 21
837.6029405956081
 31
0.0
 11
287.4031763977334
 21
839.2962845797201
 31
0.0
 11
282.080065
 21
838.8886779999999
 31
0.0
 11
278.03962208980954
 21
837.4034275100399
 31
0.0
 11
274.3177450000001
 21
835.240379
 31
0.0
 11
265.018903514499
 21
828.3260099891168
 31
0.0
 11
256.2959808092553
 21
821.0351873423183
 31
0.0
 11
236.34276500000004
 21
801.404154
 31
0.0
 11
231.281783
 21
795.435921
 31
0.0
 11
228.28077730231274
 21
790.8655269755692
 31
0.0
 11
225.27090000000004
 21
784.395111
 31
0.0
 11
225.40020255946447
 21
782.4803832082173
 31
0.0
 11
226.913272048222
 21
781.764438985735
 31
0.0
 11
230.80067799999998
 21
781.3118409999998
 31
0.0
 11
241.50921900000006
 21
781.2071839999999
 31
0.0
 11
245.62715932984636
 21
781.6863130122688
 31
0.0
 11
267.650043
 21
790.8904759999999
 31
0.0
 11
284.6498045078104
 21
797.3094390951442
 31
0.0
 11
293.435885
 21
799.98857
 31
0.0
 11
300.2003306090358
 21
800.9166948639047
 31
0.0
 11
305.149295680999
 21
800.3414685311765
 31
0.0
 11
306.8739544699768
 21
799.2837337460944
 31
0.0
 11
307.79428290897596
 21
797.6748713366019
 31
0.0
 11
306.9626997837845
 21
795.3218103931919
 31
0.0
 11
300.899213
 21
784.22746
 31
0.0
  0
SPLINE
  5
155
330
17
100
AcDbEntity
  8
0
100
AcDbSpline
 70
0
 71
3
 72
0
 73
0
 74
5
 11
0.0
 21
0.0
 31
0.0
 11
1900.0
 21
0.0
 31
0.0
 11
1900.0
 21
900.0
 31
0.0
 11
0.0
 21
900.0
 31
0.0
 11
0.0
 21
0.0
 31
0.0
  0
ENDSEC
  0
SECTION
  2
OBJECTS
  0
DICTIONARY
  5
A
330
0
100
AcDbDictionary
281
1
  3
ACAD_COLOR
350
B
  3
ACAD_GROUP
350
C
  3
ACAD_LAYOUT
350
D
  3
ACAD_MATERIAL
350
E
  3
ACAD_MLEADERSTYLE
350
F
  3
ACAD_MLINESTYLE
350
10
  3
ACAD_PLOTSETTINGS
350
11
  3
ACAD_PLOTSTYLENAME
350
12
  3
ACAD_SCALELIST
350
14
  3
ACAD_TABLESTYLE
350
15
  3
ACAD_VISUALSTYLE
350
16
  3
EZDXF_META
350
2D
  0
DICTIONARY
  5
B
330
A
100
AcDbDictionary
281
1
  0
DICTIONARY
  5
C
330
A
100
AcDbDictionary
281
1
  0
DICTIONARY
  5
D
330
A
100
AcDbDictionary
281
1
  3
Model
350
1A
  3
Layout1
350
1E
  0
DICTIONARY
  5
E
330
A
100
AcDbDictionary
281
1
  3
ByBlock
350
1F
  3
ByLayer
350
20
  3
Global
350
21
  0
DICTIONARY
  5
F
330
A
100
AcDbDictionary
281
1
  3
Standard
350
2C
  0
DICTIONARY
  5
10
330
A
100
AcDbDictionary
281
1
  3
Standard
350
22
  0
DICTIONARY
  5
11
330
A
100
AcDbDictionary
281
1
  0
ACDBDICTIONARYWDFLT
  5
12
330
A
100
AcDbDictionary
281
1
  3
Normal
350
13
100
AcDbDictionaryWithDefault
340
13
  0
ACDBPLACEHOLDER
  5
13
330
12
  0
DICTIONARY
  5
14
330
A
100
AcDbDictionary
281
1
  0
DICTIONARY
  5
15
330
A
100
AcDbDictionary
281
1
  0
DICTIONARY
  5
16
330
A
100
AcDbDictionary
281
1
  3
2dWireframe
350
5A
  3
Basic
350
5B
  3
Brighten
350
5C
  3
ColorChange
350
5D
  3
Conceptual
350
5E
  3
Dim
350
5F
  3
EdgeColorOff
350
60
  3
Facepattern
350
61
  3
Flat
350
62
  3
FlatWithEdges
350
63
  3
Gouraud
350
64
  3
GouraudWithEdges
350
65
  3
Hidden
350
66
  3
JitterOff
350
67
  3
Linepattern
350
68
  3
Modeling
350
69
  3
OverhangOff
350
6A
  3
Realistic
350
6B
  3
Shaded
350
6C
  3
Shaded with edges
350
6D
  3
Shades of Gray
350
6E
  3
Sketchy
350
6F
  3
Thicken
350
70
  3
Wireframe
350
71
  3
X-Ray
350
72
  0
LAYOUT
  5
1A
330
D
100
AcDbPlotSettings
  1

  4
A3
  6

 40
7.5
 41
20.0
 42
7.5
 43
20.0
 44
420.0
 45
297.0
 46
0.0
 47
0.0
 48
0.0
 49
0.0
140
0.0
141
0.0
142
1.0
143
1.0
 70
1024
 72
1
 73
0
 74
5
  7

 75
16
 76
0
 77
2
 78
300
147
1.0
148
0.0
149
0.0
100
AcDbLayout
  1
Model
 70
1
 71
0
 10
0.0
 20
0.0
 11
420.0
 21
297.0
 12
0.0
 22
0.0
 32
0.0
 14
1e+20
 24
1e+20
 34
1e+20
 15
-1e+20
 25
-1e+20
 35
-1e+20
146
0.0
 13
0.0
 23
0.0
 33
0.0
 16
1.0
 26
0.0
 36
0.0
 17
0.0
 27
1.0
 37
0.0
 76
1
330
17
  0
LAYOUT
  5
1E
330
D
100
AcDbPlotSettings
  1

  4
A3
  6

 40
7.5
 41
20.0
 42
7.5
 43
20.0
 44
420.0
 45
297.0
 46
0.0
 47
0.0
 48
0.0
 49
0.0
140
0.0
141
0.0
142
1.0
143
1.0
 70
0
 72
1
 73
0
 74
5
  7

 75
16
 76
0
 77
2
 78
300
147
1.0
148
0.0
149
0.0
100
AcDbLayout
  1
Layout1
 70
1
 71
1
 10
0.0
 20
0.0
 11
420.0
 21
297.0
 12
0.0
 22
0.0
 32
0.0
 14
1e+20
 24
1e+20
 34
1e+20
 15
-1e+20
 25
-1e+20
 35
-1e+20
146
0.0
 13
0.0
 23
0.0
 33
0.0
 16
1.0
 26
0.0
 36
0.0
 17
0.0
 27
1.0
 37
0.0
 76
1
330
1B
  0
MATERIAL
  5
1F
102
{ACAD_REACTORS
330
E
102
}
330
E
100
AcDbMaterial
  1
ByBlock
  2

 70
0
 40
1.0
 71
1
 41
1.0
 91
-1023410177
 42
1.0
 72
1
  3

 73
1
 74
1
 75
1
 44
0.5
 73
0
 45
1.0
 46
1.0
 77
1
  4

 78
1
 79
1
170
1
 48
1.0
171
1
  6

172
1
173
1
174
1
140
1.0
141
1.0
175
1
  7

176
1
177
1
178
1
143
1.0
179
1
  8

270
1
271
1
272
1
145
1.0
146
1.0
273
1
  9

274
1
275
1
276
1
 42
1.0
 72
1
  3

 73
1
 74
1
 75
1
 94
63
  0
MATERIAL
  5
20
102
{ACAD_REACTORS
330
E
102
}
330
E
100
AcDbMaterial
  1
ByLayer
  2

 70
0
 40
1.0
 71
1
 41
1.0
 91
-1023410177
 42
1.0
 72
1
  3

 73
1
 74
1
 75
1
 44
0.5
 73
0
 45
1.0
 46
1.0
 77
1
  4

 78
1
 79
1
170
1
 48
1.0
171
1
  6

172
1
173
1
174
1
140
1.0
141
1.0
175
1
  7

176
1
177
1
178
1
143
1.0
179
1
  8

270
1
271
1
272
1
145
1.0
146
1.0
273
1
  9

274
1
275
1
276
1
 42
1.0
 72
1
  3

 73
1
 74
1
 75
1
 94
63
  0
MATERIAL
  5
21
102
{ACAD_REACTORS
330
E
102
}
330
E
100
AcDbMaterial
  1
Global
  2

 70
0
 40
1.0
 71
1
 41
1.0
 91
-1023410177
 42
1.0
 72
1
  3

 73
1
 74
1
 75
1
 44
0.5
 73
0
 45
1.0
 46
1.0
 77
1
  4

 78
1
 79
1
170
1
 48
1.0
171
1
  6

172
1
173
1
174
1
140
1.0
141
1.0
175
1
  7

176
1
177
1
178
1
143
1.0
179
1
  8

270
1
271
1
272
1
145
1.0
146
1.0
273
1
  9

274
1
275
1
276
1
 42
1.0
 72
1
  3

 73
1
 74
1
 75
1
 94
63
  0
MLINESTYLE
  5
22
102
{ACAD_REACTORS
330
10
102
}
330
10
100
AcDbMlineStyle
  2
Standard
 70
0
  3

 62
256
 51
90.0
 52
90.0
 71
2
 49
0.5
 62
256
  6
BYLAYER
 49
-0.5
 62
256
  6
BYLAYER
  0
MLEADERSTYLE
  5
2C
102
{ACAD_REACTORS
330
F
102
}
330
F
100
AcDbMLeaderStyle
179
2
170
2
171
1
172
0
 90
2
 40
0.0
 41
0.0
173
1
 91
-1056964608
 92
-2
290
1
 42
2.0
291
1
 43
8.0
  3
Standard
 44
4.0
300

342
29
174
1
175
1
176
0
178
1
 93
-1056964608
 45
4.0
292
0
297
0
 46
4.0
 94
-1056964608
 47
1.0
 49
1.0
140
1.0
294
1
141
0.0
177
0
142
1.0
295
0
296
0
143
3.75
271
0
272
9
273
9
  0
DICTIONARY
  5
2D
330
A
100
AcDbDictionary
280
1
281
1
  3
CREATED_BY_EZDXF
350
2E
  3
WRITTEN_BY_EZDXF
350
158
  0
DICTIONARYVAR
  5
2E
330
2D
100
DictionaryVariables
280
0
  1
1.4.4 @ 2026-07-30T07:17:18.334615+00:00
  0
VISUALSTYLE
  5
5A
102
{ACAD_REACTORS
330
16
102
}
330
16
100
AcDbVisualStyle
  2
2dWireframe
 70
4
177
3
291
0
 70
58
 90
2
176
1
 90
2
176
1
 90
0
176
1
 90
0
176
1
 40
0.6
176
1
 40
30.0
176
1
 62
7
420
16777215
176
1
 90
1
176
1
 90
4
176
1
 62
7
176
1
 62
257
176
1
 90
1
176
1
 90
1
176
1
 40
1.0
176
1
 90
8
176
1
 62
7
176
1
 40
1.0
176
1
 90
1
176
1
 90
6
176
1
 90
2
176
1
 62
7
176
1
 90
5
176
1
 90
0
176
1
 90
0
176
1
290
0
176
1
 90
1
176
1
 40
0.0
176
1
 90
0
176
1
290
1
176
1
290
1
176
1
290
0
176
1
290
0
176
1
290
0
176
1
290
0
176
1
290
0
176
1
290
0
176
1
290
0
176
1
 90
50
176
1
 40
0.0
176
1
 40
1.0
176
1
 90
0
176
1
 62
18
420
0
176
1
 90
50
176
1
 90
3
176
1
 62
5
420
255
176
1
290
0
176
1
 90
50
176
1
 90
50
176
1
 90
50
176
1
290
0
176
1
 90
50
176
1
 62
256
176
0
 40
1.0
176
0
 90
2
176
1
  1
strokes_ogs.tif
176
1
290
0
176
1
 40
1.0
176
1
 40
1.0
176
1
  0
VISUALSTYLE
  5
5B
102
{ACAD_REACTORS
330
16
102
}
330
16
100
AcDbVisualStyle
  2
Basic
 70
7
177
3
291
1
 70
58
 90
2
176
1
 90
2
176
1
 90
0
176
1
 90
1
176
1
 40
0.6
176
1
 40
30.0
176
1
 62
7
420
16777215
176
1
 90
1
176
1
 90
4
176
1
 62
7
176
1
 62
257
176
1
 90
1
176
1
 90
1
176
1
 40
1.0
176
1
 90
8
176
1
 62
7
176
1
 40
1.0
176
1
 90
1
176
1
 90
6
176
1
 90
2
176
1
 62
7
176
1
 90
5
176
1
 90
0
176
1
 90
0
176
1
290
0
176
1
 90
1
176
1
 40
0.0
176
1
 90
0
176
1
290
0
176
1
290
1
176
1
290
1
176
1
290
0
176
1
290
0
176
1
290
0
176
1
290
0
176
1
290
0
176
1
290
0
176
1
 90
50
176
1
 40
0.0
176
1
 40
1.0
176
1
 90
0
176
1
 62
18
420
0
176
1
 90
50
176
1
 90
3
176
1
 62
5
420
255
176
1
290
0
176
1
 90
50
176
1
 90
50
176
1
 90
50
176
1
290
0
176
1
 90
50
176
1
 62
256
176
0
 40
1.0
176
0
 90
2
176
1
  1
strokes_ogs.tif
176
1
290
0
176
1
 40
1.0
176
1
 40
1.0
176
1
  0
VISUALSTYLE
  5
5C
102
{ACAD_REACTORS
330
16
102
}
330
16
100
AcDbVisualStyle
  2
Brighten
 70
12
177
3
291
1
 70
58
 90
2
176
1
 90
2
176
1
 90
0
176
1
 90
2
176
1
 40
0.6
176
1
 40
30.0
176
1
 62
7
420
16777215
176
1
 90
1
176
1
 90
4
176
1
 62
7
176
1
 62
257
176
1
 90
1
176
1
 90
1
176
1
 40
1.0
176
1
 90
8
176
1
 62
7
176
1
 40
1.0
176
1
 90
1
176
1
 90
6
176
1
 90
2
176
1
 62
7
176
1
 90
5
176
1
 90
0
176
1
 90
0
176
1
290
0
176
1
 90
1
176
1
 40
0.0
176
1
 90
0
176
1
290
0
176
1
290
1
176
1
290
1
176
1
290
0
176
1
290
0
176
1
290
0
176
1
290
0
176
1
290
0
176
1
290
0
176
1
 90
50
176
1
 40
0.0
176
1
 40
1.0
176
1
 90
0
176
1
 62
18
420
0
176
1
 90
50
176
1
 90
3
176
1
 62
5
420
255
176
1
290
0
176
1
 90
50
176
1
 90
50
176
1
 90
50
176
1
290
0
176
1
 90
50
176
1
 62
256
176
0
 40
1.0
176
0
 90
2
176
1
  1
strokes_ogs.tif
176
1
290
0
176
1
 40
1.0
176
1
 40
1.0
176
1
  0
VISUALSTYLE
  5
5D
102
{ACAD_REACTORS
330
16
102
}
330
16
100
AcDbVisualStyle
  2
ColorChange
 70
16
177
3
291
1
 70
58
 90
2
176
1
 90
2
176
1
 90
0
176
1
 90
2
176
1
 40
0.6
176
1
 40
30.0
176
1
 62
7
420
16777215
176
1
 90
1
176
1
 90
4
176
1
 62
7
176
1
 62
257
176
1
 90
1
176
1
 90
1
176
1
 40
1.0
176
1
 90
8
176
1
 62
7
176
1
 40
1.0
176
1
 90
1
176
1
 90
6
176
1
 90
2
176
1
 62
7
176
1
 90
5
176
1
 90
0
176
1
 90
0
176
1
290
0
176
1
 90
1
176
1
 40
0.0
176
1
 90
0
176
1
290
0
176
1
290
1
176
1
290
1
176
1
290
0
176
1
290
0
176
1
290
0
176
1
290
0
176
1
290
0
176
1
290
0
176
1
 90
50
176
1
 40
0.0
176
1
 40
1.0
176
1
 90
0
176
1
 62
18
420
0
176
1
 90
50
176
1
 90
3
176
1
 62
5
420
255
176
1
290
0
176
1
 90
50
176
1
 90
50
176
1
 90
50
176
1
290
0
176
1
 90
50
176
1
 62
256
176
0
 40
1.0
176
0
 90
2
176
1
  1
strokes_ogs.tif
176
1
290
0
176
1
 40
1.0
176
1
 40
1.0
176
1
  0
VISUALSTYLE
  5
5E
102
{ACAD_REACTORS
330
16
102
}
330
16
100
AcDbVisualStyle
  2
Conceptual
 70
9
177
3
291
0
 70
58
 90
2
176
1
 90
2
176
1
 90
0
176
1
 90
3
176
1
 40
0.6
176
1
 40
30.0
176
1
 62
7
420
16777215
176
1
 90
1
176
1
 90
4
176
1
 62
7
176
1
 62
257
176
1
 90
1
176
1
 90
1
176
1
 40
1.0
176
1
 90
8
176
1
 62
7
176
1
 40
1.0
176
1
 90
1
176
1
 90
6
176
1
 90
2
176
1
 62
7
176
1
 90
5
176
1
 90
0
176
1
 90
0
176
1
290
0
176
1
 90
1
176
1
 40
0.0
176
1
 90
0
176
1
290
0
176
1
290
1
176
1
290
1
176
1
290
0
176
1
290
0
176
1
290
0
176
1
290
0
176
1
290
0
176
1
290
0
176
1
 90
50
176
1
 40
0.0
176
1
 40
1.0
176
1
 90
0
176
1
 62
18
420
0
176
1
 90
50
176
1
 90
3
176
1
 62
5
420
255
176
1
290
0
176
1
 90
50
176
1
 90
50
176
1
 90
50
176
1
290
0
176
1
 90
50
176
1
 62
256
176
0
 40
1.0
176
0
 90
2
176
1
  1
strokes_ogs.tif
176
1
290
0
176
1
 40
1.0
176
1
 40
1.0
176
1
  0
VISUALSTYLE
  5
5F
102
{ACAD_REACTORS
330
16
102
}
330
16
100
AcDbVisualStyle
  2
Dim
 70
11
177
3
291
1
 70
58
 90
2
176
1
 90
2
176
1
 90
0
176
1
 90
2
176
1
 40
0.6
176
1
 40
30.0
176
1
 62
7
420
16777215
176
1
 90
1
176
1
 90
4
176
1
 62
7
176
1
 62
257
176
1
 90
1
176
1
 90
1
176
1
 40
1.0
176
1
 90
8
176
1
 62
7
176
1
 40
1.0
176
1
 90
1
176
1
 90
6
176
1
 90
2
176
1
 62
7
176
1
 90
5
176
1
 90
0
176
1
 90
0
176
1
290
0
176
1
 90
1
176
1
 40
0.0
176
1
 90
0
176
1
290
0
176
1
290
1
176
1
290
1
176
1
290
0
176
1
290
0
176
1
290
0
176
1
290
0
176
1
290
0
176
1
290
0
176
1
 90
50
176
1
 40
0.0
176
1
 40
1.0
176
1
 90
0
176
1
 62
18
420
0
176
1
 90
50
176
1
 90
3
176
1
 62
5
420
255
176
1
290
0
176
1
 90
50
176
1
 90
50
176
1
 90
50
176
1
290
0
176
1
 90
50
176
1
 62
256
176
0
 40
1.0
176
0
 90
2
176
1
  1
strokes_ogs.tif
176
1
290
0
176
1
 40
1.0
176
1
 40
1.0
176
1
  0
VISUALSTYLE
  5
60
102
{ACAD_REACTORS
330
16
102
}
330
16
100
AcDbVisualStyle
  2
EdgeColorOff
 70
22
177
3
291
1
 70
58
 90
2
176
1
 90
2
176
1
 90
0
176
1
 90
2
176
1
 40
0.6
176
1
 40
30.0
176
1
 62
7
420
16777215
176
1
 90
1
176
1
 90
4
176
1
 62
7
176
1
 62
257
176
1
 90
1
176
1
 90
1
176
1
 40
1.0
176
1
 90
8
176
1
 62
7
176
1
 40
1.0
176
1
 90
1
176
1
 90
6
176
1
 90
2
176
1
 62
7
176
1
 90
5
176
1
 90
0
176
1
 90
0
176
1
290
0
176
1
 90
1
176
1
 40
0.0
176
1
 90
0
176
1
290
0
176
1
290
1
176
1
290
1
176
1
290
0
176
1
290
0
176
1
290
0
176
1
290
0
176
1
290
0
176
1
290
0
176
1
 90
50
176
1
 40
0.0
176
1
 40
1.0
176
1
 90
0
176
1
 62
18
420
0
176
1
 90
50
176
1
 90
3
176
1
 62
5
420
255
176
1
290
0
176
1
 90
50
176
1
 90
50
176
1
 90
50
176
1
290
0
176
1
 90
50
176
1
 62
256
176
0
 40
1.0
176
0
 90
2
176
1
  1
strokes_ogs.tif
176
1
290
0
176
1
 40
1.0
176
1
 40
1.0
176
1
  0
VISUALSTYLE
  5
61
102
{ACAD_REACTORS
330
16
102
}
330
16
100
AcDbVisualStyle
  2
Facepattern
 70
15
177
3
291
1
 70
58
 90
2
176
1
 90
2
176
1
 90
0
176
1
 90
2
176
1
 40
0.6
176
1
 40
30.0
176
1
 62
7
420
16777215
176
1
 90
1
176
1
 90
4
176
1
 62
7
176
1
 62
257
176
1
 90
1
176
1
 90
1
176
1
 40
1.0
176
1
 90
8
176
1
 62
7
176
1
 40
1.0
176
1
 90
1
176
1
 90
6
176
1
 90
2
176
1
 62
7
176
1
 90
5
176
1
 90
0
176
1
 90
0
176
1
290
0
176
1
 90
1
176
1
 40
0.0
176
1
 90
0
176
1
290
0
176
1
290
1
176
1
290
1
176
1
290
0
176
1
290
0
176
1
290
0
176
1
290
0
176
1
290
0
176
1
290
0
176
1
 90
50
176
1
 40
0.0
176
1
 40
1.0
176
1
 90
0
176
1
 62
18
420
0
176
1
 90
50
176
1
 90
3
176
1
 62
5
420
255
176
1
290
0
176
1
 90
50
176
1
 90
50
176
1
 90
50
176
1
290
0
176
1
 90
50
176
1
 62
256
176
0
 40
1.0
176
0
 90
2
176
1
  1
strokes_ogs.tif
176
1
290
0
176
1
 40
1.0
176
1
 40
1.0
176
1
  0
VISUALSTYLE
  5
62
102
{ACAD_REACTORS
330
16
102
}
330
16
100
AcDbVisualStyle
  2
Flat
 70
0
177
3
291
1
 70
58
 90
2
176
1
 90
2
176
1
 90
0
176
1
 90
2
176
1
 40
0.6
176
1
 40
30.0
176
1
 62
7
420
16777215
176
1
 90
1
176
1
 90
4
176
1
 62
7
176
1
 62
257
176
1
 90
1
176
1
 90
1
176
1
 40
1.0
176
1
 90
8
176
1
 62
7
176
1
 40
1.0
176
1
 90
1
176
1
 90
6
176
1
 90
2
176
1
 62
7
176
1
 90
5
176
1
 90
0
176
1
 90
0
176
1
290
0
176
1
 90
1
176
1
 40
0.0
176
1
 90
0
176
1
290
0
176
1
290
1
176
1
290
1
176
1
290
0
176
1
290
0
176
1
290
0
176
1
290
0
176
1
290
0
176
1
290
0
176
1
 90
50
176
1
 40
0.0
176
1
 40
1.0
176
1
 90
0
176
1
 62
18
420
0
176
1
 90
50
176
1
 90
3
176
1
 62
5
420
255
176
1
290
0
176
1
 90
50
176
1
 90
50
176
1
 90
50
176
1
290
0
176
1
 90
50
176
1
 62
256
176
0
 40
1.0
176
0
 90
2
176
1
  1
strokes_ogs.tif
176
1
290
0
176
1
 40
1.0
176
1
 40
1.0
176
1
  0
VISUALSTYLE
  5
63
102
{ACAD_REACTORS
330
16
102
}
330
16
100
AcDbVisualStyle
  2
FlatWithEdges
 70
1
177
3
291
1
 70
58
 90
2
176
1
 90
2
176
1
 90
0
176
1
 90
2
176
1
 40
0.6
176
1
 40
30.0
176
1
 62
7
420
16777215
176
1
 90
1
176
1
 90
4
176
1
 62
7
176
1
 62
257
176
1
 90
1
176
1
 90
1
176
1
 40
1.0
176
1
 90
8
176
1
 62
7
176
1
 40
1.0
176
1
 90
1
176
1
 90
6
176
1
 90
2
176
1
 62
7
176
1
 90
5
176
1
 90
0
176
1
 90
0
176
1
290
0
176
1
 90
1
176
1
 40
0.0
176
1
 90
0
176
1
290
0
176
1
290
1
176
1
290
1
176
1
290
0
176
1
290
0
176
1
290
0
176
1
290
0
176
1
290
0
176
1
290
0
176
1
 90
50
176
1
 40
0.0
176
1
 40
1.0
176
1
 90
0
176
1
 62
18
420
0
176
1
 90
50
176
1
 90
3
176
1
 62
5
420
255
176
1
290
0
176
1
 90
50
176
1
 90
50
176
1
 90
50
176
1
290
0
176
1
 90
50
176
1
 62
256
176
0
 40
1.0
176
0
 90
2
176
1
  1
strokes_ogs.tif
176
1
290
0
176
1
 40
1.0
176
1
 40
1.0
176
1
  0
VISUALSTYLE
  5
64
102
{ACAD_REACTORS
330
16
102
}
330
16
100
AcDbVisualStyle
  2
Gouraud
 70
2
177
3
291
1
 70
58
 90
2
176
1
 90
2
176
1
 90
0
176
1
 90
2
176
1
 40
0.6
176
1
 40
30.0
176
1
 62
7
420
16777215
176
1
 90
1
176
1
 90
4
176
1
 62
7
176
1
 62
257
176
1
 90
1
176
1
 90
1
176
1
 40
1.0
176
1
 90
8
176
1
 62
7
176
1
 40
1.0
176
1
 90
1
176
1
 90
6
176
1
 90
2
176
1
 62
7
176
1
 90
5
176
1
 90
0
176
1
 90
0
176
1
290
0
176
1
 90
1
176
1
 40
0.0
176
1
 90
0
176
1
290
0
176
1
290
1
176
1
290
1
176
1
290
0
176
1
290
0
176
1
290
0
176
1
290
0
176
1
290
0
176
1
290
0
176
1
 90
50
176
1
 40
0.0
176
1
 40
1.0
176
1
 90
0
176
1
 62
18
420
0
176
1
 90
50
176
1
 90
3
176
1
 62
5
420
255
176
1
290
0
176
1
 90
50
176
1
 90
50
176
1
 90
50
176
1
290
0
176
1
 90
50
176
1
 62
256
176
0
 40
1.0
176
0
 90
2
176
1
  1
strokes_ogs.tif
176
1
290
0
176
1
 40
1.0
176
1
 40
1.0
176
1
  0
VISUALSTYLE
  5
65
102
{ACAD_REACTORS
330
16
102
}
330
16
100
AcDbVisualStyle
  2
GouraudWithEdges
 70
3
177
3
291
1
 70
58
 90
2
176
1
 90
2
176
1
 90
0
176
1
 90
2
176
1
 40
0.6
176
1
 40
30.0
176
1
 62
7
420
16777215
176
1
 90
1
176
1
 90
4
176
1
 62
7
176
1
 62
257
176
1
 90
1
176
1
 90
1
176
1
 40
1.0
176
1
 90
8
176
1
 62
7
176
1
 40
1.0
176
1
 90
1
176
1
 90
6
176
1
 90
2
176
1
 62
7
176
1
 90
5
176
1
 90
0
176
1
 90
0
176
1
290
0
176
1
 90
1
176
1
 40
0.0
176
1
 90
0
176
1
290
0
176
1
290
1
176
1
290
1
176
1
290
0
176
1
290
0
176
1
290
0
176
1
290
0
176
1
290
0
176
1
290
0
176
1
 90
50
176
1
 40
0.0
176
1
 40
1.0
176
1
 90
0
176
1
 62
18
420
0
176
1
 90
50
176
1
 90
3
176
1
 62
5
420
255
176
1
290
0
176
1
 90
50
176
1
 90
50
176
1
 90
50
176
1
290
0
176
1
 90
50
176
1
 62
256
176
0
 40
1.0
176
0
 90
2
176
1
  1
strokes_ogs.tif
176
1
290
0
176
1
 40
1.0
176
1
 40
1.0
176
1
  0
VISUALSTYLE
  5
66
102
{ACAD_REACTORS
330
16
102
}
330
16
100
AcDbVisualStyle
  2
Hidden
 70
6
177
3
291
0
 70
58
 90
2
176
1
 90
2
176
1
 90
0
176
1
 90
1
176
1
 40
0.6
176
1
 40
30.0
176
1
 62
7
420
16777215
176
1
 90
1
176
1
 90
4
176
1
 62
7
176
1
 62
257
176
1
 90
1
176
1
 90
1
176
1
 40
1.0
176
1
 90
8
176
1
 62
7
176
1
 40
1.0
176
1
 90
1
176
1
 90
6
176
1
 90
2
176
1
 62
7
176
1
 90
5
176
1
 90
0
176
1
 90
0
176
1
290
0
176
1
 90
1
176
1
 40
0.0
176
1
 90
0
176
1
290
0
176
1
290
1
176
1
290
1
176
1
290
0
176
1
290
0
176
1
290
0
176
1
290
0
176
1
290
0
176
1
290
0
176
1
 90
50
176
1
 40
0.0
176
1
 40
1.0
176
1
 90
0
176
1
 62
18
420
0
176
1
 90
50
176
1
 90
3
176
1
 62
5
420
255
176
1
290
0
176
1
 90
50
176
1
 90
50
176
1
 90
50
176
1
290
0
176
1
 90
50
176
1
 62
256
176
0
 40
1.0
176
0
 90
2
176
1
  1
strokes_ogs.tif
176
1
290
0
176
1
 40
1.0
176
1
 40
1.0
176
1
  0
VISUALSTYLE
  5
67
102
{ACAD_REACTORS
330
16
102
}
330
16
100
AcDbVisualStyle
  2
JitterOff
 70
20
177
3
291
1
 70
58
 90
2
176
1
 90
2
176
1
 90
0
176
1
 90
2
176
1
 40
0.6
176
1
 40
30.0
176
1
 62
7
420
16777215
176
1
 90
1
176
1
 90
4
176
1
 62
7
176
1
 62
257
176
1
 90
1
176
1
 90
1
176
1
 40
1.0
176
1
 90
8
176
1
 62
7
176
1
 40
1.0
176
1
 90
1
176
1
 90
6
176
1
 90
2
176
1
 62
7
176
1
 90
5
176
1
 90
0
176
1
 90
0
176
1
290
0
176
1
 90
1
176
1
 40
0.0
176
1
 90
0
176
1
290
0
176
1
290
1
176
1
290
1
176
1
290
0
176
1
290
0
176
1
290
0
176
1
290
0
176
1
290
0
176
1
290
0
176
1
 90
50
176
1
 40
0.0
176
1
 40
1.0
176
1
 90
0
176
1
 62
18
420
0
176
1
 90
50
176
1
 90
3
176
1
 62
5
420
255
176
1
290
0
176
1
 90
50
176
1
 90
50
176
1
 90
50
176
1
290
0
176
1
 90
50
176
1
 62
256
176
0
 40
1.0
176
0
 90
2
176
1
  1
strokes_ogs.tif
176
1
290
0
176
1
 40
1.0
176
1
 40
1.0
176
1
  0
VISUALSTYLE
  5
68
102
{ACAD_REACTORS
330
16
102
}
330
16
100
AcDbVisualStyle
  2
Linepattern
 70
14
177
3
291
1
 70
58
 90
2
176
1
 90
2
176
1
 90
0
176
1
 90
2
176
1
 40
0.6
176
1
 40
30.0
176
1
 62
7
420
16777215
176
1
 90
1
176
1
 90
4
176
1
 62
7
176
1
 62
257
176
1
 90
1
176
1
 90
1
176
1
 40
1.0
176
1
 90
8
176
1
 62
7
176
1
 40
1.0
176
1
 90
1
176
1
 90
6
176
1
 90
2
176
1
 62
7
176
1
 90
5
176
1
 90
0
176
1
 90
0
176
1
290
0
176
1
 90
1
176
1
 40
0.0
176
1
 90
0
176
1
290
0
176
1
290
1
176
1
290
1
176
1
290
0
176
1
290
0
176
1
290
0
176
1
290
0
176
1
290
0
176
1
290
0
176
1
 90
50
176
1
 40
0.0
176
1
 40
1.0
176
1
 90
0
176
1
 62
18
420
0
176
1
 90
50
176
1
 90
3
176
1
 62
5
420
255
176
1
290
0
176
1
 90
50
176
1
 90
50
176
1
 90
50
176
1
290
0
176
1
 90
50
176
1
 62
256
176
0
 40
1.0
176
0
 90
2
176
1
  1
strokes_ogs.tif
176
1
290
0
176
1
 40
1.0
176
1
 40
1.0
176
1
  0
VISUALSTYLE
  5
69
102
{ACAD_REACTORS
330
16
102
}
330
16
100
AcDbVisualStyle
  2
Modeling
 70
10
177
3
291
0
 70
58
 90
2
176
1
 90
2
176
1
 90
0
176
1
 90
2
176
1
 40
0.6
176
1
 40
30.0
176
1
 62
7
420
16777215
176
1
 90
1
176
1
 90
4
176
1
 62
7
176
1
 62
257
176
1
 90
1
176
1
 90
1
176
1
 40
1.0
176
1
 90
8
176
1
 62
7
176
1
 40
1.0
176
1
 90
1
176
1
 90
6
176
1
 90
2
176
1
 62
7
176
1
 90
5
176
1
 90
0
176
1
 90
0
176
1
290
0
176
1
 90
1
176
1
 40
0.0
176
1
 90
0
176
1
290
0
176
1
290
1
176
1
290
1
176
1
290
0
176
1
290
0
176
1
290
0
176
1
290
0
176
1
290
0
176
1
290
0
176
1
 90
50
176
1
 40
0.0
176
1
 40
1.0
176
1
 90
0
176
1
 62
18
420
0
176
1
 90
50
176
1
 90
3
176
1
 62
5
420
255
176
1
290
0
176
1
 90
50
176
1
 90
50
176
1
 90
50
176
1
290
0
176
1
 90
50
176
1
 62
256
176
0
 40
1.0
176
0
 90
2
176
1
  1
strokes_ogs.tif
176
1
290
0
176
1
 40
1.0
176
1
 40
1.0
176
1
  0
VISUALSTYLE
  5
6A
102
{ACAD_REACTORS
330
16
102
}
330
16
100
AcDbVisualStyle
  2
OverhangOff
 70
21
177
3
291
1
 70
58
 90
2
176
1
 90
2
176
1
 90
0
176
1
 90
2
176
1
 40
0.6
176
1
 40
30.0
176
1
 62
7
420
16777215
176
1
 90
1
176
1
 90
4
176
1
 62
7
176
1
 62
257
176
1
 90
1
176
1
 90
1
176
1
 40
1.0
176
1
 90
8
176
1
 62
7
176
1
 40
1.0
176
1
 90
1
176
1
 90
6
176
1
 90
2
176
1
 62
7
176
1
 90
5
176
1
 90
0
176
1
 90
0
176
1
290
0
176
1
 90
1
176
1
 40
0.0
176
1
 90
0
176
1
290
0
176
1
290
1
176
1
290
1
176
1
290
0
176
1
290
0
176
1
290
0
176
1
290
0
176
1
290
0
176
1
290
0
176
1
 90
50
176
1
 40
0.0
176
1
 40
1.0
176
1
 90
0
176
1
 62
18
420
0
176
1
 90
50
176
1
 90
3
176
1
 62
5
420
255
176
1
290
0
176
1
 90
50
176
1
 90
50
176
1
 90
50
176
1
290
0
176
1
 90
50
176
1
 62
256
176
0
 40
1.0
176
0
 90
2
176
1
  1
strokes_ogs.tif
176
1
290
0
176
1
 40
1.0
176
1
 40
1.0
176
1
  0
VISUALSTYLE
  5
6B
102
{ACAD_REACTORS
330
16
102
}
330
16
100
AcDbVisualStyle
  2
Realistic
 70
8
177
3
291
0
 70
58
 90
2
176
1
 90
2
176
1
 90
0
176
1
 90
2
176
1
 40
0.6
176
1
 40
30.0
176
1
 62
7
420
16777215
176
1
 90
1
176
1
 90
4
176
1
 62
7
176
1
 62
257
176
1
 90
1
176
1
 90
1
176
1
 40
1.0
176
1
 90
8
176
1
 62
7
176
1
 40
1.0
176
1
 90
1
176
1
 90
6
176
1
 90
2
176
1
 62
7
176
1
 90
5
176
1
 90
0
176
1
 90
0
176
1
290
0
176
1
 90
1
176
1
 40
0.0
176
1
 90
0
176
1
290
0
176
1
290
1
176
1
290
1
176
1
290
0
176
1
290
0
176
1
290
0
176
1
290
0
176
1
290
0
176
1
290
0
176
1
 90
50
176
1
 40
0.0
176
1
 40
1.0
176
1
 90
0
176
1
 62
18
420
0
176
1
 90
50
176
1
 90
3
176
1
 62
5
420
255
176
1
290
0
176
1
 90
50
176
1
 90
50
176
1
 90
50
176
1
290
0
176
1
 90
50
176
1
 62
256
176
0
 40
1.0
176
0
 90
2
176
1
  1
strokes_ogs.tif
176
1
290
0
176
1
 40
1.0
176
1
 40
1.0
176
1
  0
VISUALSTYLE
  5
6C
102
{ACAD_REACTORS
330
16
102
}
330
16
100
AcDbVisualStyle
  2
Shaded
 70
27
177
3
291
0
 70
58
 90
2
176
1
 90
2
176
1
 90
0
176
1
 90
2
176
1
 40
0.6
176
1
 40
30.0
176
1
 62
7
420
16777215
176
1
 90
1
176
1
 90
4
176
1
 62
7
176
1
 62
257
176
1
 90
1
176
1
 90
1
176
1
 40
1.0
176
1
 90
8
176
1
 62
7
176
1
 40
1.0
176
1
 90
1
176
1
 90
6
176
1
 90
2
176
1
 62
7
176
1
 90
5
176
1
 90
0
176
1
 90
0
176
1
290
0
176
1
 90
1
176
1
 40
0.0
176
1
 90
0
176
1
290
0
176
1
290
1
176
1
290
1
176
1
290
0
176
1
290
0
176
1
290
0
176
1
290
0
176
1
290
0
176
1
290
0
176
1
 90
50
176
1
 40
0.0
176
1
 40
1.0
176
1
 90
0
176
1
 62
18
420
0
176
1
 90
50
176
1
 90
3
176
1
 62
5
420
255
176
1
290
0
176
1
 90
50
176
1
 90
50
176
1
 90
50
176
1
290
0
176
1
 90
50
176
1
 62
256
176
0
 40
1.0
176
0
 90
2
176
1
  1
strokes_ogs.tif
176
1
290
0
176
1
 40
1.0
176
1
 40
1.0
176
1
  0
VISUALSTYLE
  5
6D
102
{ACAD_REACTORS
330
16
102
}
330
16
100
AcDbVisualStyle
  2
Shaded with edges
 70
26
177
3
291
0
 70
58
 90
2
176
1
 90
2
176
1
 90
0
176
1
 90
2
176
1
 40
0.6
176
1
 40
30.0
176
1
 62
7
420
16777215
176
1
 90
1
176
1
 90
4
176
1
 62
7
176
1
 62
257
176
1
 90
1
176
1
 90
1
176
1
 40
1.0
176
1
 90
8
176
1
 62
7
176
1
 40
1.0
176
1
 90
1
176
1
 90
6
176
1
 90
2
176
1
 62
7
176
1
 90
5
176
1
 90
0
176
1
 90
0
176
1
290
0
176
1
 90
1
176
1
 40
0.0
176
1
 90
0
176
1
290
0
176
1
290
1
176
1
290
1
176
1
290
0
176
1
290
0
176
1
290
0
176
1
290
0
176
1
290
0
176
1
290
0
176
1
 90
50
176
1
 40
0.0
176
1
 40
1.0
176
1
 90
0
176
1
 62
18
420
0
176
1
 90
50
176
1
 90
3
176
1
 62
5
420
255
176
1
290
0
176
1
 90
50
176
1
 90
50
176
1
 90
50
176
1
290
0
176
1
 90
50
176
1
 62
256
176
0
 40
1.0
176
0
 90
2
176
1
  1
strokes_ogs.tif
176
1
290
0
176
1
 40
1.0
176
1
 40
1.0
176
1
  0
VISUALSTYLE
  5
6E
102
{ACAD_REACTORS
330
16
102
}
330
16
100
AcDbVisualStyle
  2
Shades of Gray
 70
23
177
3
291
0
 70
58
 90
2
176
1
 90
2
176
1
 90
0
176
1
 90
2
176
1
 40
0.6
176
1
 40
30.0
176
1
 62
7
420
16777215
176
1
 90
1
176
1
 90
4
176
1
 62
7
176
1
 62
257
176
1
 90
1
176
1
 90
1
176
1
 40
1.0
176
1
 90
8
176
1
 62
7
176
1
 40
1.0
176
1
 90
1
176
1
 90
6
176
1
 90
2
176
1
 62
7
176
1
 90
5
176
1
 90
0
176
1
 90
0
176
1
290
0
176
1
 90
1
176
1
 40
0.0
176
1
 90
0
176
1
290
0
176
1
290
1
176
1
290
1
176
1
290
0
176
1
290
0
176
1
290
0
176
1
290
0
176
1
290
0
176
1
290
0
176
1
 90
50
176
1
 40
0.0
176
1
 40
1.0
176
1
 90
0
176
1
 62
18
420
0
176
1
 90
50
176
1
 90
3
176
1
 62
5
420
255
176
1
290
0
176
1
 90
50
176
1
 90
50
176
1
 90
50
176
1
290
0
176
1
 90
50
176
1
 62
256
176
0
 40
1.0
176
0
 90
2
176
1
  1
strokes_ogs.tif
176
1
290
0
176
1
 40
1.0
176
1
 40
1.0
176
1
  0
VISUALSTYLE
  5
6F
102
{ACAD_REACTORS
330
16
102
}
330
16
100
AcDbVisualStyle
  2
Sketchy
 70
24
177
3
291
0
 70
58
 90
2
176
1
 90
2
176
1
 90
0
176
1
 90
1
176
1
 40
0.6
176
1
 40
30.0
176
1
 62
7
420
16777215
176
1
 90
1
176
1
 90
4
176
1
 62
7
176
1
 62
257
176
1
 90
1
176
1
 90
1
176
1
 40
1.0
176
1
 90
8
176
1
 62
7
176
1
 40
1.0
176
1
 90
1
176
1
 90
6
176
1
 90
2
176
1
 62
7
176
1
 90
5
176
1
 90
0
176
1
 90
0
176
1
290
0
176
1
 90
1
176
1
 40
0.0
176
1
 90
0
176
1
290
0
176
1
290
1
176
1
290
1
176
1
290
0
176
1
290
0
176
1
290
0
176
1
290
0
176
1
290
0
176
1
290
0
176
1
 90
50
176
1
 40
0.0
176
1
 40
1.0
176
1
 90
0
176
1
 62
18
420
0
176
1
 90
50
176
1
 90
3
176
1
 62
5
420
255
176
1
290
0
176
1
 90
50
176
1
 90
50
176
1
 90
50
176
1
290
0
176
1
 90
50
176
1
 62
256
176
0
 40
1.0
176
0
 90
2
176
1
  1
strokes_ogs.tif
176
1
290
0
176
1
 40
1.0
176
1
 40
1.0
176
1
  0
VISUALSTYLE
  5
70
102
{ACAD_REACTORS
330
16
102
}
330
16
100
AcDbVisualStyle
  2
Thicken
 70
13
177
3
291
1
 70
58
 90
2
176
1
 90
2
176
1
 90
0
176
1
 90
2
176
1
 40
0.6
176
1
 40
30.0
176
1
 62
7
420
16777215
176
1
 90
1
176
1
 90
4
176
1
 62
7
176
1
 62
257
176
1
 90
1
176
1
 90
1
176
1
 40
1.0
176
1
 90
8
176
1
 62
7
176
1
 40
1.0
176
1
 90
1
176
1
 90
6
176
1
 90
2
176
1
 62
7
176
1
 90
5
176
1
 90
0
176
1
 90
0
176
1
290
0
176
1
 90
1
176
1
 40
0.0
176
1
 90
0
176
1
290
0
176
1
290
1
176
1
290
1
176
1
290
0
176
1
290
0
176
1
290
0
176
1
290
0
176
1
290
0
176
1
290
0
176
1
 90
50
176
1
 40
0.0
176
1
 40
1.0
176
1
 90
0
176
1
 62
18
420
0
176
1
 90
50
176
1
 90
3
176
1
 62
5
420
255
176
1
290
0
176
1
 90
50
176
1
 90
50
176
1
 90
50
176
1
290
0
176
1
 90
50
176
1
 62
256
176
0
 40
1.0
176
0
 90
2
176
1
  1
strokes_ogs.tif
176
1
290
0
176
1
 40
1.0
176
1
 40
1.0
176
1
  0
VISUALSTYLE
  5
71
102
{ACAD_REACTORS
330
16
102
}
330
16
100
AcDbVisualStyle
  2
Wireframe
 70
5
177
3
291
0
 70
58
 90
2
176
1
 90
2
176
1
 90
0
176
1
 90
0
176
1
 40
0.6
176
1
 40
30.0
176
1
 62
7
420
16777215
176
1
 90
1
176
1
 90
4
176
1
 62
7
176
1
 62
257
176
1
 90
1
176
1
 90
1
176
1
 40
1.0
176
1
 90
8
176
1
 62
7
176
1
 40
1.0
176
1
 90
1
176
1
 90
6
176
1
 90
2
176
1
 62
7
176
1
 90
5
176
1
 90
0
176
1
 90
0
176
1
290
0
176
1
 90
1
176
1
 40
0.0
176
1
 90
0
176
1
290
0
176
1
290
1
176
1
290
1
176
1
290
0
176
1
290
0
176
1
290
0
176
1
290
0
176
1
290
0
176
1
290
0
176
1
 90
50
176
1
 40
0.0
176
1
 40
1.0
176
1
 90
0
176
1
 62
18
420
0
176
1
 90
50
176
1
 90
3
176
1
 62
5
420
255
176
1
290
0
176
1
 90
50
176
1
 90
50
176
1
 90
50
176
1
290
0
176
1
 90
50
176
1
 62
256
176
0
 40
1.0
176
0
 90
2
176
1
  1
strokes_ogs.tif
176
1
290
0
176
1
 40
1.0
176
1
 40
1.0
176
1
  0
VISUALSTYLE
  5
72
102
{ACAD_REACTORS
330
16
102
}
330
16
100
AcDbVisualStyle
  2
X-Ray
 70
25
177
3
291
0
 70
58
 90
2
176
1
 90
2
176
1
 90
0
176
1
 90
2
176
1
 40
0.5
176
1
 40
30.0
176
1
 62
7
420
16777215
176
1
 90
1
176
1
 90
4
176
1
 62
7
176
1
 62
257
176
1
 90
1
176
1
 90
1
176
1
 40
1.0
176
1
 90
8
176
1
 62
7
176
1
 40
1.0
176
1
 90
1
176
1
 90
6
176
1
 90
2
176
1
 62
7
176
1
 90
5
176
1
 90
0
176
1
 90
0
176
1
290
0
176
1
 90
1
176
1
 40
0.0
176
1
 90
0
176
1
290
0
176
1
290
1
176
1
290
1
176
1
290
0
176
1
290
0
176
1
290
0
176
1
290
0
176
1
290
0
176
1
290
0
176
1
 90
50
176
1
 40
0.0
176
1
 40
1.0
176
1
 90
0
176
1
 62
18
420
0
176
1
 90
50
176
1
 90
3
176
1
 62
5
420
255
176
1
290
0
176
1
 90
50
176
1
 90
50
176
1
 90
50
176
1
290
0
176
1
 90
50
176
1
 62
256
176
0
 40
1.0
176
0
 90
2
176
1
  1
strokes_ogs.tif
176
1
290
0
176
1
 40
1.0
176
1
 40
1.0
176
1
  0
DICTIONARYVAR
  5
158
330
2D
100
DictionaryVariables
280
0
  1
1.4.4 @ 2026-07-30T07:17:18.885871+00:00
  0
ENDSEC
  0
EOF
