  0
SECTION
  2
HEADER
  9
$ACADVER
  1
AC1032
  9
$ACADMAINTVER
 90
4
  9
$DWGCODEPAGE
  3
ANSI_1252
  9
$LASTSAVEDBY
  1
ezdxf
  9
$REQUIREDVERSIONS
160
0
  9
$INSBASE
 10
0.0
 20
0.0
 30
0.0
  9
$EXTMIN
 10
1e+20
 20
1e+20
 30
1e+20
  9
$EXTMAX
 10
-1e+20
 20
-1e+20
 30
-1e+20
  9
$LIMMIN
 10
0.0
 20
0.0
  9
$LIMMAX
 10
420.0
 20
297.0
  9
$ORTHOMODE
 70
0
  9
$REGENMODE
 70
1
  9
$FILLMODE
 70
1
  9
$QTEXTMODE
 70
0
  9
$MIRRTEXT
 70
1
  9
$LTSCALE
 40
1.0
  9
$ATTMODE
 70
1
  9
$TEXTSIZE
 40
2.5
  9
$TRACEWID
 40
1.0
  9
$TEXTSTYLE
  7
OpenSans
  9
$CLAYER
  8
0
  9
$CELTYPE
  6
ByLayer
  9
$CECOLOR
 62
256
  9
$CELTSCALE
 40
1.0
  9
$DISPSILH
 70
0
  9
$DIMSCALE
 40
1.0
  9
$DIMASZ
 40
0.175
  9
$DIMEXO
 40
0.125
  9
$DIMDLI
 40
3.75
  9
$DIMRND
 40
0.0
  9
$DIMDLE
 40
0.0
  9
$DIMEXE
 40
0.375
  9
$DIMTP
 40
0.0
  9
$DIMTM
 40
0.0
  9
$DIMTXT
 40
0.25
  9
$DIMCEN
 40
2.5
  9
$DIMTSZ
 40
0.0
  9
$DIMTOL
 70
0
  9
$DIMLIM
 70
0
  9
$DIMTIH
 70
0
  9
$DIMTOH
 70
0
  9
$DIMSE1
 70
0
  9
$DIMSE2
 70
0
  9
$DIMTAD
 70
1
  9
$DIMZIN
 70
12
  9
$DIMBLK
  1
ARCHTICK
  9
$DIMASO
 70
1
  9
$DIMSHO
 70
1
  9
$DIMPOST
  1

  9
$DIMAPOST
  1

  9
$DIMALT
 70
0
  9
$DIMALTD
 70
3
  9
$DIMALTF
 40
0.03937007874
  9
$DIMLFAC
 40
100.0
  9
$DIMTOFL
 70
1
  9
$DIMTVP
 40
0.0
  9
$DIMTIX
 70
0
  9
$DIMSOXD
 70
0
  9
$DIMSAH
 70
0
  9
$DIMBLK1
  1

  9
$DIMBLK2
  1

  9
$DIMSTYLE
  2
EZDXF
  9
$DIMCLRD
 70
0
  9
$DIMCLRE
 70
0
  9
$DIMCLRT
 70
0
  9
$DIMTFAC
 40
0.5
  9
$DIMGAP
 40
0.1
  9
$DIMJUST
 70
0
  9
$DIMSD1
 70
0
  9
$DIMSD2
 70
0
  9
$DIMTOLJ
 70
0
  9
$DIMTZIN
 70
8
  9
$DIMALTZ
 70
0
  9
$DIMALTTZ
 70
0
  9
$DIMUPT
 70
1
  9
$DIMDEC
 70
2
  9
$DIMTDEC
 70
2
  9
$DIMALTU
 70
2
  9
$DIMALTTD
 70
3
  9
$DIMTXSTY
  7
OpenSansCondensed-Light
  9
$DIMAUNIT
 70
0
  9
$DIMADEC
 70
2
  9
$DIMALTRND
 40
0.0
  9
$DIMAZIN
 70
3
  9
$DIMDSEP
 70
46
  9
$DIMATFIT
 70
3
  9
$DIMFRAC
 70
0
  9
$DIMLDRBLK
  1

  9
$DIMLUNIT
 70
2
  9
$DIMLWD
 70
-2
  9
$DIMLWE
 70
-2
  9
$DIMTMOVE
 70
2
  9
$DIMFXL
 40
1.0
  9
$DIMFXLON
 70
0
  9
$DIMJOGANG
 40
0.785398163397
  9
$DIMTFILL
 70
0
  9
$DIMTFILLCLR
 70
0
  9
$DIMARCSYM
 70
0
  9
$DIMLTYPE
  6

  9
$DIMLTEX1
  6

  9
$DIMLTEX2
  6

  9
$DIMTXTDIRECTION
 70
0
  9
$LUNITS
 70
2
  9
$LUPREC
 70
4
  9
$SKETCHINC
 40
1.0
  9
$FILLETRAD
 40
10.0
  9
$AUNITS
 70
0
  9
$AUPREC
 70
2
  9
$MENU
  1
.
  9
$ELEVATION
 40
0.0
  9
$PELEVATION
 40
0.0
  9
$THICKNESS
 40
0.0
  9
$LIMCHECK
 70
0
  9
$CHAMFERA
 40
0.0
  9
$CHAMFERB
 40
0.0
  9
$CHAMFERC
 40
0.0
  9
$CHAMFERD
 40
0.0
  9
$SKPOLY
 70
0
  9
$TDCREATE
 40
2461252.3036689814
  9
$TDUCREATE
 40
2458532.153996898
  9
$TDUPDATE
 40
2461252.3036689814
  9
$TDUUPDATE
 40
2458532.1544311
  9
$TDINDWG
 40
0.0
  9
$TDUSRTIMER
 40
0.0
  9
$USRTIMER
 70
1
  9
$ANGBASE
 50
0.0
  9
$ANGDIR
 70
0
  9
$PDMODE
 70
0
  9
$PDSIZE
 40
0.0
  9
$PLINEWID
 40
0.0
  9
$SPLFRAME
 70
0
  9
$SPLINETYPE
 70
6
  9
$SPLINESEGS
 70
8
  9
$HANDSEED
  5
159
  9
$SURFTAB1
 70
6
  9
$SURFTAB2
 70
6
  9
$SURFTYPE
 70
6
  9
$SURFU
 70
6
  9
$SURFV
 70
6
  9
$UCSBASE
  2

  9
$UCSNAME
  2

  9
$UCSORG
 10
0.0
 20
0.0
 30
0.0
  9
$UCSXDIR
 10
1.0
 20
0.0
 30
0.0
  9
$UCSYDIR
 10
0.0
 20
1.0
 30
0.0
  9
$UCSORTHOREF
  2

  9
$UCSORTHOVIEW
 70
0
  9
$UCSORGTOP
 10
0.0
 20
0.0
 30
0.0
  9
$UCSORGBOTTOM
 10
0.0
 20
0.0
 30
0.0
  9
$UCSORGLEFT
 10
0.0
 20
0.0
 30
0.0
  9
$UCSORGRIGHT
 10
0.0
 20
0.0
 30
0.0
  9
$UCSORGFRONT
 10
0.0
 20
0.0
 30
0.0
  9
$UCSORGBACK
 10
0.0
 20
0.0
 30
0.0
  9
$PUCSBASE
  2

  9
$PUCSNAME
  2

  9
$PUCSORG
 10
0.0
 20
0.0
 30
0.0
  9
$PUCSXDIR
 10
1.0
 20
0.0
 30
0.0
  9
$PUCSYDIR
 10
0.0
 20
1.0
 30
0.0
  9
$PUCSORTHOREF
  2

  9
$PUCSORTHOVIEW
 70
0
  9
$PUCSORGTOP
 10
0.0
 20
0.0
 30
0.0
  9
$PUCSORGBOTTOM
 10
0.0
 20
0.0
 30
0.0
  9
$PUCSORGLEFT
 10
0.0
 20
0.0
 30
0.0
  9
$PUCSORGRIGHT
 10
0.0
 20
0.0
 30
0.0
  9
$PUCSORGFRONT
 10
0.0
 20
0.0
 30
0.0
  9
$PUCSORGBACK
 10
0.0
 20
0.0
 30
0.0
  9
$USERI1
 70
0
  9
$USERI2
 70
0
  9
$USERI3
 70
0
  9
$USERI4
 70
0
  9
$USERI5
 70
0
  9
$USERR1
 40
0.0
  9
$USERR2
 40
0.0
  9
$USERR3
 40
0.0
  9
$USERR4
 40
0.0
  9
$USERR5
 40
0.0
  9
$WORLDVIEW
 70
1
  9
$SHADEDGE
 70
3
  9
$SHADEDIF
 70
70
  9
$TILEMODE
 70
1
  9
$MAXACTVP
 70
64
  9
$PINSBASE
 10
0.0
 20
0.0
 30
0.0
  9
$PLIMCHECK
 70
0
  9
$PEXTMIN
 10
1e+20
 20
1e+20
 30
1e+20
  9
$PEXTMAX
 10
-1e+20
 20
-1e+20
 30
-1e+20
  9
$PLIMMIN
 10
0.0
 20
0.0
  9
$PLIMMAX
 10
420.0
 20
297.0
  9
$UNITMODE
 70
0
  9
$VISRETAIN
 70
1
  9
$PLINEGEN
 70
0
  9
$PSLTSCALE
 70
1
  9
$TREEDEPTH
 70
3020
  9
$CMLSTYLE
  2
Standard
  9
$CMLJUST
 70
0
  9
$CMLSCALE
 40
20.0
  9
$PROXYGRAPHICS
 70
1
  9
$MEASUREMENT
 70
1
  9
$CELWEIGHT
370
-1
  9
$ENDCAPS
280
0
  9
$JOINSTYLE
280
0
  9
$LWDISPLAY
290
0
  9
$INSUNITS
 70
4
  9
$HYPERLINKBASE
  1

  9
$STYLESHEET
  1

  9
$XEDIT
290
1
  9
$CEPSNTYPE
380
0
  9
$PSTYLEMODE
290
1
  9
$FINGERPRINTGUID
  2
{16439D70-4646-4A1B-9245-D2B9006F26E0}
  9
$VERSIONGUID
  2
{7E00477E-64D6-4EC8-B237-A2400CB81546}
  9
$EXTNAMES
290
1
  9
$PSVPSCALE
 40
0.0
  9
$OLESTARTUP
290
0
  9
$SORTENTS
280
127
  9
$INDEXCTL
280
0
  9
$HIDETEXT
280
1
  9
$XCLIPFRAME
280
1
  9
$HALOGAP
280
0
  9
$OBSCOLOR
 70
257
  9
$OBSLTYPE
280
0
  9
$INTERSECTIONDISPLAY
280
0
  9
$INTERSECTIONCOLOR
 70
257
  9
$DIMASSOC
280
2
  9
$PROJECTNAME
  1

  9
$CAMERADISPLAY
290
0
  9
$LENSLENGTH
 40
50.0
  9
$CAMERAHEIGHT
 40
0.0
  9
$STEPSPERSEC
 40
24.0
  9
$STEPSIZE
 40
100.0
  9
$3DDWFPREC
 40
2.0
  9
$PSOLWIDTH
 40
0.005
  9
$PSOLHEIGHT
 40
0.08
  9
$LOFTANG1
 40
1.570796326795
  9
$LOFTANG2
 40
1.570796326795
  9
$LOFTMAG1
 40
0.0
  9
$LOFTMAG2
 40
0.0
  9
$LOFTPARAM
 70
7
  9
$LOFTNORMALS
280
1
  9
$LATITUDE
 40
37.795
  9
$LONGITUDE
 40
-122.394
  9
$NORTHDIRECTION
 40
0.0
  9
$TIMEZONE
 70
-8000
  9
$LIGHTGLYPHDISPLAY
280
1
  9
$TILEMODELIGHTSYNCH
280
1
  9
$CMATERIAL
347
20
  9
$SOLIDHIST
280
0
  9
$SHOWHIST
280
1
  9
$DWFFRAME
280
2
  9
$DGNFRAME
280
2
  9
$REALWORLDSCALE
290
1
  9
$INTERFERECOLOR
 62
256
  9
$CSHADOW
280
0
  9
$SHADOWPLANELOCATION
 40
0.0
  0
ENDSEC
  0
SECTION
  2
CLASSES
  0
CLASS
  1
ACDBDICTIONARYWDFLT
  2
AcDbDictionaryWithDefault
  3
ObjectDBX Classes
 90
0
 91
0
280
0
281
0
  0
CLASS
  1
SUN
  2
AcDbSun
  3
SCENEOE
 90
1153
 91
0
280
0
281
0
  0
CLASS
  1
VISUALSTYLE
  2
AcDbVisualStyle
  3
ObjectDBX Classes
 90
4095
 91
0
280
0
281
0
  0
CLASS
  1
MATERIAL
  2
AcDbMaterial
  3
ObjectDBX Classes
 90
1153
 91
0
280
0
281
0
  0
CLASS
  1
SCALE
  2
AcDbScale
  3
ObjectDBX Classes
 90
1153
 91
0
280
0
281
0
  0
CLASS
  1
TABLESTYLE
  2
AcDbTableStyle
  3
ObjectDBX Classes
 90
4095
 91
0
280
0
281
0
  0
CLASS
  1
MLEADERSTYLE
  2
AcDbMLeaderStyle
  3
ACDB_MLEADERSTYLE_CLASS
 90
4095
 91
0
280
0
281
0
  0
CLASS
  1
DICTIONARYVAR
  2
AcDbDictionaryVar
  3
ObjectDBX Classes
 90
0
 91
0
280
0
281
0
  0
CLASS
  1
CELLSTYLEMAP
  2
AcDbCellStyleMap
  3
ObjectDBX Classes
 90
1152
 91
0
280
0
281
0
  0
CLASS
  1
MENTALRAYRENDERSETTINGS
  2
AcDbMentalRayRenderSettings
  3
SCENEOE
 90
1024
 91
0
280
0
281
0
  0
CLASS
  1
ACDBDETAILVIEWSTYLE
  2
AcDbDetailViewStyle
  3
ObjectDBX Classes
 90
1025
 91
0
280
0
281
0
  0
CLASS
  1
ACDBSECTIONVIEWSTYLE
  2
AcDbSectionViewStyle
  3
ObjectDBX Classes
 90
1025
 91
0
280
0
281
0
  0
CLASS
  1
RASTERVARIABLES
  2
AcDbRasterVariables
  3
ISM
 90
0
 91
0
280
0
281
0
  0
CLASS
  1
LAYOUT
  2
AcDbLayout
  3
ObjectDBX Classes
 90
0
 91
0
280
0
281
0
  0
CLASS
  1
ACDBPLACEHOLDER
  2
AcDbPlaceHolder
  3
ObjectDBX Classes
 90
0
 91
0
280
0
281
0
  0
ENDSEC
  0
SECTION
  2
TABLES
  0
TABLE
  2
VPORT
  5
8
330
0
100
AcDbSymbolTable
 70
1
  0
VPORT
  5
23
330
8
100
AcDbSymbolTableRecord
100
AcDbViewportTableRecord
  2
*Active
 70
0
 10
0.0
 20
0.0
 11
1.0
 21
1.0
 12
0.0
 22
0.0
 13
0.0
 23
0.0
 14
0.5
 24
0.5
 15
0.5
 25
0.5
 16
0.0
 26
0.0
 36
1.0
 17
0.0
 27
0.0
 37
0.0
 40
1000.0
 41
1.34
 42
50.0
 43
0.0
 44
0.0
 50
0.0
 51
0.0
 71
0
 72
1000
 73
1
 74
3
 75
0
 76
0
 77
0
 78
0
281
0
 65
0
146
0.0
  0
ENDTAB
  0
TABLE
  2
LTYPE
  5
2
330
0
100
AcDbSymbolTable
 70
21
  0
LTYPE
  5
24
330
2
100
AcDbSymbolTableRecord
100
AcDbLinetypeTableRecord
  2
ByBlock
 70
0
  3

 72
65
 73
0
 40
0.0
  0
LTYPE
  5
25
330
2
100
AcDbSymbolTableRecord
100
AcDbLinetypeTableRecord
  2
ByLayer
 70
0
  3

 72
65
 73
0
 40
0.0
  0
LTYPE
  5
26
330
2
100
AcDbSymbolTableRecord
100
AcDbLinetypeTableRecord
  2
Continuous
 70
0
  3

 72
65
 73
0
 40
0.0
  0
LTYPE
  5
2F
330
2
100
AcDbSymbolTableRecord
100
AcDbLinetypeTableRecord
  2
CENTER
 70
0
  3
Center ____ _ ____ _ ____ _ ____ _ ____ _ ____
 72
65
 73
4
 40
5.08
 49
3.175
 74
0
 49
-0.635
 74
0
 49
0.635
 74
0
 49
-0.635
 74
0
  0
LTYPE
  5
30
330
2
100
AcDbSymbolTableRecord
100
AcDbLinetypeTableRecord
  2
CENTERX2
 70
0
  3
Center (2x) ________  __  ________  __  ________
 72
65
 73
4
 40
8.89
 49
6.35
 74
0
 49
-0.635
 74
0
 49
1.27
 74
0
 49
-0.635
 74
0
  0
LTYPE
  5
31
330
2
100
AcDbSymbolTableRecord
100
AcDbLinetypeTableRecord
  2
CENTER2
 70
0
  3
Center (.5x) ____ _ ____ _ ____ _ ____ _ ____
 72
65
 73
4
 40
2.54
 49
1.587
 74
0
 49
-0.318
 74
0
 49
0.318
 74
0
 49
-0.318
 74
0
  0
LTYPE
  5
32
330
2
100
AcDbSymbolTableRecord
100
AcDbLinetypeTableRecord
  2
DASHED
 70
0
  3
Dashed __ __ __ __ __ __ __ __ __ __ __ __ __ _
 72
65
 73
2
 40
1.524
 49
1.27
 74
0
 49
-0.254
 74
0
  0
LTYPE
  5
33
330
2
100
AcDbSymbolTableRecord
100
AcDbLinetypeTableRecord
  2
DASHEDX2
 70
0
  3
Dashed (2x) ____  ____  ____  ____  ____  ____
 72
65
 73
2
 40
3.048
 49
2.54
 74
0
 49
-0.508
 74
0
  0
LTYPE
  5
34
330
2
100
AcDbSymbolTableRecord
100
AcDbLinetypeTableRecord
  2
DASHED2
 70
0
  3
Dashed (.5x) _ _ _ _ _ _ _ _ _ _ _ _ _ _
 72
65
 73
2
 40
0.762
 49
0.635
 74
0
 49
-0.127
 74
0
  0
LTYPE
  5
35
330
2
100
AcDbSymbolTableRecord
100
AcDbLinetypeTableRecord
  2
PHANTOM
 70
0
  3
Phantom ______  __  __  ______  __  __  ______
 72
65
 73
6
 40
6.35
 49
3.175
 74
0
 49
-0.635
 74
0
 49
0.635
 74
0
 49
-0.635
 74
0
 49
0.635
 74
0
 49
-0.635
 74
0
  0
LTYPE
  5
36
330
2
100
AcDbSymbolTableRecord
100
AcDbLinetypeTableRecord
  2
PHANTOMX2
 70
0
  3
Phantom (2x)____________    ____    ____    ____________
 72
65
 73
6
 40
10.795
 49
6.35
 74
0
 49
-0.635
 74
0
 49
1.27
 74
0
 49
-0.635
 74
0
 49
1.27
 74
0
 49
-0.635
 74
0
  0
LTYPE
  5
37
330
2
100
AcDbSymbolTableRecord
100
AcDbLinetypeTableRecord
  2
PHANTOM2
 70
0
  3
Phantom (.5x) ___ _ _ ___ _ _ ___ _ _ ___ _ _ ___
 72
65
 73
6
 40
3.175
 49
1.587
 74
0
 49
-0.318
 74
0
 49
0.318
 74
0
 49
-0.318
 74
0
 49
0.318
 74
0
 49
-0.318
 74
0
  0
LTYPE
  5
38
330
2
100
AcDbSymbolTableRecord
100
AcDbLinetypeTableRecord
  2
DASHDOT
 70
0
  3
Dash dot __ . __ . __ . __ . __ . __ . __ . __
 72
65
 73
4
 40
3.556
 49
2.54
 74
0
 49
-0.508
 74
0
 49
0.0
 74
0
 49
-0.508
 74
0
  0
LTYPE
  5
39
330
2
100
AcDbSymbolTableRecord
100
AcDbLinetypeTableRecord
  2
DASHDOTX2
 70
0
  3
Dash dot (2x) ____  .  ____  .  ____  .  ____
 72
65
 73
4
 40
6.096
 49
5.08
 74
0
 49
-0.508
 74
0
 49
0.0
 74
0
 49
-0.508
 74
0
  0
LTYPE
  5
3A
330
2
100
AcDbSymbolTableRecord
100
AcDbLinetypeTableRecord
  2
DASHDOT2
 70
0
  3
Dash dot (.5x) _ . _ . _ . _ . _ . _ . _ . _
 72
65
 73
4
 40
1.778
 49
1.27
 74
0
 49
-0.254
 74
0
 49
0.0
 74
0
 49
-0.254
 74
0
  0
LTYPE
  5
3B
330
2
100
AcDbSymbolTableRecord
100
AcDbLinetypeTableRecord
  2
DOT
 70
0
  3
Dot .  .  .  .  .  .  .  .  .  .  .  .  .  .  .  .
 72
65
 73
2
 40
0.508
 49
0.0
 74
0
 49
-0.508
 74
0
  0
LTYPE
  5
3C
330
2
100
AcDbSymbolTableRecord
100
AcDbLinetypeTableRecord
  2
DOTX2
 70
0
  3
Dot (2x) .    .    .    .    .    .    .    . 
 72
65
 73
2
 40
1.016
 49
0.0
 74
0
 49
-1.016
 74
0
  0
LTYPE
  5
3D
330
2
100
AcDbSymbolTableRecord
100
AcDbLinetypeTableRecord
  2
DOT2
 70
0
  3
Dot (.5) . . . . . . . . . . . . . . . . . . . 
 72
65
 73
2
 40
0.254
 49
0.0
 74
0
 49
-0.254
 74
0
  0
LTYPE
  5
3E
330
2
100
AcDbSymbolTableRecord
100
AcDbLinetypeTableRecord
  2
DIVIDE
 70
0
  3
Divide __ . . __ . . __ . . __ . . __ . . __
 72
65
 73
6
 40
4.064
 49
2.54
 74
0
 49
-0.508
 74
0
 49
0.0
 74
0
 49
-0.508
 74
0
 49
0.0
 74
0
 49
-0.508
 74
0
  0
LTYPE
  5
3F
330
2
100
AcDbSymbolTableRecord
100
AcDbLinetypeTableRecord
  2
DIVIDEX2
 70
0
  3
Divide (2x) ____  . .  ____  . .  ____  . .  ____
 72
65
 73
6
 40
6.604
 49
5.08
 74
0
 49
-0.508
 74
0
 49
0.0
 74
0
 49
-0.508
 74
0
 49
0.0
 74
0
 49
-0.508
 74
0
  0
LTYPE
  5
40
330
2
100
AcDbSymbolTableRecord
100
AcDbLinetypeTableRecord
  2
DIVIDE2
 70
0
  3
Divide(.5x) _ . _ . _ . _ . _ . _ . _ . _
 72
65
 73
6
 40
2.032
 49
1.27
 74
0
 49
-0.254
 74
0
 49
0.0
 74
0
 49
-0.254
 74
0
 49
0.0
 74
0
 49
-0.254
 74
0
  0
ENDTAB
  0
TABLE
  2
LAYER
  5
1
330
0
100
AcDbSymbolTable
 70
2
  0
LAYER
  5
27
330
1
100
AcDbSymbolTableRecord
100
AcDbLayerTableRecord
  2
0
 70
0
 62
7
  6
Continuous
370
-3
390
13
347
21
  0
LAYER
  5
28
330
1
100
AcDbSymbolTableRecord
100
AcDbLayerTableRecord
  2
Defpoints
 70
0
 62
7
  6
Continuous
290
0
370
-3
390
13
347
21
  0
ENDTAB
  0
TABLE
  2
STYLE
  5
5
330
0
100
AcDbSymbolTable
 70
26
  0
STYLE
  5
29
330
5
100
AcDbSymbolTableRecord
100
AcDbTextStyleTableRecord
  2
Standard
 70
0
 40
0.0
 41
1.0
 50
0.0
 71
0
 42
2.5
  3
txt
  4

  0
STYLE
  5
41
330
5
100
AcDbSymbolTableRecord
100
AcDbTextStyleTableRecord
  2
OpenSans-Light
 70
0
 40
0.0
 41
1.0
 50
0.0
 71
0
 42
2.5
  3
OpenSans-Light.ttf
  4

  0
STYLE
  5
42
330
5
100
AcDbSymbolTableRecord
100
AcDbTextStyleTableRecord
  2
OpenSans-Light-Italic
 70
0
 40
0.0
 41
1.0
 50
0.0
 71
0
 42
2.5
  3
OpenSans-LightItalic.ttf
  4

  0
STYLE
  5
43
330
5
100
AcDbSymbolTableRecord
100
AcDbTextStyleTableRecord
  2
OpenSans
 70
0
 40
0.0
 41
1.0
 50
0.0
 71
0
 42
2.5
  3
OpenSans-Regular.ttf
  4

  0
STYLE
  5
44
330
5
100
AcDbSymbolTableRecord
100
AcDbTextStyleTableRecord
  2
OpenSans-Italic
 70
0
 40
0.0
 41
1.0
 50
0.0
 71
0
 42
2.5
  3
OpenSans-Italic.ttf
  4

  0
STYLE
  5
45
330
5
100
AcDbSymbolTableRecord
100
AcDbTextStyleTableRecord
  2
OpenSans-SemiBold
 70
0
 40
0.0
 41
1.0
 50
0.0
 71
0
 42
2.5
  3
OpenSans-SemiBold.ttf
  4

  0
STYLE
  5
46
330
5
100
AcDbSymbolTableRecord
100
AcDbTextStyleTableRecord
  2
OpenSans-SemiBoldItalic
 70
0
 40
0.0
 41
1.0
 50
0.0
 71
0
 42
2.5
  3
OpenSans-SemiBoldItalic.ttf
  4

  0
STYLE
  5
47
330
5
100
AcDbSymbolTableRecord
100
AcDbTextStyleTableRecord
  2
OpenSans-Bold
 70
0
 40
0.0
 41
1.0
 50
0.0
 71
0
 42
2.5
  3
OpenSans-Bold.ttf
  4

  0
STYLE
  5
48
330
5
100
AcDbSymbolTableRecord
100
AcDbTextStyleTableRecord
  2
OpenSans-BoldItalic
 70
0
 40
0.0
 41
1.0
 50
0.0
 71
0
 42
2.5
  3
OpenSans-BoldItalic.ttf
  4

  0
STYLE
  5
49
330
5
100
AcDbSymbolTableRecord
100
AcDbTextStyleTableRecord
  2
OpenSans-ExtraBold
 70
0
 40
0.0
 41
1.0
 50
0.0
 71
0
 42
2.5
  3
OpenSans-ExtraBold.ttf
  4

  0
STYLE
  5
4A
330
5
100
AcDbSymbolTableRecord
100
AcDbTextStyleTableRecord
  2
OpenSans-ExtraBoldItalic
 70
0
 40
0.0
 41
1.0
 50
0.0
 71
0
 42
2.5
  3
OpenSans-ExtraBoldItalic.ttf
  4

  0
STYLE
  5
4B
330
5
100
AcDbSymbolTableRecord
100
AcDbTextStyleTableRecord
  2
OpenSansCondensed-Bold
 70
0
 40
0.0
 41
1.0
 50
0.0
 71
0
 42
2.5
  3
OpenSansCondensed-Bold.ttf
  4

  0
STYLE
  5
4C
330
5
100
AcDbSymbolTableRecord
100
AcDbTextStyleTableRecord
  2
OpenSansCondensed-Light
 70
0
 40
0.0
 41
1.0
 50
0.0
 71
0
 42
2.5
  3
OpenSansCondensed-Light.ttf
  4

  0
STYLE
  5
4D
330
5
100
AcDbSymbolTableRecord
100
AcDbTextStyleTableRecord
  2
OpenSansCondensed-Italic
 70
0
 40
0.0
 41
1.0
 50
0.0
 71
0
 42
2.5
  3
OpenSansCondensed-LightItalic.ttf
  4

  0
STYLE
  5
4E
330
5
100
AcDbSymbolTableRecord
100
AcDbTextStyleTableRecord
  2
LiberationSans
 70
0
 40
0.0
 41
1.0
 50
0.0
 71
0
 42
2.5
  3
LiberationSans-Regular.ttf
  4

  0
STYLE
  5
4F
330
5
100
AcDbSymbolTableRecord
100
AcDbTextStyleTableRecord
  2
LiberationSans-Bold
 70
0
 40
0.0
 41
1.0
 50
0.0
 71
0
 42
2.5
  3
LiberationSans-Bold.ttf
  4

  0
STYLE
  5
50
330
5
100
AcDbSymbolTableRecord
100
AcDbTextStyleTableRecord
  2
LiberationSans-BoldItalic
 70
0
 40
0.0
 41
1.0
 50
0.0
 71
0
 42
2.5
  3
LiberationSans-BoldItalic.ttf
  4

  0
STYLE
  5
51
330
5
100
AcDbSymbolTableRecord
100
AcDbTextStyleTableRecord
  2
LiberationSans-Italic
 70
0
 40
0.0
 41
1.0
 50
0.0
 71
0
 42
2.5
  3
LiberationSans-Italic.ttf
  4

  0
STYLE
  5
52
330
5
100
AcDbSymbolTableRecord
100
AcDbTextStyleTableRecord
  2
LiberationSerif
 70
0
 40
0.0
 41
1.0
 50
0.0
 71
0
 42
2.5
  3
LiberationSerif-Regular.ttf
  4

  0
STYLE
  5
53
330
5
100
AcDbSymbolTableRecord
100
AcDbTextStyleTableRecord
  2
LiberationSerif-Bold
 70
0
 40
0.0
 41
1.0
 50
0.0
 71
0
 42
2.5
  3
LiberationSerif-Bold.ttf
  4

  0
STYLE
  5
54
330
5
100
AcDbSymbolTableRecord
100
AcDbTextStyleTableRecord
  2
LiberationSerif-BoldItalic
 70
0
 40
0.0
 41
1.0
 50
0.0
 71
0
 42
2.5
  3
LiberationSerif-BoldItalic.ttf
  4

  0
STYLE
  5
55
330
5
100
AcDbSymbolTableRecord
100
AcDbTextStyleTableRecord
  2
LiberationSerif-Italic
 70
0
 40
0.0
 41
1.0
 50
0.0
 71
0
 42
2.5
  3
LiberationSerif-Italic.ttf
  4

  0
STYLE
  5
56
330
5
100
AcDbSymbolTableRecord
100
AcDbTextStyleTableRecord
  2
LiberationMono
 70
0
 40
0.0
 41
1.0
 50
0.0
 71
0
 42
2.5
  3
LiberationMono-Regular.ttf
  4

  0
STYLE
  5
57
330
5
100
AcDbSymbolTableRecord
100
AcDbTextStyleTableRecord
  2
LiberationMono-Bold
 70
0
 40
0.0
 41
1.0
 50
0.0
 71
0
 42
2.5
  3
LiberationMono-Bold.ttf
  4

  0
STYLE
  5
58
330
5
100
AcDbSymbolTableRecord
100
AcDbTextStyleTableRecord
  2
LiberationMono-BoldItalic
 70
0
 40
0.0
 41
1.0
 50
0.0
 71
0
 42
2.5
  3
LiberationMono-BoldItalic.ttf
  4

  0
STYLE
  5
59
330
5
100
AcDbSymbolTableRecord
100
AcDbTextStyleTableRecord
  2
LiberationMono-Italic
 70
0
 40
0.0
 41
1.0
 50
0.0
 71
0
 42
2.5
  3
LiberationMono-Italic.ttf
  4

  0
ENDTAB
  0
TABLE
  2
VIEW
  5
7
330
0
100
AcDbSymbolTable
 70
0
  0
ENDTAB
  0
TABLE
  2
UCS
  5
6
330
0
100
AcDbSymbolTable
 70
0
  0
ENDTAB
  0
TABLE
  2
APPID
  5
3
330
0
100
AcDbSymbolTable
 70
3
  0
APPID
  5
2A
330
3
100
AcDbSymbolTableRecord
100
AcDbRegAppTableRecord
  2
ACAD
 70
0
  0
APPID
  5
156
330
3
100
AcDbSymbolTableRecord
100
AcDbRegAppTableRecord
  2
HATCHBACKGROUNDCOLOR
 70
0
  0
APPID
  5
157
330
3
100
AcDbSymbolTableRecord
100
AcDbRegAppTableRecord
  2
EZDXF
 70
0
  0
ENDTAB
  0
TABLE
  2
DIMSTYLE
  5
4
330
0
100
AcDbSymbolTable
 70
12
100
AcDbDimStyleTable
  0
DIMSTYLE
105
2B
330
4
100
AcDbSymbolTableRecord
100
AcDbDimStyleTableRecord
  2
Standard
 70
0
 40
1.0
 41
2.5
 42
0.625
 43
3.75
 44
1.25
 45
0.0
 46
0.0
 47
0.0
 48
0.0
 49
2.5
140
2.5
141
2.5
142
0.0
143
0.03937007874
144
1.0
145
0.0
146
1.0
147
0.625
148
0.0
 69
0
 70
0
 71
0
 72
0
 73
0
 74
0
 75
0
 76
0
 77
1
 78
8
 79
3
170
0
171
3
172
1
173
0
174
0
175
0
176
0
177
0
178
0
179
2
271
2
272
2
273
2
274
3
275
0
276
0
277
2
278
44
279
0
280
0
281
0
282
0
283
0
284
8
285
0
286
0
288
0
289
3
290
0
371
-2
372
-2
  0
DIMSTYLE
105
73
330
4
100
AcDbSymbolTableRecord
100
AcDbDimStyleTableRecord
  2
EZDXF
 70
0
 40
1.0
 41
0.175
 42
0.125
 43
3.75
 44
0.375
 45
0.0
 46
0.0
 47
0.0
 48
0.0
 49
2.5
140
0.25
141
2.5
142
0.0
143
0.03937007874
144
100.0
145
0.0
146
0.5
147
0.1
148
0.0
 69
0
 70
0
 71
0
 72
0
 73
0
 74
0
 75
0
 76
0
 77
1
 78
12
 79
3
170
0
171
3
172
1
173
0
174
0
175
0
176
0
177
0
178
0
179
2
271
2
272
2
273
2
274
3
275
0
276
0
277
2
278
46
279
2
280
0
281
0
282
0
283
0
284
8
285
0
286
0
288
1
289
3
290
0
340
4C
342
74
371
-2
372
-2
  0
DIMSTYLE
105
7C
330
4
100
AcDbSymbolTableRecord
100
AcDbDimStyleTableRecord
  2
EZ_M_100_H25_CM
 70
0
 40
1.0
 41
0.25
 42
0.125
 43
3.75
 44
0.375
 45
0.0
 46
0.0
 47
0.0
 48
0.0
 49
2.5
140
0.25
141
2.5
142
0.125
143
0.03937007874
144
100.0
145
0.0
146
0.5
147
0.1
148
0.0
 69
0
 70
0
 71
0
 72
0
 73
0
 74
0
 75
0
 76
0
 77
1
 78
12
 79
3
170
0
171
3
172
1
173
0
174
0
175
0
176
0
177
0
178
0
179
2
271
2
272
2
273
2
274
3
275
0
276
0
277
2
278
46
279
2
280
0
281
0
282
0
283
0
284
8
285
0
286
0
288
1
289
3
290
0
340
4C
371
-2
372
-2
  0
DIMSTYLE
105
7D
330
4
100
AcDbSymbolTableRecord
100
AcDbDimStyleTableRecord
  2
EZ_M_50_H25_CM
 70
0
 40
1.0
 41
0.125
 42
0.0625
 43
3.75
 44
0.1875
 45
0.0
 46
0.0
 47
0.0
 48
0.0
 49
2.5
140
0.125
141
2.5
142
0.0625
143
0.03937007874
144
100.0
145
0.0
146
0.5
147
0.05
148
0.0
 69
0
 70
0
 71
0
 72
0
 73
0
 74
0
 75
0
 76
0
 77
1
 78
12
 79
3
170
0
171
3
172
1
173
0
174
0
175
0
176
0
177
0
178
0
179
2
271
2
272
2
273
2
274
3
275
0
276
0
277
2
278
46
279
2
280
0
281
0
282
0
283
0
284
8
285
0
286
0
288
1
289
3
290
0
340
4C
371
-2
372
-2
  0
DIMSTYLE
105
7E
330
4
100
AcDbSymbolTableRecord
100
AcDbDimStyleTableRecord
  2
EZ_M_25_H25_CM
 70
0
 40
1.0
 41
0.0625
 42
0.03125
 43
3.75
 44
0.09375
 45
0.0
 46
0.0
 47
0.0
 48
0.0
 49
2.5
140
0.0625
141
2.5
142
0.03125
143
0.03937007874
144
100.0
145
0.0
146
0.5
147
0.025
148
0.0
 69
0
 70
0
 71
0
 72
0
 73
0
 74
0
 75
0
 76
0
 77
1
 78
12
 79
3
170
0
171
3
172
1
173
0
174
0
175
0
176
0
177
0
178
0
179
2
271
2
272
2
273
2
274
3
275
0
276
0
277
2
278
46
279
2
280
0
281
0
282
0
283
0
284
8
285
0
286
0
288
1
289
3
290
0
340
4C
371
-2
372
-2
  0
DIMSTYLE
105
7F
330
4
100
AcDbSymbolTableRecord
100
AcDbDimStyleTableRecord
  2
EZ_M_20_H25_CM
 70
0
 40
1.0
 41
0.05
 42
0.025
 43
3.75
 44
0.07500000000000001
 45
0.0
 46
0.0
 47
0.0
 48
0.0
 49
2.5
140
0.05
141
2.5
142
0.025
143
0.03937007874
144
100.0
145
0.0
146
0.5
147
0.020000000000000004
148
0.0
 69
0
 70
0
 71
0
 72
0
 73
0
 74
0
 75
0
 76
0
 77
1
 78
12
 79
3
170
0
171
3
172
1
173
0
174
0
175
0
176
0
177
0
178
0
179
2
271
2
272
2
273
2
274
3
275
0
276
0
277
2
278
46
279
2
280
0
281
0
282
0
283
0
284
8
285
0
286
0
288
1
289
3
290
0
340
4C
371
-2
372
-2
  0
DIMSTYLE
105
80
330
4
100
AcDbSymbolTableRecord
100
AcDbDimStyleTableRecord
  2
EZ_M_10_H25_CM
 70
0
 40
1.0
 41
0.025
 42
0.0125
 43
3.75
 44
0.037500000000000006
 45
0.0
 46
0.0
 47
0.0
 48
0.0
 49
2.5
140
0.025
141
2.5
142
0.0125
143
0.03937007874
144
100.0
145
0.0
146
0.5
147
0.010000000000000002
148
0.0
 69
0
 70
0
 71
0
 72
0
 73
0
 74
0
 75
0
 76
0
 77
1
 78
12
 79
3
170
0
171
3
172
1
173
0
174
0
175
0
176
0
177
0
178
0
179
2
271
2
272
2
273
2
274
3
275
0
276
0
277
2
278
46
279
2
280
0
281
0
282
0
283
0
284
8
285
0
286
0
288
1
289
3
290
0
340
4C
371
-2
372
-2
  0
DIMSTYLE
105
81
330
4
100
AcDbSymbolTableRecord
100
AcDbDimStyleTableRecord
  2
EZ_M_5_H25_CM
 70
0
 40
1.0
 41
0.0125
 42
0.00625
 43
3.75
 44
0.018750000000000003
 45
0.0
 46
0.0
 47
0.0
 48
0.0
 49
2.5
140
0.0125
141
2.5
142
0.00625
143
0.03937007874
144
100.0
145
0.0
146
0.5
147
0.005000000000000001
148
0.0
 69
0
 70
0
 71
0
 72
0
 73
0
 74
0
 75
0
 76
0
 77
1
 78
12
 79
3
170
0
171
3
172
1
173
0
174
0
175
0
176
0
177
0
178
0
179
2
271
2
272
2
273
2
274
3
275
0
276
0
277
2
278
46
279
2
280
0
281
0
282
0
283
0
284
8
285
0
286
0
288
1
289
3
290
0
340
4C
371
-2
372
-2
  0
DIMSTYLE
105
82
330
4
100
AcDbSymbolTableRecord
100
AcDbDimStyleTableRecord
  2
EZ_M_1_H25_CM
 70
0
 40
1.0
 41
0.0025
 42
0.00125
 43
3.75
 44
0.00375
 45
0.0
 46
0.0
 47
0.0
 48
0.0
 49
2.5
140
0.0025
141
2.5
142
0.00125
143
0.03937007874
144
100.0
145
0.0
146
0.5
147
0.001
148
0.0
 69
0
 70
0
 71
0
 72
0
 73
0
 74
0
 75
0
 76
0
 77
1
 78
12
 79
3
170
0
171
3
172
1
173
0
174
0
175
0
176
0
177
0
178
0
179
2
271
2
272
2
273
2
274
3
275
0
276
0
277
2
278
46
279
2
280
0
281
0
282
0
283
0
284
8
285
0
286
0
288
1
289
3
290
0
340
4C
371
-2
372
-2
  0
DIMSTYLE
105
83
330
4
100
AcDbSymbolTableRecord
100
AcDbDimStyleTableRecord
  2
EZ_RADIUS
 70
0
 40
1.0
 41
0.25
 42
0.125
 43
3.75
 44
0.375
 45
0.0
 46
0.0
 47
0.0
 48
0.0
 49
2.5
140
0.25
141
0.0
142
0.0
143
0.03937007874
144
100.0
145
0.0
146
0.5
147
0.1
148
0.0
 69
0
 70
0
 71
0
 72
0
 73
0
 74
0
 75
0
 76
0
 77
1
 78
12
 79
3
170
0
171
3
172
0
173
0
174
0
175
0
176
0
177
0
178
0
179
2
271
2
272
2
273
2
274
3
275
0
276
0
277
2
278
46
279
1
280
0
281
0
282
0
283
0
284
8
285
0
286
0
288
1
289
3
290
0
340
4C
342
84
371
-2
372
-2
  0
DIMSTYLE
105
88
330
4
100
AcDbSymbolTableRecord
100
AcDbDimStyleTableRecord
  2
EZ_RADIUS_INSIDE
 70
0
 40
1.0
 41
0.25
 42
0.125
 43
3.75
 44
0.375
 45
0.0
 46
0.0
 47
0.0
 48
0.0
 49
2.5
140
0.25
141
0.0
142
0.0
143
0.03937007874
144
100.0
145
0.0
146
0.5
147
0.1
148
0.0
 69
0
 70
0
 71
0
 72
0
 73
0
 74
0
 75
0
 76
0
 77
0
 78
12
 79
3
170
0
171
3
172
0
173
0
174
1
175
0
176
0
177
0
178
0
179
2
271
2
272
2
273
2
274
3
275
0
276
0
277
2
278
46
279
0
280
0
281
0
282
0
283
0
284
8
285
0
286
0
288
1
289
0
290
0
340
4C
342
84
371
-2
372
-2
  0
DIMSTYLE
105
89
330
4
100
AcDbSymbolTableRecord
100
AcDbDimStyleTableRecord
  2
EZ_CURVED
 70
0
 40
1.0
 41
0.25
 42
0.125
 43
3.75
 44
0.375
 45
0.0
 46
0.0
 47
0.0
 48
0.0
 49
2.5
140
0.25
141
2.5
142
0.0
143
0.03937007874
144
100.0
145
0.0
146
0.5
147
0.1
148
0.0
 69
0
 70
0
 71
0
 72
0
 73
0
 74
0
 75
0
 76
0
 77
1
 78
12
 79
2
 90
2
170
0
171
3
172
1
173
0
174
0
175
0
176
0
177
0
178
0
179
2
271
2
272
2
273
2
274
3
275
0
276
0
277
2
278
46
279
2
280
0
281
0
282
0
283
0
284
8
285
0
286
0
288
1
289
3
290
0
340
4C
371
-2
372
-2
  0
ENDTAB
  0
TABLE
  2
BLOCK_RECORD
  5
9
330
0
100
AcDbSymbolTable
 70
5
  0
BLOCK_RECORD
  5
17
330
9
100
AcDbSymbolTableRecord
100
AcDbBlockTableRecord
  2
*Model_Space
340
1A
 70
0
280
1
281
0
  0
BLOCK_RECORD
  5
1B
330
9
100
AcDbSymbolTableRecord
100
AcDbBlockTableRecord
  2
*Paper_Space
340
1E
 70
0
280
1
281
0
  0
BLOCK_RECORD
  5
74
330
9
100
AcDbSymbolTableRecord
100
AcDbBlockTableRecord
  2
_ARCHTICK
340
0
 70
0
280
1
281
0
  0
BLOCK_RECORD
  5
78
330
9
100
AcDbSymbolTableRecord
100
AcDbBlockTableRecord
  2
_CLOSEDFILLED
340
0
 70
0
280
1
281
0
  0
BLOCK_RECORD
  5
84
330
9
100
AcDbSymbolTableRecord
100
AcDbBlockTableRecord
  2
_CLOSEDBLANK
340
0
 70
0
280
1
281
0
  0
ENDTAB
  0
ENDSEC
  0
SECTION
  2
BLOCKS
  0
BLOCK
  5
18
330
17
100
AcDbEntity
  8
0
100
AcDbBlockBegin
  2
*Model_Space
 70
0
 10
0.0
 20
0.0
 30
0.0
  3
*Model_Space
  1

  0
ENDBLK
  5
19
330
17
100
AcDbEntity
  8
0
100
AcDbBlockEnd
  0
BLOCK
  5
1C
330
1B
100
AcDbEntity
  8
0
100
AcDbBlockBegin
  2
*Paper_Space
 70
0
 10
0.0
 20
0.0
 30
0.0
  3
*Paper_Space
  1

  0
ENDBLK
  5
1D
330
1B
100
AcDbEntity
  8
0
100
AcDbBlockEnd
  0
BLOCK
  5
75
330
74
100
AcDbEntity
  8
0
100
AcDbBlockBegin
  2
_ARCHTICK
 70
0
 10
0.0
 20
0.0
 30
0.0
  3
_ARCHTICK
  1

  0
LWPOLYLINE
  5
77
330
74
100
AcDbEntity
  8
0
  6
BYBLOCK
 62
0
100
AcDbPolyline
 90
2
 70
0
 43
0.15
 10
-0.5
 20
-0.5
 10
0.5
 20
0.5
  0
ENDBLK
  5
76
330
74
100
AcDbEntity
  8
0
100
AcDbBlockEnd
  0
BLOCK
  5
79
330
78
100
AcDbEntity
  8
0
100
AcDbBlockBegin
  2
_CLOSEDFILLED
 70
0
 10
0.0
 20
0.0
 30
0.0
  3
_CLOSEDFILLED
  1

  0
SOLID
  5
7B
330
78
100
AcDbEntity
  8
0
  6
BYBLOCK
 62
0
100
AcDbTrace
 10
-1.0
 20
0.16439898372402537
 30
0.0
 11
0.0
 21
0.0
 31
0.0
 12
-1.0
 22
-0.16439898372402537
 32
0.0
 13
-1.0
 23
-0.16439898372402537
 33
0.0
  0
ENDBLK
  5
7A
330
78
100
AcDbEntity
  8
0
100
AcDbBlockEnd
  0
BLOCK
  5
85
330
84
100
AcDbEntity
  8
0
100
AcDbBlockBegin
  2
_CLOSEDBLANK
 70
0
 10
0.0
 20
0.0
 30
0.0
  3
_CLOSEDBLANK
  1

  0
LWPOLYLINE
  5
87
330
84
100
AcDbEntity
  8
0
  6
BYBLOCK
 62
0
100
AcDbPolyline
 90
3
 70
1
 10
-1.0
 20
0.16439898372402537
 10
0.0
 20
0.0
 10
-1.0
 20
-0.16439898372402537
  0
ENDBLK
  5
86
330
84
100
AcDbEntity
  8
0
100
AcDbBlockEnd
  0
ENDSEC
  0
SECTION
  2
ENTITIES
  0
LWPOLYLINE
  5
8A
330
17
100
AcDbEntity
  8
0
100
AcDbPolyline
 90
19
 70
1
 10
1835.185307
 20
52.94184599999999
 10
1834.605738534419
 20
52.494696202401606
 10
1831.6984988031813
 20
49.92609277193149
 10
1830.2019309936175
 20
47.708071785415
 10
1830.3049247605588
 20
46.913957730482004
 10
1830.942428
 20
46.28753900000003
 10
1833.5477706502343
 20
45.713540318336406
 10
1847.6224040827308
 20
45.6662619918273
 10
1857.876418
 20
46.337871000000035
 10
1865.7034048036649
 20
48.56872568258251
 10
1866.9889638693603
 20
49.25279348259683
 10
1868.1896129047466
 20
50.73833783236797
 10
1868.7141064227426
 20
52.92686860407251
 10
1868.970537
 20
62.668136999999845
 10
1868.7588435649375
 20
72.14360014531248
 10
1868.0636018159307
 20
73.95832470994223
 10
1866.9957587919068
 20
74.52586203473268
 10
1863.3292829424677
 20
73.3915199585306
 10
1858.4900845111952
 20
70.3375310123844
  0
LWPOLYLINE
  5
8B
330
17
100
AcDbEntity
  8
0
100
AcDbPolyline
 90
19
 70
1
 10
1547.956123
 20
55.44735299999978
 10
1547.8677064820838
 20
52.35225695114495
 10
1547.8239124043541
 20
42.11581969328
 10
1548.5895034595103
 20
41.16255183348891
 10
1550.3018766416712
 20
41.28916782190678
 10
1551.183385
 20
41.94757499999999
 10
1551.754761704727
 20
43.52627755838648
 10
1552.1927733166942
 20
53.97344216051533
 10
1553.297983270119
 20
66.8642896296877
 10
1555.2315860000003
 20
84.94136899999995
 10
1556.813087
 20
95.542454
 10
1556.6433355150034
 20
96.50434278915391
 10
1556.1840374573082
 20
96.90131816040176
 10
1554.2651361364221
 20
96.55750933537288
 10
1552.822031432073
 20
94.70753886238234
 10
1552.050465824312
 20
92.1875805728765
 10
1550.244948
 20
75.04883000000008
 10
1549.6295791578523
 20
71.41101914525247
 10
1548.4859278456145
 20
68.21902989100407
  0
LWPOLYLINE
  5
8C
330
17
100
AcDbEntity
  8
0
100
AcDbPolyline
 90
22
 70
1
 10
634.4341709999935
 20
75.00879200001145
 10
622.0948582819153
 20
99.6675104832508
 10
617.7004860000001
 20
107.182932
 10
615.8253809999999
 20
109.24999999999999
 10
613.3084049999999
 20
110.8902559999999
 10
611.6666669999998
 20
110.33333299999998
 10
611.0559735821033
 20
108.71951985412313
 10
612.0865557240392
 20
104.24875429801905
 10
620.3526446540577
 20
85.82902705473884
 10
625.835787
 20
72.56596499999999
 10
628.291004
 20
65.046478
 10
629.541008792516
 20
62.335191022128015
 10
633.7022651622499
 20
42.20073332157719
 10
635.9690154374807
 20
34.79769717730884
 10
637.3847085034399
 20
33.240329735007066
 10
639.5400102574825
 20
31.968199655564245
 10
642.2767420258025
 20
31.64644110808248
 10
644.6467713037375
 20
32.4114975588
 10
648.0350626532968
 20
34.571045097077416
 10
648.8158221010817
 20
36.26201156031941
 10
647.4780469999998
 20
43.20993699999997
 10
642.7716315937745
 20
58.164620787466845
  0
LWPOLYLINE
  5
8D
330
17
100
AcDbEntity
  8
0
100
AcDbPolyline
 90
2
 70
1
 10
1414.159556
 20
72.50000000000227
 10
1414.159556
 20
72.50000000000216
  0
LWPOLYLINE
  5
8E
330
17
100
AcDbEntity
  8
0
100
AcDbPolyline
 90
48
 70
1
 10
332.168499
 20
48.10959100000007
 10
332.63742274081983
 20
40.710533987093164
 10
333.48989566105763
 20
37.947623678928316
 10
334.23916510878564
 20
37.34055410548593
 10
335.541325
 20
37.18404400000001
 10
336.9889069837979
 20
37.622390725209144
 10
337.88106878290864
 20
38.43494246936798
 10
339.4934216221025
 20
47.10484013641209
 10
343.042493
 20
74.57040899999998
 10
344.8116819954389
 20
81.74587082431628
 10
347.2740023654648
 20
88.50662715443849
 10
351.74503225920773
 20
98.0037148438276
 10
356.8453375220059
 20
105.99282636886734
 10
361.180668
 20
111.168217
 10
370.844878
 20
119.87463199999999
 10
372.579218
 20
122.23539800000002
 10
372.8172423523146
 20
124.51737807349252
 10
372.0392900000001
 20
125.47571699999999
 10
370.9366800595354
 20
125.62827778822003
 10
362.096221
 20
119.23225500000001
 10
355.9890634744018
 20
113.60852018447574
 10
350.809205090105
 20
107.62222652328
 10
345.620402
 20
99.888989
 10
342.85438123288554
 20
93.62998504114971
 10
341.781778
 20
93.10891099999996
 10
341.1842942512685
 20
93.255104537404
 10
340.69370064679003
 20
94.7268356613085
 10
341.1621500591265
 20
97.41172339768949
 10
342.683209
 20
101.144764
 10
344.270924155725
 20
107.09631627772417
 10
350.382907782766
 20
120.04519882999202
 10
354.43707820802
 20
127.33211312052545
 10
370.0528578154361
 20
151.67881089505516
 10
372.25934862507603
 20
155.720331142372
 10
372.8366176140895
 20
157.21871478530352
 10
372.67254520613255
 20
158.17957691822645
 10
371.736931
 20
159.2826459999999
 10
370.87763552556004
 20
159.55639467476243
 10
368.7703974655
 20
158.6054999587
 10
367.16492785937857
 20
156.77642267680758
 10
361.2649385422435
 20
147.32367752182566
 10
344.51266951001276
 20
122.56811137244051
 10
337.42904999999996
 20
107.33494500000003
 10
336.61220021788785
 20
103.55139004425143
 10
334.480268
 20
98.485312
 10
333.644433
 20
93.783086
 10
332.122491
 20
90.790544
 10
331.73192
 20
79.43387800000068
  0
LWPOLYLINE
  5
8F
330
17
100
AcDbEntity
  8
0
100
AcDbPolyline
 90
31
 70
1
 10
161.885428
 20
77.5989329999999
 10
162.1003651046245
 20
76.80036612262242
 10
165.40641916248148
 20
65.98777190793551
 10
170.83301179574434
 20
43.84653989282222
 10
172.4744510244606
 20
38.96670900859464
 10
174.11319021826026
 20
36.861372220358625
 10
176.03566262137286
 20
36.69710709215749
 10
176.9113975474631
 20
37.42968951521733
 10
177.7321229543955
 20
38.970179371626
 10
177.88490246287597
 20
42.31992188129798
 10
173.47509713722155
 20
63.2569981943377
 10
166.95095095696914
 20
89.34477320618744
 10
165.20009773408515
 20
92.71570820337647
 10
164.38173327847537
 20
97.16307060833434
 10
158.684825517632
 20
110.494938836444
 10
155.51386099999996
 20
116.738421
 10
144.56803409763998
 20
134.82996111987202
 10
138.6913806535156
 20
145.67792898094729
 10
133.464933
 20
153.36901
 10
130.931906
 20
158.09563
 10
128.68692462864178
 20
160.58018083917378
 10
127.10250812488212
 20
160.88442477661232
 10
126.54680126189386
 20
160.4930628902537
 10
126.09501607794797
 20
159.13885341541595
 10
126.26826499999999
 20
155.816151
 10
129.262667
 20
151.102877
 10
137.06186804416924
 20
136.50699702966838
 10
144.65161231315003
 20
123.11935176026557
 10
149.10243122375425
 20
116.06565448293907
 10
151.63317234642545
 20
111.06663247574883
 10
155.050056
 20
102.598485
  0
LWPOLYLINE
  5
90
330
17
100
AcDbEntity
  8
0
100
AcDbPolyline
 90
36
 70
1
 10
1273.287524
 20
59.8587740000001
 10
1274.687757
 20
47.713724000000056
 10
1275.8310449945143
 20
43.26198025858797
 10
1276.397757
 20
41.83526800000001
 10
1277.522759406344
 20
40.49974969586001
 10
1279.195927
 20
40.000000000000014
 10
1280.6792748070488
 20
40.556524613240484
 10
1280.974930568587
 20
42.139462517346395
 10
1279.905781
 20
54.61786900000003
 10
1280.0694415728344
 20
59.32264466632332
 10
1281.446438
 20
69.19504
 10
1282.8197599118519
 20
71.5321047876086
 10
1283.079856974206
 20
72.694354567204
 10
1282.532163597667
 20
74.10557825317898
 10
1281.5444118566345
 20
74.81915650938618
 10
1277.5
 20
75.5
 10
1276.939696632959
 20
96.72865844076301
 10
1276.367617
 20
103.132013
 10
1275.500791
 20
106.076347
 10
1275.279417686555
 20
110.69816301518935
 10
1276.21404399812
 20
145.07092440194972
 10
1276.24360148384
 20
160.13524833981998
 10
1275.7826543551241
 20
162.28681690458262
 10
1274.802318
 20
163.17618299999987
 10
1272.75
 20
163.3044519999999
 10
1271.782788
 20
162.434747
 10
1271.0709744027236
 20
157.28708744220563
 10
1270.717688
 20
132.88706900000003
 10
1270.28545949448
 20
131.8107208794497
 10
1269.4432776793476
 20
131.1341490795525
 10
1265.25
 20
131.1106909999999
 10
1264.5223716411324
 20
130.6938349689761
 10
1264.147352003973
 20
129.507798458943
 10
1264.216434
 20
126.250023
 10
1266.981665
 20
117.945709
 10
1269.921795
 20
105.39529000000002
  0
LWPOLYLINE
  5
91
330
17
100
AcDbEntity
  8
0
100
AcDbPolyline
 90
41
 70
1
 10
1709.5
 20
101.128378
 10
1721.943664
 20
105.7858949999999
 10
1730.613472635016
 20
110.17578666240858
 10
1741.6349744344252
 20
117.44900119997611
 10
1749.6948174062845
 20
124.12381464800697
 10
1758.8209250516027
 20
133.1529901810532
 10
1773.4158970000003
 20
150.68694800000014
 10
1774.086865
 20
152.68317800000014
 10
1781.6619
 20
165.67530699999998
 10
1783.731424481823
 20
168.45247783735968
 10
1785.515906234018
 20
169.5951622179567
 10
1802.0665978403008
 20
165.87356644167102
 10
1808.7980814973544
 20
165.07625915589895
 10
1815.5603260446123
 20
164.9261599250414
 10
1816.6310431863137
 20
164.49640734543576
 10
1816.636406067779
 20
163.47061966074816
 10
1811.8434845230493
 20
152.62363430760493
 10
1806.5680831555885
 20
142.14726972969828
 10
1800.7991378413617
 20
132.54318468153832
 10
1794.4704773162603
 20
123.95589997444304
 10
1787.5215851709954
 20
116.21311784997624
 10
1780.0236233771986
 20
109.40555742583079
 10
1771.8471769608027
 20
103.38180886469681
 10
1763.0911034301687
 20
98.20651897129419
 10
1755.505574096643
 20
94.61482361373425
 10
1749.353698778137
 20
92.20805963259568
 10
1739.442104919668
 20
89.12903612157197
 10
1732.568315
 20
87.44738799999996
 10
1716.095633999999
 20
84.51887999999997
 10
1674.2416152400344
 20
79.6736440052425
 10
1667.5568978360084
 20
78.44444633362194
 10
1662.296131999999
 20
77.01563500000003
 10
1653.6511947023932
 20
73.51537223520612
 10
1651.601774673517
 20
73.72340177594003
 10
1649.3570482917419
 20
75.18085446335385
 10
1649.258138183677
 20
76.507275314847
 10
1650.8220465718416
 20
78.35261118200857
 10
1654.096082650914
 20
81.08399977423797
 10
1657.229261
 20
82.96988299999995
 10
1664.256277957171
 20
86.20816529602847
 10
1674.19385043799
 20
89.93341152053924
  0
LWPOLYLINE
  5
92
330
17
100
AcDbEntity
  8
0
100
AcDbPolyline
 90
67
 70
1
 10
1720.687234
 20
47.460601
 10
1727.285757
 20
49.21417999999997
 10
1732.728379
 20
51.30486900000001
 10
1737.798351
 20
54.06973199999995
 10
1749.2867861819414
 20
62.07970126604037
 10
1751.935336
 20
63.174938999999966
 10
1754.0135107279584
 20
63.34792159976039
 10
1756.7654234727781
 20
62.348506904329184
 10
1759.3350066608468
 20
59.72427154058361
 10
1759.9338316686178
 20
57.171784696658534
 10
1759.7956091380695
 20
52.440483899477215
 10
1758.995093586282
 20
50.392122391576486
 10
1757.2157039917731
 20
48.35632828409402
 10
1753.998166
 20
45.699390999999984
 10
1750.1999438909354
 20
43.40678347686927
 10
1749.606993826337
 20
41.781000394048
 10
1750.308520438064
 20
40.189919020423034
 10
1752.620702
 20
39.17274400000002
 10
1757.6814775954958
 20
39.54840724154844
 10
1764.5969350677774
 20
41.17176874089246
 10
1772.241616011338
 20
43.74304837867099
 10
1783.3523127044336
 20
49.38054403799995
 10
1793.3065282112
 20
56.214061078300475
 10
1845.3746456487002
 20
98.78138963544984
 10
1860.3025169918972
 20
112.15215032494436
 10
1869.033889
 20
122.215449
 10
1868.5253836736397
 20
163.7676927625905
 10
1868.1910982653599
 20
169.3140719707032
 10
1867.447265140905
 20
172.46268450818496
 10
1865.999918773997
 20
172.72840969720562
 10
1861.4926257997827
 20
169.5763588183699
 10
1834.950213
 20
146.59424499999994
 10
1830.7374852203864
 20
138.14843350236532
 10
1824.200283
 20
128.37581599999987
 10
1819.9781174017498
 20
123.45726529752424
 10
1814.6258
 20
118.89297899999995
 10
1805.2862449436761
 20
112.44224486670979
 10
1793.963331577787
 20
105.30002184128138
 10
1753.368751522576
 20
82.41182806550177
 10
1723.6981777303438
 20
64.07645668148031
 10
1717.508036
 20
61.441629999999975
 10
1712.2938920028084
 20
60.4205730998105
 10
1706.33005544416
 20
60.66820328219502
 10
1693.019388
 20
62.74755699999999
 10
1685.174397
 20
62.323086000000025
 10
1676.972601
 20
59.894073999999975
 10
1658.173928
 20
51.00035199999995
 10
1645.2448705731265
 20
46.51615178999551
 10
1638.990707861892
 20
45.196607008624
 10
1633.4846425808626
 20
45.80358304830748
 10
1627.582665736774
 20
45.43673472410164
 10
1617.2549911882472
 20
43.78598303237577
 10
1608.935995990688
 20
41.88206680555451
 10
1608.1159303964662
 20
40.84976624214141
 10
1608.273542823719
 20
39.219184617961
 10
1609.7186377979226
 20
38.24510938809855
 10
1611.958104
 20
37.682894000000005
 10
1620.8386748447117
 20
37.35950318330748
 10
1644.6842089999998
 20
37.958908000000065
 10
1654.058044
 20
38.751649999999984
 10
1659.2574611662596
 20
39.65342289908834
 10
1664.06815127866
 20
40.98352787231
 10
1670.065018
 20
43.28423100000005
 10
1673.4272221666968
 20
44.06279267904858
 10
1693.3859273786202
 20
43.94547738965798
 10
1704.753471
 20
44.280490999999955
 10
1707.9476991531367
 20
44.66182845850096
  0
LWPOLYLINE
  5
93
330
17
100
AcDbEntity
  8
0
100
AcDbPolyline
 90
15
 70
1
 10
423.7499999999998
 20
171.4411949999998
 10
425.33698333708224
 20
173.19505543328728
 10
431.993098572653
 20
181.2204148769854
 10
430.445829
 20
182.382414
 10
428.79149563849387
 20
182.3437224796093
 10
424.7323565335208
 20
179.01176043628422
 10
416.93216
 20
171.29365299999992
 10
394.498352104148
 20
146.96870174854575
 10
377.65618714534776
 20
130.8252071469418
 10
376.3910202957524
 20
128.87379455439617
 10
376.313735
 20
127.624802
 10
377.5562257591124
 20
126.19561199607122
 10
379.18676520254485
 20
126.16392657144984
 10
392.0781546741324
 20
136.96200212175086
 10
397.760750716565
 20
142.21304790207998
  0
LWPOLYLINE
  5
94
330
17
100
AcDbEntity
  8
0
100
AcDbPolyline
 90
60
 70
1
 10
902.3825400000001
 20
142.084356
 10
904.2502900773428
 20
144.85427884318057
 10
904.0279069182714
 20
146.28810502919345
 10
902.324592426224
 20
146.85533861423843
 10
899.574056497964
 20
145.98503597274302
 10
895.134042390871
 20
142.49454533137057
 10
885.6355794276742
 20
132.2773131329059
 10
874.5330870562241
 20
118.90721035262915
 10
860.8446119999999
 20
101.0570200000003
 10
859.899842
 20
98.17753300000003
 10
853.8124054334313
 20
88.91520233475393
 10
848.054237
 20
78.16761200000002
 10
846.8123953132617
 20
77.07138013491459
 10
845.529616160972
 20
77.08624112750104
 10
845.193633
 20
77.77480800000001
 10
845.3325588143491
 20
80.76105124718967
 10
848.9897328677075
 20
112.908513331706
 10
851.1115373823905
 20
122.31898642084491
 10
854.8882719999999
 20
143.19794
 10
855.5240429999999
 20
147.622789
 10
855.33680685608
 20
148.65983111832
 10
856.6338359648688
 20
150.7948371870673
 10
857.3602729016495
 20
157.20158670765176
 10
858.6385030758336
 20
159.44753319280312
 10
859.26272
 20
163.344634
 10
860.876069310177
 20
166.59216276969548
 10
863.2276539999998
 20
178.20799799999998
 10
865.650804855815
 20
186.864106673525
 10
865.2634153749061
 20
187.87959586720515
 10
863.8631025617666
 20
187.2018606893154
 10
860.3980053200106
 20
183.84701411608285
 10
858.4181949999999
 20
181.327418
 10
855.804658
 20
177.077737
 10
853.6754619999999
 20
172.6293
 10
851.6547173426258
 20
165.8857086289205
 10
850.145118
 20
162.90886599999988
 10
846.8110061032065
 20
153.18300290537672
 10
840.6059369999999
 20
132.470394
 10
838.2680289999998
 20
121.68345200000002
 10
837.736338
 20
116.06658700000001
 10
836.0394693539417
 20
111.51268866453158
 10
830.1126531264656
 20
68.48969018528783
 10
828.763277041617
 20
52.45803722596841
 10
828.4011070132154
 20
38.49360725685666
 10
828.8444105539969
 20
36.30085928793472
 10
830.2746409999999
 20
34.52018700000001
 10
832.301416852288
 20
33.66735961328
 10
835.6665486404097
 20
33.06296038000073
 10
839.7551179999998
 20
33.12484400000002
 10
841.445436
 20
33.55209499999998
 10
843.2494376233097
 20
34.8292076418499
 10
845.1680814272589
 20
37.05662683018478
 10
846.8263160000001
 20
40.137463000000004
 10
847.5037854460717
 20
43.7133161730264
 10
856.171449
 20
67.13519400000001
 10
862.4555970000001
 20
81.27227299999997
 10
869.1827869999998
 20
94.51062099999993
 10
876.3091991314516
 20
105.9671402370472
 10
877.417945
 20
108.78560299999988
 10
888.159717
 20
123.70098400000003
  0
LWPOLYLINE
  5
95
330
17
100
AcDbEntity
  8
0
100
AcDbPolyline
 90
2
 70
1
 10
968.2276940000002
 20
47.40900499999878
 10
968.2276940000002
 20
47.40900499999877
  0
LWPOLYLINE
  5
96
330
17
100
AcDbEntity
  8
0
100
AcDbPolyline
 90
2
 70
1
 10
977.5356619999998
 20
186.8001399999997
 10
977.5356619999998
 20
186.80013999999957
  0
LWPOLYLINE
  5
97
330
17
100
AcDbEntity
  8
0
100
AcDbPolyline
 90
62
 70
1
 10
1534.50449
 20
63.11237699999629
 10
1533.854287
 20
48.431870000000046
 10
1534.11386
 20
44.04981000000001
 10
1535.2853836971708
 20
41.481166955793036
 10
1536.54969
 20
40.99999999999992
 10
1537.464565
 20
41.483109000000006
 10
1538.06846500358
 20
44.14831904377998
 10
1538.049858
 20
56.533896
 10
1538.6171344847348
 20
61.17792264131911
 10
1541.122073706389
 20
68.43703251012495
 10
1542.60036
 20
69.51746800000001
 10
1545.908483849059
 20
77.46219496628599
 10
1545.882402097562
 20
79.06912732193649
 10
1544.7593938523016
 20
79.93443045637972
 10
1543.18988
 20
79.56006599999999
 10
1541.815880536595
 20
77.66824160968643
 10
1540.862952418212
 20
77.0631985151016
 10
1539.9629612639028
 20
77.16613205762778
 10
1539.4357046398106
 20
78.39383337434123
 10
1541.914245694727
 20
103.69770173818449
 10
1543.368846
 20
110.495612
 10
1545.4178867750288
 20
116.07195608461637
 10
1554.5117967268413
 20
132.55261462259887
 10
1554.4450310732325
 20
133.8416399364825
 10
1553.3013997947623
 20
134.66630584969158
 10
1552.01843082493
 20
134.27116853034036
 10
1549.2761642707135
 20
131.99425180694055
 10
1547.756497
 20
131.227193
 10
1547.0224129717951
 20
131.7305315971743
 10
1546.759963
 20
133.1717759999999
 10
1548.4711920876653
 20
141.0340006136481
 10
1550.232300792302
 20
146.83816764158775
 10
1553.697457
 20
153.995974
 10
1555.6700931987866
 20
160.44728628208463
 10
1558.3786922604777
 20
165.2193168608655
 10
1557.960159171987
 20
171.5129840929327
 10
1560.293355
 20
179.392653
 10
1560.5103895895504
 20
185.14636444531075
 10
1562.591103
 20
190.359684
 10
1563.295903972512
 20
195.960162045696
 10
1562.8752826173989
 20
199.110522435048
 10
1561.444825
 20
199.79402
 10
1559.530143
 20
199.47467900000004
 10
1557.9853178277103
 20
198.478092870204
 10
1556.559641103975
 20
196.672858504498
 10
1548.607574
 20
179.93435299999993
 10
1547.4416059419352
 20
174.002242148844
 10
1545.438815
 20
169.07619
 10
1544.70625
 20
165.473073
 10
1543.6586901742894
 20
164.1020212066742
 10
1542.5192170157802
 20
150.86701173496192
 10
1541.7136259288002
 20
150.02547551714832
 10
1540.6669649373341
 20
150.25448689141174
 10
1539.6504629684214
 20
152.65189336284737
 10
1538.7065594044504
 20
152.9619661920078
 10
1537.3325487385941
 20
151.5935586508525
 10
1536.4052883927225
 20
149.0699930838986
 10
1536.3459960370715
 20
147.10704862480333
 10
1539.8965457952268
 20
132.5839136827913
 10
1540.0916839688941
 20
123.0049488448431
 10
1538.929076791779
 20
111.26478686252449
 10
1536.147021
 20
91.73750000000007
  0
LWPOLYLINE
  5
98
330
17
100
AcDbEntity
  8
0
100
AcDbPolyline
 90
118
 70
1
 10
1350.808848000015
 20
105.1513659999746
 10
1348.854120002723
 20
118.73681364379689
 10
1348.6560960152592
 20
124.00155985704968
 10
1349.3729671490844
 20
133.6039829115574
 10
1351.2474386554363
 20
144.6846563476759
 10
1351.1181299025848
 20
147.73569071391702
 10
1349.719032
 20
150.27913099999998
 10
1346.560153
 20
151.56213
 10
1345.875973
 20
152.28038299999997
 10
1344.4606578972725
 20
163.320886252901
 10
1340.1115321726443
 20
178.31078209960077
 10
1331.8981769086631
 20
195.65500074523203
 10
1328.5085433129227
 20
199.59778081260058
 10
1327.366874
 20
199.810746
 10
1326.0636476775762
 20
199.2022912880797
 10
1325.1191378976598
 20
198.00463767037203
 10
1324.783064166998
 20
196.57434645265002
 10
1325.104441474436
 20
190.25946819237927
 10
1325.719593
 20
187.21381700000003
 10
1326.6777833708895
 20
184.88772650810722
 10
1327.537946
 20
177.02326299999996
 10
1330.872642
 20
170.431846
 10
1330.705228
 20
168.90947399999993
 10
1329.363046
 20
166.028888
 10
1329.4038614864426
 20
164.72712108401456
 10
1332.2059660099465
 20
159.7886093239706
 10
1333.904406888789
 20
153.91998810034173
 10
1338.9830092072189
 20
144.1765898442635
 10
1340.9009204048746
 20
138.76483606296466
 10
1341.2569792971424
 20
134.70986687697993
 10
1340.9405352339263
 20
133.1221468541506
 10
1339.820095966548
 20
132.64613919899242
 10
1335.086408517681
 20
133.6261698638573
 10
1334.0508320703668
 20
132.90658644722362
 10
1334.0418349520148
 20
131.631609011035
 10
1341.941284
 20
116.77612699999999
 10
1345.55956
 20
107.86448599999997
 10
1349.7556916833112
 20
79.81831237471529
 10
1349.8743777473485
 20
77.61515399196001
 10
1348.9507175587971
 20
77.05902618885054
 10
1345.6175012296123
 20
78.37876364632503
 10
1341.652692
 20
81.36414599999995
 10
1339.082566777183
 20
83.91290157448762
 10
1337.809838095224
 20
86.447979204948
 10
1333.8127538046092
 20
112.04489516248381
 10
1332.7473471102821
 20
117.32461611131951
 10
1331.043968405835
 20
122.72497798094498
 10
1328.6407135565244
 20
135.413734203618
 10
1326.7462924232857
 20
155.4848313531115
 10
1326.0134701933164
 20
158.68347188592267
 10
1324.587016
 20
162.40247999999968
 10
1317.6845662741616
 20
176.75894922270157
 10
1312.1174928661628
 20
184.21717469238524
 10
1304.772454535066
 20
191.81092853034056
 10
1297.92865002657
 20
197.98807110221603
 10
1294.474085399444
 20
199.84130499397708
 10
1292.549238025985
 20
199.76694340107403
 10
1291.6727827976451
 20
199.09230253234196
 10
1291.3585152405292
 20
197.88373820709256
 10
1292.981468
 20
194.725512
 10
1302.893317
 20
178.91915599999996
 10
1303.356617507774
 20
176.71109305573427
 10
1302.435218
 20
173.556127
 10
1306.402015
 20
169.12335200000004
 10
1306.450557
 20
168.344728
 10
1305.48002
 20
166.165758
 10
1305.746062
 20
164.546951
 10
1310.6381984719999
 20
158.26058019065
 10
1311.420432
 20
155.40196599999993
 10
1313.415992
 20
152.3004629999999
 10
1314.254716
 20
146.98038799999986
 10
1315.2394168229866
 20
145.7227825135422
 10
1320.9465674918376
 20
141.187211360991
 10
1322.5429271883665
 20
139.10372534283948
 10
1323.905230621967
 20
136.02642192340917
 10
1325.298213406356
 20
129.0087868975824
 10
1326.7175933447033
 20
124.91529411135294
 10
1326.5952299279586
 20
123.46855823306345
 10
1325.362215708214
 20
122.92106622384043
 10
1323.772455
 20
123.34825900000004
 10
1319.62904821138
 20
126.88447025863005
 10
1317.7977837998135
 20
127.95930739507496
 10
1316.3543089048992
 20
127.68029833009354
 10
1315.6635027620725
 20
126.53564899171741
 10
1316.857523
 20
123.99301499999999
 10
1325.3255980178826
 20
113.54755434421031
 10
1329.65488865512
 20
106.10006231070005
 10
1330.4504462818086
 20
103.88170560597972
 10
1331.3258465190465
 20
93.42078274409434
 10
1331.6011357160353
 20
91.94367913742637
 10
1332.61034
 20
90.08441900000001
 10
1333.735857113805
 20
82.48311640152302
 10
1336.01939984707
 20
49.193893029569985
 10
1336.8808789618001
 20
43.864356967862776
 10
1338.106478
 20
41.062009000000074
 10
1339.09497594362
 20
40.2795598388201
 10
1340.5919088520402
 20
40.41863830633255
 10
1341.4579372279009
 20
41.503199136833025
 10
1341.882365803605
 20
43.52555723591046
 10
1341.49855171733
 20
55.66732938579699
 10
1339.1084361548396
 20
73.7553278635504
 10
1339.432062254175
 20
74.68425421887248
 10
1340.454522867924
 20
74.99069057238259
 10
1342.1245799891572
 20
74.34739227606619
 10
1344.1855767844463
 20
71.91366942051839
 10
1347.4404101097
 20
66.26718681912502
 10
1349.2998365643411
 20
62.029397391962306
 10
1349.89824
 20
58.07817599999999
 10
1350.1537576453059
 20
45.524428156343504
 10
1350.911107270458
 20
41.76051487618218
 10
1351.542382
 20
40.96482600000002
 10
1352.8032857198255
 20
40.56513152871114
 10
1353.6568587100787
 20
40.86556804536925
 10
1354.396937
 20
41.96726499999997
 10
1354.8096615606219
 20
45.17035983680788
 10
1354.77013542944
 20
50.926958732159996
 10
1353.7600769477415
 20
76.8697353276045
 10
1352.592245
 20
91.699277
  0
LWPOLYLINE
  5
99
330
17
100
AcDbEntity
  8
0
100
AcDbPolyline
 90
2
 70
1
 10
1558.694491
 20
131.719979
 10
1558.694491
 20
131.71997899999994
  0
LWPOLYLINE
  5
9A
330
17
100
AcDbEntity
  8
0
100
AcDbPolyline
 90
59
 70
1
 10
554.4999999999999
 20
160.9921500000001
 10
556.3436901556458
 20
159.10095072524885
 10
561.4627948337829
 20
150.94959997386897
 10
564.645691185959
 20
146.91773767479
 10
567.9969112164847
 20
143.90961666512922
 10
571.427373
 20
141.951324
 10
574.8340853511875
 20
141.06039817563536
 10
580.5817314376699
 20
141.47606195914196
 10
584.9547499999999
 20
142.8838049999999
 10
589.0400131252729
 20
145.18488169134844
 10
593.9025304750182
 20
149.7679151583889
 10
596.5765509999999
 20
155.12647500000003
 10
596.7937246757999
 20
158.38981234424796
 10
596.3793498226925
 20
159.97197893815832
 10
594.2652265370831
 20
164.07198029191315
 10
594.1484339439156
 20
165.7692800782371
 10
594.601619
 20
166.884504
 10
598.3271045081106
 20
171.66948721245325
 10
605.6518513859841
 20
188.92806463620985
 10
606.8971213680702
 20
194.0202506908221
 10
606.005045
 20
196.716091
 10
603.709838706158
 20
198.53227345211548
 10
598.2644762591407
 20
199.32281491621205
 10
592.4548468982466
 20
198.87352092996554
 10
586.462783
 20
196.955551
 10
575.8627878027082
 20
191.77717959148382
 10
567.5822639999999
 20
186.69056599999996
 10
561.2932245620558
 20
181.73967847092644
 10
555.88392
 20
175.5
 10
547.8530964556276
 20
185.9093260198984
 10
543.6329883808189
 20
190.5921246020905
 10
538.333459
 20
195.14319799999998
 10
530.1169049999999
 20
200.87161199999997
 10
525.3081779341549
 20
203.58834431975998
 10
520.2610929141779
 20
205.361809625284
 10
515.898024376129
 20
205.33093312202848
 10
512.170555908681
 20
203.56078377205202
 10
510.33494069936023
 20
201.80871685149754
 10
509.3538032771744
 20
200.03657626850452
 10
509.0663510308975
 20
197.7737280221095
 10
509.2726248877056
 20
194.71442764500833
 10
510.3800899447637
 20
187.8119853934753
 10
511.676746
 20
184.751795
 10
513.0001731240893
 20
179.68806514018837
 10
514.7622003150655
 20
175.7921176185002
 10
517.994638747396
 20
170.51754210177904
 10
513.9997837673218
 20
163.11868495678758
 10
513.0787459203244
 20
159.46658243299953
 10
513.1535340643009
 20
157.68658692713447
 10
513.905526
 20
155.16384199999996
 10
517.1983908371282
 20
150.46152273862245
 10
521.017152
 20
147.303107
 10
525.645149928948
 20
144.90203416865108
 10
532.0021060740635
 20
143.30604531859214
 10
536.225585386126
 20
143.441958330201
 10
539.4012410972923
 20
144.7347198552746
 10
543.016113045592
 20
147.662355575336
 10
547.1301863025468
 20
152.08724356314016
 10
552.5307810432075
 20
159.30245296537848
  0
LWPOLYLINE
  5
9B
330
17
100
AcDbEntity
  8
0
100
AcDbPolyline
 90
67
 70
1
 10
1113.44396
 20
194.4715769999999
 10
1109.848806016737
 20
203.55848565988384
 10
1106.9472719230394
 20
208.23595018141972
 10
1104.860502599993
 20
210.303269987622
 10
1103.269834
 20
211.09506099999987
 10
1101.5696933543948
 20
211.31085138350028
 10
1099.5922892280619
 20
210.93528926114004
 10
1096.532375425593
 20
209.54331633526903
 10
1093.093026575352
 20
206.2976650391425
 10
1088.6700511316437
 20
200.4640463637382
 10
1086.0978266434524
 20
195.64141876022697
 10
1082.721465881604
 20
186.6610391086059
 10
1080.9016847285443
 20
179.08571960929316
 10
1080.4451980973029
 20
174.139696665608
 10
1081.930882
 20
170.230715
 10
1081.0509992441441
 20
168.68320060296992
 10
1078.135892995761
 20
168.4608738886143
 10
1066.957573917743
 20
171.23756391081153
 10
1055.2203659138709
 20
172.67377855488945
 10
1046.3577765684292
 20
172.6846314028499
 10
1036.1643397848613
 20
171.41758029565096
 10
1032.4567638372025
 20
170.086165746317
 10
1030.1253624150916
 20
168.78849112842474
 10
1028.580414
 20
167.40275099999988
 10
1027.630750576345
 20
165.84390195938352
 10
1027.2761157172422
 20
164.08153110426
 10
1027.798648734398
 20
161.64490390561403
 10
1030.9495942302149
 20
157.4033108748297
 10
1036.3040376053023
 20
153.1004046654024
 10
1041.6401053920874
 20
149.60727043996002
 10
1056.378122431856
 20
141.70865382159403
 10
1057.4098755032044
 20
140.4569874063061
 10
1058.066846383881
 20
136.53554310271028
 10
1059.5479187591002
 20
133.42136437049822
 10
1061.01257
 20
131.61621100000005
 10
1065.0653548761052
 20
128.528327315735
 10
1069.822812
 20
126.704405
 10
1072.584308993159
 20
126.25545369303208
 10
1078.1457051715986
 20
126.39832888569914
 10
1080.880507
 20
126.98848299999999
 10
1083.4439905127529
 20
127.90345702191138
 10
1088.0652443778079
 20
130.71008480470434
 10
1090.5035547067423
 20
133.0799119066866
 10
1091.540213
 20
134.83377900000002
 10
1092.1304973408592
 20
136.86314850700805
 10
1092.3037777417
 20
139.593781986054
 10
1091.2399561234236
 20
151.43609597386722
 10
1091.349493
 20
154.427615
 10
1091.7761623393185
 20
155.15062228027165
 10
1094.3965643718125
 20
154.8463998031925
 10
1106.1346808133176
 20
150.89278057678635
 10
1112.773416
 20
149.52649399999999
 10
1114.883925
 20
149.448069
 10
1118.155480974012
 20
150.69660348704394
 10
1122.9342690959136
 20
153.77846466543906
 10
1125.6505297340543
 20
156.28986428356555
 10
1128.1283668375975
 20
160.06553424144903
 10
1129.1507461411188
 20
163.21655287775224
 10
1129.5
 20
166.591594
 10
1129.227639345382
 20
169.6313991670948
 10
1128.4461548711345
 20
172.2934663468185
 10
1125.700599700463
 20
175.93075468468246
 10
1119.0677996450415
 20
180.12972110840747
 10
1116.939858
 20
182.15128800000002
 10
1116.313886
 20
183.742073
 10
1116.784731
 20
185.721528
 10
1116.578046
 20
187.446657
  0
LWPOLYLINE
  5
9C
330
17
100
AcDbEntity
  8
0
100
AcDbPolyline
 90
44
 70
1
 10
320.757182
 20
61.31567699999994
 10
321.00476399999997
 20
48.77519900000016
 10
321.75561685606135
 20
41.08074974343019
 10
323.0
 20
39.0
 10
325.3103314928626
 20
37.4602707412131
 10
327.427306650496
 20
37.02311862492171
 10
328.79114655170235
 20
38.00080946412176
 10
328.978895
 20
40.32719999999999
 10
327.3489004424171
 20
75.64573745712318
 10
327.53592299999997
 20
101.06762499999992
 10
329.0649341734753
 20
116.9328853796312
 10
330.736765
 20
126.65594700000004
 10
331.80576994018327
 20
129.22512811466072
 10
332.403723350478
 20
134.308317997378
 10
338.5831773089135
 20
152.536527774287
 10
339.259882
 20
156.468432
 10
340.93648037058836
 20
159.3829438627533
 10
345.6973361928554
 20
177.70119205290024
 10
352.75410377194396
 20
197.20152528847
 10
356.679054283234
 20
204.056550832098
 10
363.89135014423084
 20
214.75122092035676
 10
367.9841192439175
 20
220.051045221286
 10
375.2384057505575
 20
228.0679442814225
 10
377.0315832799061
 20
231.12992111143367
 10
376.4739270945692
 20
232.09506056224706
 10
375.1186313531796
 20
232.75503555225148
 10
373.236390499485
 20
232.13557157665002
 10
369.6301369315429
 20
229.077010662038
 10
362.2588740000001
 20
221.897872
 10
353.15632921759214
 20
209.037308152982
 10
350.2870731010298
 20
205.72241447972726
 10
349.5760450610405
 20
203.55930419552962
 10
347.315626
 20
199.70609
 10
345.0748
 20
194.68321199999997
 10
337.4591421262115
 20
173.3247855998499
 10
335.490344
 20
169.002004
 10
334.70625
 20
163.74165
 10
333.29375
 20
161.363811
 10
332.6385030758336
 20
157.44753319280312
 10
331.16635273112297
 20
155.13237009806198
 10
330.141427
 20
149.56526
 10
324.89814600000005
 20
132.15189600000002
 10
322.0159614703747
 20
117.9228261241399
 10
320.9661123754921
 20
100.79360201124749
  0
LWPOLYLINE
  5
9D
330
17
100
AcDbEntity
  8
0
100
AcDbPolyline
 90
25
 70
1
 10
178.5118330000001
 20
164.2550859999999
 10
189.747543
 20
147.227298
 10
190.42168504722218
 20
147.02021081767677
 10
191.02115280308513
 20
147.45831008052266
 10
190.97758205336996
 20
149.33686667337562
 10
189.74072614534703
 20
156.115832010478
 10
187.74615307966738
 20
162.01323121632032
 10
183.92593444511252
 20
168.1400810104875
 10
176.84110956598025
 20
176.59802604532746
 10
162.96676232352513
 20
191.1306505905642
 10
151.46696
 20
202.08762899999994
 10
141.08644499115
 20
210.97027776178123
 10
125.64332851342537
 20
223.15652174644308
 10
117.9086260000001
 20
230.47326399999992
 10
106.60146563179549
 20
242.552739229324
 10
103.005755
 20
245.594926
 10
101.779044
 20
246.0
 10
100.281126
 20
245.628003
 10
101.25406418741699
 20
243.69703633201243
 10
105.22435063067033
 20
238.02542374478452
 10
111.56788853097706
 20
230.5113125603821
 10
122.52701040933009
 20
219.485003584422
 10
144.58573905695036
 20
201.4166855663652
 10
155.77874832205748
 20
191.09611628465052
 10
169.5380120336781
 20
176.32110676160278
  0
LWPOLYLINE
  5
9E
330
17
100
AcDbEntity
  8
0
100
AcDbPolyline
 90
49
 70
1
 10
183.1577949999996
 20
103.9966150000005
 10
182.033791
 20
111.735009
 10
181.271581
 20
114.130631
 10
180.26272
 20
115.760828
 10
179.509656
 20
121.002004
 10
177.91124460284993
 20
124.33085271104518
 10
173.00049690255204
 20
137.49253246268006
 10
167.1202869999999
 20
150.095074
 10
156.06329426433823
 20
168.76003145651387
 10
148.88385981789335
 20
179.1131765359946
 10
133.85349799999995
 20
198.26330900000002
 10
124.58891375171602
 20
208.42986983208797
 10
119.67187871658399
 20
213.23826363912121
 10
109.73991629000615
 20
221.8866013515572
 10
99.58344573507587
 20
229.3031422770858
 10
88.76876649406204
 20
235.85958326801622
 10
77.3914202545842
 20
241.5171456248398
 10
63.90052399999996
 20
246.91942100000006
 10
61.29329295906912
 20
245.53447837106978
 10
61.02337453091437
 20
244.8591472396462
 10
61.37114924352
 20
243.672177752064
 10
64.03796321898048
 20
241.86042642270237
 10
80.83878800000001
 20
233.50053
 10
91.09658107274984
 20
227.42742221534473
 10
100.5681966271645
 20
220.8044542037885
 10
109.46037111272787
 20
213.46881967690632
 10
118.01860799999999
 20
205.30013099999996
 10
131.3549590930478
 20
191.07845186825276
 10
137.866946
 20
182.973891
 10
148.79028630374995
 20
167.717797535825
 10
150.8136471023507
 20
165.58054871139672
 10
152.40590507689527
 20
161.89837299826252
 10
160.295034
 20
147.929316
 10
165.16522199999997
 20
137.850357
 10
169.86734436681513
 20
126.01815875399824
 10
172.63791502831117
 20
116.234368866442
 10
175.38392189387986
 20
103.16446219458709
 10
176.835549
 20
93.501553
 10
178.1843625605325
 20
80.91845559561288
 10
181.141449
 20
42.66993500000001
 10
181.912569
 20
39.33851500000001
 10
182.72317228221706
 20
38.001459514981
 10
184.40085648498464
 20
37.04181812941779
 10
186.10618779495795
 20
37.31036190794106
 10
187.833683
 20
39.093368
 10
188.51864251352092
 20
41.33001025358084
 10
187.73639076535926
 20
43.10019810287341
 10
187.3667758127047
 20
46.8908470639993
 10
185.74146160608154
 20
79.55748346560122
  0
LWPOLYLINE
  5
9F
330
17
100
AcDbEntity
  8
0
100
AcDbPolyline
 90
2
 70
1
 10
941.416592
 20
81.50000000000001
 10
941.416592
 20
81.50000000000016
  0
LWPOLYLINE
  5
A0
330
17
100
AcDbEntity
  8
0
100
AcDbPolyline
 90
72
 70
1
 10
1356.144822
 20
228.1782349999998
 10
1355.0376315353124
 20
233.09082959168026
 10
1351.0848690742412
 20
242.1444849549826
 10
1347.1450850218182
 20
249.3600953170601
 10
1344.7732518105406
 20
251.6210620973355
 10
1343.6878135887905
 20
251.87085861048322
 10
1341.976261293599
 20
251.35598219137603
 10
1340.3715209895608
 20
249.39975200459892
 10
1340.3513032630776
 20
247.86424410727497
 10
1341.779556
 20
243.009666
 10
1340.327586
 20
238.95660400000003
 10
1340.1394634551511
 20
237.3384328928309
 10
1342.117614895725
 20
229.70228804256692
 10
1343.931606
 20
216.33905400000003
 10
1345.3027260195208
 20
211.8291818967732
 10
1347.491263
 20
207.20750399999997
 10
1347.360705
 20
201.996367
 10
1352.508994
 20
194.12882400000007
 10
1353.9795679515416
 20
190.75514098127502
 10
1355.446457031072
 20
185.72671072373643
 10
1355.8987827798505
 20
180.20484074529153
 10
1355.055118810262
 20
178.70949432755202
 10
1353.23896324933
 20
177.2125417937799
 10
1352.599717
 20
175.885772
 10
1351.712147
 20
170.595936
 10
1351.67437
 20
164.514856
 10
1352.3192586364326
 20
160.43613303887622
 10
1353.6676890939032
 20
156.24454117075481
 10
1355.28609
 20
152.63536399999998
 10
1357.3496798535778
 20
149.55862770792515
 10
1358.535870196865
 20
146.518238402803
 10
1360.2587763312117
 20
132.67287971220844
 10
1361.616203
 20
109.652665
 10
1361.76547
 20
85.21053599999975
 10
1360.832080503121
 20
57.820889058844074
 10
1359.1508482384786
 20
42.49593756687799
 10
1359.3752027353305
 20
41.34120739524853
 10
1360.2271783625793
 20
40.48242817225772
 10
1362.616785
 20
40.388647000000006
 10
1364.0903450318801
 20
42.09880634319585
 10
1364.541692
 20
43.7278379999997
 10
1366.160751567784
 20
62.51173186871087
 10
1366.9640441882193
 20
78.79452966493429
 10
1367.2965400000003
 20
106.51239299999988
 10
1368.0177
 20
115.32735099999996
 10
1369.618342
 20
122.20210400000002
 10
1375.123681
 20
135.70784199999994
 10
1375.896432756904
 20
139.27006176640953
 10
1374.9801970101405
 20
140.58956350230116
 10
1372.9458614880764
 20
140.58232465882537
 10
1371.103163462365
 20
139.089484294755
 10
1367.351633
 20
133.72162199999985
 10
1366.3229304434185
 20
133.57591735204474
 10
1365.503807
 20
134.520984
 10
1364.736132
 20
139.403725
 10
1364.484972
 20
144.476714
 10
1365.795327
 20
148.9651429999999
 10
1366.4447456364414
 20
155.52884546898986
 10
1367.7476514859766
 20
189.13738744920377
 10
1368.4067960794482
 20
193.51744634749633
 10
1370.045481
 20
198.973813
 10
1370.1832076618748
 20
203.1968541864478
 10
1369.1438994846212
 20
207.2064013524417
 10
1368.2446056512642
 20
208.17304220429193
 10
1366.8407648438601
 20
208.39183019686493
 10
1365.8098438594911
 20
207.74667559431217
 10
1364.896633
 20
206.512787
 10
1362.254237
 20
200.20676600000002
 10
1361.533222389964
 20
200.04486468424057
 10
1360.729321
 20
200.65008999999998
 10
1359.2977121356453
 20
205.0468599620244
 10
1358.4186020471157
 20
216.73725170195257
  0
LWPOLYLINE
  5
A1
330
17
100
AcDbEntity
  8
0
100
AcDbPolyline
 90
148
 70
1
 10
1183.296196
 20
88.36477799999959
 10
1182.454441
 20
60.530227000000075
 10
1181.727088096984
 20
51.85980709819999
 10
1180.1672599965873
 20
41.07374352922499
 10
1180.439200345355
 20
40.17159881811003
 10
1181.3103956140735
 20
39.44620351952754
 10
1183.320788647692
 20
39.35060013275259
 10
1184.449659
 20
40.262041999999965
 10
1185.782188393517
 20
43.1483269190333
 10
1187.515115
 20
61.07957199999993
 10
1188.653984
 20
78.70688999999979
 10
1189.2551215329959
 20
113.170647579478
 10
1190.1525333147201
 20
119.25719510496191
 10
1191.0907843584516
 20
122.67123719618805
 10
1195.184659
 20
131.78041599999997
 10
1196.5791369741246
 20
135.1595839784605
 10
1196.952009342549
 20
137.7109009784951
 10
1196.6573063051248
 20
139.69770444917435
 10
1195.349102687548
 20
140.74156313867795
 10
1194.0525754663195
 20
140.272621630331
 10
1192.591937772994
 20
138.88474759068896
 10
1187.929615
 20
131.88252700000004
 10
1186.9221836503461
 20
131.72874837395952
 10
1186.443915
 20
132.465912
 10
1186.258128
 20
146.30930900000004
 10
1186.5173620252694
 20
147.585369619042
 10
1187.6924044006441
 20
149.68673415504625
 10
1188.188742349392
 20
154.30396552156495
 10
1188.515822
 20
174.687535
 10
1188.775327
 20
178.72232900000003
 10
1189.513464
 20
180.502106
 10
1189.9304422568027
 20
185.13735228235038
 10
1190.190502938921
 20
206.43389587098977
 10
1189.84773562715
 20
207.15618420139003
 10
1188.875738028055
 20
207.679291064475
 10
1186.488622
 20
207.63048999999998
 10
1185.504076801363
 20
203.26233052354198
 10
1184.218674289625
 20
200.48627737198754
 10
1182.7894921611012
 20
199.03719893914095
 10
1181.8387665363675
 20
199.2004140693379
 10
1181.438323
 20
199.728315
 10
1180.4899158248477
 20
205.07225602023254
 10
1180.7996808871335
 20
211.79017592003487
 10
1180.573815
 20
214.746438
 10
1177.616627
 20
224.783888
 10
1176.45131
 20
231.881566
 10
1175.3270896688118
 20
235.13616450929632
 10
1171.2693890964508
 20
243.9295356990588
 10
1168.347614387069
 20
248.90335857138828
 10
1166.116225
 20
251.35506499999988
 10
1165.18455
 20
251.8631350000001
 10
1163.738830704665
 20
251.285591093575
 10
1162.5062417412391
 20
249.78708368227302
 10
1162.0750555344935
 20
244.51235705117804
 10
1162.047545
 20
232.17168900000007
 10
1162.3133517642125
 20
231.2126316787625
 10
1163.3284460805387
 20
230.1519964064329
 10
1163.8162153112971
 20
228.08553365308998
 10
1163.9543982519283
 20
218.47121184083593
 10
1164.6540383012905
 20
213.86852607254585
 10
1167.430774
 20
208.524833
 10
1167.8989037263789
 20
204.23890525060975
 10
1168.702959
 20
201.554285
 10
1174.3696070628341
 20
190.87727832942522
 10
1175.6197786541402
 20
187.9179804247664
 10
1175.5457777040176
 20
186.13439767572612
 10
1176.913044
 20
184.145096
 10
1176.932511
 20
181.67264
 10
1176.4863586713593
 20
179.68966685901705
 10
1173.7717079040713
 20
175.48110427710662
 10
1173.000252
 20
171.746725
 10
1173.048189
 20
161.693448
 10
1173.4394606218125
 20
159.39509032701804
 10
1174.919739
 20
156.95012499999999
 10
1174.843889
 20
155.05514299999996
 10
1173.954582771866
 20
153.63853806121688
 10
1172.3940576837585
 20
152.4246857693845
 10
1168.001117754334
 20
150.40096869285637
 10
1166.5306748016735
 20
150.1271574893685
 10
1165.0685680537367
 20
162.90077936686507
 10
1163.906059451983
 20
168.68247885426752
 10
1161.555490609029
 20
176.586934028747
 10
1158.2668633351375
 20
184.70519391237497
 10
1153.5091744672843
 20
194.0466086969517
 10
1150.638543
 20
197.883869
 10
1149.245282
 20
198.65328599999998
 10
1146.928053
 20
198.7797720000001
 10
1145.8714240944842
 20
198.1806245840987
 10
1145.4546270827498
 20
197.2858874409145
 10
1145.432737528526
 20
194.5182833591801
 10
1148.2147039304652
 20
178.00127954723888
 10
1149.4647997589282
 20
175.09703660862274
 10
1152.901830948085
 20
170.72398061452418
 10
1153.315615899924
 20
169.6878830372334
 10
1151.2683621704102
 20
165.9125810018055
 10
1151.3099632269614
 20
163.105069704313
 10
1153.7568171173805
 20
158.13048353598217
 10
1155.619464772562
 20
151.44329309525597
 10
1158.2287678212158
 20
147.76557650472188
 10
1160.0759241865007
 20
144.26569627188766
 10
1161.782691609677
 20
138.53670767223835
 10
1161.89969
 20
132.402966
 10
1161.362651
 20
131.336936
 10
1160.36867
 20
131.23622099999997
 10
1157.4527235836206
 20
133.0297495270972
 10
1155.6585075297999
 20
133.6559170329
 10
1154.256697018812
 20
133.51169433338947
 10
1153.9758796760507
 20
132.661348066183
 10
1154.8710495848527
 20
130.2512263567245
 10
1163.913578
 20
114.52051299999998
 10
1165.712705
 20
109.49553099999997
 10
1167.380161
 20
102.05331399999999
 10
1168.77279577073
 20
92.63021152312996
 10
1169.2641722997287
 20
84.23965148932915
 10
1170.7413094415149
 20
78.99786593470138
 10
1170.749748501262
 20
77.68429383621648
 10
1169.8846186348276
 20
76.59085219709755
 10
1168.540093
 20
76.666123
 10
1161.1501155466983
 20
81.81101368442947
 10
1159.999725533193
 20
81.3394534585974
 10
1159.5738871068
 20
79.84259402297751
 10
1160.6464355501487
 20
77.42109166319139
 10
1167.248281
 20
67.58702600000001
 10
1170.0322762080345
 20
61.532050808072256
 10
1170.8556825725623
 20
56.92754198965445
 10
1171.103480738628
 20
45.315780340656914
 10
1171.75284
 20
41.092916999999986
 10
1172.759754832202
 20
39.810780993964
 10
1174.408329
 20
39.28926200000007
 10
1175.2892397012668
 20
39.75721328338034
 10
1175.83374
 20
41.15216700000001
 10
1175.061987
 20
82.994846
 10
1174.7847742154001
 20
84.26697601746505
 10
1173.7081082854459
 20
85.8742036170558
 10
1173.234885329083
 20
88.26677966530515
 10
1172.5532113244528
 20
98.58323704124359
 10
1170.2208215893986
 20
116.76669882061884
 10
1169.6688710619176
 20
124.51231650287572
 10
1170.100148861597
 20
133.46900807006813
 10
1172.2418518567342
 20
140.89969728299405
 10
1173.4842840930064
 20
149.67527377103195
 10
1174.1199548113875
 20
151.17520429476778
 10
1175.6520831849396
 20
151.8218342093243
 10
1176.84279
 20
151.29609100000002
 10
1178.0362774530022
 20
149.83935521244317
 10
1179.2395065068476
 20
146.6610916158478
 10
1181.12397759048
 20
137.42437982808002
 10
1182.9008999023652
 20
121.12803459449489
  0
LWPOLYLINE
  5
A2
330
17
100
AcDbEntity
  8
0
100
AcDbPolyline
 90
2
 70
1
 10
1527.674353
 20
63.43901500000334
 10
1527.674353
 20
63.439015000003344
  0
LWPOLYLINE
  5
A3
330
17
100
AcDbEntity
  8
0
100
AcDbPolyline
 90
89
 70
1
 10
1379.541876
 20
60.68008099999994
 10
1377.342792680146
 20
43.490264178341
 10
1378.389154
 20
40.784380000000034
 10
1379.4617463786033
 20
39.86660809225982
 10
1380.65131671255
 20
39.47690851462504
 10
1381.7874555159376
 20
39.7950299438745
 10
1382.524859
 20
40.72451199999999
 10
1383.9036781218665
 20
47.06773018163241
 10
1385.2535770909715
 20
61.817376579281984
 10
1386.0585872317697
 20
64.07762397606952
 10
1386.969339
 20
64.53039900000005
 10
1388.1253730195692
 20
64.26221757670764
 10
1389.1987082280361
 20
63.136162074952026
 10
1389.8168539017602
 20
59.451462583104
 10
1389.9285203042887
 20
52.38965938426767
 10
1388.6774800635624
 20
42.60437469229364
 10
1388.8170346465874
 20
41.18256148362247
 10
1389.697648
 20
40.28578200000015
 10
1391.275901
 20
40.33286600000001
 10
1392.835143
 20
41.514484
 10
1394.06573
 20
43.610317999999985
 10
1394.681456
 20
46.20415499999936
 10
1396.21640999067
 20
62.08299849631472
 10
1399.432134
 20
106.01797199999996
 10
1402.401027073764
 20
118.419380076672
 10
1404.513348258403
 20
129.39733421573567
 10
1404.2454558675197
 20
130.77275269521
 10
1403.189219
 20
131.60545699999997
 10
1398.5
 20
132.5
 10
1397.6880010680493
 20
164.11920781568475
 10
1397.078287
 20
175.694497
 10
1396.618687650138
 20
177.15253642286666
 10
1398.0359575556872
 20
181.51353107757518
 10
1402.6085667830334
 20
190.83508919053875
 10
1403.538232018689
 20
194.246309644956
 10
1403.2276573706222
 20
195.77879955261946
 10
1401.508704
 20
198.43874599999998
 10
1400.62996177833
 20
201.2868770236825
 10
1399.3877533961522
 20
215.56947620450478
 10
1396.542492
 20
221.518107
 10
1396.253946
 20
224.188746
 10
1394.5099323638447
 20
228.0946053277877
 10
1389.6201772976376
 20
238.8210199726779
 10
1388.415772
 20
244.05205100000003
 10
1384.515578719311
 20
250.87542670278702
 10
1381.8934049640588
 20
254.16629044915788
 10
1379.0336046428174
 20
254.99746317176923
 10
1378.085114
 20
254.255372
 10
1378.4977887169978
 20
249.33494649095735
 10
1380.932979
 20
242.898488
 10
1381.4069946892946
 20
240.08084982439178
 10
1380.357924
 20
225.12056700000002
 10
1381.329938
 20
221.371271
 10
1381.5029003468856
 20
217.47098983905167
 10
1381.0618972192096
 20
214.68400271728098
 10
1379.6392473126302
 20
211.5016688922707
 10
1379.5161879507802
 20
208.85260580778888
 10
1380.2721150767818
 20
205.39137491309734
 10
1383.134343613799
 20
197.888561165866
 10
1383.434777
 20
192.451995
 10
1382.8724742663867
 20
188.50482520467386
 10
1381.7083605430178
 20
188.03220289652612
 10
1381.018484
 20
188.476555
 10
1378.9314944734172
 20
191.685502144768
 10
1377.591443
 20
195.47927899999993
 10
1375.9346429884677
 20
195.91617224607856
 10
1374.2503383387118
 20
194.5792288534658
 10
1373.451318197365
 20
190.01917471741598
 10
1372.074607168408
 20
168.45238082570557
 10
1372.511519
 20
165.672332
 10
1375.135018
 20
158.881935
 10
1379.3027564702284
 20
151.53122188827632
 10
1380.5940326565794
 20
146.39986766555617
 10
1381.601528
 20
135.812546
 10
1382.921923
 20
101.78053299999998
 10
1382.471175550217
 20
99.37262130256153
 10
1381.1865132269495
 20
99.12614834133133
 10
1378.9897120165524
 20
100.8634391177149
 10
1375.5648628480844
 20
104.70208630190055
 10
1373.641554361784
 20
105.98592409623875
 10
1372.480293
 20
105.38133
 10
1371.9938278507884
 20
103.11977021360106
 10
1372.2876166098015
 20
101.30391680203829
 10
1373.6362163214308
 20
99.75313173088436
 10
1374.593878
 20
96.426096
 10
1377.775234
 20
90.79158900000004
 10
1378.147442
 20
87.76926100000003
 10
1380.2578101835134
 20
78.85939671397796
 10
1380.7563413956875
 20
72.53189842228096
  0
LWPOLYLINE
  5
A4
330
17
100
AcDbEntity
  8
0
100
AcDbPolyline
 90
2
 70
1
 10
1287.677307
 20
236.4828290000001
 10
1287.677307
 20
236.48282900000024
  0
LWPOLYLINE
  5
A5
330
17
100
AcDbEntity
  8
0
100
AcDbPolyline
 90
84
 70
1
 10
1203.697397
 20
107.9353210000003
 10
1203.7976014087812
 20
106.22411776393315
 10
1204.154804463678
 20
100.74645633583373
 10
1204.7409244567968
 20
98.74490515945875
 10
1204.128177
 20
98.078951
 10
1202.30025
 20
98.06550599999997
 10
1201.155864
 20
98.55211099999998
 10
1198.861748407839
 20
102.0407803078178
 10
1195.288254
 20
105.36486799999997
 10
1193.7350230277036
 20
105.17584197447589
 10
1192.6389373551806
 20
103.52911055096233
 10
1199.0357040929314
 20
88.53825753660297
 10
1200.5269971257399
 20
83.95148569549497
 10
1201.369669778146
 20
79.37706147521199
 10
1201.301983
 20
58.519836999999974
 10
1200.2440464629806
 20
53.86049359240507
 10
1199.927177702583
 20
41.120129570030656
 10
1200.634319
 20
39.681911000000056
 10
1202.2854503021024
 20
39.180044562972725
 10
1203.499156
 20
39.892911
 10
1204.430693809446
 20
41.684776363601806
 10
1205.3117180855586
 20
46.33993485467943
 10
1207.0402345984937
 20
64.56148951177005
 10
1207.7395717670447
 20
67.27298484069297
 10
1208.499894
 20
67.99999999999991
 10
1209.4768611797074
 20
67.66138641005347
 10
1210.034725
 20
66.790805
 10
1210.9732846287793
 20
60.252499869423325
 10
1210.9474362972958
 20
53.20261326070192
 10
1210.160841
 20
42.58963599999999
 10
1210.4491461730154
 20
40.602304700269784
 10
1211.1683134008865
 20
39.43277194967151
 10
1212.770633059245
 20
39.55829881332495
 10
1214.0466178484114
 20
40.696260888680435
 10
1215.038412
 20
42.825232999999955
 10
1216.9602514544129
 20
55.81010607475992
 10
1219.2054938599233
 20
92.33578433383205
 10
1221.0992321210479
 20
111.08427434080305
 10
1224.5040990667717
 20
121.9528337515661
 10
1225.753732
 20
129.47791100000003
 10
1225.099210206193
 20
130.8372140440884
 10
1220.243182
 20
131.0
 10
1218.1357118603764
 20
178.07106036498251
 10
1218.689291
 20
180.771141
 10
1222.603718
 20
188.267518
 10
1224.712719
 20
194.790837
 10
1221.640552
 20
199.92021400000002
 10
1221.813183
 20
207.157174
 10
1220.4907354555673
 20
214.01584739815357
 10
1216.6630324484734
 20
224.9245075806955
 10
1213.5875
 20
231.99854399999998
 10
1212.287542221667
 20
236.3594472832246
 10
1208.158613
 20
246.68091899999996
 10
1205.881233
 20
250.423859
 10
1202.91737292337
 20
253.44970023244997
 10
1201.544990158807
 20
254.16900506851422
 10
1200.342159
 20
254.2866579999999
 10
1199.3560079611277
 20
253.87409368443497
 10
1198.7486450323818
 20
252.9239694457278
 10
1199.0174027188034
 20
250.3560144848155
 10
1201.8303433397912
 20
243.19728639706418
 10
1202.588777
 20
239.422254
 10
1201.867351
 20
228.10979400000002
 10
1202.7687357688683
 20
215.7067229516662
 10
1202.348352
 20
213.92938700000002
 10
1200.6620358921098
 20
210.67952798271108
 10
1200.545561623548
 20
208.910798212674
 10
1202.188892
 20
203.32578900000004
 10
1204.7949048681844
 20
196.6787363792625
 10
1204.9774027623419
 20
190.22871320519806
 10
1204.5505988226932
 20
186.55689028589097
 10
1203.616631
 20
185.9999999999999
 10
1202.691271
 20
186.29504900000003
 10
1201.57929130604
 20
187.97078516298401
 10
1199.4255845555856
 20
194.32195963726502
 10
1198.299819
 20
196.47622299999995
 10
1196.65147
 20
197.828604
 10
1195.2637154288311
 20
197.24178630961902
 10
1194.691983
 20
184.620137
 10
1193.346866
 20
168.072609
 10
1193.8124424069135
 20
165.68857237833672
 10
1195.541343
 20
162.323819
 10
1196.7267872919256
 20
158.39770435222079
 10
1202.285409
 20
148.814954
  0
LWPOLYLINE
  5
A6
330
17
100
AcDbEntity
  8
0
100
AcDbPolyline
 90
2
 70
1
 10
711.4152880000001
 20
152.297734999999
 10
711.4152880000001
 20
152.29773499999897
  0
LWPOLYLINE
  5
A7
330
17
100
AcDbEntity
  8
0
100
AcDbPolyline
 90
12
 70
1
 10
1362.536252
 20
254.8066339999999
 10
1364.8131337113339
 20
255.88820374786405
 10
1366.9212870984625
 20
258.0414903504374
 10
1367.780560954009
 20
259.690679770868
 10
1367.0908218292702
 20
261.2469446710448
 10
1365.5409671247155
 20
261.74103262192
 10
1364.1238869149504
 20
261.6045272623495
 10
1362.3363390112
 20
260.7768669029499
 10
1361.2496285966415
 20
259.68698697126604
 10
1360.2714488509282
 20
257.7781518795965
 10
1360.219075
 20
256.360005
 10
1361.030522
 20
255.12981500000004
  0
LWPOLYLINE
  5
A8
330
17
100
AcDbEntity
  8
0
100
AcDbPolyline
 90
20
 70
1
 10
138.187894
 20
247.1252110000001
 10
155.84641830170224
 20
232.4539682075462
 10
170.06031611966725
 20
219.4998301594461
 10
175.45084607625952
 20
215.5013097513566
 10
176.966415
 20
213.606667
 10
178.52896016957916
 20
210.29828437531447
 10
179.541376
 20
209.997329
 10
180.4501720946747
 20
210.5297956507685
 10
180.9048101337875
 20
211.8923427043475
 10
180.90349639733
 20
213.915925527134
 10
178.95941652288982
 20
217.46674984466338
 10
173.25
 20
223.31111299999986
 10
163.05982499999996
 20
232.58307400000004
 10
143.6830490849988
 20
248.25616274267017
 10
132.37203736842062
 20
256.38547921849954
 10
124.84455261666201
 20
261.25861159124076
 10
121.86471689630231
 20
262.88878698631225
 10
120.94224803367877
 20
262.93811581275116
 10
120.4317037899013
 20
261.7866378183059
 10
121.65009434862112
 20
259.9241574533234
  0
LWPOLYLINE
  5
A9
330
17
100
AcDbEntity
  8
0
100
AcDbPolyline
 90
17
 70
1
 10
1401.320566
 20
243.3255579999998
 10
1402.48855650873
 20
243.15441962870992
 10
1403.586065
 20
243.589121
 10
1406.132542
 20
246.186138
 10
1407.6490016465707
 20
249.06328255802373
 10
1408.5674888570163
 20
253.6654014116164
 10
1408.453285529099
 20
257.09835378024803
 10
1407.6949160971155
 20
260.08415457671725
 10
1406.139216
 20
262.086681
 10
1403.2450762377662
 20
263.8526001553197
 10
1401.756503
 20
263.4346699999999
 10
1399.269731182764
 20
260.81692293511907
 10
1398.050838571461
 20
258.140025295039
 10
1397.4729770990866
 20
254.9514448658175
 10
1397.604575446169
 20
251.47881518146102
 10
1398.5577953193458
 20
247.45895616069598
 10
1399.7248315442876
 20
244.64482864206443
  0
LWPOLYLINE
  5
AA
330
17
100
AcDbEntity
  8
0
100
AcDbPolyline
 90
138
 70
1
 10
451.682721
 20
109.517323
 10
455.3453466757044
 20
79.00211501500549
 10
461.52917986246
 20
39.700376482540015
 10
462.852204
 20
36.94735
 10
465.486657
 20
35.51260900000002
 10
468.6906884522349
 20
35.720560279699
 10
470.986444
 20
36.69930200000002
 10
471.675487
 20
37.445177
 10
471.80618977689727
 20
39.10447938530586
 10
469.51644196445255
 20
55.211357709048634
 10
463.2468130408584
 20
107.35137397720652
 10
460.9449729999997
 20
121.02972900000012
 10
458.26742083625993
 20
155.28163193461384
 10
458.7372215448079
 20
160.88356836947526
 10
459.415754
 20
162.823654
 10
460.42190826979237
 20
164.05761497672225
 10
463.449175
 20
165.138297
 10
473.0
 20
165.506232
 10
473.0
 20
129.0
 10
468.07456701327163
 20
128.7845987396456
 10
466.7064324236799
 20
128.2537454302
 10
466.364534
 20
127.363471
 10
469.38660747543395
 20
110.893488803992
 10
470.742969
 20
108.194243
 10
471.36082316527893
 20
103.56527690020171
 10
472.4126749999999
 20
101.849934
 10
473.691546
 20
74.68872600000009
 10
477.4653932793404
 20
42.18224223499514
 10
478.4816567690503
 20
38.60502755267458
 10
479.9401849999999
 20
36.196521
 10
481.5015350493281
 20
35.54869831596575
 10
482.73945724262995
 20
36.54210498431599
 10
482.52456147054795
 20
44.020358484668
 10
481.261016
 20
52.958592
 10
482.9230110627629
 20
59.14693272033198
 10
484.81328881412276
 20
70.83829578284757
 10
484.2630959123251
 20
71.80740102957117
 10
482.138534617135
 20
72.369256555077
 10
481.23822676053527
 20
73.00680002870612
 10
480.20612844014227
 20
75.76441407808261
 10
478.684247789456
 20
89.9005206867995
 10
477.736003
 20
110.944166
 10
477.358718004077
 20
114.06065453144015
 10
476.295935
 20
115.409173
 10
476.02472704259344
 20
117.40434135940043
 10
476.29311440054664
 20
118.7054321374643
 10
477.4252399999986
 20
119.5436009999972
 10
479.196005
 20
155.55817099999996
 10
479.2051879999999
 20
165.056994
 10
480.33448998565086
 20
168.55655072353346
 10
487.2994934400903
 20
183.63046496884076
 10
487.774575
 20
186.637159
 10
487.3374309999999
 20
191.659108
 10
487.514202968416
 20
194.39729391843196
 10
490.57494750535784
 20
201.85371089908529
 10
491.48765357386804
 20
205.58355775161792
 10
491.60241583893753
 20
208.67445208325935
 10
490.494546
 20
211.867499
 10
490.1811983414553
 20
214.24043789492904
 10
490.9557839999999
 20
225.36325099999996
 10
490.2256627972749
 20
239.047416081374
 10
490.71760158872496
 20
242.11582174989064
 10
493.555863
 20
249.25686499999998
 10
493.9401329999999
 20
251.474934
 10
493.55750559805796
 20
252.35219713030153
 10
492.56081058930596
 20
252.80583488025948
 10
490.15538271715997
 20
252.298034725172
 10
487.85896647869555
 20
250.26067192623648
 10
484.5318114790945
 20
245.67623049221388
 10
482.3835589999999
 20
241.527775
 10
480.2214749999998
 20
234.6999269999998
 10
474.7529990905618
 20
222.15514562964492
 10
473.63902957922795
 20
217.83621271396973
 10
471.99136915240996
 20
215.321804233544
 10
471.40753260568
 20
213.66274155672798
 10
470.5544719999999
 20
197.949688
 10
469.983722
 20
195.953597
 10
467.925308
 20
192.649189
 10
467.6585629999999
 20
191.434549
 10
470.3657052565306
 20
184.48949662693494
 10
473.8105923017682
 20
178.23238507892853
 10
474.00879
 20
173.72784099999987
 10
473.59165457110373
 20
169.50610342873736
 10
473.0917241548917
 20
169.0711909195451
 10
472.19694539113533
 20
169.05593428499068
 10
462.228187130133
 20
171.2343001322486
 10
456.18779096885294
 20
171.091178862993
 10
455.5731506645229
 20
171.80289341041123
 10
455.80847018850505
 20
179.17220154160412
 10
454.133261002953
 20
199.31502184071675
 10
454.1859960095647
 20
202.47856657986767
 10
454.8794061587524
 20
204.94019183884689
 10
458.99587298229056
 20
214.12121997415952
 10
461.6813812648128
 20
222.95735368725948
 10
460.9929411095515
 20
225.97393207871735
 10
460.4713369999999
 20
234.530915
 10
458.3083142191449
 20
242.397189848459
 10
458.4787601809122
 20
245.87856020056267
 10
457.941596678735
 20
249.2632717553135
 10
456.12631099999993
 20
257.475386
 10
454.3850186534561
 20
260.9844535711235
 10
453.61130010804254
 20
267.96960092094866
 10
452.53235910815994
 20
270.114069736
 10
450.5128587337332
 20
270.2850393489953
 10
448.789169
 20
268.824024
 10
447.2386067594744
 20
265.2463658713028
 10
445.935444
 20
257.7798009999999
 10
444.75688686867846
 20
240.01651281794594
 10
444.4860821059181
 20
238.33364618554256
 10
443.401902577523
 20
236.58444976002926
 10
443.1027458133919
 20
234.781740386032
 10
443.21533
 20
230.689706
 10
444.3355474209279
 20
229.1203120497303
 10
444.5648329888
 20
228.15900667075
 10
445.49584329171086
 20
217.36192649710827
 10
447.9197816774705
 20
208.6996552863645
 10
448.52968802099997
 20
203.01208858755996
 10
447.96568959844495
 20
202.50322916585398
 10
446.9497446021103
 20
202.54714071318222
 10
445.1947979999999
 20
204.1304320000001
 10
440.4131249999999
 20
213.71015800000004
 10
439.86159
 20
216.345919
 10
437.84852378891884
 20
221.08178951433263
 10
434.187804
 20
227.592589
 10
432.80880321871786
 20
228.80173184259863
 10
431.372579415599
 20
228.920497640282
 10
430.2054368874197
 20
228.10175673495158
 10
429.743583
 20
226.349606
 10
431.2005049999999
 20
206.87508200000013
 10
431.69710174377803
 20
204.10628139108792
 10
432.35712889359115
 20
203.07815045994448
 10
432.718776
 20
201.383099
 10
433.39357637001496
 20
192.85976943131902
 10
434.8931748476179
 20
188.628369760834
 10
437.743860569002
 20
172.61079715516226
 10
439.77507634085197
 20
167.68833785438798
 10
444.061469631024
 20
160.03134514335602
 10
446.0153066515867
 20
154.1226618048347
  0
LWPOLYLINE
  5
AB
330
17
100
AcDbEntity
  8
0
100
AcDbPolyline
 90
100
 70
1
 10
1470.360913
 20
61.9861599999998
 10
1470.8298550385718
 20
78.94398563630419
 10
1471.570792144435
 20
81.49168442555998
 10
1472.393221260548
 20
81.81226185352776
 10
1473.22456537009
 20
81.41385166937006
 10
1473.9995898870548
 20
79.40707969417052
 10
1477.0101751018626
 20
57.32514053294203
 10
1477.68593
 20
54.218748999999995
 10
1478.6654077477697
 20
51.865572056301296
 10
1479.0927161978814
 20
46.257811717794496
 10
1479.802557639729
 20
43.27171084686004
 10
1481.7825411575864
 20
40.842950814941204
 10
1484.706296
 20
40.00000000000009
 10
1486.2094345372361
 20
40.257295905198475
 10
1487.468083237556
 20
40.98391710974004
 10
1488.3309821860998
 20
42.175659907498954
 10
1488.738431
 20
43.70083599999998
 10
1485.3789036025585
 20
75.56421436524914
 10
1478.3624630049226
 20
130.0306612987955
 10
1476.1542746471414
 20
160.03311015539396
 10
1476.3060568485002
 20
163.46743627577598
 10
1477.602152569807
 20
166.413553346162
 10
1480.249725658032
 20
167.89216702992
 10
1484.634176865935
 20
168.73694946524415
 10
1485.2757511239115
 20
169.43381548698144
 10
1485.4865986294358
 20
171.35802433711802
 10
1485.04491445307
 20
172.86335226146403
 10
1483.99058977073
 20
173.475330528955
 10
1474.5
 20
174.5
 10
1471.6364104830136
 20
203.98579090092673
 10
1471.8076400541995
 20
206.21171547621302
 10
1474.460297842017
 20
210.50268486399594
 10
1477.4192379309216
 20
216.98597983369962
 10
1479.5632498558998
 20
224.42621550858019
 10
1479.684302
 20
227.492534
 10
1478.8070003646967
 20
238.54398674727352
 10
1477.1275456031317
 20
243.8488867226228
 10
1475.6325341994511
 20
254.78863987953446
 10
1472.9474946992116
 20
262.58702747630235
 10
1471.6328101515114
 20
269.5412976083229
 10
1470.8862330207614
 20
271.0566581348985
 10
1469.317661
 20
271.8106839999999
 10
1467.719094
 20
271.4939110000001
 10
1466.085444
 20
270.13438300000007
 10
1465.115987
 20
268.482521
 10
1465.464638
 20
266.32812
 10
1463.923808189305
 20
262.37070637683
 10
1463.517923
 20
259.787882
 10
1462.7489476253336
 20
229.27914911429957
 10
1462.802826716964
 20
223.67527739405867
 10
1464.9483521458928
 20
215.961243633742
 10
1465.833925
 20
208.727754
 10
1465.7322347773884
 20
206.87816842620379
 10
1465.1927736315442
 20
206.1790383675547
 10
1464.2273842581722
 20
206.03308106408
 10
1462.5057335827594
 20
207.4022688931315
 10
1458.847435745804
 20
216.41181755654247
 10
1457.7957279427553
 20
221.25178178563212
 10
1456.133364338492
 20
223.02354175349794
 10
1453.8173091657725
 20
228.93415751066246
 10
1452.5364126186319
 20
230.50361305339263
 10
1450.7399706134431
 20
231.68805125061658
 10
1449.49027
 20
231.6346399999999
 10
1448.607904
 20
231.013264
 10
1448.0366654849786
 20
228.84890281890515
 10
1448.4359517425598
 20
224.221728337776
 10
1449.3314991868056
 20
219.83237684680574
 10
1450.327861572218
 20
217.7134620362359
 10
1449.32403
 20
214.84996699999996
 10
1449.3167098547362
 20
211.75962042988843
 10
1452.016923192224
 20
195.40053639752404
 10
1452.624995
 20
193.21455999999998
 10
1453.714648
 20
191.20972700000002
 10
1453.9904759175224
 20
188.9934825113085
 10
1453.7780717945384
 20
187.88771707168652
 10
1453.153711036935
 20
187.28908017795882
 10
1449.362461075944
 20
186.89640593299995
 10
1447.19378484478
 20
186.09267153791995
 10
1445.9696292823126
 20
185.09191839404542
 10
1445.3112167228646
 20
183.58315079194648
 10
1445.938949029842
 20
182.2065541297596
 10
1446.0290396104729
 20
180.61161215652083
 10
1447.094115
 20
144.956933
 10
1447.8381878664609
 20
141.18745082287148
 10
1449.8774828830337
 20
137.50380777789812
 10
1450.3648898887043
 20
134.0449597330319
 10
1449.321842
 20
129.971689
 10
1448.4995557205032
 20
128.88397274990194
 10
1446.2141842274714
 20
127.20234653315853
 10
1445.7891468332364
 20
125.52392825114299
 10
1447.74939
 20
122.88930800000001
 10
1456.739772
 20
116.190281
 10
1459.313299589359
 20
92.78248661209098
 10
1462.185674525992
 20
76.2017458984135
 10
1464.6313587285126
 20
48.93918989731275
 10
1465.876948430745
 20
42.534046660541506
 10
1466.9829351891265
 20
40.618624861777604
 10
1467.9649227404052
 20
40.07320021076442
 10
1469.3692515907212
 20
40.3427289964597
 10
1469.9979816870575
 20
41.74826562010771
  0
LWPOLYLINE
  5
AC
330
17
100
AcDbEntity
  8
0
100
AcDbPolyline
 90
56
 70
1
 10
1439.975595
 20
220.7460339999998
 10
1439.961712
 20
229.90317200000004
 10
1439.4510732816836
 20
231.152374425959
 10
1438.031733706162
 20
231.72216793024302
 10
1436.998831
 20
231.36050100000003
 10
1435.232788122607
 20
229.62293447886844
 10
1433.3133248209065
 20
226.36211580719194
 10
1425.9474952414814
 20
208.2274068622385
 10
1424.926271665364
 20
206.55197086781206
 10
1423.7194616885865
 20
205.48090887350378
 10
1422.886693
 20
205.57002700000007
 10
1422.2668572862897
 20
206.33512542485602
 10
1422.191724
 20
212.338773
 10
1423.931208
 20
214.960708
 10
1425.866975
 20
229.08514999999997
 10
1426.1559259037247
 20
238.27121110639112
 10
1425.501320413002
 20
250.129321067624
 10
1423.736631
 20
264.304317
 10
1422.394535
 20
268.75
 10
1421.181306
 20
270.639519
 10
1419.631411
 20
271.796335
 10
1418.039745
 20
272.021015
 10
1416.5042453458084
 20
271.11832668791203
 10
1415.6425159066573
 20
263.9349009613899
 10
1413.1258783282206
 20
255.25226649226533
 10
1412.106539
 20
244.753805
 10
1410.0971664384251
 20
235.69544574091498
 10
1409.291295662375
 20
227.34334986606555
 10
1409.4039296453425
 20
223.86269501739497
 10
1410.3106871258358
 20
219.49782920993547
 10
1415.040321
 20
208.20901000000003
 10
1415.7681473760151
 20
204.70500041720646
 10
1415.3313033342
 20
190.41906377542355
 10
1414.062136
 20
176.85291900000007
 10
1413.474649
 20
174.25607600000004
 10
1412.916314794772
 20
173.58406310708202
 10
1408.13819
 20
174.647112
 10
1406.1780850577697
 20
174.34197046666947
 10
1404.530836947121
 20
173.464919041439
 10
1403.3939193701344
 20
172.1258610158411
 10
1403.0449082316945
 20
171.07968651251693
 10
1403.122243
 20
169.195722
 10
1403.533705
 20
168.470299
 10
1409.0067284746694
 20
167.2684085833256
 10
1413.6792952751937
 20
164.46360143114237
 10
1417.230047
 20
163.25324200000003
 10
1422.9863429283414
 20
160.19538773164865
 10
1424.1499079122125
 20
159.8022728332557
 10
1424.915272530648
 20
160.00270177118395
 10
1426.121726
 20
162.95519999999996
 10
1430.6236119616615
 20
170.55966495427282
 10
1432.709749647815
 20
174.92952649877347
 10
1434.3525893717062
 20
186.1137438910328
 10
1436.855479
 20
197.67622999999998
 10
1437.8960834042987
 20
205.47645593009804
 10
1439.6623486501467
 20
211.10424284593998
  0
LWPOLYLINE
  5
AD
330
17
100
AcDbEntity
  8
0
100
AcDbPolyline
 90
2
 70
1
 10
1232.972925999995
 20
192.1468750000003
 10
1232.972925999995
 20
192.14687500000036
  0
LWPOLYLINE
  5
AE
330
17
100
AcDbEntity
  8
0
100
AcDbPolyline
 90
47
 70
0
 10
902.747692999983
 20
237.5944049999816
 10
931.6814149914238
 20
267.59405332113573
 10
934.735745883216
 20
271.83582910836805
 10
934.2157184968273
 20
273.1740198632993
 10
932.9614391210839
 20
273.970629721114
 10
929.9251711368759
 20
273.5413508471119
 10
927.4825879999999
 20
272.2153639999999
 10
904.4578932844556
 20
253.76533454366754
 10
888.6107596619679
 20
240.05413996497606
 10
883.4410857359774
 20
234.79297654469997
 10
856.1268307141311
 20
203.65745524085443
 10
823.975103
 20
163.78822100000008
 10
821.292191
 20
159.623404
 10
819.778254
 20
155.430387
 10
814.7899346235586
 20
131.85421602009262
 10
813.8356550277604
 20
125.16361133689702
 10
812.29375
 20
121.92318600000002
 10
811.679573928854
 20
115.82232502203176
 10
809.79522555983
 20
111.40634022308696
 10
806.2515783428472
 20
93.33617753428234
 10
802.9258079999998
 20
72.53431199999946
 10
798.075253478896
 20
45.855818587878495
 10
797.5832052007703
 20
41.4513027867771
 10
797.87767
 20
37.785658000000005
 10
799.245317
 20
35.10186700000001
 10
800.8363261625834
 20
34.47827150907134
 10
801.8726635400068
 20
34.84163238321983
 10
802.7905999999999
 20
36.03123499999998
 10
804.9795731699273
 20
44.08441045276694
 10
807.03243868737
 20
57.81969146650699
 10
809.2331019999999
 20
65.94000999999999
 10
812.5985989863246
 20
86.18327002855041
 10
818.9481089999999
 20
119.735007
 10
819.726716
 20
122.130898
 10
820.6775422085136
 20
123.58931443668232
 10
821.2236950301633
 20
127.9530777942159
 10
822.7745455314978
 20
130.71429589597327
 10
823.3093557238756
 20
134.31949738104066
 10
825.561468
 20
139.593896
 10
829.4480855764517
 20
146.54602004186216
 10
842.319550969869
 20
165.84789489356595
 10
848.849041
 20
176.850781
 10
853.2687449999999
 20
182.94608600000004
 10
860.8523889999999
 20
192.07942499999996
 10
861.6001019999995
 20
194.0680899999995
 10
879.2450759038194
 20
213.28066317646824
 10
902.7476930000412
 20
237.59440500001074
  0
LWPOLYLINE
  5
AF
330
17
100
AcDbEntity
  8
0
100
AcDbPolyline
 90
39
 70
1
 10
269.9776699999997
 20
102.013035
 10
269.97309676441216
 20
182.44750281521908
 10
269.7200612587709
 20
191.21706400661245
 10
268.4711696196506
 20
193.25023805256694
 10
268.035724
 20
195.61344
 10
268.284046
 20
197.48844
 10
269.462391
 20
198.972659
 10
269.669982
 20
200.47576
 10
267.7304621326202
 20
211.51018050017584
 10
265.701828259824
 20
231.271108699616
 10
260.214006
 20
274.155616
 10
259.3410530204775
 20
275.9351496030825
 10
257.42162334641785
 20
276.90293092056294
 10
255.341707
 20
276.587076
 10
254.20042571474627
 20
274.90907741562063
 10
259.6762115559374
 20
220.96075697088602
 10
261.8823477404825
 20
192.863270769941
 10
262.9505700000001
 20
173.112432
 10
262.52785199054046
 20
169.76101246020758
 10
261.60508265608894
 20
169.365294642238
 10
258.49576325769783
 20
170.02760599303886
 10
257.89617819202834
 20
169.14796045520083
 10
257.76090869953447
 20
166.53487817251195
 10
257.842677
 20
163.151913
 10
258.3730640703315
 20
161.15022100621002
 10
259.681238984997
 20
159.519357740224
 10
263.111717
 20
156.7669629999999
 10
262.01578800000016
 20
80.22374199999979
 10
260.02812200000017
 20
43.47415799999974
 10
260.42413219443915
 20
38.70894195337622
 10
261.38309106711876
 20
37.36506064706131
 10
262.70851280644746
 20
36.786837299674005
 10
264.73431522241
 20
36.937621586728
 10
266.01425356064334
 20
37.86719475091937
 10
266.928401
 20
39.35614100000001
 10
267.45325854044233
 20
41.394246092336004
 10
268.9713209534615
 20
78.10195941951064
 10
269.39447300000006
 20
85.50924299999902
 10
269.8011709999992
 20
86.85017199999083
  0
LWPOLYLINE
  5
B0
330
17
100
AcDbEntity
  8
0
100
AcDbPolyline
 90
37
 70
1
 10
1795.042187000001
 20
287.011812
 10
1815.7374842393485
 20
285.97182571288386
 10
1825.3137040656766
 20
285.03066615779113
 10
1827.6503196198628
 20
283.525275006665
 10
1830.988404
 20
277.243323
 10
1833.280311
 20
271.0157549999999
 10
1834.238280437235
 20
264.14673531290697
 10
1835.51562
 20
261.356611
 10
1835.6964428065983
 20
249.35621418386575
 10
1835.0956219479099
 20
236.4419924813455
 10
1834.087576041185
 20
227.6716365908451
 10
1833.7356573073282
 20
225.94062622771764
 10
1832.3247625681217
 20
223.32431882801183
 10
1831.4089244135246
 20
217.2476813368411
 10
1829.170636
 20
210.151643
 10
1819.5782647019043
 20
173.64219201303155
 10
1818.504046
 20
170.52373899999986
 10
1817.2923963647727
 20
168.97051523233313
 10
1815.262301678527
 20
168.101271168531
 10
1813.717494
 20
167.953883
 10
1804.2913817889041
 20
168.67766376264296
 10
1787.135626
 20
172.2683849999999
 10
1785.3706339538721
 20
173.31737617491967
 10
1785.891868128844
 20
175.656643702867
 10
1788.6442966217023
 20
182.3437150290825
 10
1789.250444
 20
185.40548699999997
 10
1791.4717379257463
 20
190.65339075771382
 10
1794.808208
 20
205.875819
 10
1796.6017729646442
 20
221.320024553483
 10
1796.345169831016
 20
235.23531208573598
 10
1792.915019
 20
254.68964399999996
 10
1785.911750918556
 20
272.13769808537506
 10
1777.502654
 20
282.996036
 10
1774.856881466128
 20
285.676148918046
 10
1774.2210769768944
 20
287.02159592152304
 10
1774.703292
 20
287.580565
 10
1777.298811
 20
287.962468
  0
LWPOLYLINE
  5
B1
330
17
100
AcDbEntity
  8
0
100
AcDbPolyline
 90
20
 70
1
 10
1321.794969
 20
285.437587
 10
1321.1273519922463
 20
286.6654688678959
 10
1320.139154568217
 20
287.2053742726945
 10
1318.248865
 20
287.656964
 10
1315.3983198594508
 20
287.6559472606335
 10
1309.5
 20
286.533581
 10
1302.909007815197
 20
284.2568821553835
 10
1297.533408143889
 20
280.9505766528115
 10
1293.331600055924
 20
277.01144624392805
 10
1289.2713108112068
 20
272.24754087257907
 10
1288.6915695676512
 20
271.0202628297207
 10
1288.8634647951399
 20
269.76484845868
 10
1289.4970460702193
 20
268.9715377051597
 10
1290.80738
 20
268.393176
 10
1294.6860547262318
 20
268.50201401818026
 10
1304.512903
 20
271.07669999999996
 10
1309.59788951102
 20
273.030428113368
 10
1313.695976
 20
275.655448
 10
1318.5201008608728
 20
280.0740704314795
 10
1320.9649239584571
 20
283.01582693053297
  0
LWPOLYLINE
  5
B2
330
17
100
AcDbEntity
  8
0
100
AcDbPolyline
 90
17
 70
1
 10
1368.078454
 20
288.958013
 10
1365.456111
 20
289.7142740000001
 10
1362.344326
 20
289.4871219999999
 10
1359.549438221426
 20
288.6312650675157
 10
1355.3377915896715
 20
286.5516239837598
 10
1350.5726033388287
 20
283.4735848887387
 10
1347.8550786392884
 20
281.13980573803747
 10
1346.2905732823524
 20
278.895627910199
 10
1346.30654316206
 20
276.48236569061464
 10
1347.542822
 20
275.345194
 10
1350.6231595563806
 20
275.02093355102375
 10
1357.0433006788778
 20
277.42936263595936
 10
1362.274876657072
 20
280.12808153166
 10
1366.6199294685277
 20
282.99266228136895
 10
1368.2995916587388
 20
284.85362261504696
 10
1369.4830559789052
 20
287.361366799184
 10
1369.1641085815108
 20
288.2079005111546
  0
LWPOLYLINE
  5
B3
330
17
100
AcDbEntity
  8
0
100
AcDbPolyline
 90
43
 70
1
 10
83.452037
 20
278.300789
 10
84.24319340418195
 20
278.6244909845363
 10
93.03335976323382
 20
282.69480816273904
 10
98.86896351634614
 20
284.91143569553094
 10
104.41865387848156
 20
286.3882369414051
 10
109.62236686118342
 20
286.9178552919836
 10
114.95003125483038
 20
286.58548031830753
 10
120.25043399232361
 20
285.41285609735195
 10
125.98589012955414
 20
283.21131617569546
 10
132.1481193439646
 20
280.22573618588956
 10
137.64399432878923
 20
276.9905664243733
 10
143.11549266728116
 20
273.02167104872456
 10
147.91421953144703
 20
268.9709858995645
 10
151.93077481963834
 20
264.78446960771663
 10
162.320095
 20
251.30791600000003
 10
163.23151033544775
 20
248.54571322553699
 10
166.26121627670642
 20
245.08404194147778
 10
167.440625
 20
242.238332
 10
169.45110107480292
 20
239.8118087587714
 10
170.7186
 20
235.862923
 10
174.71864516959545
 20
231.05805850025266
 10
177.118681
 20
228.64918200000002
 10
177.648702912419
 20
228.554824736984
 10
177.93245973717103
 20
229.68909884945356
 10
177.15044426382053
 20
235.611484242548
 10
175.5302572631785
 20
242.36279796492602
 10
172.73129
 20
247.757922
 10
166.06674455097402
 20
257.610917331911
 10
160.333517819212
 20
265.02204855947406
 10
153.28175008714388
 20
272.5170050887564
 10
146.0
 20
278.485859
 10
138.4633444034223
 20
283.03286154418873
 10
129.21384475489504
 20
287.49496077987203
 10
121.24992985557893
 20
290.495681112141
 10
114.53005811971302
 20
291.7375166412739
 10
107.41947027139388
 20
291.6750779816695
 10
101.940033986704
 20
290.678317051936
 10
98.309731
 20
289.580527
 10
89.4174923145326
 20
285.67381669662797
 10
84.44427743400149
 20
282.518009997433
 10
80.23710699999995
 20
278.6495
 10
80.01014468939997
 20
278.00884216758
 10
80.526150519553
 20
277.25188293928045
  0
LWPOLYLINE
  5
B4
330
17
100
AcDbEntity
  8
0
100
AcDbPolyline
 90
16
 70
1
 10
1394.076818
 20
278.2002889999999
 10
1396.2934340652996
 20
278.5591042410745
 10
1398.2567776776482
 20
279.85786771023885
 10
1401.5376854345106
 20
283.2323255213565
 10
1403.8998068826272
 20
286.55338124012286
 10
1404.846228
 20
288.949119
 10
1405.0276532794835
 20
290.9750057288159
 10
1404.530300035226
 20
292.81112900682
 10
1402.929319087332
 20
294.45448507457996
 10
1400.1638341934486
 20
294.93055073201634
 10
1397.5995615484476
 20
294.06778103966866
 10
1394.963296231827
 20
292.13274277281585
 10
1391.886621512455
 20
288.6860317046065
 10
1391.144653
 20
286.114194
 10
1391.5063463461527
 20
280.1754995255837
 10
1392.2007611286601
 20
278.82602845865006
  0
LWPOLYLINE
  5
B5
330
17
100
AcDbEntity
  8
0
100
AcDbPolyline
 90
17
 70
1
 10
1561.939528
 20
294.5728649999999
 10
1559.7301382890637
 20
295.8607114649762
 10
1556.437720743243
 20
295.55608349098196
 10
1552.6458419268724
 20
294.08121015937417
 10
1548.534113
 20
291.44503399999996
 10
1544.310001755802
 20
287.6853372234642
 10
1539.375192
 20
281.88207099999994
 10
1537.98035
 20
278.698997
 10
1538.3052532885245
 20
277.19720734328047
 10
1539.755884259265
 20
276.20873893232755
 10
1540.979764
 20
276.0000000000001
 10
1545.4280718188004
 20
276.7328967231591
 10
1551.7105675704306
 20
279.3040694436888
 10
1556.657714
 20
282.40228699999994
 10
1559.724618
 20
285.34305499999994
 10
1561.860718
 20
288.85953000000006
 10
1562.693218
 20
292.186065
  0
LWPOLYLINE
  5
B6
330
17
100
AcDbEntity
  8
0
100
AcDbPolyline
 90
2
 70
1
 10
130.75
 20
296.0334529999999
 10
130.75
 20
296.03345299999995
  0
LWPOLYLINE
  5
B7
330
17
100
AcDbEntity
  8
0
100
AcDbPolyline
 90
16
 70
1
 10
1255.657899
 20
301.449119
 10
1254.5091356380563
 20
302.6509716851809
 10
1251.123786918813
 20
302.94414875662113
 10
1246.5679810326308
 20
302.17121059192095
 10
1241.6859528628572
 20
300.3281079364057
 10
1237.488616
 20
297.80483799999996
 10
1232.212858905828
 20
293.23182367261603
 10
1230.3354707879892
 20
291.33300996415954
 10
1230.1708747808584
 20
289.4164835919377
 10
1231.366394368853
 20
288.3362429594796
 10
1234.1008158366024
 20
288.48806919289785
 10
1239.747776
 20
289.74684600000006
 10
1246.1322806335754
 20
292.1187457253923
 10
1249.7459700474378
 20
293.9646565132185
 10
1252.6000293327497
 20
296.1003730619628
 10
1255.123083234613
 20
299.02893551871693
  0
LWPOLYLINE
  5
B8
330
17
100
AcDbEntity
  8
0
100
AcDbPolyline
 90
13
 70
1
 10
1536.089808
 20
303.391787
 10
1533.879021171072
 20
304.699761701008
 10
1530.569616
 20
304.676719
 10
1524.661334195947
 20
302.86807354754956
 10
1523.462073648069
 20
302.1103656144952
 10
1523.1837456010335
 20
301.2371379652773
 10
1524.0277344645901
 20
299.8640698070475
 10
1525.093239
 20
299.400387
 10
1529.558869999999
 20
299.015313
 10
1532.1226385331502
 20
299.23897755339993
 10
1534.7762522333082
 20
299.96314662098945
 10
1536.49987
 20
301.20636199999996
 10
1536.8405482163898
 20
302.15846257124497
  0
LWPOLYLINE
  5
B9
330
17
100
AcDbEntity
  8
0
100
AcDbPolyline
 90
2
 70
1
 10
1841.990392
 20
278.147918
 10
1841.9903920000002
 20
278.1479179999999
  0
LWPOLYLINE
  5
BA
330
17
100
AcDbEntity
  8
0
100
AcDbPolyline
 90
17
 70
1
 10
1285.698683
 20
294.38159
 10
1292.6558724033825
 20
297.22905992156996
 10
1298.057218747926
 20
300.71439941987
 10
1301.4677098915577
 20
304.41180443175296
 10
1301.5028934712961
 20
306.5775698475307
 10
1300.946949
 20
307.5639220000001
 10
1299.57669
 20
308.517952
 10
1296.8885973972494
 20
308.81830420008845
 10
1287.6492310864107
 20
307.09062974435614
 10
1281.4678699122808
 20
304.6541462933783
 10
1274.5728298453075
 20
300.1214566402999
 10
1272.340888
 20
298.06810099999984
 10
1271.34835088958
 20
296.5731825153799
 10
1271.0180216216627
 20
294.568451743324
 10
1271.7955044747168
 20
293.4236878063943
 10
1273.496066
 20
293.062994
 10
1278.8523804327765
 20
293.0870772202512
  0
LWPOLYLINE
  5
BB
330
17
100
AcDbEntity
  8
0
100
AcDbPolyline
 90
69
 70
0
 10
813.9552060000132
 20
271.9406250000174
 10
823.7189072232146
 20
290.3090916776364
 10
826.9357769999999
 20
295.4959719999999
 10
832.7579774659839
 20
307.58238790742655
 10
832.9606845012241
 20
309.47226086481396
 10
832.4076129999999
 20
310.481016
 10
831.409138786133
 20
310.9401590984725
 10
829.97146257848
 20
310.6572176155925
 10
827.3448393882367
 20
308.7657969549876
 10
823.9147669999999
 20
304.5820320000002
 10
806.398132999997
 20
278.8483489999953
 10
805.8958309999999
 20
277.185437
 10
799.101963
 20
267.086427
 10
779.4668479999998
 20
231.25017499999973
 10
777.2503120891452
 20
227.8719757271037
 10
766.2807095046326
 20
204.71238066525092
 10
765.7785549999971
 20
201.6100639999931
 10
758.5938170000081
 20
179.70334900003218
 10
751.4292795452258
 20
158.00329193044186
 10
747.4036764334513
 20
147.98418955277933
 10
746.6081183958311
 20
144.7899862218985
 10
745.647855508745
 20
137.7759465492299
 10
743.7487104606561
 20
109.52470694523592
 10
742.8801366496067
 20
80.53311852473804
 10
742.8587619382431
 20
46.6079350217846
 10
743.321808960923
 20
36.82319818353746
 10
743.86767678645
 20
34.86698202096248
 10
744.635923
 20
34.30946799999998
 10
745.992504525386
 20
34.25488279688201
 10
747.1036339999999
 20
35.035065
 10
748.3194095887826
 20
37.627511220080294
 10
749.0845099999997
 20
47.643274999996585
 10
750.0014842992194
 20
109.99076196191336
 10
750.598452
 20
123.41779799999993
 10
751.6490570000001
 20
135.19216399999996
 10
752.7718949366979
 20
140.34183123969197
 10
756.093246
 20
149.491136
 10
759.3265244274432
 20
156.29750028996253
 10
760.246733
 20
160.42143500000003
 10
761.823552
 20
162.182934
 10
764.4130071317129
 20
167.98356850645368
 10
765.149320162956
 20
168.71570879990605
 10
766.1505926553281
 20
168.26919252324006
 10
771.3233139999999
 20
153.387705
 10
771.174318652247
 20
150.1507704442592
 10
772.3943996367642
 20
147.58369648992695
 10
773.221444
 20
143.6187389999999
 10
775.3840900529171
 20
125.93968143809303
 10
776.8654430673593
 20
104.34764855862538
 10
778.3275133598468
 20
50.527611655591976
 10
779.2538768137853
 20
35.908810502791624
 10
779.903636
 20
34.61611200000004
 10
781.1293672873729
 20
33.62895099771474
 10
782.7428497740369
 20
33.1362883132215
 10
784.5773819793105
 20
33.15007644195557
 10
787.9002487979251
 20
34.32540193918499
 10
792.18016
 20
37.264474
 10
791.441840164335
 20
78.9363369117008
 10
790.4647539999999
 20
103.628783
 10
787.5089253563871
 20
123.79258724653224
 10
784.8392701263355
 20
135.87108265149755
 10
780.812244
 20
149.645661
 10
773.12680580392
 20
167.389069803832
 10
770.9066423872107
 20
170.39808265141295
 10
767.745984
 20
173.12699299999997
 10
767.0096421407607
 20
174.76814422220573
 10
771.161208
 20
185.6782359999999
 10
782.6477788577404
 20
211.47070100274277
 10
813.9552060000133
 20
271.94062499990105
  0
LWPOLYLINE
  5
BC
330
17
100
AcDbEntity
  8
0
100
AcDbPolyline
 90
15
 70
1
 10
1375.022223
 20
307.7083569999999
 10
1375.317898007877
 20
307.93110521853544
 10
1375.8615556699606
 20
309.19902073040004
 10
1374.9313302198047
 20
310.29302113024175
 10
1372.020989982489
 20
311.4835252991911
 10
1369.0992680383608
 20
311.9709072858039
 10
1364.0154267082926
 20
311.67796200280503
 10
1360.475091
 20
310.964056
 10
1354.7918433599434
 20
308.5046939072663
 10
1354.2170825477035
 20
307.54539207791396
 10
1354.2795393567085
 20
306.4288307772706
 10
1355.174417546016
 20
305.3771979682239
 10
1356.150863
 20
305.092706
 10
1368.566752
 20
305.430462
 10
1371.5703379409417
 20
306.0873230546884
  0
LWPOLYLINE
  5
BD
330
17
100
AcDbEntity
  8
0
100
AcDbPolyline
 90
12
 70
1
 10
1426.440932
 20
304.0737430000001
 10
1428.3568122692768
 20
303.07094145500093
 10
1430.2415078002168
 20
303.3240610896925
 10
1431.373477967339
 20
304.9253057058348
 10
1431.731615
 20
307.247055
 10
1431.202569775517
 20
310.0328352460634
 10
1429.927599610608
 20
312.362811488288
 10
1427.3982279210156
 20
314.35456131967095
 10
1425.76129520189
 20
314.9044489996774
 10
1423.948216341436
 20
313.0749624250513
 10
1423.473627
 20
310.798249
 10
1424.335971
 20
307.101489
  0
LWPOLYLINE
  5
BE
330
17
100
AcDbEntity
  8
0
100
AcDbPolyline
 90
16
 70
1
 10
1281.077045
 20
324.126817
 10
1280.8732439034604
 20
326.197390557255
 10
1279.137952
 20
327.27152399999994
 10
1273.805913
 20
327.886978
 10
1266.635084970959
 20
327.82540455098746
 10
1261.7909863215432
 20
327.3090809745365
 10
1256.5654864574667
 20
325.946726786119
 10
1253.1945786197755
 20
324.13873914618836
 10
1252.5
 20
322.415371
 10
1253.208966
 20
320.932113
 10
1256.0427182035169
 20
319.71140564217166
 10
1261.640697437814
 20
319.1784040403475
 10
1268.5253286507775
 20
319.2068343592825
 10
1274.046089794632
 20
319.9415007664534
 10
1277.130988644317
 20
320.89654368539516
 10
1279.3974030909162
 20
322.0148562389216
  0
LWPOLYLINE
  5
BF
330
17
100
AcDbEntity
  8
0
100
AcDbPolyline
 90
2
 70
1
 10
1600.237201999999
 20
318.4416530000001
 10
1600.2372019999987
 20
318.4416530000001
  0
LWPOLYLINE
  5
C0
330
17
100
AcDbEntity
  8
0
100
AcDbPolyline
 90
35
 70
1
 10
1382.031250000002
 20
325.9894260000019
 10
1401.492431692346
 20
327.229081803256
 10
1406.849607
 20
327.368723
 10
1408.048593734754
 20
327.08113217453615
 10
1408.8865843258827
 20
325.5736524140525
 10
1408.716097117951
 20
323.58849454540547
 10
1405.568942
 20
315.927811
 10
1405.096611
 20
313.717942
 10
1405.2872613908676
 20
312.60327779861825
 10
1405.936086610717
 20
311.70706695117804
 10
1407.8424324246541
 20
311.1501385184019
 10
1410.440302
 20
312.0136490000001
 10
1412.6962745666817
 20
313.68022744674084
 10
1415.817096793696
 20
319.743590631006
 10
1420.027239468301
 20
325.17282821621666
 10
1422.6666749638725
 20
327.152394305136
 10
1425.926139
 20
328.372063
 10
1431.339005867999
 20
329.3018763303055
 10
1476.3724776272127
 20
333.3668674428889
 10
1485.326272
 20
333.658589
 10
1490.142451
 20
333.261132
 10
1490.7133203655874
 20
333.54068245762744
 10
1490.896336
 20
334.149407
 10
1490.3775315730256
 20
335.58274211265064
 10
1489.2273027606711
 20
336.9202039813058
 10
1483.329893
 20
342.5018170000001
 10
1480.714452
 20
343.654297
 10
1477.178334
 20
343.813762
 10
1427.500000000001
 20
339.0113069999998
 10
1348.504997
 20
329.4344060000001
 10
1334.2056919377878
 20
326.09480051951516
 10
1333.4853229587661
 20
325.1237346457584
 10
1333.830974594355
 20
324.15428911538606
 10
1336.9610101960268
 20
323.3379087706005
 10
1342.999999999999
 20
323.4382409999998
  0
LWPOLYLINE
  5
C1
330
17
100
AcDbEntity
  8
0
100
AcDbPolyline
 90
14
 70
1
 10
1273.469883
 20
346.8578500000002
 10
1272.4271185349019
 20
346.44021465110404
 10
1271.719547
 20
345.567793
 10
1271.7058488592625
 20
343.9759560746711
 10
1273.5035416125775
 20
342.12209244820133
 10
1275.9240983417958
 20
340.778290851378
 10
1283.253937126503
 20
338.11153186470654
 10
1286.4014156388794
 20
338.1608145905455
 10
1287.983824
 20
338.637167
 10
1288.7234532065925
 20
339.32288672807243
 10
1288.831919
 20
340.325632
 10
1287.7572775831686
 20
342.1799785897641
 10
1284.0801458560813
 20
344.41078418522096
 10
1277.764497
 20
346.633172
  0
LWPOLYLINE
  5
C2
330
17
100
AcDbEntity
  8
0
100
AcDbPolyline
 90
11
 70
1
 10
1366.654988
 20
346.9999999999999
 10
1368.201686
 20
347.367302
 10
1368.92882
 20
348.346553
 10
1368.8343527654304
 20
349.44886580220145
 10
1367.7817482769722
 20
351.05085411344527
 10
1365.048549627028
 20
352.78701595726795
 10
1363.310518070888
 20
352.933236186392
 10
1361.9113455399681
 20
352.44075445193596
 10
1361.2864658597932
 20
350.9056952030355
 10
1362.3144798622573
 20
349.252358260249
 10
1364.661283
 20
347.4756429999998
  0
LWPOLYLINE
  5
C3
330
17
100
AcDbEntity
  8
0
100
AcDbPolyline
 90
2
 70
1
 10
1317.867188
 20
343.285508
 10
1317.867188
 20
343.28550800000005
  0
LWPOLYLINE
  5
C4
330
17
100
AcDbEntity
  8
0
100
AcDbPolyline
 90
18
 70
1
 10
1431.531329
 20
364.8962280000001
 10
1429.7485141069478
 20
364.5309605074111
 10
1428.7041379090679
 20
363.6669643669045
 10
1428.56070162522
 20
362.08784300342995
 10
1429.2881544267507
 20
360.7246667853195
 10
1434.010039
 20
356.588256
 10
1439.8047725524136
 20
353.19153392564306
 10
1446.00587905352
 20
350.9893872875574
 10
1451.893459311059
 20
350.1588843602704
 10
1456.650583
 20
350.8362839999999
 10
1457.6056103331052
 20
351.29822887179375
 10
1458.8288809620328
 20
352.93730176776296
 10
1458.8141976462448
 20
354.99464636025294
 10
1457.104284493847
 20
357.078875744001
 10
1453.244498731153
 20
359.9342867075511
 10
1449.2920538295432
 20
361.91891724462874
 10
1446.0160586279974
 20
363.08594985795304
 10
1442.1850848670847
 20
363.880995223957
  0
LWPOLYLINE
  5
C5
330
17
100
AcDbEntity
  8
0
100
AcDbPolyline
 90
20
 70
1
 10
1399.335171
 20
346.7679670000002
 10
1400.6186403994807
 20
346.86956601852546
 10
1402.879351383112
 20
347.97498646341717
 10
1403.747697
 20
348.92556099999996
 10
1404.45674388171
 20
351.15906480719497
 10
1403.752263
 20
353.394013
 10
1399.8245106978259
 20
357.8931216638283
 10
1396.5129341789036
 20
360.1225720634999
 10
1392.7821975553234
 20
361.89823583858356
 10
1385.717509
 20
363.930256
 10
1379.2244915673086
 20
365.21474574676427
 10
1378.1168115390988
 20
365.0291370927154
 10
1376.882910228225
 20
364.19297248239997
 10
1376.439816
 20
363.3682970000001
 10
1376.4129811189075
 20
361.9788996812887
 10
1377.8820917335984
 20
359.4741098984227
 10
1382.701955
 20
354.3937
 10
1386.3701448542774
 20
351.3380840795775
 10
1390.505494
 20
348.952441
 10
1394.813458201787
 20
347.4282164676136
  0
LWPOLYLINE
  5
C6
330
17
100
AcDbEntity
  8
0
100
AcDbPolyline
 90
16
 70
1
 10
1481.670175
 20
355.0432670000001
 10
1484.687424013753
 20
354.07155201166114
 10
1486.6027580178006
 20
354.0790417703552
 10
1487.550361
 20
354.56287700000007
 10
1487.9750152277575
 20
356.09198176913
 10
1487.8485459643746
 20
358.0540202993685
 10
1486.1179082023266
 20
361.183046920212
 10
1482.8372
 20
364.245555
 10
1478.491762220515
 20
366.77262644514883
 10
1474.6736955367523
 20
368.00154108593995
 10
1472.0344305310794
 20
367.5585364044196
 10
1471.3855482650665
 20
366.9278236415834
 10
1471.0
 20
365.687091
 10
1471.31839775927
 20
363.9698820562576
 10
1472.231259
 20
362.4809670000001
 10
1476.562697
 20
358.41592599999996
  0
LWPOLYLINE
  5
C7
330
17
100
AcDbEntity
  8
0
100
AcDbPolyline
 90
16
 70
1
 10
1243.225022
 20
357.3093180000002
 10
1244.2356945305996
 20
357.5284950435127
 10
1245.6079229770564
 20
358.92980314902354
 10
1245.805861
 20
359.944849
 10
1245.2627850515141
 20
362.497334151986
 10
1243.75
 20
364.62373800000006
 10
1238.3689553470215
 20
368.8627349369868
 10
1233.626534185465
 20
371.0188179362144
 10
1226.955006
 20
372.597584
 10
1220.003828
 20
372.931133
 10
1218.4030073334213
 20
372.0092308148738
 10
1218.231999911806
 20
369.908902756389
 10
1219.5660487930904
 20
367.942901324635
 10
1226.6728096241973
 20
362.7897915945545
 10
1231.7313001994048
 20
360.11253287849456
 10
1236.5031538302521
 20
358.22047079666214
  0
LWPOLYLINE
  5
C8
330
17
100
AcDbEntity
  8
0
100
AcDbPolyline
 90
17
 70
1
 10
1465.963645
 20
385.543805
 10
1465.4607098292374
 20
386.0383857148454
 10
1464.2251812289605
 20
386.6750029415294
 10
1461.184344443014
 20
386.858078385526
 10
1457.5404021660788
 20
386.510413208163
 10
1453.70626
 20
385.591921
 10
1450.5174395603883
 20
384.2110206893785
 10
1448.370334771318
 20
382.7174855809299
 10
1447.17407313575
 20
381.2998281683825
 10
1447.477719
 20
380.199507
 10
1449.0704360043628
 20
379.3387560512369
 10
1453.3767340108284
 20
379.0145492915926
 10
1457.285200385384
 20
379.17504857338065
 10
1460.931503788035
 20
379.95646026331667
 10
1464.925911
 20
381.52811700000007
 10
1466.1553007096863
 20
382.5113694402396
 10
1466.650961573993
 20
383.83474687552103
  0
LWPOLYLINE
  5
C9
330
17
100
AcDbEntity
  8
0
100
AcDbPolyline
 90
16
 70
1
 10
1319.941144
 20
373.5709169999999
 10
1321.882182
 20
372.497487
 10
1326.1645755852383
 20
372.63850647067085
 10
1330.1419461445912
 20
373.80543509776425
 10
1333.9883239791507
 20
375.74010650281036
 10
1336.300071
 20
377.63724699999995
 10
1338.933095
 20
381.037192
 10
1340.408841
 20
384.39070999999996
 10
1340.2748892060595
 20
386.05828856522197
 10
1338.858071747291
 20
387.387762246994
 10
1336.536501599445
 20
387.5981490299268
 10
1333.764394
 20
386.876833
 10
1330.1290863487172
 20
384.980862804628
 10
1324.7935850582408
 20
380.8893971172365
 10
1320.3471578768717
 20
376.7693720002163
 10
1319.407564494919
 20
375.20905481740397
  0
LWPOLYLINE
  5
CA
330
17
100
AcDbEntity
  8
0
100
AcDbPolyline
 90
49
 70
1
 10
1822.167136
 20
288.710756
 10
1823.593559
 20
289.2602249999998
 10
1823.662831
 20
290.414585
 10
1815.5294845645383
 20
300.2087368468567
 10
1806.1462114327787
 20
309.49831382009756
 10
1796.626907
 20
317.023666
 10
1785.6016858089602
 20
324.1576666844497
 10
1773.4443202389843
 20
330.6648707850989
 10
1764.876881
 20
334.56321
 10
1750.8359429964667
 20
339.9944422763199
 10
1737.984763
 20
344.00340200000016
 10
1720.201732148348
 20
348.17391503593797
 10
1674.8104650000002
 20
356.3897609999999
 10
1616.7129077927264
 20
367.59939442571346
 10
1596.9951431264215
 20
371.53686708234767
 10
1549.62488223993
 20
382.0878456040799
 10
1535.899481757604
 20
385.3849776906874
 10
1527.9509096961879
 20
386.8862330346346
 10
1521.433700695416
 20
388.8771471302081
 10
1519.9644325736424
 20
388.89341144078304
 10
1519.11577679529
 20
388.4045676134575
 10
1519.52479214034
 20
385.6220109217691
 10
1525.423442
 20
376.8571650000001
 10
1532.0313887240613
 20
368.1575105466222
 10
1539.938948
 20
361.33936399999993
 10
1546.192946
 20
355.17289200000005
 10
1552.656444
 20
348.162145
 10
1562.507161118094
 20
336.487309273966
 10
1566.36198
 20
333.09634200000005
 10
1572.2522333866343
 20
329.52216603831016
 10
1576.574729971523
 20
325.8255749170291
 10
1579.0358049853696
 20
324.50978495109854
 10
1585.569564999998
 20
323.27738300000055
 10
1619.352116
 20
319.302531
 10
1622.398161730309
 20
320.3712370958545
 10
1628.1890723677548
 20
324.4171234447581
 10
1633.193518
 20
327.096535
 10
1637.712400488683
 20
328.74923207531276
 10
1640.4394835754722
 20
328.9704065869102
 10
1642.070705
 20
328.548586
 10
1652.0575678571174
 20
323.9622568956412
 10
1662.002852472108
 20
317.860059211744
 10
1676.8659289180393
 20
310.90723596682824
 10
1693.8028399999998
 20
304.98025799999994
 10
1709.372697
 20
300.909782
 10
1730.0740717260576
 20
297.35003282428005
 10
1759.563609
 20
294.195915
 10
1765.5948285072895
 20
293.0162430929461
 10
1770.503101999999
 20
291.390292
  0
LWPOLYLINE
  5
CB
330
17
100
AcDbEntity
  8
0
100
AcDbPolyline
 90
14
 70
1
 10
1612.581773
 20
375.9999999999999
 10
1614.6621285466574
 20
376.6167392504814
 10
1615.8987277683075
 20
378.19109169072607
 10
1615.5755702762353
 20
380.4488479850028
 10
1613.923047
 20
382.979653
 10
1609.748445
 20
386.48346900000007
 10
1604.913201
 20
389.2027200000001
 10
1602.1478093209455
 20
389.9273587984254
 10
1600.193937836504
 20
389.57600101044295
 10
1599.621276
 20
388.681542
 10
1599.6776520160186
 20
386.73214975751915
 10
1601.4393571520823
 20
383.9569664840108
 10
1609.155619079154
 20
377.459060564441
 10
1610.7709036479448
 20
376.40942998435605
  0
LWPOLYLINE
  5
CC
330
17
100
AcDbEntity
  8
0
100
AcDbPolyline
 90
18
 70
1
 10
1411.015679
 20
378.9903100000002
 10
1412.612044030145
 20
378.45118570242016
 10
1414.282755
 20
378.669729
 10
1421.51765
 20
381.78862
 10
1428.46423
 20
385.6960670000001
 10
1430.2173191208628
 20
387.17239559187806
 10
1431.527394
 20
389.052973
 10
1432.3248025881576
 20
391.12512328200484
 10
1432.0160274606949
 20
392.526374397375
 10
1431.100735641056
 20
393.37365417900406
 10
1429.5683754249258
 20
393.9504201412129
 10
1426.027186649354
 20
393.664320169024
 10
1420.471000617617
 20
392.08398642650496
 10
1416.5312573889237
 20
390.1568480309029
 10
1413.405376
 20
387.6781030000001
 10
1411.255941734545
 20
384.7098709041509
 10
1410.212625134652
 20
380.9199588190522
 10
1410.2922768538565
 20
379.92779691031967
  0
LWPOLYLINE
  5
CD
330
17
100
AcDbEntity
  8
0
100
AcDbPolyline
 90
2
 70
1
 10
1394.944468
 20
392.5669120000001
 10
1394.944468
 20
392.56691200000006
  0
LWPOLYLINE
  5
CE
330
17
100
AcDbEntity
  8
0
100
AcDbPolyline
 90
20
 70
1
 10
1644.517579
 20
368.9999999999999
 10
1646.1429667450845
 20
369.4080406001229
 10
1647.7764340340345
 20
370.736768516712
 10
1650.435969
 20
374.75142
 10
1650.9496101815669
 20
376.79481963034806
 10
1650.927290527908
 20
378.64716431584105
 10
1649.7433191278333
 20
383.2120458216078
 10
1646.244623221136
 20
389.05455227390405
 10
1640.6500308908992
 20
394.69735607484006
 10
1635.3600809471745
 20
398.28538961383754
 10
1633.098415096357
 20
398.952045295985
 10
1631.3177449841105
 20
398.7838258138711
 10
1630.2889226293662
 20
397.87233599666564
 10
1629.840596750297
 20
396.78614882478786
 10
1629.845876131039
 20
393.330962839678
 10
1630.790798
 20
384.59296
 10
1632.096344
 20
380.518423
 10
1634.559268
 20
376.47269
 10
1638.018646
 20
372.674032
 10
1641.652158
 20
369.84689400000013
  0
LWPOLYLINE
  5
CF
330
17
100
AcDbEntity
  8
0
100
AcDbPolyline
 90
21
 70
1
 10
1293.733632
 20
381.6945519999999
 10
1294.9966035421498
 20
382.48700903019653
 10
1299.6853454062602
 20
386.5701567550402
 10
1304.85717270306
 20
393.173777960905
 10
1306.682489164774
 20
396.47387185726024
 10
1306.5039634698194
 20
397.7432095020873
 10
1305.419525332162
 20
398.859168250236
 10
1303.7815458857854
 20
399.56469764986787
 10
1301.3343855453074
 20
399.68689637163226
 10
1293.0085767808
 20
398.67292253458
 10
1285.6937815993904
 20
396.461630107797
 10
1278.4279020160623
 20
392.98122304275506
 10
1270.938256
 20
387.80754600000006
 10
1264.3202478977032
 20
382.54303285653145
 10
1261.671587
 20
378.97616100000005
 10
1261.877857
 20
377.702203
 10
1263.6955557759084
 20
376.6798701267332
 10
1266.14163
 20
376.1377700000001
 10
1272.304426
 20
376.054275
 10
1278.849252
 20
376.532654
 10
1285.8646874841438
 20
378.1910594964018
  0
LWPOLYLINE
  5
D0
330
17
100
AcDbEntity
  8
0
100
AcDbPolyline
 90
150
 70
1
 10
307.419004
 20
67.12300000000003
 10
308.489816
 20
47.88741600000003
 10
309.96461085910715
 20
41.09559082671446
 10
311.05244421503096
 20
38.43241426124295
 10
311.8845621993373
 20
37.718138604898414
 10
312.9632213182053
 20
37.45190172586222
 10
314.7263177788388
 20
38.204933420770274
 10
315.75664466654325
 20
40.431003557411586
 10
314.21003299867374
 20
58.01729799352827
 10
313.57185615583995
 20
76.52915786697238
 10
313.4108105661774
 20
104.44510937974273
 10
314.14004070300797
 20
129.28736083862393
 10
316.67536999999993
 20
155.80768499999976
 10
319.7503974089613
 20
178.68957092466536
 10
328.010792555369
 20
218.30772841703802
 10
329.496084
 20
221.113051
 10
332.7060157045977
 20
224.76679878464506
 10
340.64051097735364
 20
232.2918914018426
 10
343.57321199999996
 20
234.79688799999994
 10
344.82670470263605
 20
235.3868103685798
 10
344.9936803698414
 20
236.9086753185723
 10
344.393401064808
 20
238.8938922127493
 10
340.99774687447496
 20
243.05423424089514
 10
340.4026328237064
 20
245.41126285838402
 10
340.896860060711
 20
247.2058856229235
 10
344.86010441536
 20
253.49017975171
 10
349.70067045962605
 20
257.97260764291116
 10
364.29880499999996
 20
268.13515300000006
 10
366.59680186273397
 20
270.379327452928
 10
368.2669489999999
 20
273.122996
 10
368.0974262751539
 20
274.540120691096
 10
366.767005
 20
275.056802
 10
357.3307476028263
 20
272.2877960568123
 10
355.5424023951401
 20
272.38983278829636
 10
354.7650550760961
 20
273.41297391616
 10
354.59651258410395
 20
275.1872371653399
 10
354.93982594201003
 20
279.11308674835396
 10
355.6739628223631
 20
281.57632568409815
 10
357.227414
 20
283.271486
 10
369.960294284347
 20
291.8408482311545
 10
371.66998027497766
 20
293.6639214662968
 10
372.31150240197854
 20
295.9589448858797
 10
373.68627519026
 20
297.2231595956266
 10
376.24465060453207
 20
298.4063942533562
 10
383.99706818712633
 20
300.7162791467344
 10
386.364134
 20
302.30733
 10
386.7677490000001
 20
303.809067
 10
385.524706
 20
306.797458
 10
388.593146
 20
309.377998
 10
388.986275
 20
311.029938
 10
388.37296125964826
 20
312.2043874142464
 10
387.5372852663633
 20
312.7864479220983
 10
383.72803395430464
 20
314.19088883644935
 10
383.6979144936504
 20
315.2432701045517
 10
384.471262
 20
315.773126
 10
389.107612
 20
316.352184
 10
392.00420371087114
 20
317.6075453429186
 10
399.13018213949397
 20
323.00911614508396
 10
401.2508409282551
 20
325.3511319563276
 10
400.2656039999999
 20
327.259005
 10
398.38754978822243
 20
328.5820591762214
 10
396.68706
 20
328.783169
 10
392.1962633515
 20
328.373799904945
 10
389.75965465916795
 20
328.847671387664
 10
388.88270344299997
 20
329.80723808485254
 10
388.9791979850614
 20
331.13912640455584
 10
389.858528
 20
332.372639
 10
392.68099
 20
334.111308
 10
405.42650391783593
 20
338.169968568343
 10
410.61358597477687
 20
340.61138367973723
 10
410.9540912828992
 20
341.2013733962968
 10
410.85017968233
 20
342.29204501417007
 10
408.7700569999999
 20
344.048106
 10
405.73300740358263
 20
344.80081956374033
 10
400.815345
 20
344.8092009999999
 10
400.1563623435648
 20
345.5555422352017
 10
401.2141699999999
 20
347.130391
 10
410.79576212878106
 20
352.4656635728701
 10
411.5664236369109
 20
353.867641573291
 10
410.5094526919395
 20
355.9938130274033
 10
409.1086279999999
 20
358.105143
 10
409.15954518197213
 20
358.9835401593996
 10
421.2963219999999
 20
365.988015
 10
423.2965389999999
 20
367.782473
 10
423.726476
 20
369.581675
 10
422.62933530660155
 20
372.3226133371467
 10
422.565144
 20
373.836636
 10
423.741704
 20
376.50786
 10
425.6491272407155
 20
379.1038167296978
 10
433.031913769062
 20
386.70163910134
 10
436.5334932724785
 20
392.08254886920656
 10
446.6317932656464
 20
398.57434039750353
 10
449.26720112365456
 20
401.59138890541567
 10
449.715919597965
 20
403.53977296797075
 10
449.28833470776226
 20
404.26494228707566
 10
448.2801219999999
 20
404.810956
 10
444.8097427983321
 20
404.5159505657539
 10
435.759712
 20
400.243367
 10
425.6336644217428
 20
396.73796194691704
 10
422.44824027703766
 20
394.64887694849597
 10
418.3283961103963
 20
390.75934234912995
 10
412.76541799999984
 20
386.30394099999995
 10
408.1463799999999
 20
383.08215499999994
 10
403.3776029999999
 20
380.400848
 10
401.2290898182408
 20
377.87017796678845
 10
398.5134435908233
 20
372.5209530597917
 10
395.754023
 20
368.148974
 10
388.8245272816332
 20
359.50053362585675
 10
387.513937988692
 20
359.0958604520165
 10
383.498868
 20
360.58391099999994
 10
381.668079
 20
360.190269
 10
380.434284
 20
358.794181
 10
379.64071367052327
 20
354.69537923064956
 10
377.762169
 20
351.787365
 10
375.320465
 20
350.041453
 10
369.78415326106193
 20
348.4710914810961
 10
368.64009591628934
 20
347.5958358691577
 10
364.03373255376056
 20
335.29063429367903
 10
363.07452713807504
 20
334.128188508765
 10
361.312581366608
 20
333.73679672035604
 10
360.306554
 20
332.9938160000001
 10
356.749318
 20
328.543646
 10
353.542428
 20
323.505891
 10
352.2570339409561
 20
320.46574443679776
 10
350.3431048929818
 20
313.7507940456757
 10
348.20069288329597
 20
309.465042961792
 10
346.644661503433
 20
307.4625026674679
 10
342.04840602263926
 20
303.1556808551805
 10
339.02924483435055
 20
298.3923658051693
 10
335.793576
 20
294.40321400000005
 10
332.6634932880608
 20
291.3460233515089
 10
329.8107570665556
 20
290.47859247754945
 10
327.91517
 20
287.619722
 10
326.956654
 20
283.007033
 10
325.828603
 20
267.18186999999995
 10
325.238034
 20
263.38723
 10
324.131405
 20
260.281534
 10
319.50479364803954
 20
251.55725407361092
 10
318.26460967686825
 20
247.56660332731383
 10
318.1919293492187
 20
240.08264058483527
 10
318.5733962938084
 20
237.9206329501495
 10
319.70334020586904
 20
236.76631642866002
 10
320.1133200000001
 20
235.672662
 10
321.7944739163994
 20
218.32804113196207
 10
319.733111437075
 20
212.70894990664252
 10
313.88337000000007
 20
183.3452759999999
 10
310.48755600000004
 20
161.2688660000001
 10
309.728022
 20
150.8854629999999
 10
308.6227481347828
 20
145.96193171478424
 10
307.644102852652
 20
111.91324260908613
  0
LWPOLYLINE
  5
D1
330
17
100
AcDbEntity
  8
0
100
AcDbPolyline
 90
20
 70
1
 10
1258.55887
 20
406.558569
 10
1256.179487
 20
407.5229540000001
 10
1250.3957436814244
 20
407.86019812074187
 10
1244.7776130088494
 20
407.51226685971574
 10
1238.210670968748
 20
406.46064420849194
 10
1234.1742621231251
 20
405.050915206482
 10
1229.4247082408983
 20
402.447465383783
 10
1225.724772
 20
399.27309
 10
1224.6610868034131
 20
397.94422610174837
 10
1224.5365543584371
 20
397.08605246316506
 10
1225.625260081586
 20
395.9052319793521
 10
1227.006058
 20
395.327571
 10
1230.889746
 20
395.526788
 10
1237.4150007947276
 20
394.4457350925055
 10
1242.459129304349
 20
394.76318241570294
 10
1246.45125134004
 20
395.623297602025
 10
1252.6465220497432
 20
398.1093414176791
 10
1258.0867979565567
 20
401.76331776185225
 10
1259.6828725062999
 20
404.1528076140375
 10
1259.4534700918118
 20
405.46799423302593
  0
LWPOLYLINE
  5
D2
330
17
100
AcDbEntity
  8
0
100
AcDbPolyline
 90
2
 70
1
 10
1305.612454
 20
405.187872
 10
1305.612454
 20
405.1878720000001
  0
LWPOLYLINE
  5
D3
330
17
100
AcDbEntity
  8
0
100
AcDbPolyline
 90
27
 70
0
 10
1460.206249999974
 20
394.8715670000529
 10
1442.301468
 20
399.023876
 10
1434.383153
 20
401.2764660000001
 10
1421.74865910668
 20
402.89199150789295
 10
1416.126152956735
 20
404.145586842928
 10
1412.4752868344094
 20
405.7539149700041
 10
1408.953917
 20
408.024184
 10
1402.394355779983
 20
413.4884409370883
 10
1399.5316304206624
 20
416.61509270609145
 10
1399.5695143200498
 20
417.4949036592199
 10
1400.184288957768
 20
418.13401844886437
 10
1403.241319
 20
418.7076859999999
 10
1419.532999
 20
416.340251
 10
1425.71465831645
 20
414.60589079879986
 10
1438.309825
 20
409.51192199999997
 10
1446.9088283437009
 20
406.79480321067996
 10
1495.0459548077492
 20
395.1920815156741
 10
1509.2705393379
 20
391.39694034625
 10
1512.0998122015476
 20
389.86762355554805
 10
1514.347591438255
 20
387.2507063070321
 10
1521.396071
 20
376.942996
 10
1521.3145039986432
 20
376.1853285351641
 10
1520.698357799102
 20
376.00850302032285
 10
1508.503551
 20
381.546571
 10
1491.526044
 20
387.456571
 10
1483.089055502014
 20
388.9620229439674
 10
1460.2062499999302
 20
394.8715669999365
  0
LWPOLYLINE
  5
D4
330
17
100
AcDbEntity
  8
0
100
AcDbPolyline
 90
11
 70
1
 10
1599.616429
 20
421.8774939999999
 10
1597.022532312862
 20
420.27414079245494
 10
1595.2265173613516
 20
417.26240282340154
 10
1595.3347339061024
 20
416.45712886460194
 10
1596.26815
 20
415.303279
 10
1598.275907476233
 20
414.26786647031645
 10
1599.437467
 20
414.3376299999999
 10
1600.739443
 20
415.34548
 10
1602.683264
 20
419.6818519999998
 10
1602.6092115560966
 20
420.7557551205357
 10
1601.956717372896
 20
421.61052365961586
  0
LWPOLYLINE
  5
D5
330
17
100
AcDbEntity
  8
0
100
AcDbPolyline
 90
14
 70
1
 10
1533.418213
 20
422.3930109999999
 10
1530.1517514803766
 20
423.0245638351036
 10
1527.5758733184668
 20
422.78916099347686
 10
1520.400211772302
 20
420.692394671285
 10
1515.457672522624
 20
417.84672920211193
 10
1512.507066
 20
414.815096
 10
1512.2705703645793
 20
413.6566612300632
 10
1514.07051452054
 20
412.47138962015845
 10
1516.2882657884002
 20
412.3161990306401
 10
1521.8225088078495
 20
412.75953864336344
 10
1526.3593452300695
 20
413.861098555742
 10
1530.4734156808809
 20
416.2898250840459
 10
1534.7389596586963
 20
419.93723552807916
 10
1534.884689
 20
421.21386200000006
  0
LWPOLYLINE
  5
D6
330
17
100
AcDbEntity
  8
0
100
AcDbPolyline
 90
14
 70
1
 10
1569.221325
 20
424.522158
 10
1567.6459316582982
 20
424.947879489983
 10
1564.9162984216143
 20
424.2113306732009
 10
1560.066442058729
 20
420.47875485013213
 10
1557.2400679516554
 20
416.6132297259673
 10
1557.012298
 20
413.9574549999999
 10
1557.6892387356802
 20
412.8438401074719
 10
1558.918539
 20
412.4111649999999
 10
1561.7710903399736
 20
412.93987125640297
 10
1564.3555413032814
 20
414.330445999369
 10
1567.37813022928
 20
416.749928503616
 10
1569.1555326528
 20
418.79101173591556
 10
1570.5667373952901
 20
421.3366681392268
 10
1570.529788
 20
422.9061480000001
  0
LWPOLYLINE
  5
D7
330
17
100
AcDbEntity
  8
0
100
AcDbPolyline
 90
13
 70
1
 10
1305.163246
 20
417.8957460000001
 10
1307.4291787923498
 20
418.0438118240404
 10
1308.70560305413
 20
419.68285646834994
 10
1308.43424
 20
421.00510700000007
 10
1306.2662801435638
 20
423.7577818764639
 10
1302.582266
 20
426.77936699999987
 10
1300.544762
 20
427.940654
 10
1298.2344639892585
 20
428.3881843567448
 10
1295.93818043734
 20
427.85007945925594
 10
1295.371754
 20
427.15626599999996
 10
1295.216380056311
 20
425.8461238692054
 10
1296.6434099908786
 20
423.5343270740875
 10
1300.65437
 20
420.2132849999999
  0
LWPOLYLINE
  5
D8
330
17
100
AcDbEntity
  8
0
100
AcDbPolyline
 90
2
 70
1
 10
1453.27652
 20
415.5902479999999
 10
1453.27652
 20
415.590248
  0
LWPOLYLINE
  5
D9
330
17
100
AcDbEntity
  8
0
100
AcDbPolyline
 90
88
 70
1
 10
289.2320039999995
 20
147.4937499999993
 10
288.5321799208594
 20
117.49999767714085
 10
288.1947330396324
 20
113.80514531433414
 10
287.507949587828
 20
111.669089907648
 10
286.4151298135537
 20
111.7009361917933
 10
285.5354687113684
 20
113.30292610987942
 10
283.2031733870778
 20
125.66636669157842
 10
279.140025
 20
138.24625
 10
277.05249965482153
 20
141.29252169267426
 10
275.97018075303305
 20
141.2634154779537
 10
275.4246611443638
 20
139.9179719978973
 10
276.89937580057676
 20
123.29800773508272
 10
277.67530640143445
 20
91.75175031587993
 10
276.9954815502244
 20
78.61563622739261
 10
273.499776465545
 20
39.68983365270737
 10
274.0121369588455
 20
38.211075864567654
 10
274.791734
 20
37.357205999999984
 10
276.9371407321733
 20
36.02728072294401
 10
278.62270812287034
 20
35.62458831766546
 10
284.0782910000001
 20
38.543786
 10
289.8616764802876
 20
38.54793434808544
 10
290.569045
 20
39.111717
 10
291.42786005046344
 20
41.35162274762493
 10
293.2840278843105
 20
87.13426235072711
 10
294.08650499999976
 20
136.68061399999982
 10
295.6372435423037
 20
197.87879519141757
 10
296.3513865875192
 20
266.17174383898185
 10
299.1462562605549
 20
323.47876085670316
 10
300.4702524069101
 20
339.6158119247334
 10
300.30701431725834
 20
341.8781995207714
 10
299.3263455215173
 20
343.4099138880623
 10
299.050789280691
 20
345.1446918184574
 10
299.634367
 20
347.686152
 10
303.066999
 20
354.3640289999999
 10
306.8916903656745
 20
364.2357662258582
 10
310.435373764636
 20
373.937436444662
 10
310.7114263338939
 20
375.9583996167825
 10
309.37631241601304
 20
378.131898600684
 10
308.34090245001164
 20
378.7953909457598
 10
307.320248
 20
378.882514
 10
305.9747549999999
 20
378.183333
 10
302.457953
 20
374.156893
 10
301.7347133040106
 20
374.0411461292418
 10
301.265565
 20
374.55833
 10
301.193522
 20
378.434509
 10
302.5651965653202
 20
380.25022792698576
 10
302.73491645095334
 20
382.19405078578984
 10
302.046347
 20
384.98123
 10
300.0317718595043
 20
387.7268902537083
 10
299.308265
 20
390.550708
 10
299.0
 20
418.961896
 10
295.865744853344
 20
419.797826500448
 10
294.232639
 20
420.9317869999999
 10
289.98666
 20
427.877044
 10
286.96497552731137
 20
430.55812864876975
 10
285.6355255946573
 20
431.14210754530586
 10
284.5725627952983
 20
430.9424459296286
 10
283.3024428585865
 20
429.339055383899
 10
282.938368
 20
427.8768079999999
 10
282.7849202517041
 20
417.5036296252764
 10
281.456456
 20
408.2483879999999
 10
282.1353398187222
 20
394.8310442776259
 10
281.869469842652
 20
393.0983982278194
 10
280.0786
 20
388.97301
 10
279.3937224377385
 20
381.0308341939055
 10
279.849839904862
 20
376.33114791900704
 10
281.147658
 20
372.425914
 10
282.0445579571055
 20
368.03288666522053
 10
284.335788
 20
349.670822
 10
283.72990067271496
 20
345.9559314084405
 10
282.86331550723037
 20
344.4110925231029
 10
280.967085
 20
342.379209
 10
280.6200970475499
 20
341.34661692213183
 10
281.722172
 20
336.752239
 10
282.336938
 20
331.2029129999999
 10
283.77852018460726
 20
326.48622810009215
 10
283.533934
 20
325.34146
 10
282.1411446259999
 20
323.10559271203
 10
281.696320962745
 20
319.9943675256434
 10
281.794617
 20
308.35753
 10
282.130070428112
 20
306.908071407174
 10
283.629879
 20
303.988441
 10
282.39854611938
 20
299.869353533172
 10
282.31887070689135
 20
295.20881315168833
 10
284.40691370216183
 20
279.55254259575486
 10
288.836547
 20
261.0
 10
289.8824040000002
 20
251.752264
 10
290.411335
 20
202.61203499999965
  0
LWPOLYLINE
  5
DA
330
17
100
AcDbEntity
  8
0
100
AcDbPolyline
 90
121
 70
1
 10
924.3847650000002
 20
412.9683090000001
 10
916.715424
 20
406.542954
 10
914.7251197182679
 20
409.42467484221424
 10
912.726518
 20
410.838836
 10
911.071812929575
 20
410.849778164539
 10
909.554958539706
 20
409.63055016743
 10
907.7436299340978
 20
406.3829510575588
 10
903.288842
 20
394.667936
 10
901.9458754696863
 20
393.4769145355829
 10
898.0268633373586
 20
392.1556236703413
 10
895.6631826349757
 20
389.65567979802836
 10
894.6869718778306
 20
384.57280592511194
 10
893.2082002625368
 20
381.29479283578735
 10
892.0804332068991
 20
375.43115425855916
 10
890.9786690845606
 20
373.3374187980025
 10
889.2544498739567
 20
372.9512721754599
 10
885.39028596552
 20
376.11854577011997
 10
883.755052
 20
376.7328959999999
 10
882.3564595238804
 20
376.5798954984325
 10
881.2895869999998
 20
375.6626970000001
 10
880.162624747194
 20
373.3714620384415
 10
879.5282080000001
 20
370.898141
 10
878.012582
 20
354.657969
 10
877.188804
 20
351.321456
 10
876.3515213689514
 20
350.6884351277614
 10
875.526246989116
 20
350.87814246603716
 10
872.9546630000001
 20
353.263394
 10
870.7747925699673
 20
353.9327149349405
 10
868.680384206415
 20
353.15424835094
 10
867.461948
 20
351.538398
 10
867.3232072083744
 20
349.2207333803805
 10
868.588278944921
 20
343.1710329275693
 10
869.1176234207795
 20
338.36642332370576
 10
870.5297724478755
 20
336.3218397622018
 10
868.9104747484693
 20
334.79185893621036
 10
863.3066564657635
 20
332.12369670062924
 10
862.2689229491564
 20
330.7935526124495
 10
862.1201511388697
 20
325.26282128729355
 10
863.3197595844906
 20
318.88718921681624
 10
864.11095662665
 20
311.9309037683017
 10
863.3219219566786
 20
305.4515275767217
 10
854.4966999999999
 20
285.18886499999996
 10
848.529328
 20
268.923005
 10
847.7755897044614
 20
263.8865100090326
 10
846.29375
 20
261.216936
 10
845.539950028576
 20
256.3361064867005
 10
844.2748668234075
 20
254.54531448959682
 10
843.752044
 20
249.821162
 10
837.4844683354083
 20
226.80553942105195
 10
834.7505186844501
 20
218.13749448426998
 10
833.6650075926701
 20
211.85934545708858
 10
831.9641231549053
 20
206.8561733761966
 10
824.0937800000003
 20
175.3038560000002
 10
824.2887541218972
 20
174.13079783155004
 10
825.3566299999999
 20
174.140397
 10
828.3922766143584
 20
177.29597454162365
 10
832.6161784106852
 20
183.11347708729025
 10
835.1372918024501
 20
188.2510471177151
 10
839.7139590073386
 20
205.10755757832104
 10
844.901918
 20
227.102942
 10
847.0148390546169
 20
233.58329784193654
 10
855.3184598123058
 20
265.71088604043354
 10
862.040026
 20
285.465089
 10
866.4887189999998
 20
295.5
 10
869.6111303274508
 20
301.49541250284733
 10
872.40249877156
 20
305.6639805543665
 10
877.2833253269861
 20
309.3883584288221
 10
913.4513948755059
 20
325.1134918153996
 10
918.935588
 20
328.10303400000004
 10
921.4027813682239
 20
330.1387305265652
 10
922.4009686396622
 20
331.56572716377286
 10
922.3714587506877
 20
332.8727497488759
 10
921.267198945722
 20
334.10009134155007
 10
919.6315401294033
 20
334.50240278598056
 10
914.1756763604617
 20
333.8290422041939
 10
897.775599018358
 20
329.48841468428805
 10
895.9266119999997
 20
329.673388
 10
895.5800726716614
 20
331.28787467851635
 10
900.6474118152371
 20
336.63843801496023
 10
907.7234350043518
 20
343.04714907595246
 10
912.88331438323
 20
346.96110056143505
 10
925.112647540582
 20
354.443730243162
 10
927.6841045792706
 20
356.5320014761177
 10
929.4780421401734
 20
358.77687304377963
 10
929.4777029999998
 20
360.211933
 10
928.6750291653309
 20
361.44681001261387
 10
927.4595792544169
 20
362.23134122016353
 10
925.8706785063013
 20
362.42110350555276
 10
923.0695584447119
 20
361.75254607917657
 10
914.9363554607594
 20
358.2352494958676
 10
908.3389699999999
 20
356.06684499999994
 10
907.5505965139954
 20
356.16729144067403
 10
907.09894144143
 20
356.80564920826197
 10
907.959974905771
 20
358.30879157518785
 10
910.7397619999998
 20
360.242048
 10
922.2844457615498
 20
366.4323607990628
 10
929.5165078633261
 20
370.8791661880035
 10
940.6724278193268
 20
378.6722893404968
 10
943.6755471646596
 20
381.3244147231365
 10
944.0
 20
382.701644
 10
943.7544299318517
 20
383.4187147816156
 10
942.5548577585884
 20
384.6518909864006
 10
941.0053874753285
 20
385.37384372025554
 10
937.8035134450411
 20
385.01097833748025
 10
929.8056009999999
 20
381.757603
 10
929.05749282695
 20
382.51780111765
 10
929.1664326559186
 20
384.141675864775
 10
930.6369763403094
 20
386.29772572271867
 10
931.076872593635
 20
388.36262123353504
 10
931.9284596858079
 20
389.65773762225604
 10
939.3704208265581
 20
397.07982290882694
 10
941.6139611497036
 20
400.0083725731545
 10
944.8841452502684
 20
408.0411062846381
 10
952.6616120368162
 20
421.04034577202947
 10
956.951742370083
 20
426.9544703109417
 10
957.729617
 20
429.2324299999999
 10
957.4518462757025
 20
430.89451162652097
 10
956.3144144570248
 20
431.7524921378926
 10
954.585222132712
 20
431.8778206374979
 10
950.3385
 20
430.248446
 10
932.8214071663433
 20
419.5425075854818
  0
LWPOLYLINE
  5
DB
330
17
100
AcDbEntity
  8
0
100
AcDbPolyline
 90
88
 70
1
 10
794.0902129999959
 20
299.3991939999869
 10
803.663371892449
 20
318.73387871035516
 10
809.440233280541
 20
329.0903028472687
 10
814.971238544805
 20
334.393852942815
 10
828.8424796485792
 20
344.65124927050084
 10
842.2197185310449
 20
355.99912299584525
 10
843.5612499999999
 20
358.554057
 10
843.1551907337054
 20
360.0368462676581
 10
841.7158673147795
 20
362.3059316898442
 10
842.10955916885
 20
363.5450409421
 10
853.797355
 20
373.783541
 10
853.8192480000001
 20
374.653531
 10
852.170350752331
 20
378.2262116454244
 10
852.4320798799042
 20
380.3315492846993
 10
855.4587545141305
 20
383.1162903676465
 10
857.9036840450997
 20
386.77186096985184
 10
859.3954351059797
 20
388.125670259984
 10
862.227866
 20
389.771629
 10
869.8122928201412
 20
393.08025815079304
 10
872.6058960000001
 20
395.062234
 10
873.0
 20
396.116511
 10
872.777356712305
 20
397.3004910799075
 10
872.2972384362351
 20
397.91795078232843
 10
871.282185019653
 20
398.2695340290452
 10
870.9157775201231
 20
399.2078780343597
 10
873.1084210000002
 20
403.5684299999999
 10
878.1777009999998
 20
409.910893
 10
892.08552
 20
424.66126399999996
 10
893.764084415611
 20
427.22299141234356
 10
893.8580032838081
 20
429.43079229577603
 10
892.8394368166839
 20
431.0017555871825
 10
890.7212580568208
 20
431.1605647064524
 10
887.3611799488052
 20
429.83323976887374
 10
876.0928764910519
 20
423.93598013071573
 10
867.412299722869
 20
422.34534405524107
 10
865.3569539999999
 20
420.74913399999986
 10
859.84849
 20
414.629031
 10
857.87116
 20
413.2993879999999
 10
856.5008650000001
 20
413.5124969999999
 10
855.2207489148441
 20
415.58164771570944
 10
854.2667890021438
 20
416.3967907797145
 10
852.9423124597714
 20
416.6126100704929
 10
851.6043286471686
 20
416.2334785655869
 10
849.2190742285601
 20
414.03611613922493
 10
847.7398070000002
 20
411.963915
 10
845.275146585733
 20
407.3242507118772
 10
841.0389593378021
 20
397.7154331353182
 10
839.0320174367719
 20
395.0508630194446
 10
833.183829
 20
391.816615
 10
830.51408
 20
389.903699
 10
828.3195054790714
 20
387.61281653803064
 10
827.4848466767193
 20
385.0474678508439
 10
825.4033927329609
 20
383.5886112340729
 10
819.2288701605556
 20
380.82588070640475
 10
815.768284336335
 20
381.27974277290605
 10
814.094805
 20
380.843474
 10
812.5575485061376
 20
379.7435033777375
 10
811.4441820000001
 20
378.215921
 10
809.8103679315773
 20
373.8914568745393
 10
809.050507058389
 20
369.902515378207
 10
806.3388940000001
 20
350.528264
 10
805.6838582649892
 20
340.6479742028385
 10
804.637954
 20
336.006029
 10
778.0042451501877
 20
279.55212226553175
 10
771.719494
 20
264.087614
 10
765.7118119183353
 20
246.62851038750287
 10
764.7746616892322
 20
241.73082005371873
 10
763.3604494423239
 20
239.3177749847454
 10
762.7401179999999
 20
233.950871
 10
762.3998948838888
 20
232.86624687611155
 10
761.537321
 20
231.89564700000003
 10
760.711309210104
 20
229.15719413852003
 10
756.1926990000001
 20
207.2484810000002
 10
753.963234009797
 20
197.6968270880683
 10
752.795383
 20
194.221123
 10
750.4027826042317
 20
179.37973349019467
 10
749.400563
 20
176.814333
 10
749.0861134720258
 20
168.64353647588234
 10
749.546539165909
 20
166.55795586018482
 10
750.3678437951341
 20
167.1941543974067
 10
751.4825169999992
 20
169.3946969999988
 10
762.6694507298607
 20
205.21805528898665
 10
764.0094019999999
 20
212.624096
 10
769.2503298820491
 20
233.1608969885432
 10
770.4801549367069
 20
239.7460843024283
 10
777.625154
 20
260.76253700000007
 10
785.479304
 20
279.505095
 10
786.7423480125599
 20
284.1807944179709
  0
LWPOLYLINE
  5
DC
330
17
100
AcDbEntity
  8
0
100
AcDbPolyline
 90
17
 70
1
 10
1272.553041
 20
417.7874999999999
 10
1274.782066379001
 20
417.9920505872829
 10
1276.837492
 20
418.8784029999999
 10
1277.9227828814696
 20
420.7659269876174
 10
1277.4641426192024
 20
422.4865165395621
 10
1276.3670902571062
 20
424.20932610605155
 10
1271.7850205862753
 20
427.6757828240923
 10
1265.26000488372
 20
430.2847017303065
 10
1253.628261
 20
432.7639519999999
 10
1250.5987714386815
 20
432.51760842740345
 10
1248.9944232638918
 20
431.38466491135966
 10
1249.004566622587
 20
430.0960380558455
 10
1251.204546837841
 20
427.429521575675
 10
1254.7446752652754
 20
424.186673668214
 10
1257.5270200504365
 20
422.3216430868418
 10
1264.1632261294762
 20
419.4280631385859
 10
1267.57397823079
 20
418.49534582018634
  0
LWPOLYLINE
  5
DD
330
17
100
AcDbEntity
  8
0
100
AcDbPolyline
 90
157
 70
1
 10
657.6246919999976
 20
84.00000000001057
 10
660.0197181760606
 20
46.57336235162833
 10
660.9899361834674
 20
38.11597486033823
 10
662.047298
 20
34.83458799999998
 10
662.9582101483925
 20
33.70665371713748
 10
667.1164059999999
 20
32.855923
 10
666.053203
 20
57.94175599999999
 10
664.326735373574
 20
85.3758509451702
 10
659.060645
 20
154.996508
 10
657.208297
 20
174.750495
 10
654.9664799999999
 20
192.64882899999998
 10
647.211197
 20
244.657909
 10
638.2541535448687
 20
290.19333472253226
 10
633.863723
 20
306.980598
 10
643.6628656447549
 20
325.312405802337
 10
646.2843120138489
 20
334.8200539157044
 10
646.8544279491111
 20
340.4871983987208
 10
646.2631847573961
 20
345.5163610127049
 10
645.4979192656201
 20
346.4153806485694
 10
641.534484
 20
347.753238
 10
640.5257085081139
 20
348.7213497747481
 10
640.0473359368915
 20
349.9340475722155
 10
640.2008667628672
 20
351.1999129885609
 10
641.7520087229849
 20
353.97502231256846
 10
642.1087445427775
 20
356.75848970235796
 10
642.5842629999999
 20
358.086987
 10
643.5397748982356
 20
359.24392355456683
 10
643.4796969999999
 20
362.117191
 10
642.486645597097
 20
365.75477781790204
 10
640.7489385148114
 20
367.4993398756394
 10
638.823788560867
 20
367.75263744037966
 10
637.2616134633839
 20
367.160750809654
 10
635.342622412493
 20
365.431983904769
 10
632.146272
 20
361.216574
 10
631.4932358216848
 20
361.0767228162548
 10
631.1276764389623
 20
361.40606526238446
 10
631.2739008295327
 20
367.7104974718661
 10
632.8856168957174
 20
376.1154393138869
 10
632.5116659431337
 20
378.3599599375839
 10
631.2847920989075
 20
380.53115431857253
 10
629.428808919658
 20
381.7669884445041
 10
627.3055751221125
 20
381.23788360781646
 10
625.3316081098806
 20
379.01795003883296
 10
622.23464
 20
373.878708
 10
621.135896485963
 20
373.4154564141086
 10
620.3192963545828
 20
373.87890622064583
 10
619.637357
 20
375.252085
 10
618.9499040000001
 20
385.107079
 10
618.5101559999999
 20
386.999717
 10
617.583794
 20
388.228055
 10
613.7124546123564
 20
390.9035476367447
 10
611.4382937922688
 20
393.83237795035086
 10
609.5170320000001
 20
398.015653
 10
609.7244545617615
 20
401.22079562425944
 10
608.8716250253625
 20
403.01195198588744
 10
606.0733759999999
 20
405.196831
 10
602.8315759370112
 20
405.3399275467928
 10
600.519244
 20
406.7690879999999
 10
598.147944
 20
409.6151669999999
 10
588.7296235645194
 20
423.533358109956
 10
583.5225833446399
 20
430.26113281236513
 10
580.3664259999999
 20
432.647448
 10
578.6414030000001
 20
432.9124559999999
 10
577.2010339999999
 20
432.4630459999999
 10
576.326747
 20
431.4091059999999
 10
576.268104365784
 20
429.9171727118959
 10
578.5177009999999
 20
422.7958389999999
 10
579.541896
 20
415.0120049999999
 10
580.700773
 20
413.1812039999999
 10
582.297828
 20
407.843584
 10
584.567148
 20
404.415939
 10
585.6424344899962
 20
399.90074706558545
 10
589.3094119143831
 20
394.8759047296986
 10
590.870243458415
 20
391.068920361725
 10
591.1843558208319
 20
388.39509541467
 10
590.1741849999999
 20
384.604589
 10
590.322513
 20
382.673172
 10
591.426048
 20
380.812684
 10
596.2276463016069
 20
376.1139945081954
 10
597.1127696744929
 20
374.690289306906
 10
597.097747816325
 20
373.7410313863
 10
596.35049
 20
372.829129
 10
592.3321862148205
 20
370.87225744212003
 10
591.832330544186
 20
370.16743273481404
 10
591.8191296565634
 20
369.17650670292
 10
592.8181550179063
 20
367.71739087638514
 10
598.1917244547706
 20
362.70054016210867
 10
599.4414102025614
 20
361.0411800041866
 10
599.8739842714417
 20
359.51891289155003
 10
599.6928985613127
 20
358.062480822378
 10
598.2892360000001
 20
356.70558299999993
 10
595.3794085747894
 20
356.04462906796556
 10
589.537739
 20
355.6430879999999
 10
588.6097338823784
 20
355.16730465298
 10
588.1620189999999
 20
354.225437
 10
588.3259293840689
 20
353.070897771148
 10
589.0383469999999
 20
352.147703
 10
599.1287899999999
 20
345.677822
 10
595.1422900601275
 20
342.1781412095455
 10
594.5745937978922
 20
341.21325152808174
 10
594.59273
 20
339.842606
 10
595.956298
 20
338.166959
 10
601.222817163365
 20
335.59025449463
 10
602.9859436608742
 20
334.280427018924
 10
601.825
 20
333.093396
 10
596.4242620102746
 20
330.24131409150016
 10
595.324719411814
 20
329.06976291859297
 10
595.2682305205111
 20
327.8892224593636
 10
597.2241776031765
 20
325.7107263068361
 10
599.1448149999999
 20
324.3983420000002
 10
622.0496850354021
 20
311.8727565072082
 10
625.6599819999999
 20
309.033823
 10
627.5957669563333
 20
306.4592505757296
 10
628.6781114658575
 20
303.1779587833095
 10
629.3433686294375
 20
297.7538576996969
 10
630.7769339590054
 20
294.76548931456455
 10
631.3165609275601
 20
289.709146642929
 10
632.662103
 20
286.49772
 10
634.3395437109076
 20
275.25182085868244
 10
637.8684725725333
 20
257.6326305124487
 10
638.726604
 20
254.869085
 10
639.831492
 20
253.466114
 10
639.8269885105968
 20
251.17927084854955
 10
639.3869485846274
 20
250.2958312451312
 10
638.686767
 20
250.0
 10
636.8225418638893
 20
251.19929245140668
 10
621.55664
 20
267.413281
 10
616.0891127062
 20
272.4921727218
 10
607.346490075989
 20
279.4754804503523
 10
594.4214990634753
 20
287.7482124794567
 10
581.9016346825899
 20
294.29562686631124
 10
576.3542499376337
 20
296.8148079817587
 10
570.989422463121
 20
298.715151786541
 10
561.4611710485474
 20
300.301340338744
 10
552.9219259446264
 20
300.4253539399356
 10
544.8032389999998
 20
299.793283
 10
542.237669
 20
298.7303759999999
 10
541.672899
 20
297.480772
 10
542.353711
 20
296.25236699999994
 10
544.0431436041747
 20
295.3763784360123
 10
551.6104124146141
 20
293.7957852275565
 10
556.4708602225879
 20
292.220448749874
 10
566.7140527283902
 20
288.44444353812185
 10
577.5
 20
283.896257
 10
586.0830495634318
 20
278.9892602503081
 10
595.7923220675625
 20
272.3221133773125
 10
600.0290814121513
 20
268.8140666629678
 10
605.752826
 20
263.191078
 10
631.8806969999998
 20
233.522968
 10
632.7112050370584
 20
232.1103500642115
 10
633.4783909999999
 20
229.06163
 10
640.2562059999999
 20
220.50345700000008
 10
643.0765599999999
 20
219.529318
 10
644.7222195156395
 20
217.8071379778394
 10
645.9925846554135
 20
213.6935315527366
 10
648.6436409999998
 20
196.523223
 10
652.2000413988198
 20
162.28054029689667
  0
LWPOLYLINE
  5
DE
330
17
100
AcDbEntity
  8
0
100
AcDbPolyline
 90
19
 70
1
 10
1330.607106
 20
413.1350060000001
 10
1332.158724997725
 20
412.732260949197
 10
1333.754589
 20
412.8837309999999
 10
1336.867482
 20
414.651373
 10
1339.161943
 20
418.01534900000007
 10
1339.771570361474
 20
420.02764543103
 10
1339.94099131648
 20
422.8272953956191
 10
1339.5705250710232
 20
424.1866272784766
 10
1337.77906380089
 20
427.16719161960793
 10
1332.713144
 20
433.837949
 10
1329.966325
 20
436.018022
 10
1326.6588757035868
 20
436.78037979808767
 10
1325.334976
 20
435.940253
 10
1324.27692
 20
433.171001
 10
1324.0
 20
427.785976
 10
1324.430637
 20
422.6660059999999
 10
1325.3022611082029
 20
419.4381946361648
 10
1326.651779362586
 20
416.71633935057093
 10
1328.4352916191253
 20
414.5676998507029
  0
LWPOLYLINE
  5
DF
330
17
100
AcDbEntity
  8
0
100
AcDbPolyline
 90
2
 70
1
 10
1676.938277999999
 20
410.4890779999999
 10
1676.938277999999
 20
410.48907799999984
  0
LWPOLYLINE
  5
E0
330
17
100
AcDbEntity
  8
0
100
AcDbPolyline
 90
14
 70
1
 10
1507.078454
 20
436.0419869999999
 10
1508.2846822993463
 20
437.74023672038277
 10
1507.7509625789735
 20
439.4312626870181
 10
1505.2304116403639
 20
441.328818120403
 10
1502.207823
 20
442.3211049999999
 10
1495.4336104832726
 20
442.97970087581245
 10
1489.485785
 20
442.74448700000005
 10
1485.7301398593127
 20
441.681854189127
 10
1484.1049437724205
 20
439.86030876091394
 10
1484.5165202408366
 20
438.2808876027682
 10
1485.6900516363457
 20
437.21827792836416
 10
1490.396457463697
 20
436.14247935345446
 10
1502.509965
 20
434.937618
 10
1504.864775365993
 20
435.19788975836695
  0
LWPOLYLINE
  5
E1
330
17
100
AcDbEntity
  8
0
100
AcDbPolyline
 90
16
 70
1
 10
1397.009106
 20
426.2631390000001
 10
1398.9728505536434
 20
426.616487079938
 10
1400.7836029047821
 20
428.723809182499
 10
1401.239456972528
 20
431.473368999804
 10
1400.49005850296
 20
434.593048481437
 10
1397.9331501191507
 20
438.5178332626382
 10
1394.5824822644267
 20
441.69049163656683
 10
1392.432005241054
 20
443.00927821584844
 10
1390.5675974477726
 20
442.9139198857977
 10
1389.7455170502067
 20
442.19305622683703
 10
1389.1292110144664
 20
439.86442773750997
 10
1389.04941333544
 20
437.02314736387194
 10
1389.596490772508
 20
434.6813907384734
 10
1390.857566
 20
432.38078299999984
 10
1393.2092317621116
 20
429.45875681243336
 10
1395.600888716411
 20
427.0275072914048
  0
LWPOLYLINE
  5
E2
330
17
100
AcDbEntity
  8
0
100
AcDbPolyline
 90
99
 70
1
 10
959.0735969999965
 20
305.597385
 10
963.2412416787613
 20
304.32935727548244
 10
965.1646355604164
 20
304.8278934021297
 10
974.0620289999998
 20
312.9707279999999
 10
982.594266081027
 20
318.4888793758127
 10
986.9527580048264
 20
323.0522793613051
 10
990.9988444594419
 20
329.678782959831
 10
993.5725954617142
 20
332.77265284164633
 10
1003.311065
 20
342.887418
 10
1006.873687869143
 20
345.4100387003555
 10
1009.6869800949601
 20
345.35273953064
 10
1016.5534568060955
 20
344.11689569249404
 10
1026.561079358401
 20
345.3185223066813
 10
1028.680911917176
 20
344.57195507823997
 10
1028.840810361664
 20
343.4806741130255
 10
1028.384988
 20
342.2250409999999
 10
1017.2706157530686
 20
323.0573369970502
 10
1017.207462
 20
321.320099
 10
1017.6195045382445
 20
320.5141491235205
 10
1019.6884294469
 20
319.746884519678
 10
1034.6441155657851
 20
320.8505049646451
 10
1050.655923
 20
323.327217
 10
1058.646404
 20
326.35773499999993
 10
1065.110924
 20
327.63094799999993
 10
1072.8530405496044
 20
330.62107170181366
 10
1080.3513387061987
 20
332.2739922004167
 10
1082.23287852536
 20
333.182181279
 10
1084.599786710276
 20
335.88261822116345
 10
1086.390428261566
 20
339.5541238593924
 10
1092.94513
 20
345.6162389999999
 10
1105.3737519999997
 20
360.2294489999997
 10
1105.9432203377971
 20
362.27047709825035
 10
1104.137216447509
 20
364.26408876044115
 10
1101.4110870381726
 20
364.815307584405
 10
1075.3854590000005
 20
364.44218500000005
 10
1070.344105
 20
364.9333449999999
 10
1067.940524
 20
366.3328920000001
 10
1067.0617179318947
 20
368.1452234981258
 10
1067.187797617325
 20
370.53434270245003
 10
1068.3158232450148
 20
373.3371017639348
 10
1071.1078898463225
 20
378.00691282363937
 10
1074.886508190391
 20
382.8307059117538
 10
1083.5252977779528
 20
390.8758732075849
 10
1113.668042256429
 20
412.9837925603992
 10
1129.502047
 20
423.4935809999999
 10
1130.569561316004
 20
425.0062398532991
 10
1131.9999922076822
 20
428.9327839923097
 10
1135.294641
 20
433.8733690000001
 10
1136.440934073679
 20
437.40767328333794
 10
1140.4634241049318
 20
441.52886972465745
 10
1140.698232
 20
442.769653
 10
1140.2171353835233
 20
443.8790055116922
 10
1138.5066403391277
 20
444.9379016761475
 10
1136.2843275336297
 20
445.5106671209604
 10
1131.042696
 20
445.9037409999999
 10
1113.4181538181929
 20
444.61275252342796
 10
1100.0846014240249
 20
442.8214249552205
 10
1068.2435111832365
 20
434.2170074536619
 10
1046.523504
 20
426.934897
 10
1036.955340003217
 20
422.9341167247362
 10
1030.262221760724
 20
419.41098434230787
 10
1026.1787207656491
 20
415.8473665386472
 10
1023.1501627402214
 20
411.84262714088925
 10
1021.9086460000001
 20
408.80630799999994
 10
1021.265592399008
 20
404.9913682281563
 10
1021.820766
 20
387.108047
 10
1021.6469921735775
 20
385.7123129854475
 10
1020.7047085522189
 20
384.0396626310897
 10
1019.211194
 20
383.776845
 10
1010.917757
 20
387.370801
 10
1007.9384312521851
 20
387.7947731791939
 10
1004.597065866312
 20
386.4446396001284
 10
1000.458596471958
 20
383.604705791261
 10
999.2299130000001
 20
381.777008
 10
998.496331
 20
378.432571
 10
997.169126
 20
377.487379
 10
994.6298519999999
 20
377.617309
 10
985.4704678192694
 20
380.1925872509535
 10
978.7943818972868
 20
380.7414099920791
 10
972.5020380000001
 20
379.693765
 10
968.6074225908819
 20
378.137571087984
 10
965.0416939999999
 20
375.929552
 10
960.2418814868488
 20
371.4137047873341
 10
957.3885557289196
 20
367.50198937202697
 10
954.7437195157753
 20
362.93536755618305
 10
951.2706131172525
 20
354.8950600068815
 10
948.391629441905
 20
345.82803773501126
 10
946.83112184912
 20
339.22152703792875
 10
945.129520723016
 20
328.70288993360396
 10
944.4114419999999
 20
321.476598
 10
944.0731308718692
 20
315.22329624782606
 10
944.4806854397925
 20
311.759120630535
 10
946.385174
 20
307.226598
 10
949.0529707104364
 20
303.15819649453186
 10
950.7894960000001
 20
302.078006
 10
952.4862402023474
 20
302.0281175831189
 10
954.275439141114
 20
303.058906738524
 10
956.694554209936
 20
305.2686538725265
 10
957.8859283928439
 20
305.6933216179167
  0
LWPOLYLINE
  5
E3
330
17
100
AcDbEntity
  8
0
100
AcDbPolyline
 90
17
 70
1
 10
1355.924447
 20
450.4912830000001
 10
1355.543059925344
 20
450.14972924298945
 10
1355.02817
 20
448.7499999999999
 10
1355.9376062998526
 20
444.4032935799241
 10
1358.7168602957126
 20
439.9448371536
 10
1361.211969
 20
437.118569
 10
1365.2299847396853
 20
433.87235250919554
 10
1367.7293568282419
 20
432.5732716529751
 10
1369.8789319717503
 20
432.55635563633587
 10
1371.8897050110459
 20
433.6576327022326
 10
1372.961490358902
 20
435.2853849773229
 10
1372.688142942197
 20
437.7030371090046
 10
1370.722644
 20
441.60696299999995
 10
1368.204492
 20
444.838813
 10
1364.2939338169724
 20
448.2350961879071
 10
1360.5929469308587
 20
450.3751996471542
 10
1357.502574223101
 20
451.0435662310499
  0
LWPOLYLINE
  5
E4
330
17
100
AcDbEntity
  8
0
100
AcDbPolyline
 90
14
 70
1
 10
1868.38527
 20
450.763897
 10
1867.217022927993
 20
451.9258941019837
 10
1866.1159713383786
 20
452.4048011636909
 10
1862.7963781029505
 20
452.6090227507851
 10
1859.5726119051199
 20
451.32197939092936
 10
1857.450857
 20
449.51460699999984
 10
1857.1215580912917
 20
448.73312548465856
 10
1858.520843
 20
447.360718
 10
1861.094556
 20
445.842967
 10
1862.8103029777812
 20
445.3277298551851
 10
1864.461950719014
 20
445.33025561110804
 10
1866.4610494478457
 20
446.1681382191435
 10
1868.359991
 20
448.0451479999999
 10
1868.869758531361
 20
449.37014532940645
  0
LWPOLYLINE
  5
E5
330
17
100
AcDbEntity
  8
0
100
AcDbPolyline
 90
18
 70
1
 10
1532.469442
 20
453.5190829999999
 10
1531.0894620123515
 20
453.1474369375023
 10
1529.648266
 20
452.18472299999996
 10
1529.6325789868674
 20
451.05215928315283
 10
1533.6983453918788
 20
447.05756662597787
 10
1538.094957812078
 20
444.4857354524691
 10
1543.1959114192139
 20
442.4953290941616
 10
1548.4009434260638
 20
441.36555551595706
 10
1554.5344893655656
 20
441.06911490755124
 10
1555.7638743667596
 20
441.45004630476365
 10
1556.531939846635
 20
442.27356367448834
 10
1556.7758258784775
 20
443.71408285315994
 10
1555.6149895162591
 20
445.59928781133556
 10
1552.3321213987185
 20
448.4961896156478
 10
1549.143474
 20
450.41419199999996
 10
1545.9004488446471
 20
451.6708361169237
 10
1540.5084987931352
 20
452.8110776105248
 10
1536.1746554361182
 20
453.4721676863558
  0
LWPOLYLINE
  5
E6
330
17
100
AcDbEntity
  8
0
100
AcDbPolyline
 90
113
 70
1
 10
303.4314770000001
 20
59.70885199999506
 10
304.4458912179254
 20
139.13365482174896
 10
307.2482331760638
 20
215.71019242838454
 10
308.0
 20
256.209276
 10
320.121936
 20
268.434543
 10
321.9231399999999
 20
271.028532
 10
321.92481641574204
 20
272.0697526221544
 10
321.3875417948651
 20
272.64004639759025
 10
317.53468011670225
 20
273.6841125249069
 10
316.51014698245183
 20
274.4143779736451
 10
316.2166486063121
 20
275.1153054076578
 10
319.4748535625291
 20
280.94521362697833
 10
319.41819112772305
 20
281.79299604701976
 10
318.307119
 20
283.745444
 10
318.07293431019895
 20
287.24899604325003
 10
318.33250409925705
 20
288.7192964236067
 10
319.63935328098916
 20
290.6113657768559
 10
320.10851187235016
 20
294.40571175202086
 10
320.758915
 20
296.2322509999999
 10
325.933251
 20
302.032467
 10
327.73041795873974
 20
306.0495978664822
 10
329.315308
 20
308.334798
 10
338.970345730176
 20
318.112203937528
 10
339.81286522997516
 20
319.27537146842707
 10
340.354594
 20
321.139939
 10
342.8313591695354
 20
324.28520055348423
 10
355.209987
 20
336.837779
 10
353.71800094584927
 20
345.5371348005301
 10
352.845186
 20
346.952867
 10
350.714975
 20
348.374405
 10
350.062441
 20
349.858965
 10
350.2954826175404
 20
351.745506841567
 10
351.52837334927654
 20
352.974661155768
 10
351.95166856319906
 20
353.9899762349275
 10
351.9253780000001
 20
355.171536
 10
351.189988
 20
356.663212
 10
349.885806
 20
357.536244
 10
348.165455516106
 20
357.634299336587
 10
346.57221153831694
 20
357.11282979969747
 10
342.0912255913958
 20
354.4881872935175
 10
340.7115050205293
 20
354.15623688437273
 10
340.2208090668987
 20
354.5856163648452
 10
343.1853909126594
 20
359.4018826653685
 10
356.214433548253
 20
376.887044668311
 10
360.882521868994
 20
385.712715815864
 10
361.64292571854844
 20
387.62259182276466
 10
361.8421025374314
 20
389.6050771025245
 10
360.60038668643074
 20
391.61834125579185
 10
357.931544245476
 20
392.327383984311
 10
355.7664747829679
 20
391.67581687521226
 10
351.795930068388
 20
389.2079911879719
 10
349.54663573433197
 20
388.30298966296743
 10
346.627649
 20
388.143356
 10
346.0117782976302
 20
389.065444622872
 10
351.474384
 20
394.639739
 10
353.11250256066126
 20
397.1686910692682
 10
355.51192231261984
 20
405.11903926127496
 10
356.506081
 20
412.2539149999999
 10
360.21429940988804
 20
416.16355704532486
 10
371.8458835937747
 20
426.7425194556236
 10
371.725898779497
 20
428.170430950452
 10
369.543471
 20
431.1556599999999
 10
369.4463307391024
 20
431.89190217300336
 10
372.3749205650753
 20
434.33388219107394
 10
373.8098638252714
 20
440.796431555615
 10
381.434006
 20
449.906578
 10
383.442572
 20
453.335773
 10
384.0
 20
455.650038
 10
383.72692034538
 20
457.22521695708
 10
382.678084
 20
457.864494
 10
380.35747921246497
 20
457.83369442434037
 10
377.925598
 20
456.756354
 10
365.05891315228797
 20
446.304096452744
 10
358.7029986513022
 20
440.4784181309982
 10
350.0529193140712
 20
431.70456560096613
 10
346.0063799999999
 20
428.318369
 10
342.81124556515005
 20
426.39466512484773
 10
339.786724730512
 20
423.14473581970697
 10
336.387475
 20
417.02824599999997
 10
333.6203192121289
 20
411.0451702389342
 10
332.23809679393014
 20
407.3029311772245
 10
331.521186
 20
403.4740779999999
 10
330.626513108615
 20
402.55744155520495
 10
327.07502516758154
 20
400.9892646750592
 10
326.231734
 20
399.874776
 10
325.80289560603524
 20
398.1352604035319
 10
325.86995684269806
 20
387.1167858187617
 10
325.31404201087116
 20
382.44686326294544
 10
324.76525572275756
 20
380.7355211435418
 10
323.589552
 20
378.91092
 10
322.66598244552
 20
378.23806250894404
 10
319.905637
 20
377.521825
 10
318.09238264812296
 20
375.6969516645026
 10
317.2047153518705
 20
373.675902197034
 10
316.559375
 20
369.7035029999999
 10
314.769115
 20
366.9242
 10
314.10315962694284
 20
362.7813511315434
 10
313.94784100000004
 20
351.200655
 10
313.5272160432206
 20
348.6756453333831
 10
312.094639591405
 20
347.28160262387
 10
306.976565743408
 20
344.85372355941
 10
305.78175695383936
 20
342.96291374113
 10
301.4547971143198
 20
262.94351608315765
 10
299.89884379365503
 20
181.42311763088153
 10
299.30497
 20
168.99143499999985
 10
298.327804999999
 20
160.1847110000007
 10
297.1702117827306
 20
72.14170048751552
 10
297.16275099999996
 20
48.41680700000012
 10
297.7562751562855
 20
38.930603501436984
 10
298.902890498225
 20
37.69938305802001
 10
300.3420235761187
 20
37.16584590647219
 10
301.746455
 20
37.611864999999995
 10
302.6162831432969
 20
38.73946063960878
  0
LWPOLYLINE
  5
E7
330
17
100
AcDbEntity
  8
0
100
AcDbPolyline
 90
2
 70
1
 10
1460.854722
 20
457.089657
 10
1460.854722
 20
457.08965700000005
  0
LWPOLYLINE
  5
E8
330
17
100
AcDbEntity
  8
0
100
AcDbPolyline
 90
16
 70
1
 10
1657.128239
 20
452.4748309999998
 10
1658.3278069049322
 20
453.450287908338
 10
1658.8286531247165
 20
455.97807779622025
 10
1658.5656669654654
 20
458.3781919733209
 10
1657.6037365255515
 20
461.3681521679335
 10
1656.0842660693054
 20
463.77324762773895
 10
1654.653933
 20
465.1847319999999
 10
1652.6127342698992
 20
465.89701649474
 10
1651.1925816899422
 20
465.53834627891376
 10
1650.1091349061014
 20
464.58987498678067
 10
1649.201605866482
 20
462.03283944533797
 10
1649.057123691332
 20
459.20248075567304
 10
1649.759435357557
 20
455.99994693491533
 10
1651.3596414899002
 20
453.60377726737175
 10
1653.016474
 20
452.52765999999997
 10
1654.916446867839
 20
452.1335703426502
  0
LWPOLYLINE
  5
E9
330
17
100
AcDbEntity
  8
0
100
AcDbPolyline
 90
53
 70
1
 10
521.8972769999996
 20
425.3860879999999
 10
505.14307834781346
 20
425.8674173830809
 10
500.896976
 20
426.5129589999999
 10
500.2143779999999
 20
427.228863
 10
500.334294
 20
427.860019
 10
501.458724859835
 20
429.03822850353504
 10
505.606557
 20
431.4778719999999
 10
506.3543999999999
 20
432.9982089999999
 10
505.6134469999999
 20
434.5177679999999
 10
500.9994879999999
 20
437.14196699999997
 10
500.2849450651018
 20
438.12629805236213
 10
513.1535513048382
 20
450.65585994633165
 10
516.4598086807051
 20
455.1024005319463
 10
518.737949746564
 20
459.874483816735
 10
518.8467518127688
 20
462.3939744693205
 10
517.6088582329551
 20
463.872614927567
 10
511.157253
 20
465.926108
 10
509.908531369138
 20
465.6964722956389
 10
504.62580928450234
 20
462.3781060534848
 10
497.2825056954685
 20
455.722611234966
 10
487.8235639999999
 20
447.915316
 10
478.73042233151864
 20
437.4988675208459
 10
477.4087762131765
 20
436.11865246950026
 10
476.57321
 20
435.772436
 10
468.0472627809702
 20
422.98712271859944
 10
466.51621548813284
 20
422.27609182262984
 10
463.021837381025
 20
423.66278867307494
 10
460.5847348888725
 20
423.80901581732996
 10
458.175549029464
 20
422.696354951315
 10
456.539111397896
 20
421.0734616508207
 10
453.879045
 20
416.474787
 10
453.11488555744546
 20
413.21827631729144
 10
453.39973013912237
 20
407.07829945181567
 10
454.74159066687815
 20
401.32706309265114
 10
456.508903
 20
397.593436
 10
459.407585
 20
394.17002
 10
461.7215246255131
 20
393.0766126327904
 10
464.04210243869846
 20
393.21145527264605
 10
468.88676808167014
 20
396.2890749391122
 10
474.475062
 20
401.1151899999999
 10
479.3849430834759
 20
407.97744794375
 10
484.7849512540381
 20
405.98583508892534
 10
487.0298749999999
 20
405.6008
 10
496.8822969999999
 20
407.55738299999996
 10
503.094895659689
 20
408.22505340169687
 10
515.5232915755886
 20
412.1827124618229
 10
522.1659848504559
 20
415.70559521215876
 10
533.7427726944239
 20
422.694540655634
 10
537.1766029999999
 20
425.875609
 10
537.945619033823
 20
427.93683963021147
 10
537.525332956553
 20
429.0593122136819
 10
536.4736589999999
 20
429.5485679999999
 10
527.8637051206205
 20
426.0272122414795
  0
LWPOLYLINE
  5
EA
330
17
100
AcDbEntity
  8
0
100
AcDbPolyline
 90
2
 70
1
 10
1394.477524
 20
467.867123
 10
1394.477524
 20
467.86712299999994
  0
LWPOLYLINE
  5
EB
330
17
100
AcDbEntity
  8
0
100
AcDbPolyline
 90
15
 70
1
 10
1277.190704
 20
459.205974
 10
1278.8280849660891
 20
459.218801621701
 10
1280.330603
 20
459.869663
 10
1282.8473395583853
 20
462.12176949603196
 10
1284.2107074811088
 20
463.9545858131851
 10
1285.9029042015825
 20
467.940039282684
 10
1285.8668605611151
 20
469.690483672232
 10
1284.9931921822686
 20
471.387421310493
 10
1282.63827964
 20
471.7586003852
 10
1280.5108118566295
 20
470.98802737279317
 10
1278.363234
 20
469.40367
 10
1276.709106366751
 20
467.2935115625675
 10
1275.6688213985433
 20
464.76077573603385
 10
1275.4220142957909
 20
462.40518909451504
 10
1276.05992
 20
460.0246179999999
  0
LWPOLYLINE
  5
EC
330
17
100
AcDbEntity
  8
0
100
AcDbPolyline
 90
17
 70
1
 10
1250.749168
 20
464.6183470000001
 10
1251.7496209795816
 20
465.56589813335864
 10
1252.8044427512582
 20
468.032285825128
 10
1252.532567994942
 20
470.19489963163204
 10
1250.7762297668933
 20
471.4844764520762
 10
1248.2084337974275
 20
471.70463283261813
 10
1242.1569535498238
 20
470.7208522930581
 10
1238.1856508575859
 20
469.3428796228926
 10
1234.48843763314
 20
467.2491832456626
 10
1231.0094559046431
 20
464.38675803330483
 10
1226.773666
 20
459.59600199999994
 10
1225.8244263308075
 20
457.70255155947245
 10
1226.053092669474
 20
456.465067757148
 10
1227.189148474589
 20
455.3743482055137
 10
1229.655547445765
 20
454.6373818697891
 10
1233.5925942706353
 20
455.697115366356
 10
1241.223558
 20
458.909848
  0
LWPOLYLINE
  5
ED
330
17
100
AcDbEntity
  8
0
100
AcDbPolyline
 90
20
 70
1
 10
1208.55887
 20
471.5585690000001
 10
1206.063744
 20
472.548345
 10
1201.112964
 20
472.8825719999999
 10
1195.583901
 20
472.687298
 10
1190.610965
 20
471.8862889999999
 10
1186.144656
 20
470.4346919999999
 10
1181.576654
 20
468.153282
 10
1177.857475
 20
465.6979559999999
 10
1177.3059256785564
 20
464.97531620296945
 10
1177.223062
 20
464.0700269999999
 10
1177.6227404479941
 20
463.40056010664546
 10
1178.606887902528
 20
462.95447636472807
 10
1182.204391
 20
462.448674
 10
1193.954999483149
 20
462.2521903436441
 10
1198.8993535559955
 20
462.90893981855584
 10
1203.9631986579443
 20
464.71865957181444
 10
1208.2533249272808
 20
467.08726145870196
 10
1209.258101
 20
468.141692
 10
1209.6982596055807
 20
469.4394185642094
 10
1209.2482017172665
 20
470.8277901890435
  0
LWPOLYLINE
  5
EE
330
17
100
AcDbEntity
  8
0
100
AcDbPolyline
 90
17
 70
1
 10
1311.056835
 20
458.464874
 10
1312.460549670869
 20
458.0416610313237
 10
1313.5482459549632
 20
458.1837914054369
 10
1316.48711656985
 20
459.7357481611249
 10
1319.377549536014
 20
462.90917661621455
 10
1321.982822
 20
467.52328900000003
 10
1322.897344
 20
471.074462
 10
1322.607332
 20
474.07408
 10
1321.644023495383
 20
475.8547631435117
 10
1319.294743
 20
477.615719
 10
1317.686409
 20
477.77596600000004
 10
1315.929689
 20
476.8282139999999
 10
1312.8945419932982
 20
473.75570187387143
 10
1310.7455904489127
 20
470.7385991628026
 10
1310.178540241967
 20
468.73710220895777
 10
1310.004817488327
 20
464.30108344844353
 10
1310.380856013064
 20
460.2145663845978
  0
LWPOLYLINE
  5
EF
330
17
100
AcDbEntity
  8
0
100
AcDbPolyline
 90
2
 70
1
 10
1866.709621
 20
483.6992209999998
 10
1866.709621
 20
483.69922099999974
  0
LWPOLYLINE
  5
F0
330
17
100
AcDbEntity
  8
0
100
AcDbPolyline
 90
16
 70
1
 10
1587.883077
 20
477.142168
 10
1588.7017004051054
 20
477.81082969785814
 10
1588.978230306654
 20
479.4289043976579
 10
1588.871423
 20
481.802168
 10
1588.2259967999998
 20
483.8469662839199
 10
1587.3794959851502
 20
485.1419080352494
 10
1585.8010125705848
 20
486.3880167836062
 10
1584.623445831261
 20
486.973085152719
 10
1583.5420849815916
 20
486.81866394025326
 10
1582.158893
 20
485.71600499999994
 10
1581.164621865305
 20
484.17682650504446
 10
1581.0307210299557
 20
482.7382029135226
 10
1581.481664
 20
481.23239199999995
 10
1582.9119
 20
479.133158
 10
1584.793645
 20
477.532991
 10
1586.1345318793165
 20
477.0343383921886
  0
LWPOLYLINE
  5
F1
330
17
100
AcDbEntity
  8
0
100
AcDbPolyline
 90
2
 70
1
 10
1468.0
 20
465.9698929999994
 10
1467.9999999999998
 20
465.9698929999995
  0
LWPOLYLINE
  5
F2
330
17
100
AcDbEntity
  8
0
100
AcDbPolyline
 90
20
 70
1
 10
1830.81133
 20
471.9999999999999
 10
1832.4711894508525
 20
472.3510433537025
 10
1833.8584180300352
 20
473.34923231285995
 10
1835.1045625731683
 20
476.16671648346085
 10
1834.80495
 20
479.82705
 10
1832.8902472336376
 20
483.99453451829595
 10
1829.5050982691305
 20
487.78725528869137
 10
1824.4534821176494
 20
491.3539001540979
 10
1817.8188244513171
 20
494.76709895691226
 10
1815.867755
 20
494.939654
 10
1815.005905181136
 20
494.572596795316
 10
1814.11914933336
 20
492.36623495083995
 10
1814.1137632046166
 20
489.5236136196108
 10
1814.614787
 20
487.9253389999999
 10
1815.7730982709404
 20
486.45421472933145
 10
1816.321709412837
 20
483.4727388988789
 10
1817.249541
 20
481.8264639999998
 10
1821.711296
 20
477.1419749999999
 10
1825.5440842514497
 20
474.0786783873642
 10
1827.8059921540666
 20
472.6593292145145
  0
LWPOLYLINE
  5
F3
330
17
100
AcDbEntity
  8
0
100
AcDbPolyline
 90
12
 70
1
 10
1241.022453
 20
495.34883
 10
1241.576698902332
 20
496.10328076461394
 10
1241.539312
 20
497.0386879999999
 10
1239.4907572215345
 20
500.02176328263766
 10
1236.8865194796947
 20
501.8094732933636
 10
1235.7939500738405
 20
501.85370245720543
 10
1234.9145106178316
 20
501.3015181163506
 10
1234.301857
 20
500.3442419999999
 10
1234.2167642536015
 20
499.2925045827585
 10
1235.4612251851056
 20
497.270217824069
 10
1238.880449
 20
495.115563
 10
1239.9807333564106
 20
494.96330752487404
  0
LWPOLYLINE
  5
F4
330
17
100
AcDbEntity
  8
0
100
AcDbPolyline
 90
20
 70
1
 10
1216.117893
 20
491.0008749999999
 10
1216.3323823548146
 20
491.1702041957346
 10
1216.86499110196
 20
492.2873490544
 10
1216.0166029997129
 20
493.7927400472311
 10
1214.3725028795777
 20
495.5080906195315
 10
1211.8430137653431
 20
497.22755296341063
 10
1205.3803127330095
 20
500.159419861286
 10
1198.055430133129
 20
502.26855267944745
 10
1188.976553689781
 20
502.8765741771548
 10
1173.296654
 20
502.2864779999999
 10
1170.4713735861674
 20
501.6914393729774
 10
1167.925843
 20
500.32888499999996
 10
1167.2466561708163
 20
499.31207230781155
 10
1167.3810703752251
 20
498.09149907839173
 10
1171.2318417408644
 20
495.207859288752
 10
1183.197354
 20
489.532638
 10
1189.8547499437473
 20
487.5285730247889
 10
1197.3401103881904
 20
487.12917006060945
 10
1207.4680771078624
 20
487.81731337789995
 10
1212.4716499586114
 20
488.92532863789074
  0
LWPOLYLINE
  5
F5
330
17
100
AcDbEntity
  8
0
100
AcDbPolyline
 90
15
 70
1
 10
1515.720556
 20
505.193868
 10
1513.5661430674452
 20
505.7948742464192
 10
1512.0473106512961
 20
505.46425153933893
 10
1510.699563371888
 20
504.62947183301867
 10
1508.9210036247036
 20
501.66313026078814
 10
1508.753016471306
 20
498.9519005151039
 10
1509.933847076181
 20
495.73628062799094
 10
1512.1294425119422
 20
492.5754322448173
 10
1514.685479
 20
490.508363
 10
1516.902530406767
 20
490.0101526035486
 10
1518.16383681306
 20
490.34680270466595
 10
1518.766084561056
 20
491.08715775068794
 10
1519.2200178969476
 20
495.597601512495
 10
1517.714528188702
 20
501.93525439714693
 10
1516.8026707238976
 20
504.1007932847454
  0
LWPOLYLINE
  5
F6
330
17
100
AcDbEntity
  8
0
100
AcDbPolyline
 90
17
 70
1
 10
1424.72452
 20
487.8467030000001
 10
1425.2083324357259
 20
488.02304588827934
 10
1426.6397936502979
 20
489.4797189013673
 10
1426.9645871312975
 20
491.6752258369838
 10
1426.444306
 20
493.4521469999999
 10
1423.819595554384
 20
497.95761106425806
 10
1420.333989728852
 20
502.3598295940199
 10
1417.0474242357366
 20
505.3354283479694
 10
1414.4454687044285
 20
506.79014269171273
 10
1412.333305
 20
506.57854999999995
 10
1410.918235878077
 20
505.06551106640063
 10
1410.6325433861034
 20
501.09197494263253
 10
1411.3771002929277
 20
497.4392437286023
 10
1412.9181387396977
 20
494.3052015497761
 10
1415.235569757897
 20
491.5998326053651
 10
1418.2638236558764
 20
489.4032504505154
 10
1422.183003
 20
487.813425
  0
LWPOLYLINE
  5
F7
330
17
100
AcDbEntity
  8
0
100
AcDbPolyline
 90
147
 70
1
 10
688.8714239999535
 20
220.1724509999618
 10
689.064606368989
 20
320.74805728563706
 10
688.3841373749376
 20
338.80188796741294
 10
689.1442940000001
 20
339.500325
 10
690.3699520510547
 20
339.46757967286527
 10
694.423937
 20
335.902508
 10
694.8355856133401
 20
334.73981615940005
 10
692.4036490996317
 20
332.0366895304144
 10
692.0079732645377
 20
330.9530973492858
 10
692.186215658778
 20
330.0924936683229
 10
696.2649422188432
 20
325.59945236064203
 10
706.7434074178635
 20
315.4774791048384
 10
711.3664819999999
 20
309.5901659999999
 10
712.2855322479893
 20
309.1812655758792
 10
712.99545210517
 20
309.4172048965121
 10
713.759134
 20
310.322663
 10
714.6723058670874
 20
312.88248762800333
 10
721.1909018132874
 20
333.74054468890006
 10
723.5898125778222
 20
342.8437795112715
 10
724.5887639085464
 20
348.68253323137094
 10
725.8754153269431
 20
367.57294112425006
 10
725.3581344865954
 20
368.63252613470956
 10
722.3368406857212
 20
369.97936858179906
 10
721.2068118259143
 20
371.4029113586723
 10
721.052138
 20
373.83548
 10
722.3428398572345
 20
377.12112058498445
 10
721.780833
 20
379.242759
 10
720.1705719999999
 20
381.02918400000004
 10
714.2348056720925
 20
385.3976634166921
 10
714.294509
 20
387.451127
 10
712.4973219999999
 20
396.112465
 10
711.1728579345611
 20
400.13616695712324
 10
709.7790281755499
 20
402.615990574464
 10
706.8389143823363
 20
405.8365084453504
 10
700.0261277608998
 20
410.906969191382
 10
697.6665299999999
 20
412.2295359999998
 10
692.5232269999999
 20
414.1317669999999
 10
696.0050266675516
 20
417.14624622987014
 10
698.518365
 20
420.8583579999999
 10
705.0
 20
432.9864309999999
 10
705.936952399572
 20
435.960779417047
 10
705.3588009105799
 20
437.9138713998701
 10
702.1814009999999
 20
440.630315
 10
701.549786
 20
441.610619
 10
701.6327734461112
 20
448.5174272812849
 10
701.0682810634561
 20
450.4226380022833
 10
699.9145709261314
 20
451.62180626884157
 10
697.3798868377139
 20
452.1080617935405
 10
695.7417089999999
 20
451.449446
 10
693.0968431188828
 20
448.9781215183733
 10
689.336121
 20
444.1938969999999
 10
688.6150373624037
 20
444.0448227517315
 10
688.149147
 20
444.599118
 10
688.076808
 20
446.420108
 10
688.56092
 20
448.6273749999999
 10
691.6756842907664
 20
455.2035283493439
 10
696.3378376814624
 20
469.5733338353622
 10
696.1185852018313
 20
472.4354778398549
 10
694.656753
 20
473.192087
 10
692.1540869790488
 20
472.46385005405267
 10
689.70507608
 20
470.3397795525
 10
684.857657954698
 20
464.4889529205855
 10
684.1735266422872
 20
464.01452903880516
 10
683.517701635756
 20
464.180957366793
 10
683.0805997277265
 20
465.7878656999235
 10
683.074012575045
 20
468.16397495398746
 10
683.3322536034971
 20
469.71136882645686
 10
684.8262412260507
 20
471.56385882887446
 10
684.8874268259741
 20
477.3323428374641
 10
684.067881259102
 20
482.2865067378869
 10
682.063677
 20
486.013535
 10
681.1027025253185
 20
486.72402348084347
 10
679.8792595903185
 20
486.83986199015897
 10
675.0168559999998
 20
484.059617
 10
673.1269199797925
 20
484.15736305722
 10
672.2237082306137
 20
485.2901097614009
 10
671.5531639999999
 20
487.748694
 10
668.2508299124078
 20
490.9144992621893
 10
664.973215
 20
492.866883
 10
653.535116
 20
507.333695
 10
650.8218046535479
 20
508.9735858953641
 10
648.8829208782946
 20
508.83406013987826
 10
647.895736
 20
508.25
 10
648.1777179999999
 20
491.871621
 10
649.6121925679129
 20
488.3486551195624
 10
653.926756
 20
481.994421
 10
654.651324
 20
479.610609
 10
653.9686769999998
 20
478.009779
 10
650.833943155305
 20
476.552350509943
 10
649.4985166346406
 20
475.37058551350367
 10
649.076639
 20
473.813012
 10
649.328168357248
 20
472.47725923682594
 10
651.073472033288
 20
469.8465895536014
 10
659.624793
 20
460.89329799999996
 10
663.503973
 20
456.187638
 10
663.9676347975602
 20
455.16120999663025
 10
663.816833
 20
454.4097889999999
 10
658.638460576631
 20
451.5468950037396
 10
657.227405345744
 20
449.91513139958005
 10
657.3119402284749
 20
447.8527777836392
 10
660.88097523068
 20
442.98189254363996
 10
662.0
 20
440.204159
 10
661.0812277801516
 20
438.3271661684114
 10
657.6285889999999
 20
435.703048
 10
657.282711
 20
433.893232
 10
658.6371
 20
431.50118699999996
 10
665.632312255884
 20
424.6691565441419
 10
666.7905601917666
 20
422.07051880987757
 10
665.6954849999998
 20
417.90496299999984
 10
664.698775
 20
416.690027
 10
663.3542259999999
 20
416.54241
 10
659.2393005807984
 20
418.5685671571242
 10
657.7303728308939
 20
418.71151977740305
 10
655.8029382995775
 20
417.19479975393
 10
655.2355483690499
 20
415.60586681095947
 10
655.3301481538987
 20
414.5250341709943
 10
656.36149906011
 20
412.56642340082
 10
658.4635803162574
 20
410.26344043080155
 10
676.8881719999999
 20
393.5
 10
681.0854536730548
 20
350.39066572737823
 10
681.0447928006931
 20
214.89387593471676
 10
680.905971118389
 20
194.9554269260762
 10
680.2844464180035
 20
181.67282787474682
 10
679.7163795892375
 20
180.85057037896246
 10
678.7683654701865
 20
180.5342216135185
 10
677.6231983714351
 20
180.86181297735223
 10
676.377926490613
 20
181.97964509841964
 10
670.114810407466
 20
197.46394312351464
 10
658.6405790000001
 20
220.63276200000004
 10
657.573607100639
 20
221.96630716468806
 10
656.085731
 20
222.8047560000001
 10
655.2795897151525
 20
222.74672945421958
 10
655.1342339999999
 20
221.817283
 10
657.127877498171
 20
212.0374009259705
 10
661.6648740653565
 20
184.8798374183435
 10
669.406979
 20
163.904639
 10
678.834791584985
 20
132.80168810018026
 10
679.8107000114504
 20
123.83018008746585
 10
680.5384642547317
 20
111.39883670031551
 10
681.2754088543649
 20
67.71530831777706
 10
682.1652931839516
 20
40.563574541832715
 10
683.1268399999999
 20
34.63703499999999
 10
683.8884066724378
 20
33.78679063600587
 10
685.7479839732443
 20
33.42618381214976
 10
687.376994
 20
33.59117199999996
 10
688.0445800000016
 20
34.55037800000412
 10
688.5796420880574
 20
91.57039363765494
  0
LWPOLYLINE
  5
F8
330
17
100
AcDbEntity
  8
0
100
AcDbPolyline
 90
2
 70
1
 10
1615.429291
 20
497.8212129999999
 10
1615.429291
 20
497.82121299999983
  0
LWPOLYLINE
  5
F9
330
17
100
AcDbEntity
  8
0
100
AcDbPolyline
 90
13
 70
1
 10
1471.984431
 20
505.0
 10
1473.820416
 20
505.656834
 10
1477.459117876437
 20
509.361115914794
 10
1478.6804929393668
 20
511.12244472816656
 10
1478.8000122383448
 20
511.9555387201082
 10
1478.400586
 20
512.828396
 10
1476.859515
 20
513.599124
 10
1474.9640661191645
 20
513.8044501817961
 10
1473.2599738218876
 20
513.1945514108256
 10
1471.934755207699
 20
511.948384076422
 10
1470.4119496233568
 20
509.5887817222611
 10
1469.8201668696968
 20
507.4526953825137
 10
1470.2576855404645
 20
505.84376484354857
  0
LWPOLYLINE
  5
FA
330
17
100
AcDbEntity
  8
0
100
AcDbPolyline
 90
19
 70
1
 10
1277.331683
 20
496.1643669999999
 10
1278.50113784681
 20
496.20752326816006
 10
1280.5462251775316
 20
497.2054726828304
 10
1281.5902787840719
 20
498.72843454958104
 10
1281.6706816524668
 20
500.0781853970319
 10
1279.73118664703
 20
503.66684249362464
 10
1276.1563562833787
 20
507.56544002284954
 10
1271.6427725650824
 20
510.76741264656374
 10
1265.724688
 20
513.407629
 10
1259.7657984193386
 20
514.8418758723251
 10
1257.6234353257362
 20
514.8781072382785
 10
1256.8462037255113
 20
514.4488315567045
 10
1256.4613987586547
 20
513.1694953861787
 10
1257.670387623727
 20
510.0539156993247
 10
1260.42252032279
 20
506.18443946381893
 10
1263.449756
 20
503.0274329999999
 10
1266.89738058952
 20
500.30930244390004
 10
1270.686081
 20
498.091173
 10
1273.922682479978
 20
496.83046570332596
  0
LWPOLYLINE
  5
FB
330
17
100
AcDbEntity
  8
0
100
AcDbPolyline
 90
169
 70
1
 10
697.4322859999992
 20
192.0414060000003
 10
696.0108580477765
 20
174.02034003053404
 10
695.1060489292736
 20
150.1863162446317
 10
694.390429094543
 20
108.95452174647964
 10
694.3917287835579
 20
72.30546020028353
 10
695.3057959999999
 20
54.500000000000064
 10
696.8832744695625
 20
39.17643025137499
 10
697.8417836330136
 20
35.67617550835425
 10
699.1942849999999
 20
33.98638499999993
 10
700.9069028207962
 20
33.49586014160586
 10
701.7997544979115
 20
33.788146005835
 10
702.440178
 20
34.52429200000002
 10
702.9800406731799
 20
37.8361951388
 10
702.7659389049013
 20
45.04284846112748
 10
700.5125013830651
 20
76.17478092691468
 10
700.0384819999999
 20
90.2382719999999
 10
701.1386414323232
 20
141.13053273532063
 10
703.3145629357222
 20
179.16104786177314
 10
707.9695137571143
 20
222.03802242313435
 10
717.5591757793376
 20
276.5304024979875
 10
718.073849
 20
281.429517
 10
719.6453000770706
 20
284.8697868299326
 10
720.8356580366338
 20
295.2748172625777
 10
728.9289465888227
 20
326.8541696839713
 10
733.2477372683119
 20
338.24938594071557
 10
735.807289983108
 20
342.948903154844
 10
741.250329
 20
351.411516
 10
744.1835980399817
 20
357.9684620918161
 10
746.226427
 20
358.98495
 10
755.4198769999999
 20
361.672834
 10
759.755558
 20
363.651147
 10
763.7649001942065
 20
366.52251625590804
 10
766.9028627857077
 20
370.0871251015494
 10
771.504272
 20
372.028125
 10
778.900074
 20
377.779612
 10
784.3339918037689
 20
378.8011052228478
 10
796.9102333648871
 20
382.53337042016176
 10
800.7315176626499
 20
384.2837627001525
 10
802.774946
 20
386.29776
 10
802.83202922232
 20
387.96405497534397
 10
800.809316218183
 20
389.942770959796
 10
797.582064
 20
391.576072
 10
794.4164268971574
 20
392.11009728901985
 10
793.5560731951698
 20
392.85296895256744
 10
794.475594306114
 20
394.3672038093828
 10
799.4934975425966
 20
397.2185997837788
 10
799.8249559999999
 20
398.6948240000001
 10
798.9244866501571
 20
400.00134790131045
 10
795.5157146509098
 20
400.7774067377609
 10
790.9421714321634
 20
400.77970653474193
 10
781.2445618088317
 20
398.38517674976214
 10
779.6945022553707
 20
398.85622454087616
 10
778.6823779999999
 20
400.18101
 10
778.7176450606227
 20
401.042994789609
 10
779.9289876193777
 20
402.4051060943845
 10
790.1546626627319
 20
409.569903598758
 10
795.6695707153006
 20
414.53068767696004
 10
795.7238582114209
 20
415.33779900681805
 10
795.0939324946419
 20
416.0306906607019
 10
792.4578789148841
 20
417.4596947771537
 10
791.2047520635326
 20
417.4709595245872
 10
787.7184983969701
 20
416.239184077931
 10
786.59853858413
 20
416.32641321250003
 10
786.009699
 20
417.6333689999999
 10
786.4874518305959
 20
419.2246787257263
 10
796.4839397395742
 20
428.8644111145105
 10
805.7067361828001
 20
436.1090182616384
 10
807.906800699796
 20
438.70479289390397
 10
807.9143216363925
 20
439.64851995183665
 10
807.4018885711199
 20
440.51975934570464
 10
805.1007275258378
 20
441.39488594439325
 10
800.82390156754
 20
440.98108327115744
 10
790.850696198967
 20
438.34463286012647
 10
789.1540109335449
 20
438.8426051885739
 10
789.153900303705
 20
440.40983406518245
 10
792.8354191630101
 20
445.3235942565999
 10
794.614709
 20
450.093962
 10
795.8660419386138
 20
451.510520172504
 10
801.2517742844079
 20
454.018838330736
 10
815.0401530853336
 20
458.8572074080524
 10
817.7336203508979
 20
460.32244097800464
 10
819.5593159999999
 20
462.3074639999999
 10
819.5404278603155
 20
463.7250401856647
 10
816.371793
 20
467.7492599999999
 10
816.4534590193259
 20
468.69836283641314
 10
817.7053739999999
 20
470.703748
 10
817.9052376850143
 20
473.1619873441528
 10
817.3356947459567
 20
474.99465280643125
 10
815.3493780936076
 20
477.4639161853865
 10
815.0541055106396
 20
479.736086545464
 10
817.120882
 20
482.8387309999999
 10
825.7245936134623
 20
489.77902473457436
 10
826.9269843800832
 20
492.3732462673176
 10
826.7661824890691
 20
493.5676738475004
 10
825.4779737247599
 20
495.47585723448
 10
821.4999999999999
 20
498.8711349999999
 10
832.8241969055259
 20
510.168133381246
 10
841.8253399999999
 20
517.963598
 10
843.6561139510937
 20
520.936236646926
 10
843.1644233572827
 20
522.8634648534202
 10
840.7525775999492
 20
523.9137712250066
 10
836.3603254588949
 20
522.451780322804
 10
827.8520359700623
 20
521.3540847380967
 10
825.845673
 20
520.3184809999998
 10
823.1633423974408
 20
518.2248283054487
 10
811.750614941456
 20
507.59071371412597
 10
810.333284926748
 20
507.27310082314403
 10
806.3575052775192
 20
508.7969522670331
 10
805.427338679441
 20
508.58658219506
 10
804.045654
 20
507.541316
 10
800.9998830924452
 20
502.5611714254738
 10
795.8548179509501
 20
490.3050917119705
 10
794.7678906932911
 20
486.6705508141622
 10
793.8893825491555
 20
486.35103914884075
 10
790.8282753598758
 20
486.61683891789505
 10
788.152317
 20
485.1023289999999
 10
786.507514
 20
482.5610969999999
 10
784.8342349999999
 20
476.465729
 10
783.800095
 20
475.2216709999999
 10
782.5082959999999
 20
475.22377599999993
 10
780.5112155466337
 20
476.96837102874025
 10
779.3005863896706
 20
477.5159174361397
 10
777.9741518619317
 20
477.4739941834383
 10
776.4347
 20
476.325098
 10
774.420529
 20
471.6748769999999
 10
771.570918
 20
458.9004080000001
 10
770.3533851211514
 20
455.05628745707673
 10
768.8806221778589
 20
452.12184094319696
 10
764.7471633293516
 20
446.4458367565014
 10
762.8081889999999
 20
442.23644599999994
 10
762.0309434056912
 20
442.08332865857125
 10
761.2984175571146
 20
443.09056086889916
 10
760.8463913423886
 20
448.5104732985207
 10
760.0141367948407
 20
450.2060794877863
 10
758.5296139999999
 20
451.168461
 10
756.5422949999999
 20
451.6473110000001
 10
754.785615
 20
451.2411849999999
 10
753.7998494077791
 20
450.3829613720511
 10
753.062205
 20
448.183304
 10
751.7318407881548
 20
433.26880244137
 10
751.5376395595574
 20
425.8276981072827
 10
750.799421
 20
425.4766820000001
 10
749.5565035847685
 20
425.77745707494495
 10
746.3027840803376
 20
428.82380200304743
 10
744.705590787519
 20
429.74408753457243
 10
743.1980767716371
 20
429.7747580629753
 10
742.112628983891
 20
428.753394634084
 10
741.7397049999998
 20
425.941323
 10
742.1707619999999
 20
411.969296
 10
736.1330822387795
 20
409.1785247378628
 10
734.6720009996793
 20
408.01854490021697
 10
734.2067920806438
 20
406.79708983950644
 10
736.3583051873322
 20
380.9741975971565
 10
737.296153
 20
375.6887680000001
 10
735.8747063186231
 20
369.832574166406
 10
730.4166435697443
 20
352.8491018570458
 10
728.814821
 20
345.347525
 10
716.6664448790518
 20
307.41688841319905
 10
715.745213
 20
301.663784
 10
714.7579900000001
 20
300.124135
 10
714.0016297718812
 20
297.55851204650895
 10
712.1904621105696
 20
285.67703771819686
 10
711.2097118676476
 20
273.12824578839127
 10
710.6721602845807
 20
270.4423690177723
 10
709.5107059999999
 20
268.0546820000001
 10
707.8237889999999
 20
259.87007199999994
 10
705.0348237213012
 20
242.4944964748983
 10
702.486836
 20
229.49245399999998
 10
698.9468234896618
 20
207.36118111906518
  0
LWPOLYLINE
  5
FC
330
17
100
AcDbEntity
  8
0
100
AcDbPolyline
 90
17
 70
1
 10
1283.886744
 20
533.5251120000001
 10
1281.563144
 20
534.915406
 10
1277.677195
 20
535.776274
 10
1268.429645493643
 20
535.9660231445514
 10
1254.611826118
 20
534.1317659021731
 10
1250.821376
 20
532.275958
 10
1250.2113798310988
 20
531.0830503244005
 10
1250.810925
 20
529.884856
 10
1253.0852417180604
 20
528.491626398118
 10
1258.354770630021
 20
526.8691134673351
 10
1265.0720084942325
 20
526.3090103074824
 10
1274.6463264131007
 20
526.5222349467845
 10
1280.125244849059
 20
527.4255628681052
 10
1283.353463
 20
529.019406
 10
1284.3194996166267
 20
530.075596356356
 10
1284.756505244528
 20
531.269443898752
 10
1284.5789401426612
 20
532.4713855580393
  0
LWPOLYLINE
  5
FD
330
17
100
AcDbEntity
  8
0
100
AcDbPolyline
 90
25
 70
1
 10
1810.571947
 20
519.097481
 10
1817.4141054822812
 20
514.9448151485907
 10
1822.6601961101717
 20
512.4472124921896
 10
1836.7127120877165
 20
507.21230648399404
 10
1839.3572481199408
 20
506.4517411505618
 10
1842.015808
 20
506.27391699999987
 10
1843.529832264622
 20
506.92105288996163
 10
1844.5231094025676
 20
508.55217252698503
 10
1844.735702
 20
512.5774230000001
 10
1843.1812066092
 20
516.036511033478
 10
1842.6934327177441
 20
519.6648875390079
 10
1841.793024
 20
521.9373559999999
 10
1839.1294531164185
 20
525.921891986433
 10
1835.5413402962226
 20
529.6934871881575
 10
1831.2500701715323
 20
532.9868362765448
 10
1826.5
 20
535.564568
 10
1822.133091203421
 20
537.1935536054705
 10
1815.634263
 20
538.3628919999999
 10
1803.4667743742575
 20
538.9775034153929
 10
1799.762696148112
 20
538.6150561359868
 10
1797.9614470727943
 20
537.4308128335315
 10
1797.467439967645
 20
536.0748955957899
 10
1797.7908881574508
 20
534.3660478255572
 10
1801.171005608504
 20
528.031666884631
 10
1805.2911115073348
 20
523.3874669035163
  0
LWPOLYLINE
  5
FE
330
17
100
AcDbEntity
  8
0
100
AcDbPolyline
 90
2
 70
1
 10
1376.622722
 20
511.240596
 10
1376.622722
 20
511.24059600000004
  0
LWPOLYLINE
  5
FF
330
17
100
AcDbEntity
  8
0
100
AcDbPolyline
 90
11
 70
1
 10
1211.192778
 20
539.7030389999998
 10
1210.74145
 20
538.9341559999999
 10
1211.518511
 20
538.190434
 10
1219.978331
 20
537.071578
 10
1224.3171000875727
 20
537.6242043452806
 10
1226.165647
 20
538.419042
 10
1226.816868044548
 20
539.3968175241889
 10
1226.6776180450531
 20
540.202971212662
 10
1225.812978
 20
541.0512640000001
 10
1222.6174575572236
 20
541.6565184553375
 10
1217.45937589625
 20
541.1138222471875
  0
LWPOLYLINE
  5
100
330
17
100
AcDbEntity
  8
0
100
AcDbPolyline
 90
16
 70
1
 10
1856.502215
 20
536.471522
 10
1857.714251
 20
537.6241089999999
 10
1857.431981
 20
539.4125209999999
 10
1854.210874098075
 20
543.0979546664412
 10
1850.9997597803613
 20
545.7427606497874
 10
1847.743200907097
 20
547.4728515500809
 10
1844.2061855729796
 20
548.7363620756679
 10
1841.8269219105885
 20
548.7501514128159
 10
1840.117325
 20
547.6413679999999
 10
1839.7137215101761
 20
546.3754593329635
 10
1840.6997096408065
 20
544.1389585705724
 10
1843.0383350812992
 20
541.577270566325
 10
1845.604504935592
 20
539.643872275256
 10
1848.322051096681
 20
537.9907003829072
 10
1851.5906170644032
 20
536.6664432624842
 10
1854.010832
 20
536.237099
  0
LWPOLYLINE
  5
101
330
17
100
AcDbEntity
  8
0
100
AcDbPolyline
 90
13
 70
1
 10
1350.124484
 20
547.053515
 10
1349.0898874974364
 20
549.0161971741697
 10
1346.7389257071334
 20
549.8901923806142
 10
1345.4331368883152
 20
549.4307508684807
 10
1343.39243
 20
547.4833389999999
 10
1341.9619133927115
 20
545.5608909337784
 10
1341.171318696692
 20
543.348415257296
 10
1341.114017059709
 20
541.1537164885192
 10
1342.1771707318862
 20
538.9236844357006
 10
1343.1120262773434
 20
538.3307082593934
 10
1344.5239595019368
 20
538.1684169009869
 10
1346.834574
 20
539.2120489999999
 10
1349.403197
 20
542.926041
  0
LWPOLYLINE
  5
102
330
17
100
AcDbEntity
  8
0
100
AcDbPolyline
 90
38
 70
1
 10
1357.212310999998
 20
496.3123899999995
 10
1313.591229
 20
492.2328849999998
 10
1271.9986979999999
 20
487.13173499999994
 10
1269.529728434844
 20
486.1042145012958
 10
1269.761629
 20
484.89518899999985
 10
1270.8401795678456
 20
483.7169081129715
 10
1273.8582314834132
 20
483.14635070473423
 10
1278.5277273728457
 20
483.06719506517015
 10
1321.5408670537622
 20
484.6955953077351
 10
1352.4936039914396
 20
486.6652322548445
 10
1392.6986795688094
 20
488.32576858246483
 10
1396.37437763183
 20
488.6333881912875
 10
1398.3385334951909
 20
489.6327717039212
 10
1397.593148
 20
490.309662
 10
1387.967003
 20
494.6488579999999
 10
1373.5312974496962
 20
502.6187361509176
 10
1358.9088629508474
 20
511.3544683745598
 10
1332.9244814123513
 20
528.1537067486786
 10
1330.1313046211571
 20
529.8504416129656
 10
1328.2412897834436
 20
530.5253857551663
 10
1325.1595289961617
 20
532.8412524503688
 10
1310.2790558435888
 20
540.3235899970232
 10
1299.0877815288009
 20
544.8283678573375
 10
1286.375662001363
 20
548.444977391544
 10
1277.0191534163923
 20
549.9394507303629
 10
1274.7974056498724
 20
549.6359126541096
 10
1273.4794085240792
 20
548.7016792546011
 10
1273.1842470472498
 20
547.63650582165
 10
1273.5604798957881
 20
546.5214780998551
 10
1275.7323956064208
 20
544.5927179723241
 10
1282.5893741895507
 20
543.1810148980783
 10
1295.0541549144796
 20
538.9686256705095
 10
1310.82163122164
 20
530.65740033206
 10
1325.5079552057662
 20
521.9431415880988
 10
1342.347594
 20
510.89449199999984
 10
1351.613046
 20
504.028344
 10
1358.1315599582726
 20
498.417995075324
 10
1358.278098392113
 20
497.10741501712835
  0
LWPOLYLINE
  5
103
330
17
100
AcDbEntity
  8
0
100
AcDbPolyline
 90
2
 70
1
 10
1673.0
 20
547.4999999999998
 10
1673.0
 20
547.4999999999997
  0
LWPOLYLINE
  5
104
330
17
100
AcDbEntity
  8
0
100
AcDbPolyline
 90
17
 70
1
 10
1582.17094
 20
554.22906
 10
1579.9378524818044
 20
554.9841867520636
 10
1574.9946131609895
 20
555.6359540509103
 10
1569.8511915117424
 20
555.7888251660248
 10
1566.609459792574
 20
555.3168753624459
 10
1562.5
 20
553.7130770000001
 10
1558.3006082394754
 20
551.4007102458585
 10
1555.9033453968186
 20
549.2545312406689
 10
1555.325442586966
 20
547.3667840864405
 10
1556.7459350978324
 20
546.0871837771596
 10
1559.1605405807748
 20
545.9795736377794
 10
1570.4090127667312
 20
546.3209232513253
 10
1576.0547851676858
 20
547.2008992152729
 10
1579.5713576577987
 20
548.5645539775658
 10
1581.8355087140687
 20
550.2279534781009
 10
1582.8183442008637
 20
552.0891748095108
 10
1582.8101619107363
 20
553.0371583181969
  0
LWPOLYLINE
  5
105
330
17
100
AcDbEntity
  8
0
100
AcDbPolyline
 90
94
 70
1
 10
1772.924542
 20
438.063299
 10
1771.121809412187
 20
438.65346510120764
 10
1762.4569190324805
 20
442.10194016998383
 10
1758.686954
 20
444.7934179999999
 10
1756.866722
 20
448.180616
 10
1756.3266515244256
 20
451.71155053604986
 10
1756.3600434453292
 20
454.5647585999185
 10
1756.955289
 20
459.5080309999999
 10
1758.4402872559986
 20
466.63816456651097
 10
1767.0700334378946
 20
502.50249186852
 10
1769.106532
 20
508.8970599999999
 10
1774.1536734848446
 20
529.0416940752355
 10
1776.9904018300742
 20
538.3077301724157
 10
1778.619446787536
 20
551.2298041610959
 10
1778.611123
 20
557.7534309999999
 10
1778.0534219401316
 20
558.3113373044832
 10
1773.686283043912
 20
558.0095374638939
 10
1765.323854
 20
556.010117
 10
1762.836793
 20
540.792736
 10
1759.6259259556
 20
530.4393747826249
 10
1751.1630990387357
 20
510.57778453230753
 10
1748.694169
 20
503.12542999999994
 10
1741.7633792118434
 20
487.3285881025926
 10
1737.2456468013083
 20
478.0266908717612
 10
1734.8715640501534
 20
473.80357357629066
 10
1732.4729463110298
 20
470.6791755489706
 10
1730.353246
 20
466.04709499999996
 10
1720.978354
 20
439.550579
 10
1742.337810921512
 20
418.4824171104121
 10
1750.718387
 20
411.59814900000003
 10
1764.380055
 20
401.72405399999997
 10
1769.0721823870224
 20
397.470318224295
 10
1773.2644569075774
 20
392.72886412234254
 10
1779.6350706139065
 20
383.1263024700988
 10
1781.7558517929033
 20
379.161106925899
 10
1783.138028442
 20
375.55829645439997
 10
1784.0745335677384
 20
370.1369956669128
 10
1785.5570706709495
 20
350.57453312679917
 10
1786.838982806666
 20
340.7230534115456
 10
1790.6428390559167
 20
338.26630489003185
 10
1802.036881378291
 20
333.03562449650366
 10
1814.20317602979
 20
322.0533553611665
 10
1818.141041120055
 20
319.0805093846559
 10
1819.934104633053
 20
319.19789921352094
 10
1822.3598233199104
 20
320.67298776025973
 10
1828.6856262892725
 20
325.67564868679847
 10
1833.407077058055
 20
330.14110751587504
 10
1839.2171813397383
 20
337.47243192959826
 10
1841.7583576513323
 20
341.85457134870893
 10
1843.7870270007209
 20
346.34725931809106
 10
1845.207652751645
 20
351.137628357225
 10
1844.884181
 20
356.558229
 10
1843.834144151168
 20
360.9191506469978
 10
1842.312364287117
 20
363.57368332883516
 10
1841.747277
 20
367.379869
 10
1840.342956
 20
370.168834
 10
1839.5191409020206
 20
375.054336347743
 10
1840.08064
 20
379.243695
 10
1841.1626598226078
 20
381.32730572964397
 10
1842.922396
 20
382.88150299999995
 10
1846.9905821057384
 20
384.35535642760055
 10
1852.7068378911958
 20
384.42717097948
 10
1861.864502
 20
383.5334430000001
 10
1865.254654
 20
383.802355
 10
1867.249798
 20
384.7645580000001
 10
1868.0
 20
386.354854
 10
1867.641112452298
 20
388.0532742960701
 10
1866.62581
 20
389.4613200000001
 10
1850.7576753474557
 20
403.5353316032882
 10
1837.886180265725
 20
414.0603169081394
 10
1820.4108944397651
 20
426.69464460970096
 10
1816.9501274070622
 20
429.6731872625999
 10
1815.1660271116775
 20
431.74112413275486
 10
1815.064536115729
 20
433.26337933483234
 10
1815.5591900638024
 20
434.45944906501126
 10
1820.548859274486
 20
438.5557961717339
 10
1826.005035198598
 20
441.4449272039197
 10
1837.754506
 20
446.356629
 10
1841.190134
 20
448.47271500000016
 10
1841.858320597488
 20
449.28958358919607
 10
1842.1369764503067
 20
450.8026987470356
 10
1841.758238624476
 20
451.70703919598066
 10
1840.880058109472
 20
452.4127271556349
 10
1837.665378791049
 20
452.50896478701384
 10
1829.5135394721983
 20
450.08139037196514
 10
1820.159272
 20
446.53909599999986
 10
1813.6902257025774
 20
443.1155059642967
 10
1810.2724469004581
 20
440.58792014374046
 10
1806.730274
 20
436.50152799999995
 10
1805.4418309502296
 20
433.735532513717
 10
1804.755987
 20
428.5948320000001
 10
1803.944924
 20
427.8092519999999
 10
1802.36621
 20
427.940472
 10
1790.1438810894408
 20
432.6624247265048
  0
LWPOLYLINE
  5
106
330
17
100
AcDbEntity
  8
0
100
AcDbPolyline
 90
11
 70
1
 10
1402.531573
 20
555.826652
 10
1402.7596800242723
 20
556.364721194881
 10
1402.3120988029368
 20
557.0717821538427
 10
1401.0636351202852
 20
558.4316067318633
 10
1399.571819
 20
559.3375530000001
 10
1396.328984872548
 20
560.0173316727705
 10
1394.294114111453
 20
559.370625937082
 10
1394.246843
 20
558.75
 10
1394.9256788408031
 20
557.6196075347187
 10
1397.9433536917634
 20
555.7753880952909
 10
1400.61207731809
 20
555.159372810195
  0
LWPOLYLINE
  5
107
330
17
100
AcDbEntity
  8
0
100
AcDbPolyline
 90
2
 70
1
 10
1832.827396999999
 20
557.527384
 10
1832.827397
 20
557.5273840000009
  0
LWPOLYLINE
  5
108
330
17
100
AcDbEntity
  8
0
100
AcDbPolyline
 90
22
 70
1
 10
1745.386685
 20
535.9999999999998
 10
1747.551081388165
 20
536.3513133437449
 10
1749.493239
 20
537.369182
 10
1750.952206997449
 20
538.925857475964
 10
1751.792315
 20
540.8869909999999
 10
1752.0506186385142
 20
543.4439846990593
 10
1751.643338
 20
545.981515
 10
1749.01903
 20
551.472341
 10
1744.493922529636
 20
556.2539313335069
 10
1736.3262660067508
 20
561.9153537994683
 10
1729.3774659593207
 20
565.3544196137053
 10
1726.605717763146
 20
565.9924262071012
 10
1724.712298966106
 20
565.6778383365231
 10
1724.084551
 20
564.439924
 10
1724.2230026761406
 20
560.2566481066668
 10
1724.6815852765233
 20
558.8219318763133
 10
1725.715211
 20
557.4199120000001
 10
1726.4851305358002
 20
553.0146848897699
 10
1727.731343
 20
550.6030030000001
 10
1732.0572934553654
 20
545.3171736574592
 10
1738.655544191502
 20
539.0718665527381
 10
1741.5617713260053
 20
536.9493580218964
  0
LWPOLYLINE
  5
109
330
17
100
AcDbEntity
  8
0
100
AcDbPolyline
 90
16
 70
1
 10
1467.0
 20
565.013154
 10
1465.3069337671598
 20
565.7356480790671
 10
1463.2812156271825
 20
565.6968022812225
 10
1450.7450565414306
 20
562.664463056121
 10
1448.363568
 20
561.693794
 10
1446.606079
 20
560.4243799999998
 10
1446.0400637623877
 20
559.3488028152717
 10
1446.1164227450945
 20
558.2242773164909
 10
1447.3147676002059
 20
556.8293760620815
 10
1449.852061
 20
556.146724
 10
1454.7791031350491
 20
556.0578085435602
 10
1458.907941
 20
556.915659
 10
1463.0839880480894
 20
558.8001429080886
 10
1466.0932108254071
 20
560.9945269394968
 10
1467.7370418275561
 20
563.3032516324569
 10
1467.6306278914421
 20
564.2729195653546
  0
LWPOLYLINE
  5
10A
330
17
100
AcDbEntity
  8
0
100
AcDbPolyline
 90
13
 70
1
 10
1291.58723
 20
559.9552820000001
 10
1292.957538556772
 20
559.064625109448
 10
1294.3983600399908
 20
559.4555124535276
 10
1295.0887765361028
 20
561.9713395061012
 10
1295.400008983824
 20
565.2461496402158
 10
1295.242331789132
 20
567.4417695862471
 10
1294.440796634426
 20
569.569014338804
 10
1293.4120084861954
 20
570.5043821699628
 10
1291.6608432624018
 20
570.9812571547365
 10
1290.41417
 20
570.6611539999999
 10
1289.5306148600685
 20
569.8365398809269
 10
1288.9428256103781
 20
567.274477028795
 10
1289.90842
 20
562.927441
  0
LWPOLYLINE
  5
10B
330
17
100
AcDbEntity
  8
0
100
AcDbPolyline
 90
17
 70
1
 10
1321.941721
 20
573.9732479999998
 10
1319.480628807328
 20
573.7304565238355
 10
1317.527773393858
 20
571.4957589280884
 10
1314.9709914236284
 20
566.1730654014095
 10
1313.9648731389004
 20
560.8252227455876
 10
1314.268301
 20
557.064671
 10
1315.455236720771
 20
553.8688028975192
 10
1317.3153585185628
 20
551.498804339528
 10
1318.832718
 20
550.3902450000002
 10
1320.286718986072
 20
549.8865303138859
 10
1322.6783080630546
 20
550.2348095876646
 10
1324.867452
 20
551.753678
 10
1327.75
 20
555.7364309999999
 10
1328.9720257359684
 20
559.6750689427755
 10
1328.2640430516537
 20
563.5036797799195
 10
1325.034710781047
 20
571.3165899163791
 10
1323.4682856302934
 20
573.2006710022331
  0
LWPOLYLINE
  5
10C
330
17
100
AcDbEntity
  8
0
100
AcDbPolyline
 90
2
 70
1
 10
1204.452603
 20
569.717299
 10
1204.4526029999997
 20
569.717299
  0
LWPOLYLINE
  5
10D
330
17
100
AcDbEntity
  8
0
100
AcDbPolyline
 90
15
 70
1
 10
1864.761071
 20
573.3937409999997
 10
1866.2595403954497
 20
574.1791489979389
 10
1867.31402243006
 20
575.5152428523745
 10
1867.822892
 20
579.5315669999999
 10
1867.517548322161
 20
581.0898478322983
 10
1866.503726920689
 20
583.024631052274
 10
1865.487648867555
 20
583.6451884252695
 10
1864.11607980313
 20
583.7354512172752
 10
1861.955275
 20
582.975959
 10
1858.25
 20
580.0602249999998
 10
1856.6263208725247
 20
578.0780111861865
 10
1855.921355294294
 20
576.1935516292061
 10
1856.5481715706405
 20
574.5176953279
 10
1858.123928
 20
573.498104
 10
1861.890658
 20
573.0
  0
LWPOLYLINE
  5
10E
330
17
100
AcDbEntity
  8
0
100
AcDbPolyline
 90
17
 70
1
 10
1657.720372
 20
584.963809
 10
1657.3962925276549
 20
585.292251155905
 10
1655.339958646969
 20
585.6839378100481
 10
1651.8601118259294
 20
584.6302080082684
 10
1646.4550036039082
 20
582.0145901491126
 10
1641.231563
 20
578.574855
 10
1638.8878551061396
 20
576.368467663375
 10
1636.6869152090171
 20
572.8683278345225
 10
1636.6722756323109
 20
571.0418013612934
 10
1637.554225721302
 20
569.4054002740261
 10
1640.009259
 20
568.2039869999999
 10
1642.8629292772985
 20
568.4080444946485
 10
1645.2377210708878
 20
569.3490740335145
 10
1649.143062202356
 20
571.9494612530567
 10
1653.70173842345
 20
575.8932764069694
 10
1656.8966283503669
 20
579.8045654723558
 10
1658.241223
 20
583.13069
  0
LWPOLYLINE
  5
10F
330
17
100
AcDbEntity
  8
0
100
AcDbPolyline
 90
18
 70
1
 10
1255.395436
 20
585.8165109999998
 10
1254.765046751516
 20
585.5542214970136
 10
1254.1936259394245
 20
584.6425187052042
 10
1253.5822969196927
 20
580.7647820256237
 10
1253.4629182233252
 20
576.2780222521682
 10
1254.2713349044132
 20
572.7217030156792
 10
1256.1046089107365
 20
569.6560049776471
 10
1259.640987611507
 20
566.2052735484439
 10
1262.1852424649253
 20
564.4562549203349
 10
1263.710646207843
 20
564.177342400363
 10
1264.559872284705
 20
564.4223409247749
 10
1266.589066
 20
566.495587
 10
1267.4989135697358
 20
568.5724061698586
 10
1267.6307879557073
 20
571.7346910381932
 10
1266.87829307692
 20
574.4256433757799
 10
1263.9672992409264
 20
579.4656490714473
 10
1260.5894359953609
 20
583.5613190917209
 10
1257.896951930216
 20
585.5237821999318
  0
LWPOLYLINE
  5
110
330
17
100
AcDbEntity
  8
0
100
AcDbPolyline
 90
19
 70
1
 10
1372.770511999999
 20
583.3571189999999
 10
1366.30359014283
 20
585.6944687063839
 10
1361.946666
 20
586.457826
 10
1357.4123434170099
 20
586.717481415185
 10
1352.969592095753
 20
586.451832057892
 10
1347.280353313178
 20
585.2917926192634
 10
1345.0731712784707
 20
584.3346739161414
 10
1344.3888659539066
 20
583.0463143720527
 10
1345.1805874303725
 20
581.3885343635017
 10
1346.5199598667318
 20
580.0186100268102
 10
1350.231766
 20
578.0365
 10
1359.441516
 20
575.9894649999999
 10
1369.010238
 20
575.165141
 10
1372.2500776533411
 20
575.4418338645979
 10
1375.363834
 20
576.3786589999997
 10
1377.423082756206
 20
577.4597322126201
 10
1378.7428576507746
 20
578.7680725238937
 10
1378.6822436996124
 20
579.420001055347
 10
1377.9441130145058
 20
580.1594223450979
  0
LWPOLYLINE
  5
111
330
17
100
AcDbEntity
  8
0
100
AcDbPolyline
 90
16
 70
1
 10
1746.773316
 20
577.7540479999998
 10
1747.405517117199
 20
579.4071360765329
 10
1746.807917
 20
581.073045
 10
1744.135288044896
 20
583.654364613216
 10
1740.989186
 20
585.631281
 10
1734.2192691666673
 20
588.3929746012316
 10
1726.47708
 20
590.5801909999999
 10
1724.5655300798267
 20
590.8394553384321
 10
1723.512773
 20
590.020667
 10
1723.085446740207
 20
588.206041007667
 10
1723.834235
 20
586.498765
 10
1729.364637
 20
581.543188
 10
1734.7063366621878
 20
578.2661357845399
 10
1738.1072755434325
 20
576.7681499615863
 10
1742.901145
 20
576.0
 10
1745.0266089233921
 20
576.4589592497284
  0
LWPOLYLINE
  5
112
330
17
100
AcDbEntity
  8
0
100
AcDbPolyline
 90
2
 70
1
 10
1470.04001
 20
482.4970999999999
 10
1470.04001
 20
482.49709999999993
  0
LWPOLYLINE
  5
113
330
17
100
AcDbEntity
  8
0
100
AcDbPolyline
 90
111
 70
1
 10
1544.334786
 20
565.196903
 10
1551.6307134490537
 20
565.1029401273524
 10
1555.388570847703
 20
565.512140927354
 10
1559.1442363647027
 20
567.184625249701
 10
1561.7569585224762
 20
569.8155339615071
 10
1561.5511278586737
 20
570.7965826448873
 10
1560.476837
 20
572.051696
 10
1549.2501143556208
 20
578.9896511374602
 10
1544.075650520957
 20
581.084000619507
 10
1538.79706
 20
582.125469
 10
1512.383753
 20
582.56947
 10
1506.1135408280586
 20
589.2171140177823
 10
1500.5
 20
593.1343379999998
 10
1497.40274
 20
594.337104
 10
1494.929306
 20
594.801614
 10
1492.485578
 20
594.616544
 10
1488.7221990282528
 20
593.4632433000473
 10
1485.788269736702
 20
591.415298480722
 10
1485.4726441876346
 20
588.9184962188865
 10
1487.6547311196252
 20
583.4370073187245
 10
1490.2206724340476
 20
578.7663571618452
 10
1493.8154011836127
 20
574.0934828860595
 10
1498.4623918347174
 20
569.1497842766914
 10
1511.955610662392
 20
557.231747583293
 10
1511.9010242970594
 20
556.7563784716095
 10
1510.868772
 20
556.071727
 10
1503.964859
 20
552.3350719999999
 10
1502.660691564822
 20
551.170145895605
 10
1501.5155904967366
 20
549.24718884828
 10
1501.6722846455086
 20
548.2862654537031
 10
1502.4472743765793
 20
547.5051510214582
 10
1506.565831
 20
546.5411479999999
 10
1509.7897687181276
 20
544.7538362845185
 10
1511.6287212025215
 20
543.0359220566651
 10
1511.897053802808
 20
541.2771729748671
 10
1510.862840038747
 20
540.3849960622978
 10
1508.9789281052083
 20
540.0780160734147
 10
1483.876553496928
 20
539.223652396112
 10
1482.975603443595
 20
540.0425922271503
 10
1482.9034374708945
 20
540.7639764261904
 10
1486.0965800293734
 20
545.6408363242525
 10
1486.892086
 20
548.1595849999999
 10
1486.19441662963
 20
550.0813656088071
 10
1484.1976258157727
 20
551.1792941885857
 10
1479.627828200234
 20
550.0933112105671
 10
1466.587037
 20
544.853237
 10
1464.0338452965266
 20
544.6700832267304
 10
1459.4992984928335
 20
545.4753165592005
 10
1458.416464998028
 20
544.2091892943283
 10
1459.536861
 20
540.281016
 10
1459.4250436202394
 20
538.5965410112804
 10
1456.0999147167913
 20
532.3664145502963
 10
1455.215735413388
 20
529.7773767350299
 10
1455.077075515289
 20
527.4092843614994
 10
1455.670521
 20
525.4282319999999
 10
1456.436264126495
 20
524.3138837945024
 10
1458.0372611540422
 20
523.1036517281924
 10
1459.934861
 20
522.5585409999999
 10
1462.1249872752796
 20
522.6314013895577
 10
1466.521383
 20
524.2135639999998
 10
1474.937897
 20
529.0783629999999
 10
1476.818234
 20
529.4068509999998
 10
1478.346552177251
 20
528.928812333846
 10
1485.4383
 20
524.10858
 10
1489.8718052565218
 20
521.7593233367701
 10
1509.9224177085603
 20
516.0532313321393
 10
1514.295553327208
 20
515.2146564471498
 10
1520.28921
 20
514.671223
 10
1527.82474456922
 20
513.2271899472426
 10
1530.5563597027565
 20
513.4606311232649
 10
1538.535892
 20
515.5208019999999
 10
1540.4703262878077
 20
515.4641407596578
 10
1542.2762598753243
 20
514.2919676842977
 10
1542.876066763622
 20
512.4655497346819
 10
1543.3491993397445
 20
508.4448081034122
 10
1544.0723968266689
 20
506.4295684196363
 10
1546.9236472739399
 20
500.75405147255987
 10
1549.6037956060425
 20
497.0018757648824
 10
1552.409274895412
 20
494.5705838374222
 10
1554.8764190288828
 20
493.3799174123209
 10
1557.8330034151238
 20
493.16763024009924
 10
1561.492283672511
 20
493.7246496197571
 10
1562.456309
 20
494.59058
 10
1563.612709
 20
497.6462450000001
 10
1566.433015
 20
500.15168899999986
 10
1567.580573
 20
502.830674
 10
1570.2766477940256
 20
506.1950823805378
 10
1570.42446939187
 20
509.22811206717995
 10
1573.459952
 20
516.6945189999999
 10
1574.483243
 20
523.7077339999998
 10
1574.959807
 20
524.872208
 10
1575.843527
 20
525.575787
 10
1580.460411
 20
526.9933780000001
 10
1584.3103729388472
 20
528.7949312317348
 10
1587.280261492336
 20
530.7630230548674
 10
1588.3944779903466
 20
532.5607847816644
 10
1587.962156
 20
533.477653
 10
1586.7974688255808
 20
534.246937323927
 10
1582.816240752193
 20
534.6195328816815
 10
1578.6548256753526
 20
533.9895982108616
 10
1571.0968386554691
 20
532.0162409016841
 10
1567.647965
 20
536.12077
 10
1565.949686999999
 20
537.276412
 10
1564.6628091253308
 20
537.6276082710795
 10
1562.4881421385376
 20
537.4015584080206
 10
1555.8084018924924
 20
535.0494690291197
 10
1554.238761957079
 20
535.449108185813
 10
1551.580282
 20
538.6769960000001
 10
1544.3487545700102
 20
550.294482858724
 10
1532.3934613614713
 20
564.4457840698615
 10
1533.085759
 20
565.0874049999999
  0
LWPOLYLINE
  5
114
330
17
100
AcDbEntity
  8
0
100
AcDbPolyline
 90
2
 70
1
 10
599.021072
 20
543.334279
 10
599.021072
 20
543.3342790000002
  0
LWPOLYLINE
  5
115
330
17
100
AcDbEntity
  8
0
100
AcDbPolyline
 90
2
 70
1
 10
967.986978
 20
584.9456860000001
 10
967.986978
 20
584.9456860000003
  0
LWPOLYLINE
  5
116
330
17
100
AcDbEntity
  8
0
100
AcDbPolyline
 90
19
 70
1
 10
1450.446958
 20
592.0
 10
1449.202776
 20
591.5723719999999
 10
1442.4702790935576
 20
586.0375346056813
 10
1436.443353
 20
579.4889
 10
1435.546522
 20
577.7883749999999
 10
1435.5024438256082
 20
576.7608720401731
 10
1437.3463414313298
 20
574.2159645837467
 10
1439.2223294810608
 20
573.3039755122867
 10
1441.6492296606498
 20
573.0927218363279
 10
1447.331481648295
 20
574.206548044314
 10
1453.2720772956693
 20
577.3592164806406
 10
1455.9814413906279
 20
579.5566804044694
 10
1458.7156717535909
 20
582.493367569059
 10
1461.1717268917364
 20
586.4431769582965
 10
1462.80225102478
 20
590.6066825652949
 10
1463.2901746745365
 20
593.9803304585558
 10
1462.338215796958
 20
595.9718008825179
 10
1460.82606449175
 20
596.8317026799598
 10
1458.814704107362
 20
596.6671820397759
  0
LWPOLYLINE
  5
117
330
17
100
AcDbEntity
  8
0
100
AcDbPolyline
 90
16
 70
1
 10
1302.898932
 20
603.727045
 10
1303.264959114173
 20
601.9756481469184
 10
1304.537853
 20
600.718227
 10
1310.2754647961342
 20
598.5050912133465
 10
1314.3471264765794
 20
597.8013436978356
 10
1318.4951573994847
 20
597.7269961843683
 10
1324.9216212314548
 20
598.7715141791377
 10
1326.9458235498191
 20
599.4484070452326
 10
1327.809254
 20
601.1247009999998
 10
1327.4132004868557
 20
602.43364071089
 10
1326.370034
 20
603.3179400000001
 10
1320.512329
 20
605.4533919999999
 10
1314.8101319059929
 20
606.647936233782
 10
1310.2463875047547
 20
606.7670854853492
 10
1305.079491
 20
606.1183589999999
 10
1303.584595192915
 20
605.2916580341974
  0
LWPOLYLINE
  5
118
330
17
100
AcDbEntity
  8
0
100
AcDbPolyline
 90
19
 70
1
 10
1637.538944
 20
608.936987
 10
1636.080145
 20
609.772087
 10
1625.4536580091421
 20
609.8592894930956
 10
1617.4913481145666
 20
609.5512766277868
 10
1611.4088475538285
 20
608.7164202913737
 10
1606.463064425831
 20
607.283202081774
 10
1601.182755628475
 20
604.669948589852
 10
1599.0608657471585
 20
603.0712833288515
 10
1598.5656163874955
 20
602.0669665447512
 10
1598.585445099442
 20
600.8685838630548
 10
1599.217310375501
 20
599.7995305632106
 10
1600.7643944516078
 20
598.8837046497297
 10
1606.741117766291
 20
596.877228309867
 10
1612.28611940568
 20
596.2325047400974
 10
1618.692615347867
 20
596.8736821818159
 10
1626.3743033480725
 20
599.6607371302525
 10
1633.7702927542025
 20
603.7718752779199
 10
1637.5486542056585
 20
606.666468833587
 10
1637.8290431389785
 20
608.1823498301886
  0
LWPOLYLINE
  5
119
330
17
100
AcDbEntity
  8
0
100
AcDbPolyline
 90
22
 70
1
 10
1812.612783
 20
576.9581929999999
 10
1813.7823353438055
 20
575.2050834041281
 10
1815.931003957536
 20
574.20465119248
 10
1818.8865204231784
 20
574.0636608761276
 10
1821.4343824804978
 20
574.5675285439854
 10
1825.617146636582
 20
576.3968026719909
 10
1829.7769410083622
 20
579.0372066094184
 10
1833.543261
 20
582.3020690000001
 10
1835.326362196296
 20
584.4287304217254
 10
1836.726214
 20
586.8250929999999
 10
1837.6710663042627
 20
589.6527073026492
 10
1838.238972418158
 20
598.0242683348604
 10
1837.7095712258524
 20
604.1699559685469
 10
1834.8828532455555
 20
610.3103971039989
 10
1833.705473079024
 20
610.7659656503521
 10
1832.1886219590615
 20
610.3212633480977
 10
1827.1620920362834
 20
606.4018192552796
 10
1821.897485
 20
601.1136139999999
 10
1816.112764329032
 20
593.657104254928
 10
1814.1073653028986
 20
590.4822124025878
 10
1813.297172
 20
588.1068879999999
 10
1812.231124
 20
581.006966
  0
LWPOLYLINE
  5
11A
330
17
100
AcDbEntity
  8
0
100
AcDbPolyline
 90
17
 70
1
 10
1416.567461
 20
596.3357390000001
 10
1418.0868049732485
 20
596.1427469715162
 10
1419.1980654487377
 20
596.4411462563259
 10
1422.0740626831282
 20
598.3277471615638
 10
1424.1668556571442
 20
600.9005128719459
 10
1426.4977223308706
 20
605.3678460676265
 10
1426.699280557312
 20
607.109943203064
 10
1425.8593831635253
 20
609.2889421957588
 10
1424.3926931840385
 20
611.5839485051533
 10
1423.019612988075
 20
612.6870648158625
 10
1421.4175300999711
 20
612.8186956694818
 10
1419.881494
 20
612.0925900000001
 10
1417.550891
 20
609.655609
 10
1416.08858005952
 20
607.1238761797467
 10
1415.20105766438
 20
604.0682524714125
 10
1414.8917599306574
 20
599.9668365049224
 10
1415.3060285919703
 20
597.5043939730893
  0
LWPOLYLINE
  5
11B
330
17
100
AcDbEntity
  8
0
100
AcDbPolyline
 90
20
 70
1
 10
1486.5
 20
616.377167
 10
1495.6444376818586
 20
615.313331074133
 10
1500.898085
 20
613.979426
 10
1505.3519294984176
 20
612.3277235707192
 10
1507.8228533410563
 20
611.116219692679
 10
1510.555695
 20
608.941867
 10
1512.220525
 20
606.72045
 10
1512.352291
 20
605.02671
 10
1511.080655
 20
603.5348190000001
 10
1507.865474
 20
601.944278
 10
1503.492975357076
 20
601.183839493403
 10
1493.9552161214847
 20
602.9579518689065
 10
1484.8084657281845
 20
606.4163439365094
 10
1479.8396996750373
 20
608.8744471486598
 10
1476.742433
 20
611.5710329999999
 10
1474.0369998875071
 20
612.5920557083883
 10
1472.5722250956374
 20
614.0535269961429
 10
1472.167598
 20
615.1812129999998
 10
1473.7119452617997
 20
616.7702252348514
 10
1475.7818054233726
 20
617.4973932614455
  0
LWPOLYLINE
  5
11C
330
17
100
AcDbEntity
  8
0
100
AcDbPolyline
 90
18
 70
1
 10
1678.813822
 20
610.882879
 10
1684.372962
 20
608.237614
 10
1687.641342
 20
607.125272
 10
1695.6934571321647
 20
606.5498977097869
 10
1703.046157747976
 20
606.6481069741727
 10
1706.8323667339635
 20
607.2115906873512
 10
1708.623408
 20
608.1948360000001
 10
1709.6740879439865
 20
610.457915118852
 10
1709.252736
 20
611.71841
 10
1707.185898
 20
613.5574639999999
 10
1701.7419933188305
 20
616.4345971436135
 10
1697.0664861141963
 20
618.2895533366369
 10
1691.318616
 20
619.222375
 10
1677.9468949759134
 20
619.7990211900834
 10
1671.1266419474255
 20
619.7315985125189
 10
1669.164346
 20
618.229029
 10
1668.9765959668644
 20
616.861409661078
 10
1669.810558
 20
615.761346
  0
LWPOLYLINE
  5
11D
330
17
100
AcDbEntity
  8
0
100
AcDbPolyline
 90
52
 70
1
 10
1722.2743
 20
454.9199749999985
 10
1725.7091309999996
 20
464.9279499999991
 10
1725.9695647764452
 20
466.76687716323
 10
1720.1450962316185
 20
467.18793328736433
 10
1714.312166721462
 20
468.6657119951456
 10
1702.8290693488345
 20
475.0054000506196
 10
1688.959615945648
 20
484.50476216433646
 10
1678.3719402734416
 20
492.75713866341664
 10
1660.477133372348
 20
508.331861964442
 10
1648.0
 20
519.8949869999999
 10
1621.1337136507063
 20
545.3092481020781
 10
1613.799103533224
 20
552.7281333653278
 10
1611.6548672344534
 20
555.7695563323649
 10
1610.551711
 20
558.551558
 10
1610.0346850453313
 20
561.8345119535229
 10
1610.0
 20
567.839536
 10
1587.7052344579279
 20
583.93811787232
 10
1582.636287
 20
588.08895
 10
1579.7076092592533
 20
591.209319639581
 10
1578.0186648614745
 20
594.2262004212305
 10
1577.819137
 20
596.260932
 10
1578.266528258248
 20
598.6683332246649
 10
1580.3772965726334
 20
602.7696277952907
 10
1586.8457111491778
 20
612.3710334627525
 10
1589.556439
 20
617.2730139999999
 10
1589.6653255411436
 20
618.909687820229
 10
1588.4823054098233
 20
620.4176343452455
 10
1586.703788932847
 20
620.8064504035025
 10
1584.620805
 20
619.808665
 10
1576.470063969297
 20
610.8338513799317
 10
1570.23231059003
 20
602.3912978244394
 10
1565.629045
 20
592.880932
 10
1565.04246375873
 20
587.9278260067393
 10
1565.0
 20
579.329975
 10
1582.430892
 20
565.9425669999999
 10
1589.501476
 20
559.5417150000001
 10
1594.948692
 20
553.8968790000001
 10
1595.728025559462
 20
552.635201612856
 10
1596.3621597823978
 20
549.3711558488471
 10
1597.7742962346838
 20
547.3193459558538
 10
1598.2942688694575
 20
543.9391677712625
 10
1599.153005
 20
542.069228
 10
1602.181374897618
 20
537.8686734451043
 10
1606.391359318842
 20
533.1134951316319
 10
1632.4088304241316
 20
509.6009395508445
 10
1674.6158494961771
 20
472.6545059828872
 10
1692.489221
 20
458.955415
 10
1707.6049724563404
 20
449.5547281567636
 10
1714.90714
 20
444.550186
 10
1717.422774
 20
443.4458390000001
 10
1718.023469
 20
443.62346900000006
 10
1718.611122368165
 20
444.45150191371295
  0
LWPOLYLINE
  5
11E
330
17
100
AcDbEntity
  8
0
100
AcDbPolyline
 90
2
 70
1
 10
1554.660714
 20
624.0652589999999
 10
1554.660714
 20
624.065259
  0
LWPOLYLINE
  5
11F
330
17
100
AcDbEntity
  8
0
100
AcDbPolyline
 90
2
 70
1
 10
387.736726
 20
548.4167439999999
 10
387.73672599999986
 20
548.4167439999999
  0
LWPOLYLINE
  5
120
330
17
100
AcDbEntity
  8
0
100
AcDbPolyline
 90
13
 70
1
 10
1772.40923
 20
616.3267950000001
 10
1773.6306823872817
 20
617.169228110431
 10
1774.3743726298992
 20
618.2827035888027
 10
1776.681825
 20
623.6672639999999
 10
1776.3793753552409
 20
626.0332776304933
 10
1774.78184303539
 20
627.0208567298182
 10
1772.5604543822835
 20
626.7934334275085
 10
1770.3013860163337
 20
625.3784527398153
 10
1768.587088288955
 20
623.0852481179049
 10
1767.265099
 20
619.851896
 10
1767.4758126281547
 20
618.3871282663199
 10
1768.8602591241115
 20
616.9035355348377
 10
1770.877472
 20
616.1479149999999
  0
LWPOLYLINE
  5
121
330
17
100
AcDbEntity
  8
0
100
AcDbPolyline
 90
16
 70
1
 10
1623.792189
 20
630.8672709999998
 10
1622.726129138846
 20
632.3036741338497
 10
1620.3454146172319
 20
632.630886380268
 10
1617.2362276406504
 20
632.0037000828366
 10
1613.410465
 20
630.4089849999999
 10
1608.7846702084903
 20
627.717313646166
 10
1605.6337762699084
 20
625.3788528573668
 10
1604.1319428304923
 20
623.0790259531699
 10
1604.2568555251519
 20
620.8450512624055
 10
1605.4902795292326
 20
620.1075030000708
 10
1608.943636614145
 20
620.02940721262
 10
1612.337148443357
 20
620.589325311318
 10
1615.299659999999
 20
621.616893
 10
1618.379181
 20
623.5839009999999
 10
1621.276873
 20
626.275545
 10
1623.414988
 20
629.003927
  0
LWPOLYLINE
  5
122
330
17
100
AcDbEntity
  8
0
100
AcDbPolyline
 90
21
 70
1
 10
1388.952788
 20
598.3019309999999
 10
1391.8546680974857
 20
599.8079684236947
 10
1395.1386514851856
 20
604.0704930211161
 10
1396.8113811917183
 20
608.4370019296467
 10
1396.9339532265135
 20
613.2812873395104
 10
1395.7726481451477
 20
618.8200121502329
 10
1392.522427
 20
626.402489
 10
1389.180362
 20
631.6488099999999
 10
1387.958398220092
 20
632.6056355123881
 10
1386.42309
 20
632.832658
 10
1384.835972449172
 20
632.2895130270641
 10
1383.626206
 20
631.1274400000001
 10
1380.046434
 20
625.0
 10
1376.900781
 20
617.454823
 10
1376.207424550085
 20
614.5042516161656
 10
1376.05013
 20
611.477393
 10
1376.440762246588
 20
608.833239139399
 10
1377.394776
 20
606.336441
 10
1380.931402
 20
601.4256770000001
 10
1384.970715
 20
598.6210219999999
 10
1386.9345919099894
 20
598.1225403655683
  0
LWPOLYLINE
  5
123
330
17
100
AcDbEntity
  8
0
100
AcDbPolyline
 90
22
 70
1
 10
1326.917894
 20
613.682569
 10
1328.885662576514
 20
613.3748877104424
 10
1330.847099
 20
613.7206449999999
 10
1333.425179204325
 20
615.1198031059563
 10
1334.925884019298
 20
616.7315903356954
 10
1335.7985077930277
 20
618.6471550400742
 10
1336.0
 20
620.192292
 10
1335.568660147726
 20
622.573589207675
 10
1334.32945
 20
624.652288
 10
1328.61894
 20
630.115574
 10
1320.844588
 20
635.288266
 10
1314.4914135223373
 20
638.2621615641661
 10
1309.726923729713
 20
639.9199733970839
 10
1305.9254588175054
 20
640.9370557272683
 10
1303.966088930506
 20
640.6576726894779
 10
1303.0294536152496
 20
638.6046643517716
 10
1303.446703
 20
635.4940659999999
 10
1306.1069281630155
 20
629.2127344391689
 10
1309.293204
 20
623.9602559999998
 10
1312.2900779250767
 20
620.9763842296626
 10
1315.0630425134327
 20
619.1351488256398
 10
1320.119445
 20
616.41139
  0
LWPOLYLINE
  5
124
330
17
100
AcDbEntity
  8
0
100
AcDbPolyline
 90
18
 70
1
 10
1460.321861
 20
642.405998
 10
1456.275386370996
 20
643.4337839702104
 10
1451.9645894564285
 20
643.8392873058705
 10
1444.2402416459186
 20
643.1734920734849
 10
1437.4680466339087
 20
641.3906126561118
 10
1431.978711
 20
639.2580769999998
 10
1429.0899621666065
 20
637.4421306718522
 10
1428.1562363329551
 20
635.77834321776
 10
1428.7916271582264
 20
634.9235844130723
 10
1430.100043
 20
634.320447
 10
1442.2786436144752
 20
632.2502264730247
 10
1448.136499166002
 20
632.107897533759
 10
1455.316258
 20
633.096924
 10
1461.263461189546
 20
634.9467634561349
 10
1463.2851770777656
 20
636.1596063417978
 10
1464.8816619622778
 20
637.9695757029765
 10
1464.906477
 20
639.320982
 10
1463.96524543525
 20
640.6558528226552
  0
LWPOLYLINE
  5
125
330
17
100
AcDbEntity
  8
0
100
AcDbPolyline
 90
17
 70
1
 10
1562.221487
 20
643.562883
 10
1556.716528
 20
645.8158589999999
 10
1555.576656
 20
645.827555
 10
1554.666667
 20
645.3333330000002
 10
1553.950740000225
 20
644.083479385705
 10
1553.965486
 20
642.643178
 10
1555.2304683945179
 20
639.8136841362592
 10
1556.714182482456
 20
637.9062194176311
 10
1561.0208425779233
 20
634.2666408661149
 10
1567.5642585246164
 20
630.9972436721521
 10
1571.1312098743724
 20
630.1084018945102
 10
1572.7562580153178
 20
630.4569057282251
 10
1573.753196
 20
631.1531959999999
 10
1574.342937835126
 20
632.2654998231694
 10
1574.206915
 20
633.517104
 10
1572.042394
 20
636.839385
 10
1567.809093
 20
640.4385009999999
  0
LWPOLYLINE
  5
126
330
17
100
AcDbEntity
  8
0
100
AcDbPolyline
 90
2
 70
1
 10
1697.0242
 20
640.070755
 10
1697.0241999999998
 20
640.070755
  0
LWPOLYLINE
  5
127
330
17
100
AcDbEntity
  8
0
100
AcDbPolyline
 90
17
 70
1
 10
1796.758039
 20
655.941659
 10
1796.357121781463
 20
654.3421896478945
 10
1797.230568
 20
652.943573
 10
1800.671991313455
 20
650.992718585805
 10
1804.419727
 20
649.726344
 10
1811.95767435945
 20
648.4859364957047
 10
1818.392907878055
 20
648.2220372895408
 10
1823.2113972623551
 20
648.5523593371962
 10
1824.2404137674844
 20
649.1570193891274
 10
1824.5694385077024
 20
649.9304937495987
 10
1823.634746
 20
652.467984
 10
1821.20348
 20
654.820011
 10
1817.736116
 20
656.885698
 10
1813.6039491136441
 20
658.3425763830534
 10
1808.967294785615
 20
658.78434398692
 10
1800.508681
 20
658.0928959999998
 10
1798.413908011156
 20
657.3998879917038
  0
LWPOLYLINE
  5
128
330
17
100
AcDbEntity
  8
0
100
AcDbPolyline
 90
2
 70
1
 10
1177.028852
 20
635.2732430000005
 10
1177.0288519999997
 20
635.2732430000012
  0
LWPOLYLINE
  5
129
330
17
100
AcDbEntity
  8
0
100
AcDbPolyline
 90
25
 70
1
 10
1752.664521999999
 20
660.5
 10
1751.8444300063106
 20
662.0015211387876
 10
1750.8248769444917
 20
662.5600891210223
 10
1749.6778831420183
 20
662.6129121969025
 10
1747.0473409048484
 20
661.4454418605056
 10
1743.1818595568186
 20
658.9777785880608
 10
1739.2321553759311
 20
655.4782008222263
 10
1735.2329201590273
 20
651.0638152661652
 10
1732.2337521153859
 20
646.8313240723134
 10
1731.306138946675
 20
644.8341348997075
 10
1730.6427610546266
 20
642.7343347772479
 10
1730.092462251978
 20
638.4811970145145
 10
1730.1271642453307
 20
635.5838079915823
 10
1730.625444
 20
633.1923129999999
 10
1731.6217063954193
 20
630.9566786224178
 10
1733.953468022091
 20
627.7634758898444
 10
1736.9215252016697
 20
624.793656398737
 10
1739.0152604800974
 20
623.4535179270534
 10
1740.424441
 20
623.150026
 10
1742.528606716648
 20
623.4683007154885
 10
1746.524118
 20
626.15532
 10
1750.291157426088
 20
630.3238906534576
 10
1752.8654497105
 20
635.0809857937501
 10
1753.804087
 20
638.4952450000001
 10
1754.3421300249329
 20
645.1168243611878
  0
LWPOLYLINE
  5
12A
330
17
100
AcDbEntity
  8
0
100
AcDbPolyline
 90
15
 70
1
 10
1661.464998
 20
661.58995
 10
1656.6591687256825
 20
662.723457612121
 10
1653.5204891260453
 20
662.7118522992638
 10
1646.088898
 20
661.915651
 10
1644.523897
 20
661.305199
 10
1644.0
 20
660.3936099999999
 10
1644.1314222253588
 20
659.5331931027199
 10
1645.083675658931
 20
658.1427568037764
 10
1649.19534629938
 20
656.5731821508859
 10
1656.3161006278974
 20
655.1717700461576
 10
1661.2083280256359
 20
655.0135620915971
 10
1664.44647
 20
656.3372
 10
1665.418882546148
 20
657.334493014064
 10
1665.8297679339119
 20
658.407242216591
 10
1664.7109673413552
 20
660.1206793081983
  0
LWPOLYLINE
  5
12B
330
17
100
AcDbEntity
  8
0
100
AcDbPolyline
 90
16
 70
1
 10
1534.496363
 20
669.005885
 10
1533.1830408126875
 20
670.1255182485875
 10
1531.46324
 20
670.2693199999999
 10
1526.9648582170435
 20
668.7763870844168
 10
1522.500888916115
 20
666.3096212960052
 10
1519.690973
 20
664.186962
 10
1517.921929150006
 20
662.2266267442719
 10
1516.6323278315074
 20
659.5276731641708
 10
1517.0608211695567
 20
657.4783472006571
 10
1518.2080827566888
 20
656.4744635753101
 10
1520.219872
 20
656.0
 10
1522.265537946178
 20
656.3090539456639
 10
1524.128608
 20
657.2086279999999
 10
1529.604129
 20
661.5405429999998
 10
1534.296731
 20
666.3902889999999
 10
1534.822511194378
 20
667.665575830824
  0
LWPOLYLINE
  5
12C
330
17
100
AcDbEntity
  8
0
100
AcDbPolyline
 90
14
 70
1
 10
1478.008288
 20
668.75
 10
1475.104145
 20
670.263922
 10
1472.082339
 20
670.9565610000001
 10
1469.836138
 20
670.6957070000001
 10
1469.0
 20
669.5394269999999
 10
1469.367188
 20
668.210914
 10
1470.25
 20
667.0678479999999
 10
1475.9967896661647
 20
662.2876533352343
 10
1478.8702042217942
 20
661.1037252362414
 10
1480.190257
 20
661.207664
 10
1482.0
 20
661.986846
 10
1482.759909168796
 20
663.5586170393325
 10
1482.427418
 20
664.6860659999999
 10
1481.2998340103425
 20
666.1512074844493
  0
LWPOLYLINE
  5
12D
330
17
100
AcDbEntity
  8
0
100
AcDbPolyline
 90
17
 70
1
 10
1607.146481
 20
672.25
 10
1606.2892886796712
 20
673.7688064928266
 10
1605.2216927888364
 20
674.707886697368
 10
1602.9175318610473
 20
674.44376362711
 10
1598.9647980126585
 20
670.6443655967116
 10
1595.2029399621563
 20
665.1131418179344
 10
1593.597025
 20
660.927754
 10
1593.315055
 20
656.222998
 10
1594.4434692418415
 20
653.598246911745
 10
1596.626287799008
 20
651.791193773793
 10
1598.372766
 20
651.7561509999999
 10
1602.550762458564
 20
654.170275452386
 10
1604.725911934335
 20
656.351370830892
 10
1606.9521708761094
 20
659.8100935980456
 10
1607.9733896014152
 20
662.5780807473016
 10
1608.288397
 20
665.312902
 10
1607.934423
 20
669.077853
  0
LWPOLYLINE
  5
12E
330
17
100
AcDbEntity
  8
0
100
AcDbPolyline
 90
18
 70
1
 10
1723.337978
 20
674.82597
 10
1722.537177618747
 20
675.7317454942249
 10
1720.9251446016392
 20
676.4955422050903
 10
1719.197583
 20
676.3476319999999
 10
1717.6391298022409
 20
675.6013223690784
 10
1713.2885470724668
 20
671.756528297733
 10
1708.7292203255054
 20
666.3553338943223
 10
1707.5774482099291
 20
663.6321364984007
 10
1707.532543
 20
661.685618
 10
1708.7522028694202
 20
657.8356226836439
 10
1710.6175120370274
 20
655.4518663207189
 10
1712.315558
 20
654.947895
 10
1714.2824973603313
 20
655.5084506339674
 10
1717.0941360336478
 20
658.0646410742642
 10
1719.1799312292026
 20
660.8076463552384
 10
1720.9913781067228
 20
664.08658279919
 10
1722.8910953014072
 20
668.9346855515989
 10
1723.848657094741
 20
673.0267592459788
  0
LWPOLYLINE
  5
12F
330
17
100
AcDbEntity
  8
0
100
AcDbPolyline
 90
486
 70
1
 10
254.1323970000012
 20
108.067271000042
 10
252.98599480599705
 20
201.15704791693526
 10
252.34440550255945
 20
221.3359770675404
 10
251.25041202734548
 20
231.27103244221323
 10
252.001568
 20
242.13195399999998
 10
250.03500600000007
 20
273.7965220000004
 10
249.46296400000006
 20
303.12609600000013
 10
250.20233242195602
 20
311.926549319292
 10
253.7321361030774
 20
329.4555085235799
 10
253.60343711902618
 20
331.61223036905136
 10
251.72043299999999
 20
338.736954
 10
251.737067064908
 20
345.901051849484
 10
257.8813250086715
 20
383.1850056242284
 10
257.5655375161363
 20
384.6535524602927
 10
256.60581911953875
 20
385.487709727175
 10
251.038038
 20
385.978521
 10
250.48530799999997
 20
386.629622
 10
250.11288909687738
 20
388.6036049465845
 10
250.4394735359737
 20
390.5161565004049
 10
251.7552282286593
 20
393.16478535839514
 10
252.36691989926058
 20
397.4716034791568
 10
253.62859549903018
 20
399.2676600601457
 10
253.446281
 20
400.460262
 10
253.99881448079103
 20
403.89284108375494
 10
256.85515862245154
 20
416.8227862908633
 10
257.82150963464267
 20
440.2653855732251
 10
257.4775301541922
 20
442.3818517892133
 10
256.70977123297087
 20
443.5231608507288
 10
254.76711716902022
 20
443.8880260861089
 10
252.8821485350578
 20
442.98186596955316
 10
251.38537299999996
 20
439.5518389999999
 10
249.76951791290176
 20
428.9533777534695
 10
248.92372629228498
 20
426.20692079840495
 10
247.63070186829316
 20
424.52003568661934
 10
245.436551
 20
423.4393379999999
 10
244.049107
 20
423.46965
 10
243.18459586546567
 20
424.7982204158442
 10
243.1613550264621
 20
427.1765944600262
 10
244.564710765689
 20
429.62690044843646
 10
245.343929
 20
437.449259
 10
246.9069949999999
 20
442.9258339999997
 10
247.8806058170673
 20
465.3686455539026
 10
248.5
 20
496.4999999999999
 10
243.67437673017326
 20
496.55863629833755
 10
242.148275
 20
496.9744429999999
 10
239.95762487393432
 20
500.9485849706506
 10
235.18927945005163
 20
503.51987209420855
 10
233.74960573182233
 20
505.27169622546967
 10
233.25236
 20
509.6698820000008
 10
232.59562899999997
 20
538.6164439999999
 10
231.66048775761328
 20
551.5419815773531
 10
230.8206078572208
 20
558.8135930703403
 10
229.60114970795715
 20
560.9120371857623
 10
229.262263
 20
562.472187
 10
228.59754126797
 20
570.2226879603601
 10
227.32899999999998
 20
573.072559
 10
226.60531123312998
 20
576.50681156809
 10
225.63819928779895
 20
578.466853638859
 10
224.20238571234998
 20
579.69138469303
 10
222.69978301903296
 20
579.854587577069
 10
221.7486026967308
 20
578.8092473694304
 10
221.819875
 20
570.198952
 10
223.34384699999998
 20
544.1209429999999
 10
222.88670959641686
 20
540.9893658560882
 10
222.0
 20
540.5
 10
220.9628082727625
 20
541.1384504980699
 10
219.96778716140878
 20
543.2338652972578
 10
214.634437
 20
561.620782
 10
214.151306
 20
565.538923
 10
213.88130290262774
 20
575.9454261667117
 10
213.46532103599384
 20
578.2743124439345
 10
212.5780854310808
 20
580.0532750678555
 10
211.05659020885
 20
581.868367754675
 10
208.739089
 20
583.865267
 10
207.57171028502717
 20
584.310747287143
 10
206.24249
 20
586.778882
 10
205.1680986881804
 20
589.809365366276
 10
204.70758629708058
 20
594.1922569629879
 10
203.58816999041002
 20
598.1194981035001
 10
199.11388809470702
 20
609.3596495065194
 10
186.190248
 20
632.696073
 10
182.17726311747796
 20
639.271729564928
 10
172.02460850867948
 20
652.222504130889
 10
159.735388
 20
668.9296879999999
 10
155.46501947403254
 20
674.2761800442978
 10
151.9468618524751
 20
677.2820973690701
 10
149.37639579103097
 20
677.8854877688918
 10
148.38303495210442
 20
677.2018791126962
 10
148.0
 20
676.0475079999999
 10
150.57132899999996
 20
669.426248
 10
161.40152184072195
 20
648.5462450933625
 10
173.49852999999985
 20
623.972483
 10
174.367188
 20
619.903518
 10
175.86723127831974
 20
616.4946439232533
 10
175.42357044722505
 20
615.0962291880971
 10
171.76830700000002
 20
611.5099349999999
 10
171.167947
 20
610.0587309999999
 10
171.544646
 20
608.4619469999999
 10
174.7707207562941
 20
603.6965747702554
 10
174.892416618112
 20
602.6809182968959
 10
172.68463400000002
 20
600.875316
 10
169.087305
 20
599.8544719999999
 10
167.71843666865848
 20
598.9539794546096
 10
166.66641073032096
 20
597.103250797649
 10
166.91075249400407
 20
594.6986833624591
 10
168.97193000000001
 20
592.1408979999999
 10
177.107052
 20
585.271543
 10
188.378826
 20
572.504849
 10
188.8147150590126
 20
571.1439233176101
 10
188.33247500000002
 20
570.21355
 10
186.4635549349378
 20
569.6300789496105
 10
180.87626808029808
 20
569.0984122229318
 10
180.38780543483207
 20
568.6584104293099
 10
180.34382700000003
 20
567.7990799999999
 10
182.4061089091
 20
563.995019734448
 10
188.12218732199807
 20
557.1290576796798
 10
191.902368407036
 20
551.167115626766
 10
193.4217130344737
 20
550.0642111279717
 10
197.862406
 20
548.562704
 10
198.9982099999999
 20
547.106489
 10
198.9219085549344
 20
545.8429650267842
 10
197.54032277279654
 20
544.3242948906237
 10
195.33176
 20
543.443556
 10
193.809727
 20
543.604323
 10
192.52396299999998
 20
544.548968
 10
191.00884113352842
 20
547.0440481909981
 10
188.717165023369
 20
549.182072725921
 10
185.45283004484702
 20
551.2500965095693
 10
182.126545
 20
552.693506
 10
181.17690000000002
 20
552.4269259999999
 10
179.61736697832652
 20
551.0318161447511
 10
178.91305373316462
 20
549.6574576896909
 10
179.041023
 20
548.703912
 10
184.23730799999998
 20
542.0153669999997
 10
200.261013
 20
523.550287
 10
203.455128
 20
518.857769
 10
205.59489480874862
 20
514.5636866777861
 10
205.063047
 20
513.538965
 10
204.442472
 20
513.532719
 10
200.9554998428768
 20
515.8489218433028
 10
190.181609866672
 20
524.3285441533602
 10
185.41049256566492
 20
526.572139604312
 10
181.929349
 20
527.1306
 10
176.172103
 20
526.7689639999999
 10
172.43936099999996
 20
525.3425289999999
 10
171.5379062356699
 20
523.6778969980323
 10
172.65384965058644
 20
520.8739104546576
 10
174.0265619999999
 20
518.9433450000001
 10
206.300113917036
 20
483.33166562222914
 10
210.0637195663565
 20
478.2938617037705
 10
210.772974
 20
476.492332
 10
210.97476812809055
 20
474.2323128283729
 10
210.2850091566575
 20
471.918109316163
 10
208.6258949296953
 20
468.83652336852356
 10
208.45415922738673
 20
465.7668196653726
 10
208.87953186132498
 20
462.8802210185859
 10
210.70312445060938
 20
457.2336174410213
 10
217.96451400000004
 20
440.0851849999999
 10
218.5955027853843
 20
437.8340880254017
 10
218.65307756677902
 20
436.657682392663
 10
217.849124
 20
435.851668
 10
216.08643162392545
 20
435.6779182813531
 10
214.16855
 20
436.3002329999999
 10
210.79257165667764
 20
439.0714195784409
 10
203.58112864869645
 20
447.1232484270777
 10
200.7736729921348
 20
449.6852615784702
 10
196.56615573987855
 20
452.4386751925329
 10
187.052684
 20
457.5941019999999
 10
185.325476
 20
458.168073
 10
183.649095
 20
458.044062
 10
182.454945
 20
457.2748559999999
 10
182.01058916263491
 20
455.94020749983713
 10
198.0208261856006
 20
436.4205188407764
 10
208.5325170000001
 20
422.84745899999984
 10
209.20907626826718
 20
420.85115487830484
 10
213.163012
 20
414.5180639999999
 10
220.7651113308933
 20
399.7783889009498
 10
220.0203032410555
 20
399.03489718151064
 10
218.51998
 20
399.673562
 10
217.2100674676852
 20
400.82812754434474
 10
216.7025957130348
 20
402.5957655590537
 10
215.665646798782
 20
403.692881488226
 10
213.7453877932855
 20
405.0618211022175
 10
211.737488510074
 20
405.900716119561
 10
210.37621052711248
 20
405.96080084028756
 10
209.5477438362886
 20
405.54444954253506
 10
209.104608
 20
404.653314
 10
209.03577014828247
 20
402.82801771213747
 10
209.5303669999999
 20
400.954295
 10
211.73811
 20
397.630264
 10
222.85207565227327
 20
376.92458120722256
 10
223.78806133488345
 20
374.3477182657057
 10
223.28128251061392
 20
373.41173837312755
 10
221.50993344334248
 20
374.66788703907633
 10
215.04552165863998
 20
381.0224220349651
 10
200.79076368008398
 20
396.8241850078
 10
198.98562564475642
 20
397.99021420938226
 10
196.9186771423633
 20
398.23152358176475
 10
195.26685696965617
 20
397.43994041704286
 10
194.413773
 20
395.979581
 10
212.49325332597803
 20
361.69808655525344
 10
212.70172395026302
 20
359.1516062401985
 10
211.84671583487338
 20
358.1995013745623
 10
208.178633
 20
356.290965
 10
208.36408011083896
 20
354.1188529238755
 10
214.38829851325397
 20
345.17840046726405
 10
221.675649
 20
336.63385
 10
225.44239800000003
 20
331.188408
 10
230.96939598118044
 20
319.8160536360755
 10
234.937686846991
 20
310.59604824088694
 10
234.94114634308482
 20
309.6462122732659
 10
234.217104
 20
309.051966
 10
231.7648539689409
 20
309.625382067289
 10
229.16554642037013
 20
311.5183600943819
 10
224.34268199999997
 20
316.585665
 10
222.704972
 20
317.689456
 10
221.7005795244016
 20
317.74988707568923
 10
220.6257118112375
 20
317.11694653249253
 10
219.7825159368385
 20
316.18301971719444
 10
219.577428
 20
315.161833
 10
221.03460037332542
 20
310.4486132954354
 10
230.49345600000004
 20
290.73142899999993
 10
235.372532686514
 20
279.63346316658
 10
237.86287865220208
 20
270.53825449167084
 10
242.3225939999993
 20
251.0000000000009
 10
243.3312939999999
 20
244.603142
 10
245.0432351757441
 20
222.01180449231998
 10
245.83947718436372
 20
204.8703270101167
 10
245.5811779999999
 20
197.59865
 10
245.12586181224896
 20
197.04035511184904
 10
244.41394
 20
197.150688
 10
242.3339739999998
 20
199.5963120000003
 10
225.34384690062
 20
230.214340627846
 10
223.704467
 20
232.075427
 10
222.82831794608748
 20
232.53953058672118
 10
221.759434
 20
232.159434
 10
221.17431291357087
 20
230.7724095799639
 10
222.2547506804055
 20
226.83415876066812
 10
224.7787286980516
 20
220.5710342610508
 10
235.13839199999984
 20
199.82411800000006
 10
239.8303841824
 20
192.567014805696
 10
242.01763312932383
 20
190.16566134214898
 10
244.64211889971605
 20
188.22860617541758
 10
245.275513
 20
187.053582
 10
245.94467237910646
 20
177.67911497229363
 10
246.48424537998392
 20
134.34456972286517
 10
246.8221485354982
 20
126.41534192539862
 10
247.762851650779
 20
117.74007867869804
 10
247.3134596361125
 20
114.9872237482825
 10
246.0272966327955
 20
113.89880958691937
 10
244.75341335975253
 20
114.30583597615998
 10
243.79147190697398
 20
116.85523247063341
 10
239.6054309014105
 20
141.80385177645002
 10
236.733585707428
 20
156.142089648076
 10
224.899092
 20
195.472263
 10
219.651297
 20
207.87540000000004
 10
218.63722264856804
 20
211.25726586359139
 10
208.66950099999994
 20
231.57618699999998
 10
201.06047691739911
 20
244.56788167316677
 10
194.14595924166696
 20
254.3035942673625
 10
191.02712216128762
 20
257.3852950946213
 10
187.36294442475574
 20
259.66072839448253
 10
185.99417156749774
 20
262.0952414259794
 10
180.56848353944676
 20
290.27969281213774
 10
178.19126971227917
 20
298.31967053282006
 10
175.35905600000012
 20
315.00392
 10
173.69339243336802
 20
322.28173793275874
 10
172.32702613401887
 20
325.9343268391051
 10
171.719395
 20
330.898126
 10
170.42167240584743
 20
334.486500305266
 10
169.75591181440228
 20
338.20089004483526
 10
167.79363357028
 20
359.005985521985
 10
165.367747142276
 20
369.79755031385264
 10
162.7461615001883
 20
415.1181241767531
 10
162.514715829196
 20
417.3966178289225
 10
161.27023
 20
420.181043
 10
160.654785
 20
426.1388619999999
 10
159.617593
 20
428.54868
 10
158.226093
 20
429.561883
 10
156.822586
 20
429.205265
 10
156.0029135586253
 20
427.7452171074909
 10
155.76971505289714
 20
413.1829965711697
 10
156.782330790143
 20
403.99036581679695
 10
156.43078650110553
 20
403.23753531380464
 10
155.25251051515676
 20
403.04333636609385
 10
153.96747885848
 20
404.49583853735203
 10
153.18964871519196
 20
408.2706433024162
 10
151.670084
 20
423.909375
 10
150.777640561536
 20
429.10171688919996
 10
150.128505663635
 20
431.17941444255496
 10
148.4872339742809
 20
433.4635205570671
 10
147.29928616603598
 20
436.01319514600794
 10
145.09148
 20
442.287958
 10
140.37061599999998
 20
470.4970099999999
 10
137.778541
 20
476.3350099999999
 10
135.403093
 20
487.231424
 10
132.1357238284285
 20
497.02536732568103
 10
130.641465
 20
498.403708
 10
128.7327028871368
 20
498.9012299624049
 10
127.12514549684649
 20
498.36464256032974
 10
126.50260359188941
 20
497.11353187564004
 10
126.98095074917074
 20
492.28077431758095
 10
129.39854575335423
 20
482.91574830543414
 10
130.920816
 20
471.695699
 10
130.50419515750104
 20
470.24531466811214
 10
129.455052
 20
470.155842
 10
128.33494697580795
 20
470.6074162597725
 10
126.45159362572595
 20
473.044433838348
 10
124.78151336682852
 20
476.99125560632444
 10
123.6469184910435
 20
481.9422920981459
 10
122.31230486058472
 20
491.42948401011574
 10
121.344851
 20
494.5873139999999
 10
119.875044
 20
497.1802119999999
 10
118.67960919588727
 20
497.83218971921343
 10
117.6534868640547
 20
497.6207993041049
 10
116.1759146635886
 20
496.33569669426356
 10
114.38984470857368
 20
493.60443963531225
 10
113.072563928598
 20
493.58404995806404
 10
112.3995697638315
 20
494.771007890774
 10
111.38809295064642
 20
499.5704440061872
 10
110.40912180458956
 20
501.92924228289525
 10
104.48421554787714
 20
509.71610883646264
 10
103.211455
 20
511.724386
 10
102.746379
 20
513.228696
 10
92.54733854797259
 20
522.3102067915634
 10
88.635915
 20
526.8714529999999
 10
87.58121342481088
 20
529.3917023637727
 10
80.13281199999997
 20
534.7874769999999
 10
68.69977931989065
 20
545.1847634754124
 10
61.1642248129945
 20
550.4038640341389
 10
57.4018139068724
 20
552.4958263790605
 10
54.760676
 20
553.0
 10
52.71270600000001
 20
552.272041
 10
52.00895000000002
 20
550.547395
 10
52.64421930050066
 20
548.4231074977965
 10
54.31908179122699
 20
545.975495670722
 10
66.89135259043454
 20
531.2296541401802
 10
72.42923272693884
 20
524.1105271527722
 10
72.44771762723857
 20
522.5071790451743
 10
70.66871566984736
 20
519.8211267262168
 10
70.29931799999997
 20
518.1692289999999
 10
71.10436800000001
 20
514.4585799999999
 10
71.96458790332451
 20
506.9735357840266
 10
73.33071367275087
 20
503.5053799623929
 10
76.15715173005282
 20
500.4074437675184
 10
86.39066131916955
 20
493.27203172407326
 10
89.98262212026182
 20
490.1993853659342
 10
89.53993150969599
 20
489.1064086202192
 10
86.62715999999999
 20
488.324521
 10
82.86764399999998
 20
488.207209
 10
73.03442447558653
 20
489.09282199325
 10
70.35841034092535
 20
488.52044833236886
 10
69.35938000000002
 20
487.558993
 10
69.11238958481138
 20
486.28772387714787
 10
69.46659209412842
 20
485.33471298742177
 10
72.33529046770047
 20
482.6951027914335
 10
77.32030996626197
 20
479.5531695769909
 10
84.84425309640265
 20
476.21625417021124
 10
87.62592314526997
 20
474.5278122582106
 10
90.28878688990665
 20
469.0819289867688
 10
91.21453624097288
 20
465.6884547288933
 10
90.93233484271111
 20
464.47053300831845
 10
89.88306099999997
 20
463.978567
 10
78.02237563436762
 20
463.37795195267466
 10
74.95617440344482
 20
462.76112824560727
 10
73.5870273071328
 20
461.9874709085406
 10
72.518118
 20
460.80581
 10
72.12305399985505
 20
459.80286602719315
 10
72.32647807008199
 20
458.77144116576994
 10
74.98766834659187
 20
455.81413450127917
 10
80.71530211954345
 20
452.9192848857465
 10
95.31972400000001
 20
447.01576100000005
 10
98.343246576699
 20
446.25566049801597
 10
102.7084875369963
 20
445.78354745544345
 10
104.994697
 20
444.435859
 10
106.73183504475651
 20
442.67035028925307
 10
106.790381
 20
441.407173
 10
97.978553
 20
440.342944
 10
97.28267912353095
 20
439.5264809274722
 10
97.31023698222903
 20
438.6838945501401
 10
98.97073663945918
 20
436.61639294246015
 10
101.99226032412962
 20
434.3747150781064
 10
109.78816714360164
 20
430.8175129146946
 10
112.59053186690225
 20
429.1453124454266
 10
114.949913
 20
426.5057139999999
 10
116.350275
 20
423.6017179999999
 10
116.34830816091427
 20
422.83863913208205
 10
115.59605928210806
 20
422.126171405331
 10
113.47586856980489
 20
421.97270284299776
 10
95.612454
 20
422.70697
 10
94.46012300000001
 20
422.168419
 10
94.03056994830834
 20
421.3930971069002
 10
94.25209576098337
 20
420.1686429942142
 10
95.139311461658
 20
419.170930528131
 10
99.45082308127371
 20
416.18884731659347
 10
109.90947595963712
 20
410.6627607534692
 10
116.85378929307244
 20
407.6529386122994
 10
129.48833164652535
 20
403.0535412909918
 10
131.64088402044
 20
401.78167026244
 10
133.55756568607
 20
399.8863005873875
 10
134.15007755210556
 20
398.49604624263947
 10
133.98591666941294
 20
397.7343420805365
 10
133.39505691750392
 20
397.2739677142787
 10
117.52758636212299
 20
403.257486558577
 10
114.47460568041198
 20
403.633549217882
 10
113.01751290037092
 20
403.17873950188095
 10
112.5629370112796
 20
402.5287422398289
 10
112.85970896826637
 20
401.0479365749204
 10
114.91487827945488
 20
399.27110516382254
 10
136.49989153090453
 20
383.81800225676454
 10
140.772
 20
380.333358
 10
141.46162451334223
 20
379.1167658351413
 10
141.216987
 20
378.074383
 10
140.68750745496152
 20
377.59392188126697
 10
138.65774536036
 20
377.541606470785
 10
127.39002846398002
 20
382.0155843579142
 10
123.2778487793548
 20
382.8165775571624
 10
120.37725326488543
 20
382.5497362863277
 10
119.26596192688046
 20
381.1883984657425
 10
119.87877300000001
 20
379.108484
 10
122.37848801699997
 20
376.4254224135
 10
128.5
 20
371.041134
 10
120.18941325872422
 20
370.7642786683952
 10
119.13420891615306
 20
369.83905359740976
 10
119.134249667192
 20
368.33379045806197
 10
120.318769421883
 20
366.80228494474903
 10
122.73163815974294
 20
364.922426775139
 10
139.68710353612752
 20
354.8881889872251
 10
144.24388619074
 20
351.53991621548
 10
146.72849106888197
 20
348.7568879981775
 10
152.53561669804998
 20
340.729562701465
 10
159.01530788912848
 20
333.1854283102315
 10
159.84382285506277
 20
331.32909425920286
 10
159.52473920137072
 20
331.0079486489714
 10
158.563062
 20
331.153322
 10
155.908005
 20
332.434274
 10
150.89738491989
 20
335.739338307584
 10
148.049841
 20
336.593838
 10
146.5
 20
336.361626
 10
145.75502381282794
 20
335.843380553286
 10
145.3357929999999
 20
335.038512
 10
145.35622777501175
 20
333.5007128731194
 10
147.51324
 20
329.87663
 10
158.16378502437826
 20
317.70299911686453
 10
163.733622946815
 20
310.475148397446
 10
168.26981737168745
 20
303.5507632711291
 10
172.26112535817427
 20
295.86143521421985
 10
173.34188098892326
 20
288.9640278067848
 10
175.1518959999999
 20
282.330876
 10
176.813882
 20
273.92645
 10
182.79385399999993
 20
237.79375
 10
186.3215087575438
 20
208.4908694909016
 10
190.587264
 20
188.0
 10
192.33765462215786
 20
173.92124429704467
 10
192.5908157751011
 20
170.55270008320204
 10
192.305243
 20
168.900529
 10
194.1894320576621
 20
162.373019131562
 10
195.1231639064441
 20
155.789343934771
 10
197.28361953723245
 20
131.0994351856997
 10
203.45949900000005
 20
81.50884300000037
 10
206.65669095922703
 20
59.8928501466258
 10
207.889628748554
 20
46.39051024262751
 10
208.57631570865334
 20
42.219396494608894
 10
209.685123
 20
39.106334
 10
211.495693
 20
36.968193
 10
212.548936307968
 20
36.565174348704005
 10
213.668209
 20
36.702921
 10
214.51810132987904
 20
37.861796156957745
 10
214.84829940074204
 20
41.28392100891169
 10
213.84598893846598
 20
59.243127414619
 10
208.361945029484
 20
96.07741493518603
 10
208.430003
 20
101.191893
 10
209.40745
 20
102.0
 10
210.23794008599248
 20
101.73148892766588
 10
210.7862268991885
 20
100.961631536391
 10
211.38746668331086
 20
96.73297648694744
 10
213.4772010668436
 20
91.42941919403529
 10
214.51025018513138
 20
86.91334890481765
 10
218.066170285002
 20
69.20395558672402
 10
223.53770483928847
 20
37.14191075772943
 10
225.5776320000001
 20
36.23544600000002
 10
248.835426
 20
36.641615999999885
 10
250.76776268344804
 20
37.150684024929525
 10
252.0189680874415
 20
38.2471061602235
 10
252.7894053201897
 20
42.74377669936344
 10
253.2132758861355
 20
50.2436503481114
  0
LWPOLYLINE
  5
130
330
17
100
AcDbEntity
  8
0
100
AcDbPolyline
 90
21
 70
1
 10
1328.453651
 20
682.812342
 10
1320.128002
 20
680.403058
 10
1319.361024696021
 20
679.2165044945012
 10
1320.2005264118848
 20
677.4987488549266
 10
1322.625927
 20
675.41102
 10
1330.751935
 20
670.9734620000002
 10
1337.5145584178335
 20
667.8771408112908
 10
1343.9948209938966
 20
665.5612940001395
 10
1352.4905828458361
 20
663.745178450253
 10
1363.6909157632776
 20
663.3031150682041
 10
1370.996478136778
 20
663.912264495552
 10
1376.1319071911685
 20
664.8168788757437
 10
1379.4243706026593
 20
666.0647894209966
 10
1380.4757533881498
 20
666.7817509550673
 10
1380.9380696829335
 20
667.6276557382477
 10
1380.773505754225
 20
669.2418327108859
 10
1380.129316
 20
670.1915089999999
 10
1375.562787187896
 20
673.9879472004952
 10
1369.1740288095075
 20
677.8406981838835
 10
1360.956467849358
 20
681.4317134769487
 10
1353.761335
 20
682.504297
  0
LWPOLYLINE
  5
131
330
17
100
AcDbEntity
  8
0
100
AcDbPolyline
 90
26
 70
1
 10
1416.038446
 20
654.288119
 10
1443.241184
 20
651.612194
 10
1465.7023088003712
 20
647.8722009234709
 10
1472.1200470653594
 20
646.2841130983904
 10
1493.7395554549798
 20
638.0705329115754
 10
1496.267886
 20
637.2591319999999
 10
1496.802736060655
 20
637.563877006713
 10
1493.361496
 20
643.6235179999999
 10
1489.4021696370887
 20
648.5529881247263
 10
1486.331169
 20
650.240254
 10
1477.5960178746643
 20
653.0946922578695
 10
1461.850607545944
 20
657.4007875341758
 10
1451.26732556543
 20
659.3260234443179
 10
1440.69156860515
 20
660.243057601325
 10
1420.899178
 20
660.5
 10
1407.5369008081614
 20
673.6621968159367
 10
1398.433685
 20
681.985995
 10
1393.7471496012529
 20
685.4035647127963
 10
1390.620767
 20
686.803582
 10
1388.798441
 20
686.75413
 10
1387.074147862906
 20
685.6074800347801
 10
1387.111766
 20
684.80651
 10
1388.2213329887322
 20
683.167589649577
 10
1406.0834639923455
 20
664.4155093623832
 10
1412.968129
 20
656.1176929999999
 10
1414.519854136938
 20
654.7040425400669
  0
LWPOLYLINE
  5
132
330
17
100
AcDbEntity
  8
0
100
AcDbPolyline
 90
15
 70
1
 10
1641.962168
 20
678.6408789999999
 10
1642.7483010021779
 20
679.79380807992
 10
1642.3196416064402
 20
681.0026091934516
 10
1641.3368683411818
 20
682.2323234792533
 10
1638.32356400533
 20
684.225637096165
 10
1634.723046764337
 20
686.124255059616
 10
1630.4769277958712
 20
687.76542260158
 10
1628.061851
 20
687.906858
 10
1626.8364134624126
 20
687.2014969235772
 10
1626.406895237358
 20
685.6664927837669
 10
1626.8775412550483
 20
684.0028232419927
 10
1628.105029
 20
682.6323389999999
 10
1630.7850575472928
 20
680.8975371564799
 10
1637.219063725291
 20
678.140626824329
 10
1639.5956602522645
 20
678.0406517048414
  0
LWPOLYLINE
  5
133
330
17
100
AcDbEntity
  8
0
100
AcDbPolyline
 90
20
 70
1
 10
1574.526507
 20
686.544982
 10
1572.490314
 20
689.630016
 10
1570.817968
 20
691.071663
 10
1569.143059
 20
691.2937099999999
 10
1567.211298
 20
690.435446
 10
1565.686546031042
 20
688.8426168981034
 10
1564.357643837127
 20
685.925068801607
 10
1562.1978262040052
 20
677.9551281537391
 10
1562.6501495033738
 20
674.7083239965297
 10
1564.5161383734953
 20
671.5037553432124
 10
1568.410068548819
 20
667.2740423628509
 10
1570.6587237857693
 20
665.4690077393255
 10
1571.8559562659345
 20
665.0535716024663
 10
1574.299586
 20
665.332725
 10
1575.9885433407655
 20
666.7022939592351
 10
1577.4143877178071
 20
669.7124048441774
 10
1578.6327368057084
 20
673.8902224639389
 10
1578.6155663219363
 20
675.3114753003548
 10
1577.325456
 20
677.7977980000001
 10
1576.5731262564
 20
681.97327687509
  0
LWPOLYLINE
  5
134
330
17
100
AcDbEntity
  8
0
100
AcDbPolyline
 90
16
 70
1
 10
1840.912051
 20
691.605972
 10
1840.198538962276
 20
692.2431992020323
 10
1838.4204258963448
 20
692.7685047208282
 10
1836.4230357722981
 20
692.1851697071371
 10
1833.96053
 20
689.894169
 10
1832.735193125704
 20
687.2678738680651
 10
1832.157975
 20
684.427857
 10
1832.37220057659
 20
681.856995927903
 10
1833.7626585146186
 20
679.0149767586764
 10
1836.104073164088
 20
677.321020581768
 10
1837.7632987192446
 20
677.0403807482118
 10
1839.8658889285155
 20
677.6049705237931
 10
1841.127555
 20
678.653875
 10
1841.9616850241582
 20
680.2772746504643
 10
1842.169209070112
 20
687.215765310496
 10
1841.795282140601
 20
689.9405631802999
  0
LWPOLYLINE
  5
135
330
17
100
AcDbEntity
  8
0
100
AcDbPolyline
 90
75
 70
1
 10
551.684024
 20
622.618384
 10
547.809280355949
 20
619.0823215269269
 10
546.0216389784857
 20
616.6993395961802
 10
546.109232
 20
615.368384
 10
547.2142591995901
 20
614.4867644829175
 10
548.578873
 20
614.117756
 10
551.3692792280671
 20
614.3373386559249
 10
554.73717875416
 20
615.530436573484
 10
558.5476863733049
 20
617.6917599231158
 10
565.3370485282281
 20
622.4295270817457
 10
568.1480622101392
 20
623.7310447589552
 10
569.3070030213465
 20
623.8914198848984
 10
570.6404459999999
 20
623.4747079999999
 10
572.6355385532987
 20
620.5507594476767
 10
574.3072789155472
 20
620.043279821505
 10
574.877771624335
 20
620.47269604973
 10
575.5676839999999
 20
622.56725
 10
579.040867983872
 20
626.3116681753199
 10
581.0844111448475
 20
627.8521252991525
 10
584.3447610000001
 20
628.668249
 10
587.9622099999998
 20
631.1429009999999
 10
591.8884230839838
 20
634.6971691082767
 10
594.93029
 20
639.047573
 10
599.6681731011105
 20
642.6599947492055
 10
599.756245330914
 20
644.2651781561979
 10
598.9594145194807
 20
645.6513995784737
 10
597.0830584673905
 20
647.8178122524018
 10
594.9104601570555
 20
649.2726300462419
 10
593.0443549999999
 20
649.8872959999999
 10
590.848069
 20
649.915573
 10
588.7202157913413
 20
648.3127431474659
 10
586.436367
 20
648.043891
 10
584.0159797431777
 20
648.6610287304928
 10
582.7247532470288
 20
649.898977000221
 10
582.2711349999998
 20
651.414608
 10
582.2461846060319
 20
657.4665256571717
 10
582.6493670582628
 20
661.8947782676806
 10
583.4877102581445
 20
665.2771515131589
 10
582.8063718067635
 20
667.0357349718689
 10
579.588794267243
 20
672.0399744317408
 10
578.455859
 20
677.9120699999999
 10
576.820149799937
 20
681.6171401138814
 10
572.8809709434488
 20
690.8688941880927
 10
572.1931371444539
 20
691.954076604003
 10
571.0706657773864
 20
692.715044677104
 10
567.7310920126259
 20
692.9933078263011
 10
564.9975809999999
 20
692.5737619999999
 10
563.5451305451031
 20
691.9769820484802
 10
561.5732069999999
 20
690.440625
 10
558.903440418157
 20
689.765540983755
 10
558.126685
 20
689.112206
 10
556.4528659999999
 20
686.205864
 10
555.2846470809476
 20
682.9223836281275
 10
554.1217975326387
 20
677.5177418911612
 10
553.4194162596566
 20
671.8343789488116
 10
553.7576283066493
 20
668.5701968854447
 10
556.2555763739626
 20
662.7902231123378
 10
556.3813867641661
 20
661.6102622684392
 10
553.573108
 20
656.928323
 10
552.577975569284
 20
653.170208082256
 10
551.7055479634962
 20
652.3705820129609
 10
550.6346299999998
 20
652.426722
 10
540.099813
 20
657.496821
 10
537.5158951672859
 20
660.0774429332076
 10
532.8948566713128
 20
662.4940081037444
 10
529.9430944175749
 20
663.6837648105412
 10
528.9657039999998
 20
663.478804
 10
528.3247354050872
 20
662.7551463494381
 10
528.1738070367558
 20
661.3322373309986
 10
528.679779987412
 20
659.807633433014
 10
531.5157199999999
 20
654.966278
 10
534.8490879999999
 20
650.645874
 10
538.7944309999999
 20
647.073049
 10
545.0391067071773
 20
643.3624774308332
 10
565.38145
 20
634.7376780000001
  0
LWPOLYLINE
  5
136
330
17
100
AcDbEntity
  8
0
100
AcDbPolyline
 90
18
 70
1
 10
1443.844574
 20
689.2635690000002
 10
1441.395202666095
 20
693.8881462369474
 10
1440.1005978052974
 20
694.7410500403145
 10
1439.1372482434267
 20
694.8321002310335
 10
1436.356991
 20
693.3061979999999
 10
1432.7876219917166
 20
688.803208418951
 10
1429.386954267804
 20
682.8696234202645
 10
1427.9997993564762
 20
677.8579624092677
 10
1428.5103316788618
 20
673.6828877015134
 10
1429.4446365379395
 20
671.9229582850841
 10
1431.0687917896926
 20
670.3022114859376
 10
1433.3428318936749
 20
669.4903443072611
 10
1435.877097714251
 20
670.284403847274
 10
1439.8790994129088
 20
673.7571180681609
 10
1443.631325976944
 20
678.1034429574278
 10
1444.6946784343827
 20
680.4209654698938
 10
1445.0
 20
683.110316
 10
1444.660594
 20
686.533523
  0
LWPOLYLINE
  5
137
330
17
100
AcDbEntity
  8
0
100
AcDbPolyline
 90
20
 70
1
 10
1789.27221
 20
679.0618119999999
 10
1790.8759415994814
 20
680.7336007757734
 10
1790.9473659104788
 20
682.0618988690298
 10
1790.205452
 20
683.4409969999999
 10
1781.504218
 20
690.920903
 10
1778.4525512486798
 20
692.8587049188376
 10
1774.933475
 20
694.4806059999999
 10
1767.6464479772303
 20
696.6814527175814
 10
1759.0982654095997
 20
697.9989811761837
 10
1744.0865738458801
 20
698.696158823294
 10
1740.056257
 20
698.657211
 10
1739.0825639941902
 20
697.9952431498405
 10
1739.1295762485934
 20
696.4301747901235
 10
1740.110545473507
 20
694.3778481834665
 10
1745.115361835558
 20
690.3397165514589
 10
1754.333720381778
 20
684.348918800761
 10
1763.690944558496
 20
679.8194242388801
 10
1770.0603730478742
 20
678.0407131533424
 10
1777.7004473993547
 20
677.255155134188
 10
1783.40099
 20
677.6120849999999
  0
LWPOLYLINE
  5
138
330
17
100
AcDbEntity
  8
0
100
AcDbPolyline
 90
2
 70
1
 10
1501.344543
 20
662.3475260000004
 10
1501.3445429999997
 20
662.3475260000005
  0
LWPOLYLINE
  5
139
330
17
100
AcDbEntity
  8
0
100
AcDbPolyline
 90
18
 70
1
 10
1536.826354
 20
705.4999999999999
 10
1535.6272431069929
 20
709.0383599442486
 10
1534.692396144623
 20
709.5900539990932
 10
1532.49352581223
 20
709.4002146008888
 10
1524.945513
 20
705.1234329999999
 10
1516.4740573103072
 20
698.8563437752549
 10
1512.1974150141252
 20
694.1070568096748
 10
1509.7183976642827
 20
689.1240168453236
 10
1508.7847003416032
 20
683.7085392175142
 10
1508.9863587355753
 20
682.285518998505
 10
1509.856014
 20
680.874315
 10
1513.258323230174
 20
678.3641444587723
 10
1515.1287505631985
 20
678.2910109252908
 10
1522.4364416794174
 20
681.6461800035065
 10
1528.07020099543
 20
685.6496416864812
 10
1531.1193554651577
 20
688.7764635210106
 10
1534.5404962818945
 20
693.987614417235
 10
1536.4889982752136
 20
699.6641636555229
  0
LWPOLYLINE
  5
13A
330
17
100
AcDbEntity
  8
0
100
AcDbPolyline
 90
17
 70
1
 10
1407.614649
 20
689.0237689999999
 10
1408.2276761575783
 20
689.2738199713448
 10
1410.3841998482903
 20
691.0506605827724
 10
1411.343297
 20
693.3453339999999
 10
1411.528241
 20
697.9416419999999
 10
1410.519258
 20
703.0639259999999
 10
1408.413209
 20
707.661255
 10
1405.8557685562591
 20
711.1448021911348
 10
1403.451080417712
 20
712.6662795891959
 10
1400.491654
 20
712.635322
 10
1399.596451960884
 20
711.739861996271
 10
1397.4875723364785
 20
706.3220272792614
 10
1397.0408241260693
 20
701.2994494362529
 10
1397.4750854511367
 20
696.3599353805773
 10
1399.194841594892
 20
693.0896564534561
 10
1402.460627
 20
689.889048
 10
1405.088113
 20
688.823147
  0
LWPOLYLINE
  5
13B
330
17
100
AcDbEntity
  8
0
100
AcDbPolyline
 90
15
 70
1
 10
1329.815166
 20
717.7139760000002
 10
1329.0
 20
716.7228610000001
 10
1329.666168
 20
714.83045
 10
1333.8436292849326
 20
710.5117305866851
 10
1337.962364417877
 20
707.5533112663068
 10
1342.278897
 20
705.680486
 10
1345.526306
 20
705.084158
 10
1348.6910435679958
 20
705.4953704500222
 10
1350.0781881722558
 20
706.6210424487259
 10
1350.2532972481358
 20
708.0041126040525
 10
1349.321164
 20
709.3801779999999
 10
1345.763146
 20
712.5704829999999
 10
1341.510836
 20
715.306288
 10
1335.0928128901912
 20
717.5818131446166
 10
1332.439898
 20
717.90411
  0
LWPOLYLINE
  5
13C
330
17
100
AcDbEntity
  8
0
100
AcDbPolyline
 90
24
 70
1
 10
1707.017228
 20
716.9678089999999
 10
1705.779879408211
 20
718.2949895993711
 10
1704.0196540278555
 20
718.854296200684
 10
1701.8826467043855
 20
718.4511083611205
 10
1699.375877
 20
717.180477
 10
1694.657334
 20
713.6653579999999
 10
1687.494086
 20
707.258671
 10
1685.1638706504505
 20
704.7149009695754
 10
1682.4063294790583
 20
700.6956444437244
 10
1681.2361680345407
 20
698.0947779443073
 10
1680.2007907814
 20
693.8532759717999
 10
1680.2520857484474
 20
687.5851566262785
 10
1681.491700568709
 20
683.0929482151839
 10
1682.9819817137404
 20
680.9190808813596
 10
1684.9536916313475
 20
679.364274353829
 10
1688.383772
 20
678.595005
 10
1691.086403200312
 20
679.0478850281661
 10
1693.610211
 20
680.115457
 10
1700.57448
 20
685.057561
 10
1703.0462440936226
 20
687.6177724804074
 10
1705.043977
 20
690.56283
 10
1707.070765517635
 20
695.575968149044
 10
1708.0259165198572
 20
701.7383476471549
 10
1708.0261425207464
 20
710.4956937081977
  0
LWPOLYLINE
  5
13D
330
17
100
AcDbEntity
  8
0
100
AcDbPolyline
 90
17
 70
1
 10
1651.18628
 20
695.1264860000001
 10
1654.2717196116553
 20
695.7193159744306
 10
1656.985846558525
 20
698.2406712193849
 10
1659.4189950578577
 20
703.0879493787884
 10
1659.507357850675
 20
706.232333730657
 10
1657.8617943561696
 20
712.7502183460141
 10
1654.2994037186552
 20
717.9078529928573
 10
1647.965503
 20
724.8907589999998
 10
1646.478942713524
 20
725.8198511112519
 10
1643.9834778114705
 20
725.9829076443973
 10
1642.248003
 20
724.54777
 10
1639.8460887567278
 20
718.1481260133731
 10
1638.9791763811481
 20
712.2863059505479
 10
1639.4777122737041
 20
708.228129483132
 10
1641.089704774062
 20
704.311849380383
 10
1644.3456549481975
 20
699.6385260959674
 10
1647.7305696480248
 20
696.3905776974404
  0
LWPOLYLINE
  5
13E
330
17
100
AcDbEntity
  8
0
100
AcDbPolyline
 90
12
 70
1
 10
1422.252358
 20
726.4211349999998
 10
1421.36289984236
 20
726.010822760656
 10
1421.0
 20
725.10099
 10
1422.0553732562134
 20
722.6077926876588
 10
1430.594067
 20
718.370386
 10
1439.9698860914582
 20
715.4278270532914
 10
1443.228637
 20
716.122363
 10
1444.651878
 20
717.6080299999999
 10
1444.7275331762971
 20
718.8883449355785
 10
1443.0558437035606
 20
720.8760294275855
 10
1435.798615511188
 20
724.8532146351524
 10
1429.0650323734155
 20
726.2372711618599
  0
LWPOLYLINE
  5
13F
330
17
100
AcDbEntity
  8
0
100
AcDbPolyline
 90
33
 70
1
 10
1831.597376000034
 20
670.842960999973
 10
1780.962638
 20
718.568646
 10
1766.6293939999998
 20
731.6220200000001
 10
1764.5874289535873
 20
731.7650603652312
 10
1762.596093666787
 20
730.8198550062325
 10
1762.0171735894494
 20
729.7160071558104
 10
1762.3409316859697
 20
727.6656960420606
 10
1763.316757999999
 20
726.1091770000011
 10
1769.179198732074
 20
719.7806967030115
 10
1804.1013035981043
 20
682.5876524197603
 10
1819.616377730513
 20
666.7806230735707
 10
1844.0574229999984
 20
643.1209040000003
 10
1856.3614789999997
 20
631.2985720000001
 10
1861.2798079494003
 20
627.087566181239
 10
1864.42695593296
 20
625.14264186575
 10
1868.146947
 20
625.0
 10
1867.059901269808
 20
639.5406183944215
 10
1866.1024188400665
 20
644.4493232699981
 10
1864.2923119877655
 20
650.4114675522803
 10
1864.5048925173987
 20
651.8828186002643
 10
1866.7314562116699
 20
656.2049573500949
 10
1867.5875846844408
 20
658.9292150814862
 10
1867.9931276826153
 20
662.6947295649774
 10
1867.567787785775
 20
665.6489854934998
 10
1866.48204
 20
666.645266
 10
1864.7664022725987
 20
666.8726652759229
 10
1860.5711820055444
 20
665.0869334608981
 10
1856.516480832969
 20
661.2079978413409
 10
1853.866694
 20
657.1024219999999
 10
1852.828750106946
 20
654.5816860972678
 10
1851.4071372031374
 20
654.2392088004256
 10
1849.783499
 20
654.89941
 10
1846.4633622685722
 20
657.3655068861085
  0
LWPOLYLINE
  5
140
330
17
100
AcDbEntity
  8
0
100
AcDbPolyline
 90
18
 70
1
 10
1813.177129
 20
733.25
 10
1811.749826
 20
734.425695
 10
1810.092947
 20
734.9342749999998
 10
1808.500179
 20
734.690252
 10
1807.238877
 20
733.75
 10
1803.4952991303708
 20
726.3453772225356
 10
1802.101083184845
 20
720.4106762696069
 10
1802.852573003043
 20
716.283244322632
 10
1805.3259764018226
 20
712.4999818033499
 10
1809.75039994381
 20
708.683189209934
 10
1813.560515
 20
707.0
 10
1815.903973
 20
707.7886989999998
 10
1818.014053
 20
710.060199
 10
1819.493256
 20
713.3097759999999
 10
1820.0
 20
716.922776
 10
1819.490971
 20
720.433919
 10
1817.818084
 20
725.1348879999999
 10
1815.568558
 20
729.788379
  0
LWPOLYLINE
  5
141
330
17
100
AcDbEntity
  8
0
100
AcDbPolyline
 90
2
 70
1
 10
1755.847942
 20
723.64676
 10
1755.847942
 20
723.6467599999999
  0
LWPOLYLINE
  5
142
330
17
100
AcDbEntity
  8
0
100
AcDbPolyline
 90
25
 70
1
 10
1620.135163
 20
706.4092950000002
 10
1622.2839421558733
 20
707.3661762122335
 10
1624.0916744167364
 20
709.4983547054269
 10
1624.79447
 20
711.388097
 10
1624.9584351016817
 20
714.6928779967672
 10
1623.9546850255927
 20
718.3835606495154
 10
1622.722882
 20
720.8115769999999
 10
1617.843806930118
 20
727.063246025154
 10
1613.9766229684992
 20
730.6453862335467
 10
1610.931396
 20
732.8770280000001
 10
1602.6198869663501
 20
737.3649390221001
 10
1591.134318324675
 20
742.1732105909249
 10
1588.043425589464
 20
742.8566749262638
 10
1586.4486860575328
 20
742.7600152393402
 10
1585.7650358928734
 20
742.3380459019096
 10
1585.162118540438
 20
740.9402195437954
 10
1585.583917
 20
737.5148280000001
 10
1586.4118577103504
 20
734.1986155125594
 10
1587.8006228173986
 20
732.2739895207822
 10
1588.7597923666895
 20
726.9857738010182
 10
1592.4964819861136
 20
720.9428720501858
 10
1596.4857429795925
 20
716.3300851440974
 10
1602.50474838064
 20
711.26718534928
 10
1608.429743478589
 20
708.224815411391
 10
1614.8844199805537
 20
706.3392846019321
  0
LWPOLYLINE
  5
143
330
17
100
AcDbEntity
  8
0
100
AcDbPolyline
 90
20
 70
1
 10
1516.844574
 20
737.2635690000001
 10
1514.4861500854656
 20
741.7501444766816
 10
1512.5462275185926
 20
743.5487921911255
 10
1510.6961364817296
 20
744.477250443163
 10
1509.1036431191064
 20
743.722670808262
 10
1504.328157
 20
738.3811249999999
 10
1499.191915
 20
731.142136
 10
1497.5600664471501
 20
726.4274237289428
 10
1496.1695653658123
 20
724.5428705620124
 10
1496.050365
 20
721.385918
 10
1496.547961
 20
718.4017650000001
 10
1497.23254897415
 20
716.732043111806
 10
1498.427845490954
 20
715.273752345432
 10
1501.428908820332
 20
714.0976874493335
 10
1504.5330635294033
 20
714.5585398531999
 10
1510.2140123701938
 20
717.5831994450693
 10
1514.6970445165389
 20
721.381176957206
 10
1516.8470872932821
 20
724.680872844016
 10
1517.868690653356
 20
728.41848092872
 10
1517.8661966563877
 20
732.8443454957138
  0
LWPOLYLINE
  5
144
330
17
100
AcDbEntity
  8
0
100
AcDbPolyline
 90
19
 70
1
 10
1675.529569
 20
749.4137869999998
 10
1674.388245554557
 20
749.8346537941538
 10
1673.295042
 20
749.442319
 10
1669.9195609218918
 20
745.8236188452644
 10
1669.1342574968198
 20
744.320133370356
 10
1668.5634050579256
 20
741.5859267929376
 10
1667.377017891461
 20
739.1945093916871
 10
1667.0496121168567
 20
737.2927691862628
 10
1667.9346141902345
 20
733.876896296281
 10
1669.8235310433988
 20
730.5919563737109
 10
1672.455621
 20
728.009514
 10
1674.9532440676744
 20
727.2788227586184
 10
1677.2680713464522
 20
728.2597204372487
 10
1678.98781923123
 20
730.4947606449131
 10
1680.586031
 20
734.231755
 10
1681.0
 20
737.247008
 10
1680.4633444731053
 20
740.4511158774136
 10
1679.142649206525
 20
744.1353253558574
 10
1677.4051023032287
 20
747.1865171511707
  0
LWPOLYLINE
  5
145
330
17
100
AcDbEntity
  8
0
100
AcDbPolyline
 90
22
 70
1
 10
1374.587508
 20
745.25
 10
1371.2721729231425
 20
749.3187424128149
 10
1368.4201261069993
 20
751.7385053468859
 10
1365.658683
 20
751.726235
 10
1363.5239622652064
 20
750.8540639581231
 10
1359.286945
 20
739.814926
 10
1357.922311485427
 20
732.3891938416094
 10
1358.159051471425
 20
727.1864424458191
 10
1359.1399900437884
 20
724.3538167769644
 10
1360.201114
 20
722.603747
 10
1362.9704534789657
 20
719.1570844378595
 10
1367.0659097260168
 20
715.0272500228895
 10
1369.6449292813002
 20
713.0856514756
 10
1371.9530700944467
 20
712.3386278140556
 10
1373.875175
 20
712.4662759999999
 10
1375.9026779928727
 20
713.2835303758276
 10
1379.004322
 20
715.955017
 10
1381.6723848737108
 20
720.468126987065
 10
1382.740362
 20
724.783676
 10
1382.6262504913695
 20
729.3079059791307
 10
1381.2239027082726
 20
734.2281779740754
 10
1378.49137966906
 20
739.4858651286396
  0
LWPOLYLINE
  5
146
330
17
100
AcDbEntity
  8
0
100
AcDbPolyline
 90
26
 70
1
 10
1461.764016
 20
721.3283829999999
 10
1463.55575008572
 20
721.22052289216
 10
1465.277424
 20
721.728247
 10
1467.773202683681
 20
723.5565375995228
 10
1469.256935492384
 20
725.5391101631071
 10
1470.4372219718964
 20
728.1557024457327
 10
1470.9914062302125
 20
730.9606737450899
 10
1470.8728686468326
 20
733.7869696892425
 10
1470.0008910967995
 20
736.8565129497374
 10
1468.4645826158974
 20
740.0423879624691
 10
1466.0625242433891
 20
743.4728677375657
 10
1457.3555591325635
 20
753.0472619711604
 10
1453.2476475334229
 20
755.7949797839909
 10
1451.4767379397556
 20
755.9855698993276
 10
1449.733962883923
 20
755.6536445384239
 10
1448.4911921217836
 20
754.906418445261
 10
1448.108553
 20
754.190899
 10
1448.4244593797457
 20
752.2212664281365
 10
1446.832415839782
 20
747.00248133039
 10
1446.44502
 20
744.283525
 10
1446.6335783918735
 20
739.9449692892977
 10
1447.72822655912
 20
735.6625062014399
 10
1449.6691808504181
 20
731.6639241546931
 10
1452.370408
 20
728.169795
 10
1457.605575
 20
723.3628969999997
 10
1459.571705004796
 20
722.1144888985739
  0
LWPOLYLINE
  5
147
330
17
100
AcDbEntity
  8
0
100
AcDbPolyline
 90
21
 70
1
 10
1864.734388
 20
731.2304439999999
 10
1866.2941708598319
 20
731.8917598796706
 10
1867.6018139329956
 20
734.1095980533447
 10
1867.982870325306
 20
738.382720350172
 10
1867.8434042805006
 20
743.7960214115801
 10
1866.651006
 20
747.211946
 10
1862.5236802852257
 20
751.6945461768262
 10
1853.229474741792
 20
757.295819901172
 10
1841.2075866073894
 20
762.0888284545711
 10
1835.27984
 20
763.792986
 10
1831.1316885328702
 20
764.4828605079216
 10
1828.247400286124
 20
764.362478230937
 10
1826.4739043377415
 20
763.368004794781
 10
1826.1398666357898
 20
762.3464409349964
 10
1826.6733220083952
 20
760.771070455233
 10
1830.368930545343
 20
754.7442685251546
 10
1837.185275
 20
745.667959
 10
1841.8135750187155
 20
741.0355971556143
 10
1848.0537903355598
 20
736.8059205392309
 10
1855.2405411002685
 20
733.2131815017974
 10
1860.1934270501297
 20
731.5515096835917
  0
LWPOLYLINE
  5
148
330
17
100
AcDbEntity
  8
0
100
AcDbPolyline
 90
2
 70
1
 10
320.088298
 20
684.516957
 10
320.0882979999999
 20
684.516957
  0
LWPOLYLINE
  5
149
330
17
100
AcDbEntity
  8
0
100
AcDbPolyline
 90
17
 70
1
 10
1427.340855
 20
744.193835
 10
1428.5755203328329
 20
746.2507379378596
 10
1428.2231504319361
 20
750.7127476120722
 10
1426.8070023851305
 20
754.7027040810747
 10
1423.811035
 20
759.3061339999999
 10
1419.6037667221913
 20
763.6240965538062
 10
1413.95074384792
 20
767.6243696044969
 10
1410.423442309994
 20
769.518634433887
 10
1408.913816075732
 20
769.6356186785589
 10
1407.5871993953328
 20
769.1527368048743
 10
1406.711238
 20
767.491401
 10
1407.307131847433
 20
760.985206816853
 10
1409.015824959921
 20
755.3307456264179
 10
1411.729126155777
 20
750.9522226288693
 10
1415.768932353418
 20
747.3852568248319
 10
1420.8121575605326
 20
744.4918958989991
 10
1425.1094078991168
 20
743.3437340135653
  0
LWPOLYLINE
  5
14A
330
17
100
AcDbEntity
  8
0
100
AcDbPolyline
 90
18
 70
1
 10
1783.596028
 20
771.234687
 10
1782.235655
 20
771.802389
 10
1781.008978
 20
771.655727
 10
1777.095164
 20
768.1889059999999
 10
1772.5065687783576
 20
762.1990567179375
 10
1769.554305
 20
755.9258309999998
 10
1769.0
 20
752.511255
 10
1769.645744
 20
749.645154
 10
1772.1979199036055
 20
745.7099615363563
 10
1775.152705360264
 20
743.2071982380904
 10
1776.324485
 20
743.0
 10
1777.7844652013287
 20
743.3291800687037
 10
1781.03558
 20
745.7312019999999
 10
1784.635976552596
 20
749.572051144035
 10
1786.181813818352
 20
752.9527937577468
 10
1786.526691497792
 20
758.574054975968
 10
1785.945527077892
 20
765.300346332866
 10
1785.130264939815
 20
769.3701735145293
  0
LWPOLYLINE
  5
14B
330
17
100
AcDbEntity
  8
0
100
AcDbPolyline
 90
81
 70
1
 10
693.4787150000029
 20
751.3562999999976
 10
706.7518158792471
 20
742.2215173787688
 10
713.4896285874293
 20
737.0599003413907
 10
721.9772912823969
 20
729.2494598845198
 10
723.9029506946313
 20
727.1425411150076
 10
725.615978
 20
724.396837
 10
726.409012716669
 20
721.8008793354724
 10
726.4416664152723
 20
720.2776036246859
 10
725.8312726589547
 20
719.2378429214774
 10
724.407312964904
 20
718.4925719047387
 10
721.5035359999999
 20
717.898757
 10
701.3908589999999
 20
717.2723179999999
 10
700.0925186790769
 20
716.7845996898814
 10
699.302632
 20
715.6445839999999
 10
699.4610545483023
 20
713.453358556227
 10
701.7675322989505
 20
710.5890800652173
 10
712.5458559999998
 20
698.664417
 10
717.1602911235759
 20
694.7084398354095
 10
723.6368477541175
 20
691.6751242502045
 10
734.5203686872097
 20
688.7065277565746
 10
739.057661
 20
686.8222879999998
 10
762.28283317634
 20
684.2579858261156
 10
763.703599
 20
685.249367
 10
763.9893844462418
 20
687.0067906517395
 10
757.822122013646
 20
698.124603076324
 10
756.397899
 20
701.8347969999999
 10
760.8371443259792
 20
702.6215208184165
 10
771.8617009999999
 20
702.9324629999999
 10
778.6990678593206
 20
696.2092055197535
 10
786.3970529098963
 20
686.0652364199109
 10
790.9178019999999
 20
681.632205
 10
793.4357377217582
 20
680.6303021992373
 10
800.46385
 20
674.710125
 10
802.104871
 20
674.1763039999998
 10
807.2333851524255
 20
673.639694153194
 10
808.1688335507541
 20
673.3210377405887
 10
809.3836783059219
 20
672.2143645551187
 10
810.6425950943375
 20
671.994129565375
 10
812.5241659618539
 20
672.6278262619139
 10
814.3012506114638
 20
674.2150538802559
 10
815.6369122076999
 20
676.314540427525
 10
816.5515002196336
 20
679.0487633181714
 10
816.3206571432045
 20
689.5596209212383
 10
814.8926895938116
 20
700.2012177570418
 10
812.1806730000001
 20
709.23595
 10
808.609419
 20
717.4736730000001
 10
807.2757965867797
 20
718.3228732317195
 10
806.7774374452752
 20
720.508887307825
 10
806.143265
 20
721.464683
 10
800.6468630805001
 20
726.1162912617499
 10
795.9587154496031
 20
728.7066352169206
 10
791.689769
 20
729.52611
 10
786.1723416405081
 20
729.213817179217
 10
783.8706629050814
 20
728.663046639314
 10
781.0519914737417
 20
727.1990927811534
 10
778.9681420249298
 20
727.306513749914
 10
776.3670082341248
 20
728.7273365846468
 10
775.790518
 20
730.6054019999999
 10
774.15368
 20
732.528948
 10
770.1470465831385
 20
734.5737227831502
 10
768.7294231732373
 20
734.414303159053
 10
763.459934896805
 20
732.2921681122682
 10
760.67113758282
 20
731.6830959319959
 10
760.1693669999999
 20
734.895412
 10
759.5735599999999
 20
750.12369
 10
759.0004873544773
 20
751.6183588661883
 10
757.4099537483922
 20
753.8612078625017
 10
753.9147023560362
 20
757.1856104147247
 10
746.505668
 20
761.318622
 10
738.0457759999999
 20
764.631476
 10
718.6030869999998
 20
770.487311
 10
698.9156820248425
 20
775.3795211787069
 10
693.2849200715991
 20
776.0837852071651
 10
676.7854899999999
 20
776.9153719999999
 10
673.976643057212
 20
776.2491544098294
 10
673.1388338733774
 20
774.7875173954051
 10
673.4006748021814
 20
772.1551149722534
 10
675.3974085779121
 20
769.9522797661881
 10
678.514563
 20
764.196807
 10
680.2950212350763
 20
761.6987640683695
 10
684.288853
 20
757.881746
  0
LWPOLYLINE
  5
14C
330
17
100
AcDbEntity
  8
0
100
AcDbPolyline
 90
17
 70
1
 10
1481.994412
 20
757.080514
 10
1483.9488631031074
 20
757.8733004341893
 10
1485.12057046481
 20
760.177594824824
 10
1485.575964988
 20
763.05454988925
 10
1484.978272602798
 20
766.8077278447051
 10
1483.055281906494
 20
772.0231419333566
 10
1480.9382312801733
 20
775.4711129009404
 10
1479.128554674317
 20
777.1706520870679
 10
1477.716685
 20
777.7284469999998
 10
1476.5124604124362
 20
777.6519718181869
 10
1475.0505321937997
 20
776.1771425233062
 10
1474.281385
 20
773.6080789999999
 10
1474.385094
 20
768.3805389999999
 10
1475.3563766024206
 20
762.9449632696432
 10
1476.260349
 20
760.538856
 10
1477.751409
 20
758.447592
 10
1479.669203
 20
757.368177
  0
LWPOLYLINE
  5
14D
330
17
100
AcDbEntity
  8
0
100
AcDbPolyline
 90
63
 70
1
 10
431.1178899999998
 20
758.4786439999998
 10
429.6914432737999
 20
756.9881371047258
 10
425.1077071735716
 20
752.3118080937364
 10
424.093242
 20
752.0
 10
423.014796
 20
752.404735
 10
422.49874881900274
 20
753.1449701363775
 10
422.35361655312204
 20
754.6640428282925
 10
423.6778567929016
 20
759.167401854645
 10
423.4831590837486
 20
761.0831147188321
 10
422.3394342477945
 20
761.7685589066294
 10
421.418929
 20
761.746325
 10
414.98169967104985
 20
759.6031211858731
 10
413.528317
 20
759.9977269999999
 10
412.790992862832
 20
760.6776950480299
 10
412.2064260131643
 20
762.327239562893
 10
411.5703759999999
 20
768.3916759999998
 10
409.7941453081264
 20
774.1473637394658
 10
407.166245134705
 20
779.655567020664
 10
403.81619822938313
 20
784.2306737448741
 10
401.7880351468384
 20
785.9145940655328
 10
398.89213047481496
 20
786.4194273681474
 10
396.6453469506093
 20
785.4842012809379
 10
393.77573103120943
 20
783.2196489082645
 10
392.2584366653615
 20
780.23605147711
 10
392.184177596403
 20
777.1713374047525
 10
395.4125
 20
766.101473
 10
396.62649840793927
 20
755.948651237893
 10
399.672868
 20
749.1412190000001
 10
402.9270131079505
 20
740.0940489154885
 10
410.277313
 20
727.6099269999999
 10
404.64333614512003
 20
722.69956569028
 10
403.1129843753209
 20
720.8493277108203
 10
403.0566986163739
 20
720.031434661807
 10
407.7394536495877
 20
714.3703918480825
 10
413.2650667994874
 20
709.3643175413112
 10
416.06392801088475
 20
707.8743127341656
 10
420.11445110189226
 20
706.4662275668155
 10
426.59535599999987
 20
704.737862
 10
429.0445758391031
 20
704.4589040357376
 10
431.1118549592725
 20
704.707879189935
 10
432.88015455523924
 20
705.5868745989449
 10
434.494562
 20
706.993991
 10
435.65108733332954
 20
709.069926315995
 10
435.884377
 20
714.3377309999998
 10
434.889129
 20
719.0875759999999
 10
433.5406323917369
 20
721.9827313903398
 10
430.5111209999999
 20
726.1525179999999
 10
434.84485153115725
 20
729.8616289523845
 10
437.68720676226746
 20
733.499599264936
 10
445.0690289999999
 20
747.60139
 10
447.92849003339245
 20
757.715065568446
 10
447.7241817543646
 20
760.9409278017376
 10
446.0500809999999
 20
764.200232
 10
447.6497389999999
 20
768.352008
 10
447.8585003438104
 20
774.6695092307181
 10
447.24850070820344
 20
777.4719887921879
 10
446.1296985658822
 20
779.1100060380443
 10
444.133576
 20
779.940508
 10
442.2718173977845
 20
779.3515726861622
 10
441.41749068330193
 20
777.8054155924958
 10
440.8644559999999
 20
772.26419
 10
439.6056155751799
 20
768.4814921217651
 10
437.162799769085
 20
765.0867583912857
  0
LWPOLYLINE
  5
14E
330
17
100
AcDbEntity
  8
0
100
AcDbPolyline
 90
28
 70
1
 10
1647.012128
 20
801.7759979999998
 10
1646.0206120625026
 20
801.4307576563313
 10
1645.424275
 20
800.5666529999999
 10
1645.3395020564485
 20
799.343055394893
 10
1645.781833
 20
798.199062
 10
1649.656141
 20
792.7920920000001
 10
1655.4257816016836
 20
785.8585160939659
 10
1659.2824833427508
 20
781.8064135596633
 10
1665.154388
 20
776.740657
 10
1671.406103944267
 20
772.5689623463436
 10
1676.069159135365
 20
770.1104502673205
 10
1686.912962412655
 20
765.8265876345608
 10
1692.0917577596224
 20
764.9113675186053
 10
1697.724386
 20
764.6150759999999
 10
1702.8921682568898
 20
764.9397525988718
 10
1706.8776724654135
 20
765.8212030724725
 10
1709.5520230552108
 20
767.4311098180447
 10
1711.4346956471009
 20
769.6319858649226
 10
1711.88327
 20
771.4098799999999
 10
1711.544860500567
 20
773.486991398782
 10
1709.7323595188855
 20
776.7944174373888
 10
1707.6086538938596
 20
779.6168262677903
 10
1702.238848999999
 20
784.8679900000001
 10
1697.7603645936874
 20
788.0733640185175
 10
1692.977344
 20
790.803558
 10
1684.0961900122927
 20
794.5959282793142
 10
1669.7932548521705
 20
798.6001159261423
 10
1655.182998
 20
801.210741
  0
LWPOLYLINE
  5
14F
330
17
100
AcDbEntity
  8
0
100
AcDbPolyline
 90
97
 70
1
 10
1066.200089000002
 20
806.8645460000007
 10
1044.958344
 20
800.885065
 10
1026.7436274794984
 20
794.5245200696169
 10
1021.037445
 20
792.3665399999999
 10
1020.2844126987711
 20
791.773825190885
 10
1019.6688939664111
 20
790.3105861373965
 10
1016.8856460169777
 20
789.5919298651511
 10
1014.1555304479094
 20
787.4421686876524
 10
1010.1186191092164
 20
782.6913477439549
 10
1008.729603
 20
780.121628
 10
1007.5307259201205
 20
776.6106250064381
 10
1007.1185767377127
 20
771.952426618381
 10
1007.83088
 20
756.3682509999999
 10
1007.613721503506
 20
754.9621505530979
 10
1006.5003955648452
 20
753.3286547454693
 10
1005.4252312268901
 20
753.0397445382496
 10
1003.5978669999038
 20
753.6713989187309
 10
994.94789
 20
758.153186
 10
987.0688677175816
 20
753.9253659709084
 10
985.8416960000001
 20
752.3585789999998
 10
984.4046431106827
 20
748.346839706303
 10
983.2712207991956
 20
747.2885612065663
 10
979.1793410049338
 20
747.936901491162
 10
970.8579181655999
 20
750.0775456179399
 10
966.5868019999999
 20
750.630341
 10
962.8058411375649
 20
750.599312439176
 10
957.3153059622504
 20
749.4184639899779
 10
952.385188
 20
746.9495440000001
 10
947.7144681597251
 20
743.1118445431296
 10
944.1050861184001
 20
738.9039792412999
 10
940.327199567709
 20
732.974136210196
 10
936.5678169518491
 20
723.961070649774
 10
932.9934859999998
 20
711.0
 10
931.3801789999999
 20
702.537723
 10
930.3706720000001
 20
692.895253
 10
930.1970302570588
 20
682.095346792533
 10
934.145331
 20
673.899807
 10
936.191301
 20
671.680236
 10
937.2037010250544
 20
671.34122150133
 10
938.249441
 20
671.5564249999999
 10
944.1113192477501
 20
675.7626758050162
 10
948.259488
 20
674.276497
 10
950.782182771101
 20
674.6644996418171
 10
960.8482859999998
 20
683.2225329999999
 10
969.710129842468
 20
688.5875706887824
 10
972.385440697324
 20
691.5611252039199
 10
976.6148147969452
 20
698.6456910085799
 10
980.1116466468895
 20
703.1568094320787
 10
991.6547449999999
 20
714.8544209999999
 10
1008.040021868564
 20
714.4563765473439
 10
1014.003109
 20
714.027098
 10
1014.6432880919857
 20
713.6698246361381
 10
1014.1103517236953
 20
711.6858726128448
 10
1009.6852543994147
 20
704.3463557796662
 10
1003.2407417403222
 20
691.8955806591407
 10
1003.0
 20
690.530205
 10
1003.3206507212873
 20
689.5534494371362
 10
1004.213164426493
 20
688.872336433727
 10
1005.5833349682957
 20
688.613120509988
 10
1017.280989
 20
690.5717119999999
 10
1028.424933
 20
691.16343
 10
1033.481117987304
 20
691.8345702306
 10
1043.501720966086
 20
694.8837443076442
 10
1050.1446741013804
 20
696.4215799072986
 10
1058.5
 20
699.533269
 10
1067.420770179582
 20
701.856086511526
 10
1069.894308981203
 20
703.6766543329468
 10
1074.042726
 20
710.0521549999999
 10
1077.708366
 20
713.4323209999999
 10
1082.1240770213522
 20
718.3155789952506
 10
1091.044705
 20
730.0825920000001
 10
1091.1607330832915
 20
732.0418851861438
 10
1090.0298091678908
 20
733.1175107456274
 10
1088.4146202526706
 20
733.7549022702011
 10
1062.9554867401607
 20
734.144978483473
 10
1054.494681075505
 20
734.9636441414671
 10
1052.8586142909073
 20
736.282495429789
 10
1052.03624749158
 20
738.4838480467345
 10
1052.3419954678084
 20
739.8168564375246
 10
1053.7741621907498
 20
741.6634338438952
 10
1054.300757869365
 20
744.6337227266349
 10
1055.164586
 20
746.0774159999999
 10
1060.543585
 20
751.762915
 10
1072.636843904841
 20
762.210746686492
 10
1099.121089
 20
781.720435
 10
1116.240222
 20
792.843081
 10
1117.557641
 20
794.447464
 10
1118.5875
 20
797.9748099999999
 10
1121.2645992995945
 20
802.3279427880959
 10
1122.4323321388858
 20
806.183384417382
 10
1126.4852966365495
 20
810.2202656328562
 10
1126.8291366812
 20
812.1271800257999
 10
1125.4645486830043
 20
813.7246704824076
 10
1123.748139
 20
814.367592
 10
1113.6491667801104
 20
814.9037136173635
 10
1102.612288
 20
814.532211
 10
1087.6114825434452
 20
812.3180434544882
  0
LWPOLYLINE
  5
150
330
17
100
AcDbEntity
  8
0
100
AcDbPolyline
 90
27
 70
1
 10
1728.162137
 20
815.8781910000001
 10
1726.3063047152036
 20
814.8203349131084
 10
1725.2821602847698
 20
812.804025491229
 10
1723.668871
 20
808.5
 10
1721.9031961234439
 20
801.5093368001516
 10
1721.252998402716
 20
795.2923177615479
 10
1721.605199
 20
791.455645
 10
1722.5105578687994
 20
788.0587185310001
 10
1724.010298999999
 20
784.879165
 10
1726.1787623411565
 20
781.7112987996449
 10
1728.764589
 20
778.873851
 10
1733.4526677862295
 20
774.7165622093485
 10
1736.0619655690457
 20
772.7318535238047
 10
1738.2185224125333
 20
771.7497373229623
 10
1740.3083118279617
 20
771.3648355602855
 10
1742.1320566338482
 20
771.7082353109195
 10
1745.8319830306432
 20
774.4858909432052
 10
1748.0848362801482
 20
777.4408466028827
 10
1749.3679607823055
 20
779.9935026426407
 10
1750.0263988372405
 20
782.943410573404
 10
1750.2734394933611
 20
787.3528059070766
 10
1750.154571
 20
791.457045
 10
1749.640113
 20
793.745595
 10
1745.6611187218239
 20
800.6331649522439
 10
1739.324336
 20
807.993416
 10
1731.148828
 20
815.1247549999999
 10
1729.731822142392
 20
815.804090505502
  0
LWPOLYLINE
  5
151
330
17
100
AcDbEntity
  8
0
100
AcDbPolyline
 90
19
 70
1
 10
1801.833874
 20
788.5587410000002
 10
1803.098245264162
 20
789.3257490094793
 10
1804.477804909098
 20
791.1600506661803
 10
1805.2791409088823
 20
793.0574149014541
 10
1805.8120443489056
 20
795.9090914019503
 10
1805.2897878995361
 20
800.3860638620399
 10
1803.1992976947113
 20
804.8332949014396
 10
1799.636379
 20
809.119793
 10
1792.379835
 20
814.8717980000001
 10
1786.531918
 20
817.799113
 10
1783.8158407665155
 20
817.6882899483115
 10
1783.059575
 20
815.830058
 10
1783.2563755374974
 20
809.0016392214895
 10
1784.5963316590155
 20
803.8368238896901
 10
1787.001526
 20
798.990608
 10
1790.394437822115
 20
794.6445220654613
 10
1794.6114730367556
 20
791.026402856486
 10
1798.8320203729481
 20
788.6442335281321
 10
1800.4150649226349
 20
788.3248899533851
  0
LWPOLYLINE
  5
152
330
17
100
AcDbEntity
  8
0
100
AcDbPolyline
 90
84
 70
1
 10
582.1416389999996
 20
757.2608980000003
 10
578.811629
 20
765.386864
 10
578.619345
 20
766.7658509999999
 10
579.055125
 20
767.534069
 10
580.358853
 20
767.864617
 10
587.5962583994959
 20
767.299184462051
 10
591.612929983492
 20
766.7449979826561
 10
594.2850620320376
 20
765.8785884795105
 10
596.640466054082
 20
763.18389177193
 10
599.524874751846
 20
758.8951291388499
 10
605.0001142398547
 20
748.1520507311909
 10
611.4878509999998
 20
740.3902480000003
 10
618.1968469894118
 20
733.6635681863797
 10
622.461608
 20
732.361626
 10
627.1497353477473
 20
729.3652514233413
 10
628.4968112350138
 20
729.3189938440955
 10
631.918707
 20
732.5295439999999
 10
633.848522592
 20
735.9546781202879
 10
636.0409246377956
 20
743.6035000106631
 10
636.884237
 20
749.652297
 10
637.050245273671
 20
756.7153744905966
 10
636.3091124241723
 20
765.7614460946404
 10
635.6104811819583
 20
769.5951474940953
 10
633.4632695400803
 20
775.2290822010236
 10
632.815706758644
 20
778.575124636373
 10
632.282142
 20
779.580859
 10
629.498865
 20
782.8309759999999
 10
626.0508839999999
 20
785.985635
 10
620.9305780976505
 20
788.9496563841572
 10
616.3238581457292
 20
789.7897751650837
 10
604.9907820000001
 20
788.796091
 10
603.5479750117097
 20
794.089307534601
 10
602.6563398116745
 20
795.2565279839107
 10
600.887996
 20
796.48527
 10
597.744357
 20
797.147725
 10
591.3700112104204
 20
796.1328537279497
 10
589.420832
 20
796.2458349999999
 10
589.6122592795955
 20
798.9124472363834
 10
592.3019126435436
 20
809.6970736231856
 10
592.477359
 20
813.331011
 10
592.0502533528802
 20
816.3025838443446
 10
591.4426744851385
 20
818.102705553419
 10
589.998015
 20
820.3622799999999
 10
586.25324095883
 20
824.0342819765805
 10
581.9854740000001
 20
827.08274
 10
561.8867759095731
 20
838.0307881005851
 10
548.4623669999999
 20
844.1440830000001
 10
540.30936809011
 20
847.336509190545
 10
532.0
 20
850.096469
 10
525.1650599999999
 20
851.843864
 10
517.3590863996487
 20
852.9422365772574
 10
512.32074850855
 20
852.8130186402
 10
511.54244499999993
 20
852.068678
 10
511.395165
 20
851.0590269999999
 10
512.774845373791
 20
846.9052263704721
 10
515.3885138688936
 20
841.1388250258516
 10
516.128648
 20
836.5179099999998
 10
516.637608587049
 20
835.4340925094568
 10
521.3202259999998
 20
832.4204669999998
 10
546.7355799999999
 20
805.4852139999999
 10
551.101425
 20
799.5
 10
554.013366
 20
793.365421
 10
554.223624945795
 20
791.6437969081239
 10
553.607694
 20
790.0224309999999
 10
552.304401645428
 20
788.8669174335889
 10
550.614715
 20
788.444139
 10
543.0359654327949
 20
789.0614724662244
 10
529.97667
 20
791.7972429999999
 10
526.8613086106178
 20
791.3484279435338
 10
525.3700814959982
 20
790.0009375038536
 10
525.006948254886
 20
788.3527815694267
 10
525.5463177509724
 20
786.333211016985
 10
527.7396675714756
 20
783.5407033106444
 10
528.887054
 20
780.7643019999999
 10
533.256365182756
 20
773.7058516020322
 10
536.4782847151524
 20
767.6081071969724
 10
539.0560041678009
 20
765.198130970755
 10
558.6649440321495
 20
755.97611102417
 10
565.0744154294905
 20
753.6672016880831
 10
579.428342495695
 20
749.3597891403188
 10
582.1226889999999
 20
749.314015
 10
583.1861842415959
 20
749.8433049283387
 10
583.8645293442255
 20
750.7507502271735
 10
583.888693
 20
752.3322639999999
  0
LWPOLYLINE
  5
153
330
17
100
AcDbEntity
  8
0
100
AcDbPolyline
 90
31
 70
1
 10
1852.311014999999
 20
854.1788929999999
 10
1849.6319930005568
 20
853.6254464514724
 10
1845.5223844739
 20
849.940364382028
 10
1838.631185943832
 20
842.6661825247519
 10
1832.35268436715
 20
834.8886933720274
 10
1828.7678231971918
 20
829.3249764743798
 10
1826.011352
 20
823.8319370000002
 10
1823.9392268871861
 20
818.1928190949013
 10
1822.659753
 20
812.916921
 10
1822.635573497791
 20
809.3255708599329
 10
1823.7174451895664
 20
804.9695553611504
 10
1825.66200407254
 20
799.362965798693
 10
1827.6834144608501
 20
795.32062494148
 10
1830.0933437150325
 20
791.9199442258027
 10
1832.801178
 20
789.248039
 10
1835.6245766449463
 20
787.4898713539188
 10
1839.60358587426
 20
786.2376176369027
 10
1842.036867590277
 20
786.5732254904412
 10
1845.278865
 20
788.3175379999999
 10
1850.937215923361
 20
792.054792770349
 10
1854.548528519558
 20
795.092690002112
 10
1858.890994464565
 20
800.4983365681518
 10
1863.348457
 20
807.026271
 10
1864.2453992198677
 20
810.3513832463749
 10
1865.939327586939
 20
813.2221500426123
 10
1866.106764141915
 20
823.7192699846149
 10
1865.7741850236564
 20
828.1836748267438
 10
1865.00486
 20
831.5224049999999
 10
1860.6378225637966
 20
841.8783782582243
 10
1856.313908844101
 20
850.4461520176746
 10
1854.6835817024892
 20
853.0141771183787
  0
LWPOLYLINE
  5
154
330
17
100
AcDbEntity
  8
0
100
AcDbPolyline
 90
91
 70
1
 10
300.899213
 20
784.22746
 10
298.3045418754461
 20
778.9946978749904
 10
298.053112058415
 20
777.6988171746654
 10
300.80440478453795
 20
775.6484596508678
 10
304.727505
 20
774.154986
 10
309.33944
 20
776.652092
 10
317.1761658455432
 20
776.3236628535577
 10
319.639342
 20
778.582995
 10
326.27116817150403
 20
779.7302226933019
 10
336.52022994830196
 20
783.6778834345524
 10
337.4840462043987
 20
784.7810244682479
 10
338.424919
 20
788.1148
 10
339.066257
 20
789.044275
 10
340.131155
 20
789.6123939999999
 10
344.1629109953178
 20
790.4854901267282
 10
345.1415863789331
 20
791.1608738806333
 10
347.07585800000004
 20
796.0595389999999
 10
351.558413140779
 20
799.737671541865
 10
352.330532
 20
803.340153
 10
353.6419287592104
 20
805.8267760788474
 10
355.38533705905667
 20
807.4898682198987
 10
359.002634
 20
809.826398
 10
359.856684
 20
811.194949
 10
359.80382727245444
 20
812.2808468376984
 10
359.086492131577
 20
813.4045750761528
 10
358.12216287853545
 20
814.2877181060683
 10
356.64428471463293
 20
814.80273364568
 10
352.7112484433453
 20
815.2271649698538
 10
337.9075279999999
 20
815.5571509999999
 10
337.4245340787854
 20
816.1904886212654
 10
337.488077
 20
816.984442
 10
342.823574
 20
826.1339109999999
 10
345.0
 20
827.8635469999999
 10
349.85027550320757
 20
829.4994584237377
 10
356.08201123491557
 20
830.6822488004844
 10
366.87050944115254
 20
831.4829901773272
 10
370.451168
 20
832.5450189999999
 10
375.09915269092
 20
834.5847895768578
 10
380.702141
 20
836.8558140000001
 10
384.16416795300734
 20
837.5599666994513
 10
387.4725370000001
 20
839.7272859999999
 10
388.5788094347654
 20
842.3342596472654
 10
391.721861282485
 20
844.68816140576
 10
392.7198250667376
 20
846.6455101644989
 10
392.34541800000005
 20
848.7177689999999
 10
390.35377082762625
 20
851.1469769088022
 10
387.072658787623
 20
853.263315575252
 10
382.08766609941597
 20
855.4801031905281
 10
368.3343049999999
 20
859.9041589999997
 10
354.35529615297116
 20
862.8068890031929
 10
344.38725881706824
 20
863.5061889047199
 10
339.9748533115905
 20
863.2753090874273
 10
334.057712
 20
862.2381220000001
 10
331.13013485287496
 20
861.177655944365
 10
327.73502076714016
 20
858.9487896321452
 10
325.0574605491831
 20
856.0223043538134
 10
322.23343791721805
 20
851.4684589288114
 10
321.2304013965272
 20
849.1068978786242
 10
321.5138887050286
 20
846.2299841320338
 10
320.77063099190997
 20
844.6000432405839
 10
318.726254
 20
843.3429980000001
 10
313.914941
 20
843.2995719999999
 10
311.367862
 20
841.8468869999999
 10
309.615296
 20
839.2244099999999
 10
308.57429000000013
 20
833.1101359999999
 10
307.7205256338097
 20
832.2262607032253
 10
305.3412765946959
 20
832.4403648614439
 10
293.75787074401
 20
837.6029405956081
 10
287.4031763977334
 20
839.2962845797201
 10
282.080065
 20
838.8886779999999
 10
278.03962208980954
 20
837.4034275100399
 10
274.3177450000001
 20
835.240379
 10
265.018903514499
 20
828.3260099891168
 10
256.2959808092553
 20
821.0351873423183
 10
236.34276500000004
 20
801.404154
 10
231.281783
 20
795.435921
 10
228.28077730231274
 20
790.8655269755692
 10
225.27090000000004
 20
784.395111
 10
225.40020255946447
 20
782.4803832082173
 10
226.913272048222
 20
781.764438985735
 10
230.80067799999998
 20
781.3118409999998
 10
241.50921900000006
 20
781.2071839999999
 10
245.62715932984636
 20
781.6863130122688
 10
267.650043
 20
790.8904759999999
 10
284.6498045078104
 20
797.3094390951442
 10
293.435885
 20
799.98857
 10
300.2003306090358
 20
800.9166948639047
 10
305.149295680999
 20
800.3414685311765
 10
306.8739544699768
 20
799.2837337460944
 10
307.79428290897596
 20
797.6748713366019
 10
306.9626997837845
 20
795.3218103931919
  0
LWPOLYLINE
  5
155
330
17
100
AcDbEntity
  8
0
100
AcDbPolyline
 90
4
 70
1
 10
0.0
 20
0.0
 10
1900.0
 20
0.0
 10
1900.0
 20
900.0
 10
0.0
 20
900.0
  0
ENDSEC
  0
SECTION
  2
OBJECTS
  0
DICTIONARY
  5
A
330
0
100
AcDbDictionary
281
1
  3
ACAD_COLOR
350
B
  3
ACAD_GROUP
350
C
  3
ACAD_LAYOUT
350
D
  3
ACAD_MATERIAL
350
E
  3
ACAD_MLEADERSTYLE
350
F
  3
ACAD_MLINESTYLE
350
10
  3
ACAD_PLOTSETTINGS
350
11
  3
ACAD_PLOTSTYLENAME
350
12
  3
ACAD_SCALELIST
350
14
  3
ACAD_TABLESTYLE
350
15
  3
ACAD_VISUALSTYLE
350
16
  3
EZDXF_META
350
2D
  0
DICTIONARY
  5
B
330
A
100
AcDbDictionary
281
1
  0
DICTIONARY
  5
C
330
A
100
AcDbDictionary
281
1
  0
DICTIONARY
  5
D
330
A
100
AcDbDictionary
281
1
  3
Model
350
1A
  3
Layout1
350
1E
  0
DICTIONARY
  5
E
330
A
100
AcDbDictionary
281
1
  3
ByBlock
350
1F
  3
ByLayer
350
20
  3
Global
350
21
  0
DICTIONARY
  5
F
330
A
100
AcDbDictionary
281
1
  3
Standard
350
2C
  0
DICTIONARY
  5
10
330
A
100
AcDbDictionary
281
1
  3
Standard
350
22
  0
DICTIONARY
  5
11
330
A
100
AcDbDictionary
281
1
  0
ACDBDICTIONARYWDFLT
  5
12
330
A
100
AcDbDictionary
281
1
  3
Normal
350
13
100
AcDbDictionaryWithDefault
340
13
  0
ACDBPLACEHOLDER
  5
13
330
12
  0
DICTIONARY
  5
14
330
A
100
AcDbDictionary
281
1
  0
DICTIONARY
  5
15
330
A
100
AcDbDictionary
281
1
  0
DICTIONARY
  5
16
330
A
100
AcDbDictionary
281
1
  3
2dWireframe
350
5A
  3
Basic
350
5B
  3
Brighten
350
5C
  3
ColorChange
350
5D
  3
Conceptual
350
5E
  3
Dim
350
5F
  3
EdgeColorOff
350
60
  3
Facepattern
350
61
  3
Flat
350
62
  3
FlatWithEdges
350
63
  3
Gouraud
350
64
  3
GouraudWithEdges
350
65
  3
Hidden
350
66
  3
JitterOff
350
67
  3
Linepattern
350
68
  3
Modeling
350
69
  3
OverhangOff
350
6A
  3
Realistic
350
6B
  3
Shaded
350
6C
  3
Shaded with edges
350
6D
  3
Shades of Gray
350
6E
  3
Sketchy
350
6F
  3
Thicken
350
70
  3
Wireframe
350
71
  3
X-Ray
350
72
  0
LAYOUT
  5
1A
330
D
100
AcDbPlotSettings
  1

  4
A3
  6

 40
7.5
 41
20.0
 42
7.5
 43
20.0
 44
420.0
 45
297.0
 46
0.0
 47
0.0
 48
0.0
 49
0.0
140
0.0
141
0.0
142
1.0
143
1.0
 70
1024
 72
1
 73
0
 74
5
  7

 75
16
 76
0
 77
2
 78
300
147
1.0
148
0.0
149
0.0
100
AcDbLayout
  1
Model
 70
1
 71
0
 10
0.0
 20
0.0
 11
420.0
 21
297.0
 12
0.0
 22
0.0
 32
0.0
 14
1e+20
 24
1e+20
 34
1e+20
 15
-1e+20
 25
-1e+20
 35
-1e+20
146
0.0
 13
0.0
 23
0.0
 33
0.0
 16
1.0
 26
0.0
 36
0.0
 17
0.0
 27
1.0
 37
0.0
 76
1
330
17
  0
LAYOUT
  5
1E
330
D
100
AcDbPlotSettings
  1

  4
A3
  6

 40
7.5
 41
20.0
 42
7.5
 43
20.0
 44
420.0
 45
297.0
 46
0.0
 47
0.0
 48
0.0
 49
0.0
140
0.0
141
0.0
142
1.0
143
1.0
 70
0
 72
1
 73
0
 74
5
  7

 75
16
 76
0
 77
2
 78
300
147
1.0
148
0.0
149
0.0
100
AcDbLayout
  1
Layout1
 70
1
 71
1
 10
0.0
 20
0.0
 11
420.0
 21
297.0
 12
0.0
 22
0.0
 32
0.0
 14
1e+20
 24
1e+20
 34
1e+20
 15
-1e+20
 25
-1e+20
 35
-1e+20
146
0.0
 13
0.0
 23
0.0
 33
0.0
 16
1.0
 26
0.0
 36
0.0
 17
0.0
 27
1.0
 37
0.0
 76
1
330
1B
  0
MATERIAL
  5
1F
102
{ACAD_REACTORS
330
E
102
}
330
E
100
AcDbMaterial
  1
ByBlock
  2

 70
0
 40
1.0
 71
1
 41
1.0
 91
-1023410177
 42
1.0
 72
1
  3

 73
1
 74
1
 75
1
 44
0.5
 73
0
 45
1.0
 46
1.0
 77
1
  4

 78
1
 79
1
170
1
 48
1.0
171
1
  6

172
1
173
1
174
1
140
1.0
141
1.0
175
1
  7

176
1
177
1
178
1
143
1.0
179
1
  8

270
1
271
1
272
1
145
1.0
146
1.0
273
1
  9

274
1
275
1
276
1
 42
1.0
 72
1
  3

 73
1
 74
1
 75
1
 94
63
  0
MATERIAL
  5
20
102
{ACAD_REACTORS
330
E
102
}
330
E
100
AcDbMaterial
  1
ByLayer
  2

 70
0
 40
1.0
 71
1
 41
1.0
 91
-1023410177
 42
1.0
 72
1
  3

 73
1
 74
1
 75
1
 44
0.5
 73
0
 45
1.0
 46
1.0
 77
1
  4

 78
1
 79
1
170
1
 48
1.0
171
1
  6

172
1
173
1
174
1
140
1.0
141
1.0
175
1
  7

176
1
177
1
178
1
143
1.0
179
1
  8

270
1
271
1
272
1
145
1.0
146
1.0
273
1
  9

274
1
275
1
276
1
 42
1.0
 72
1
  3

 73
1
 74
1
 75
1
 94
63
  0
MATERIAL
  5
21
102
{ACAD_REACTORS
330
E
102
}
330
E
100
AcDbMaterial
  1
Global
  2

 70
0
 40
1.0
 71
1
 41
1.0
 91
-1023410177
 42
1.0
 72
1
  3

 73
1
 74
1
 75
1
 44
0.5
 73
0
 45
1.0
 46
1.0
 77
1
  4

 78
1
 79
1
170
1
 48
1.0
171
1
  6

172
1
173
1
174
1
140
1.0
141
1.0
175
1
  7

176
1
177
1
178
1
143
1.0
179
1
  8

270
1
271
1
272
1
145
1.0
146
1.0
273
1
  9

274
1
275
1
276
1
 42
1.0
 72
1
  3

 73
1
 74
1
 75
1
 94
63
  0
MLINESTYLE
  5
22
102
{ACAD_REACTORS
330
10
102
}
330
10
100
AcDbMlineStyle
  2
Standard
 70
0
  3

 62
256
 51
90.0
 52
90.0
 71
2
 49
0.5
 62
256
  6
BYLAYER
 49
-0.5
 62
256
  6
BYLAYER
  0
MLEADERSTYLE
  5
2C
102
{ACAD_REACTORS
330
F
102
}
330
F
100
AcDbMLeaderStyle
179
2
170
2
171
1
172
0
 90
2
 40
0.0
 41
0.0
173
1
 91
-1056964608
 92
-2
290
1
 42
2.0
291
1
 43
8.0
  3
Standard
 44
4.0
300

342
29
174
1
175
1
176
0
178
1
 93
-1056964608
 45
4.0
292
0
297
0
 46
4.0
 94
-1056964608
 47
1.0
 49
1.0
140
1.0
294
1
141
0.0
177
0
142
1.0
295
0
296
0
143
3.75
271
0
272
9
273
9
  0
DICTIONARY
  5
2D
330
A
100
AcDbDictionary
280
1
281
1
  3
CREATED_BY_EZDXF
350
2E
  3
WRITTEN_BY_EZDXF
350
158
  0
DICTIONARYVAR
  5
2E
330
2D
100
DictionaryVariables
280
0
  1
1.4.4 @ 2026-07-30T07:17:17.134558+00:00
  0
VISUALSTYLE
  5
5A
102
{ACAD_REACTORS
330
16
102
}
330
16
100
AcDbVisualStyle
  2
2dWireframe
 70
4
177
3
291
0
 70
58
 90
2
176
1
 90
2
176
1
 90
0
176
1
 90
0
176
1
 40
0.6
176
1
 40
30.0
176
1
 62
7
420
16777215
176
1
 90
1
176
1
 90
4
176
1
 62
7
176
1
 62
257
176
1
 90
1
176
1
 90
1
176
1
 40
1.0
176
1
 90
8
176
1
 62
7
176
1
 40
1.0
176
1
 90
1
176
1
 90
6
176
1
 90
2
176
1
 62
7
176
1
 90
5
176
1
 90
0
176
1
 90
0
176
1
290
0
176
1
 90
1
176
1
 40
0.0
176
1
 90
0
176
1
290
1
176
1
290
1
176
1
290
0
176
1
290
0
176
1
290
0
176
1
290
0
176
1
290
0
176
1
290
0
176
1
290
0
176
1
 90
50
176
1
 40
0.0
176
1
 40
1.0
176
1
 90
0
176
1
 62
18
420
0
176
1
 90
50
176
1
 90
3
176
1
 62
5
420
255
176
1
290
0
176
1
 90
50
176
1
 90
50
176
1
 90
50
176
1
290
0
176
1
 90
50
176
1
 62
256
176
0
 40
1.0
176
0
 90
2
176
1
  1
strokes_ogs.tif
176
1
290
0
176
1
 40
1.0
176
1
 40
1.0
176
1
  0
VISUALSTYLE
  5
5B
102
{ACAD_REACTORS
330
16
102
}
330
16
100
AcDbVisualStyle
  2
Basic
 70
7
177
3
291
1
 70
58
 90
2
176
1
 90
2
176
1
 90
0
176
1
 90
1
176
1
 40
0.6
176
1
 40
30.0
176
1
 62
7
420
16777215
176
1
 90
1
176
1
 90
4
176
1
 62
7
176
1
 62
257
176
1
 90
1
176
1
 90
1
176
1
 40
1.0
176
1
 90
8
176
1
 62
7
176
1
 40
1.0
176
1
 90
1
176
1
 90
6
176
1
 90
2
176
1
 62
7
176
1
 90
5
176
1
 90
0
176
1
 90
0
176
1
290
0
176
1
 90
1
176
1
 40
0.0
176
1
 90
0
176
1
290
0
176
1
290
1
176
1
290
1
176
1
290
0
176
1
290
0
176
1
290
0
176
1
290
0
176
1
290
0
176
1
290
0
176
1
 90
50
176
1
 40
0.0
176
1
 40
1.0
176
1
 90
0
176
1
 62
18
420
0
176
1
 90
50
176
1
 90
3
176
1
 62
5
420
255
176
1
290
0
176
1
 90
50
176
1
 90
50
176
1
 90
50
176
1
290
0
176
1
 90
50
176
1
 62
256
176
0
 40
1.0
176
0
 90
2
176
1
  1
strokes_ogs.tif
176
1
290
0
176
1
 40
1.0
176
1
 40
1.0
176
1
  0
VISUALSTYLE
  5
5C
102
{ACAD_REACTORS
330
16
102
}
330
16
100
AcDbVisualStyle
  2
Brighten
 70
12
177
3
291
1
 70
58
 90
2
176
1
 90
2
176
1
 90
0
176
1
 90
2
176
1
 40
0.6
176
1
 40
30.0
176
1
 62
7
420
16777215
176
1
 90
1
176
1
 90
4
176
1
 62
7
176
1
 62
257
176
1
 90
1
176
1
 90
1
176
1
 40
1.0
176
1
 90
8
176
1
 62
7
176
1
 40
1.0
176
1
 90
1
176
1
 90
6
176
1
 90
2
176
1
 62
7
176
1
 90
5
176
1
 90
0
176
1
 90
0
176
1
290
0
176
1
 90
1
176
1
 40
0.0
176
1
 90
0
176
1
290
0
176
1
290
1
176
1
290
1
176
1
290
0
176
1
290
0
176
1
290
0
176
1
290
0
176
1
290
0
176
1
290
0
176
1
 90
50
176
1
 40
0.0
176
1
 40
1.0
176
1
 90
0
176
1
 62
18
420
0
176
1
 90
50
176
1
 90
3
176
1
 62
5
420
255
176
1
290
0
176
1
 90
50
176
1
 90
50
176
1
 90
50
176
1
290
0
176
1
 90
50
176
1
 62
256
176
0
 40
1.0
176
0
 90
2
176
1
  1
strokes_ogs.tif
176
1
290
0
176
1
 40
1.0
176
1
 40
1.0
176
1
  0
VISUALSTYLE
  5
5D
102
{ACAD_REACTORS
330
16
102
}
330
16
100
AcDbVisualStyle
  2
ColorChange
 70
16
177
3
291
1
 70
58
 90
2
176
1
 90
2
176
1
 90
0
176
1
 90
2
176
1
 40
0.6
176
1
 40
30.0
176
1
 62
7
420
16777215
176
1
 90
1
176
1
 90
4
176
1
 62
7
176
1
 62
257
176
1
 90
1
176
1
 90
1
176
1
 40
1.0
176
1
 90
8
176
1
 62
7
176
1
 40
1.0
176
1
 90
1
176
1
 90
6
176
1
 90
2
176
1
 62
7
176
1
 90
5
176
1
 90
0
176
1
 90
0
176
1
290
0
176
1
 90
1
176
1
 40
0.0
176
1
 90
0
176
1
290
0
176
1
290
1
176
1
290
1
176
1
290
0
176
1
290
0
176
1
290
0
176
1
290
0
176
1
290
0
176
1
290
0
176
1
 90
50
176
1
 40
0.0
176
1
 40
1.0
176
1
 90
0
176
1
 62
18
420
0
176
1
 90
50
176
1
 90
3
176
1
 62
5
420
255
176
1
290
0
176
1
 90
50
176
1
 90
50
176
1
 90
50
176
1
290
0
176
1
 90
50
176
1
 62
256
176
0
 40
1.0
176
0
 90
2
176
1
  1
strokes_ogs.tif
176
1
290
0
176
1
 40
1.0
176
1
 40
1.0
176
1
  0
VISUALSTYLE
  5
5E
102
{ACAD_REACTORS
330
16
102
}
330
16
100
AcDbVisualStyle
  2
Conceptual
 70
9
177
3
291
0
 70
58
 90
2
176
1
 90
2
176
1
 90
0
176
1
 90
3
176
1
 40
0.6
176
1
 40
30.0
176
1
 62
7
420
16777215
176
1
 90
1
176
1
 90
4
176
1
 62
7
176
1
 62
257
176
1
 90
1
176
1
 90
1
176
1
 40
1.0
176
1
 90
8
176
1
 62
7
176
1
 40
1.0
176
1
 90
1
176
1
 90
6
176
1
 90
2
176
1
 62
7
176
1
 90
5
176
1
 90
0
176
1
 90
0
176
1
290
0
176
1
 90
1
176
1
 40
0.0
176
1
 90
0
176
1
290
0
176
1
290
1
176
1
290
1
176
1
290
0
176
1
290
0
176
1
290
0
176
1
290
0
176
1
290
0
176
1
290
0
176
1
 90
50
176
1
 40
0.0
176
1
 40
1.0
176
1
 90
0
176
1
 62
18
420
0
176
1
 90
50
176
1
 90
3
176
1
 62
5
420
255
176
1
290
0
176
1
 90
50
176
1
 90
50
176
1
 90
50
176
1
290
0
176
1
 90
50
176
1
 62
256
176
0
 40
1.0
176
0
 90
2
176
1
  1
strokes_ogs.tif
176
1
290
0
176
1
 40
1.0
176
1
 40
1.0
176
1
  0
VISUALSTYLE
  5
5F
102
{ACAD_REACTORS
330
16
102
}
330
16
100
AcDbVisualStyle
  2
Dim
 70
11
177
3
291
1
 70
58
 90
2
176
1
 90
2
176
1
 90
0
176
1
 90
2
176
1
 40
0.6
176
1
 40
30.0
176
1
 62
7
420
16777215
176
1
 90
1
176
1
 90
4
176
1
 62
7
176
1
 62
257
176
1
 90
1
176
1
 90
1
176
1
 40
1.0
176
1
 90
8
176
1
 62
7
176
1
 40
1.0
176
1
 90
1
176
1
 90
6
176
1
 90
2
176
1
 62
7
176
1
 90
5
176
1
 90
0
176
1
 90
0
176
1
290
0
176
1
 90
1
176
1
 40
0.0
176
1
 90
0
176
1
290
0
176
1
290
1
176
1
290
1
176
1
290
0
176
1
290
0
176
1
290
0
176
1
290
0
176
1
290
0
176
1
290
0
176
1
 90
50
176
1
 40
0.0
176
1
 40
1.0
176
1
 90
0
176
1
 62
18
420
0
176
1
 90
50
176
1
 90
3
176
1
 62
5
420
255
176
1
290
0
176
1
 90
50
176
1
 90
50
176
1
 90
50
176
1
290
0
176
1
 90
50
176
1
 62
256
176
0
 40
1.0
176
0
 90
2
176
1
  1
strokes_ogs.tif
176
1
290
0
176
1
 40
1.0
176
1
 40
1.0
176
1
  0
VISUALSTYLE
  5
60
102
{ACAD_REACTORS
330
16
102
}
330
16
100
AcDbVisualStyle
  2
EdgeColorOff
 70
22
177
3
291
1
 70
58
 90
2
176
1
 90
2
176
1
 90
0
176
1
 90
2
176
1
 40
0.6
176
1
 40
30.0
176
1
 62
7
420
16777215
176
1
 90
1
176
1
 90
4
176
1
 62
7
176
1
 62
257
176
1
 90
1
176
1
 90
1
176
1
 40
1.0
176
1
 90
8
176
1
 62
7
176
1
 40
1.0
176
1
 90
1
176
1
 90
6
176
1
 90
2
176
1
 62
7
176
1
 90
5
176
1
 90
0
176
1
 90
0
176
1
290
0
176
1
 90
1
176
1
 40
0.0
176
1
 90
0
176
1
290
0
176
1
290
1
176
1
290
1
176
1
290
0
176
1
290
0
176
1
290
0
176
1
290
0
176
1
290
0
176
1
290
0
176
1
 90
50
176
1
 40
0.0
176
1
 40
1.0
176
1
 90
0
176
1
 62
18
420
0
176
1
 90
50
176
1
 90
3
176
1
 62
5
420
255
176
1
290
0
176
1
 90
50
176
1
 90
50
176
1
 90
50
176
1
290
0
176
1
 90
50
176
1
 62
256
176
0
 40
1.0
176
0
 90
2
176
1
  1
strokes_ogs.tif
176
1
290
0
176
1
 40
1.0
176
1
 40
1.0
176
1
  0
VISUALSTYLE
  5
61
102
{ACAD_REACTORS
330
16
102
}
330
16
100
AcDbVisualStyle
  2
Facepattern
 70
15
177
3
291
1
 70
58
 90
2
176
1
 90
2
176
1
 90
0
176
1
 90
2
176
1
 40
0.6
176
1
 40
30.0
176
1
 62
7
420
16777215
176
1
 90
1
176
1
 90
4
176
1
 62
7
176
1
 62
257
176
1
 90
1
176
1
 90
1
176
1
 40
1.0
176
1
 90
8
176
1
 62
7
176
1
 40
1.0
176
1
 90
1
176
1
 90
6
176
1
 90
2
176
1
 62
7
176
1
 90
5
176
1
 90
0
176
1
 90
0
176
1
290
0
176
1
 90
1
176
1
 40
0.0
176
1
 90
0
176
1
290
0
176
1
290
1
176
1
290
1
176
1
290
0
176
1
290
0
176
1
290
0
176
1
290
0
176
1
290
0
176
1
290
0
176
1
 90
50
176
1
 40
0.0
176
1
 40
1.0
176
1
 90
0
176
1
 62
18
420
0
176
1
 90
50
176
1
 90
3
176
1
 62
5
420
255
176
1
290
0
176
1
 90
50
176
1
 90
50
176
1
 90
50
176
1
290
0
176
1
 90
50
176
1
 62
256
176
0
 40
1.0
176
0
 90
2
176
1
  1
strokes_ogs.tif
176
1
290
0
176
1
 40
1.0
176
1
 40
1.0
176
1
  0
VISUALSTYLE
  5
62
102
{ACAD_REACTORS
330
16
102
}
330
16
100
AcDbVisualStyle
  2
Flat
 70
0
177
3
291
1
 70
58
 90
2
176
1
 90
2
176
1
 90
0
176
1
 90
2
176
1
 40
0.6
176
1
 40
30.0
176
1
 62
7
420
16777215
176
1
 90
1
176
1
 90
4
176
1
 62
7
176
1
 62
257
176
1
 90
1
176
1
 90
1
176
1
 40
1.0
176
1
 90
8
176
1
 62
7
176
1
 40
1.0
176
1
 90
1
176
1
 90
6
176
1
 90
2
176
1
 62
7
176
1
 90
5
176
1
 90
0
176
1
 90
0
176
1
290
0
176
1
 90
1
176
1
 40
0.0
176
1
 90
0
176
1
290
0
176
1
290
1
176
1
290
1
176
1
290
0
176
1
290
0
176
1
290
0
176
1
290
0
176
1
290
0
176
1
290
0
176
1
 90
50
176
1
 40
0.0
176
1
 40
1.0
176
1
 90
0
176
1
 62
18
420
0
176
1
 90
50
176
1
 90
3
176
1
 62
5
420
255
176
1
290
0
176
1
 90
50
176
1
 90
50
176
1
 90
50
176
1
290
0
176
1
 90
50
176
1
 62
256
176
0
 40
1.0
176
0
 90
2
176
1
  1
strokes_ogs.tif
176
1
290
0
176
1
 40
1.0
176
1
 40
1.0
176
1
  0
VISUALSTYLE
  5
63
102
{ACAD_REACTORS
330
16
102
}
330
16
100
AcDbVisualStyle
  2
FlatWithEdges
 70
1
177
3
291
1
 70
58
 90
2
176
1
 90
2
176
1
 90
0
176
1
 90
2
176
1
 40
0.6
176
1
 40
30.0
176
1
 62
7
420
16777215
176
1
 90
1
176
1
 90
4
176
1
 62
7
176
1
 62
257
176
1
 90
1
176
1
 90
1
176
1
 40
1.0
176
1
 90
8
176
1
 62
7
176
1
 40
1.0
176
1
 90
1
176
1
 90
6
176
1
 90
2
176
1
 62
7
176
1
 90
5
176
1
 90
0
176
1
 90
0
176
1
290
0
176
1
 90
1
176
1
 40
0.0
176
1
 90
0
176
1
290
0
176
1
290
1
176
1
290
1
176
1
290
0
176
1
290
0
176
1
290
0
176
1
290
0
176
1
290
0
176
1
290
0
176
1
 90
50
176
1
 40
0.0
176
1
 40
1.0
176
1
 90
0
176
1
 62
18
420
0
176
1
 90
50
176
1
 90
3
176
1
 62
5
420
255
176
1
290
0
176
1
 90
50
176
1
 90
50
176
1
 90
50
176
1
290
0
176
1
 90
50
176
1
 62
256
176
0
 40
1.0
176
0
 90
2
176
1
  1
strokes_ogs.tif
176
1
290
0
176
1
 40
1.0
176
1
 40
1.0
176
1
  0
VISUALSTYLE
  5
64
102
{ACAD_REACTORS
330
16
102
}
330
16
100
AcDbVisualStyle
  2
Gouraud
 70
2
177
3
291
1
 70
58
 90
2
176
1
 90
2
176
1
 90
0
176
1
 90
2
176
1
 40
0.6
176
1
 40
30.0
176
1
 62
7
420
16777215
176
1
 90
1
176
1
 90
4
176
1
 62
7
176
1
 62
257
176
1
 90
1
176
1
 90
1
176
1
 40
1.0
176
1
 90
8
176
1
 62
7
176
1
 40
1.0
176
1
 90
1
176
1
 90
6
176
1
 90
2
176
1
 62
7
176
1
 90
5
176
1
 90
0
176
1
 90
0
176
1
290
0
176
1
 90
1
176
1
 40
0.0
176
1
 90
0
176
1
290
0
176
1
290
1
176
1
290
1
176
1
290
0
176
1
290
0
176
1
290
0
176
1
290
0
176
1
290
0
176
1
290
0
176
1
 90
50
176
1
 40
0.0
176
1
 40
1.0
176
1
 90
0
176
1
 62
18
420
0
176
1
 90
50
176
1
 90
3
176
1
 62
5
420
255
176
1
290
0
176
1
 90
50
176
1
 90
50
176
1
 90
50
176
1
290
0
176
1
 90
50
176
1
 62
256
176
0
 40
1.0
176
0
 90
2
176
1
  1
strokes_ogs.tif
176
1
290
0
176
1
 40
1.0
176
1
 40
1.0
176
1
  0
VISUALSTYLE
  5
65
102
{ACAD_REACTORS
330
16
102
}
330
16
100
AcDbVisualStyle
  2
GouraudWithEdges
 70
3
177
3
291
1
 70
58
 90
2
176
1
 90
2
176
1
 90
0
176
1
 90
2
176
1
 40
0.6
176
1
 40
30.0
176
1
 62
7
420
16777215
176
1
 90
1
176
1
 90
4
176
1
 62
7
176
1
 62
257
176
1
 90
1
176
1
 90
1
176
1
 40
1.0
176
1
 90
8
176
1
 62
7
176
1
 40
1.0
176
1
 90
1
176
1
 90
6
176
1
 90
2
176
1
 62
7
176
1
 90
5
176
1
 90
0
176
1
 90
0
176
1
290
0
176
1
 90
1
176
1
 40
0.0
176
1
 90
0
176
1
290
0
176
1
290
1
176
1
290
1
176
1
290
0
176
1
290
0
176
1
290
0
176
1
290
0
176
1
290
0
176
1
290
0
176
1
 90
50
176
1
 40
0.0
176
1
 40
1.0
176
1
 90
0
176
1
 62
18
420
0
176
1
 90
50
176
1
 90
3
176
1
 62
5
420
255
176
1
290
0
176
1
 90
50
176
1
 90
50
176
1
 90
50
176
1
290
0
176
1
 90
50
176
1
 62
256
176
0
 40
1.0
176
0
 90
2
176
1
  1
strokes_ogs.tif
176
1
290
0
176
1
 40
1.0
176
1
 40
1.0
176
1
  0
VISUALSTYLE
  5
66
102
{ACAD_REACTORS
330
16
102
}
330
16
100
AcDbVisualStyle
  2
Hidden
 70
6
177
3
291
0
 70
58
 90
2
176
1
 90
2
176
1
 90
0
176
1
 90
1
176
1
 40
0.6
176
1
 40
30.0
176
1
 62
7
420
16777215
176
1
 90
1
176
1
 90
4
176
1
 62
7
176
1
 62
257
176
1
 90
1
176
1
 90
1
176
1
 40
1.0
176
1
 90
8
176
1
 62
7
176
1
 40
1.0
176
1
 90
1
176
1
 90
6
176
1
 90
2
176
1
 62
7
176
1
 90
5
176
1
 90
0
176
1
 90
0
176
1
290
0
176
1
 90
1
176
1
 40
0.0
176
1
 90
0
176
1
290
0
176
1
290
1
176
1
290
1
176
1
290
0
176
1
290
0
176
1
290
0
176
1
290
0
176
1
290
0
176
1
290
0
176
1
 90
50
176
1
 40
0.0
176
1
 40
1.0
176
1
 90
0
176
1
 62
18
420
0
176
1
 90
50
176
1
 90
3
176
1
 62
5
420
255
176
1
290
0
176
1
 90
50
176
1
 90
50
176
1
 90
50
176
1
290
0
176
1
 90
50
176
1
 62
256
176
0
 40
1.0
176
0
 90
2
176
1
  1
strokes_ogs.tif
176
1
290
0
176
1
 40
1.0
176
1
 40
1.0
176
1
  0
VISUALSTYLE
  5
67
102
{ACAD_REACTORS
330
16
102
}
330
16
100
AcDbVisualStyle
  2
JitterOff
 70
20
177
3
291
1
 70
58
 90
2
176
1
 90
2
176
1
 90
0
176
1
 90
2
176
1
 40
0.6
176
1
 40
30.0
176
1
 62
7
420
16777215
176
1
 90
1
176
1
 90
4
176
1
 62
7
176
1
 62
257
176
1
 90
1
176
1
 90
1
176
1
 40
1.0
176
1
 90
8
176
1
 62
7
176
1
 40
1.0
176
1
 90
1
176
1
 90
6
176
1
 90
2
176
1
 62
7
176
1
 90
5
176
1
 90
0
176
1
 90
0
176
1
290
0
176
1
 90
1
176
1
 40
0.0
176
1
 90
0
176
1
290
0
176
1
290
1
176
1
290
1
176
1
290
0
176
1
290
0
176
1
290
0
176
1
290
0
176
1
290
0
176
1
290
0
176
1
 90
50
176
1
 40
0.0
176
1
 40
1.0
176
1
 90
0
176
1
 62
18
420
0
176
1
 90
50
176
1
 90
3
176
1
 62
5
420
255
176
1
290
0
176
1
 90
50
176
1
 90
50
176
1
 90
50
176
1
290
0
176
1
 90
50
176
1
 62
256
176
0
 40
1.0
176
0
 90
2
176
1
  1
strokes_ogs.tif
176
1
290
0
176
1
 40
1.0
176
1
 40
1.0
176
1
  0
VISUALSTYLE
  5
68
102
{ACAD_REACTORS
330
16
102
}
330
16
100
AcDbVisualStyle
  2
Linepattern
 70
14
177
3
291
1
 70
58
 90
2
176
1
 90
2
176
1
 90
0
176
1
 90
2
176
1
 40
0.6
176
1
 40
30.0
176
1
 62
7
420
16777215
176
1
 90
1
176
1
 90
4
176
1
 62
7
176
1
 62
257
176
1
 90
1
176
1
 90
1
176
1
 40
1.0
176
1
 90
8
176
1
 62
7
176
1
 40
1.0
176
1
 90
1
176
1
 90
6
176
1
 90
2
176
1
 62
7
176
1
 90
5
176
1
 90
0
176
1
 90
0
176
1
290
0
176
1
 90
1
176
1
 40
0.0
176
1
 90
0
176
1
290
0
176
1
290
1
176
1
290
1
176
1
290
0
176
1
290
0
176
1
290
0
176
1
290
0
176
1
290
0
176
1
290
0
176
1
 90
50
176
1
 40
0.0
176
1
 40
1.0
176
1
 90
0
176
1
 62
18
420
0
176
1
 90
50
176
1
 90
3
176
1
 62
5
420
255
176
1
290
0
176
1
 90
50
176
1
 90
50
176
1
 90
50
176
1
290
0
176
1
 90
50
176
1
 62
256
176
0
 40
1.0
176
0
 90
2
176
1
  1
strokes_ogs.tif
176
1
290
0
176
1
 40
1.0
176
1
 40
1.0
176
1
  0
VISUALSTYLE
  5
69
102
{ACAD_REACTORS
330
16
102
}
330
16
100
AcDbVisualStyle
  2
Modeling
 70
10
177
3
291
0
 70
58
 90
2
176
1
 90
2
176
1
 90
0
176
1
 90
2
176
1
 40
0.6
176
1
 40
30.0
176
1
 62
7
420
16777215
176
1
 90
1
176
1
 90
4
176
1
 62
7
176
1
 62
257
176
1
 90
1
176
1
 90
1
176
1
 40
1.0
176
1
 90
8
176
1
 62
7
176
1
 40
1.0
176
1
 90
1
176
1
 90
6
176
1
 90
2
176
1
 62
7
176
1
 90
5
176
1
 90
0
176
1
 90
0
176
1
290
0
176
1
 90
1
176
1
 40
0.0
176
1
 90
0
176
1
290
0
176
1
290
1
176
1
290
1
176
1
290
0
176
1
290
0
176
1
290
0
176
1
290
0
176
1
290
0
176
1
290
0
176
1
 90
50
176
1
 40
0.0
176
1
 40
1.0
176
1
 90
0
176
1
 62
18
420
0
176
1
 90
50
176
1
 90
3
176
1
 62
5
420
255
176
1
290
0
176
1
 90
50
176
1
 90
50
176
1
 90
50
176
1
290
0
176
1
 90
50
176
1
 62
256
176
0
 40
1.0
176
0
 90
2
176
1
  1
strokes_ogs.tif
176
1
290
0
176
1
 40
1.0
176
1
 40
1.0
176
1
  0
VISUALSTYLE
  5
6A
102
{ACAD_REACTORS
330
16
102
}
330
16
100
AcDbVisualStyle
  2
OverhangOff
 70
21
177
3
291
1
 70
58
 90
2
176
1
 90
2
176
1
 90
0
176
1
 90
2
176
1
 40
0.6
176
1
 40
30.0
176
1
 62
7
420
16777215
176
1
 90
1
176
1
 90
4
176
1
 62
7
176
1
 62
257
176
1
 90
1
176
1
 90
1
176
1
 40
1.0
176
1
 90
8
176
1
 62
7
176
1
 40
1.0
176
1
 90
1
176
1
 90
6
176
1
 90
2
176
1
 62
7
176
1
 90
5
176
1
 90
0
176
1
 90
0
176
1
290
0
176
1
 90
1
176
1
 40
0.0
176
1
 90
0
176
1
290
0
176
1
290
1
176
1
290
1
176
1
290
0
176
1
290
0
176
1
290
0
176
1
290
0
176
1
290
0
176
1
290
0
176
1
 90
50
176
1
 40
0.0
176
1
 40
1.0
176
1
 90
0
176
1
 62
18
420
0
176
1
 90
50
176
1
 90
3
176
1
 62
5
420
255
176
1
290
0
176
1
 90
50
176
1
 90
50
176
1
 90
50
176
1
290
0
176
1
 90
50
176
1
 62
256
176
0
 40
1.0
176
0
 90
2
176
1
  1
strokes_ogs.tif
176
1
290
0
176
1
 40
1.0
176
1
 40
1.0
176
1
  0
VISUALSTYLE
  5
6B
102
{ACAD_REACTORS
330
16
102
}
330
16
100
AcDbVisualStyle
  2
Realistic
 70
8
177
3
291
0
 70
58
 90
2
176
1
 90
2
176
1
 90
0
176
1
 90
2
176
1
 40
0.6
176
1
 40
30.0
176
1
 62
7
420
16777215
176
1
 90
1
176
1
 90
4
176
1
 62
7
176
1
 62
257
176
1
 90
1
176
1
 90
1
176
1
 40
1.0
176
1
 90
8
176
1
 62
7
176
1
 40
1.0
176
1
 90
1
176
1
 90
6
176
1
 90
2
176
1
 62
7
176
1
 90
5
176
1
 90
0
176
1
 90
0
176
1
290
0
176
1
 90
1
176
1
 40
0.0
176
1
 90
0
176
1
290
0
176
1
290
1
176
1
290
1
176
1
290
0
176
1
290
0
176
1
290
0
176
1
290
0
176
1
290
0
176
1
290
0
176
1
 90
50
176
1
 40
0.0
176
1
 40
1.0
176
1
 90
0
176
1
 62
18
420
0
176
1
 90
50
176
1
 90
3
176
1
 62
5
420
255
176
1
290
0
176
1
 90
50
176
1
 90
50
176
1
 90
50
176
1
290
0
176
1
 90
50
176
1
 62
256
176
0
 40
1.0
176
0
 90
2
176
1
  1
strokes_ogs.tif
176
1
290
0
176
1
 40
1.0
176
1
 40
1.0
176
1
  0
VISUALSTYLE
  5
6C
102
{ACAD_REACTORS
330
16
102
}
330
16
100
AcDbVisualStyle
  2
Shaded
 70
27
177
3
291
0
 70
58
 90
2
176
1
 90
2
176
1
 90
0
176
1
 90
2
176
1
 40
0.6
176
1
 40
30.0
176
1
 62
7
420
16777215
176
1
 90
1
176
1
 90
4
176
1
 62
7
176
1
 62
257
176
1
 90
1
176
1
 90
1
176
1
 40
1.0
176
1
 90
8
176
1
 62
7
176
1
 40
1.0
176
1
 90
1
176
1
 90
6
176
1
 90
2
176
1
 62
7
176
1
 90
5
176
1
 90
0
176
1
 90
0
176
1
290
0
176
1
 90
1
176
1
 40
0.0
176
1
 90
0
176
1
290
0
176
1
290
1
176
1
290
1
176
1
290
0
176
1
290
0
176
1
290
0
176
1
290
0
176
1
290
0
176
1
290
0
176
1
 90
50
176
1
 40
0.0
176
1
 40
1.0
176
1
 90
0
176
1
 62
18
420
0
176
1
 90
50
176
1
 90
3
176
1
 62
5
420
255
176
1
290
0
176
1
 90
50
176
1
 90
50
176
1
 90
50
176
1
290
0
176
1
 90
50
176
1
 62
256
176
0
 40
1.0
176
0
 90
2
176
1
  1
strokes_ogs.tif
176
1
290
0
176
1
 40
1.0
176
1
 40
1.0
176
1
  0
VISUALSTYLE
  5
6D
102
{ACAD_REACTORS
330
16
102
}
330
16
100
AcDbVisualStyle
  2
Shaded with edges
 70
26
177
3
291
0
 70
58
 90
2
176
1
 90
2
176
1
 90
0
176
1
 90
2
176
1
 40
0.6
176
1
 40
30.0
176
1
 62
7
420
16777215
176
1
 90
1
176
1
 90
4
176
1
 62
7
176
1
 62
257
176
1
 90
1
176
1
 90
1
176
1
 40
1.0
176
1
 90
8
176
1
 62
7
176
1
 40
1.0
176
1
 90
1
176
1
 90
6
176
1
 90
2
176
1
 62
7
176
1
 90
5
176
1
 90
0
176
1
 90
0
176
1
290
0
176
1
 90
1
176
1
 40
0.0
176
1
 90
0
176
1
290
0
176
1
290
1
176
1
290
1
176
1
290
0
176
1
290
0
176
1
290
0
176
1
290
0
176
1
290
0
176
1
290
0
176
1
 90
50
176
1
 40
0.0
176
1
 40
1.0
176
1
 90
0
176
1
 62
18
420
0
176
1
 90
50
176
1
 90
3
176
1
 62
5
420
255
176
1
290
0
176
1
 90
50
176
1
 90
50
176
1
 90
50
176
1
290
0
176
1
 90
50
176
1
 62
256
176
0
 40
1.0
176
0
 90
2
176
1
  1
strokes_ogs.tif
176
1
290
0
176
1
 40
1.0
176
1
 40
1.0
176
1
  0
VISUALSTYLE
  5
6E
102
{ACAD_REACTORS
330
16
102
}
330
16
100
AcDbVisualStyle
  2
Shades of Gray
 70
23
177
3
291
0
 70
58
 90
2
176
1
 90
2
176
1
 90
0
176
1
 90
2
176
1
 40
0.6
176
1
 40
30.0
176
1
 62
7
420
16777215
176
1
 90
1
176
1
 90
4
176
1
 62
7
176
1
 62
257
176
1
 90
1
176
1
 90
1
176
1
 40
1.0
176
1
 90
8
176
1
 62
7
176
1
 40
1.0
176
1
 90
1
176
1
 90
6
176
1
 90
2
176
1
 62
7
176
1
 90
5
176
1
 90
0
176
1
 90
0
176
1
290
0
176
1
 90
1
176
1
 40
0.0
176
1
 90
0
176
1
290
0
176
1
290
1
176
1
290
1
176
1
290
0
176
1
290
0
176
1
290
0
176
1
290
0
176
1
290
0
176
1
290
0
176
1
 90
50
176
1
 40
0.0
176
1
 40
1.0
176
1
 90
0
176
1
 62
18
420
0
176
1
 90
50
176
1
 90
3
176
1
 62
5
420
255
176
1
290
0
176
1
 90
50
176
1
 90
50
176
1
 90
50
176
1
290
0
176
1
 90
50
176
1
 62
256
176
0
 40
1.0
176
0
 90
2
176
1
  1
strokes_ogs.tif
176
1
290
0
176
1
 40
1.0
176
1
 40
1.0
176
1
  0
VISUALSTYLE
  5
6F
102
{ACAD_REACTORS
330
16
102
}
330
16
100
AcDbVisualStyle
  2
Sketchy
 70
24
177
3
291
0
 70
58
 90
2
176
1
 90
2
176
1
 90
0
176
1
 90
1
176
1
 40
0.6
176
1
 40
30.0
176
1
 62
7
420
16777215
176
1
 90
1
176
1
 90
4
176
1
 62
7
176
1
 62
257
176
1
 90
1
176
1
 90
1
176
1
 40
1.0
176
1
 90
8
176
1
 62
7
176
1
 40
1.0
176
1
 90
1
176
1
 90
6
176
1
 90
2
176
1
 62
7
176
1
 90
5
176
1
 90
0
176
1
 90
0
176
1
290
0
176
1
 90
1
176
1
 40
0.0
176
1
 90
0
176
1
290
0
176
1
290
1
176
1
290
1
176
1
290
0
176
1
290
0
176
1
290
0
176
1
290
0
176
1
290
0
176
1
290
0
176
1
 90
50
176
1
 40
0.0
176
1
 40
1.0
176
1
 90
0
176
1
 62
18
420
0
176
1
 90
50
176
1
 90
3
176
1
 62
5
420
255
176
1
290
0
176
1
 90
50
176
1
 90
50
176
1
 90
50
176
1
290
0
176
1
 90
50
176
1
 62
256
176
0
 40
1.0
176
0
 90
2
176
1
  1
strokes_ogs.tif
176
1
290
0
176
1
 40
1.0
176
1
 40
1.0
176
1
  0
VISUALSTYLE
  5
70
102
{ACAD_REACTORS
330
16
102
}
330
16
100
AcDbVisualStyle
  2
Thicken
 70
13
177
3
291
1
 70
58
 90
2
176
1
 90
2
176
1
 90
0
176
1
 90
2
176
1
 40
0.6
176
1
 40
30.0
176
1
 62
7
420
16777215
176
1
 90
1
176
1
 90
4
176
1
 62
7
176
1
 62
257
176
1
 90
1
176
1
 90
1
176
1
 40
1.0
176
1
 90
8
176
1
 62
7
176
1
 40
1.0
176
1
 90
1
176
1
 90
6
176
1
 90
2
176
1
 62
7
176
1
 90
5
176
1
 90
0
176
1
 90
0
176
1
290
0
176
1
 90
1
176
1
 40
0.0
176
1
 90
0
176
1
290
0
176
1
290
1
176
1
290
1
176
1
290
0
176
1
290
0
176
1
290
0
176
1
290
0
176
1
290
0
176
1
290
0
176
1
 90
50
176
1
 40
0.0
176
1
 40
1.0
176
1
 90
0
176
1
 62
18
420
0
176
1
 90
50
176
1
 90
3
176
1
 62
5
420
255
176
1
290
0
176
1
 90
50
176
1
 90
50
176
1
 90
50
176
1
290
0
176
1
 90
50
176
1
 62
256
176
0
 40
1.0
176
0
 90
2
176
1
  1
strokes_ogs.tif
176
1
290
0
176
1
 40
1.0
176
1
 40
1.0
176
1
  0
VISUALSTYLE
  5
71
102
{ACAD_REACTORS
330
16
102
}
330
16
100
AcDbVisualStyle
  2
Wireframe
 70
5
177
3
291
0
 70
58
 90
2
176
1
 90
2
176
1
 90
0
176
1
 90
0
176
1
 40
0.6
176
1
 40
30.0
176
1
 62
7
420
16777215
176
1
 90
1
176
1
 90
4
176
1
 62
7
176
1
 62
257
176
1
 90
1
176
1
 90
1
176
1
 40
1.0
176
1
 90
8
176
1
 62
7
176
1
 40
1.0
176
1
 90
1
176
1
 90
6
176
1
 90
2
176
1
 62
7
176
1
 90
5
176
1
 90
0
176
1
 90
0
176
1
290
0
176
1
 90
1
176
1
 40
0.0
176
1
 90
0
176
1
290
0
176
1
290
1
176
1
290
1
176
1
290
0
176
1
290
0
176
1
290
0
176
1
290
0
176
1
290
0
176
1
290
0
176
1
 90
50
176
1
 40
0.0
176
1
 40
1.0
176
1
 90
0
176
1
 62
18
420
0
176
1
 90
50
176
1
 90
3
176
1
 62
5
420
255
176
1
290
0
176
1
 90
50
176
1
 90
50
176
1
 90
50
176
1
290
0
176
1
 90
50
176
1
 62
256
176
0
 40
1.0
176
0
 90
2
176
1
  1
strokes_ogs.tif
176
1
290
0
176
1
 40
1.0
176
1
 40
1.0
176
1
  0
VISUALSTYLE
  5
72
102
{ACAD_REACTORS
330
16
102
}
330
16
100
AcDbVisualStyle
  2
X-Ray
 70
25
177
3
291
0
 70
58
 90
2
176
1
 90
2
176
1
 90
0
176
1
 90
2
176
1
 40
0.5
176
1
 40
30.0
176
1
 62
7
420
16777215
176
1
 90
1
176
1
 90
4
176
1
 62
7
176
1
 62
257
176
1
 90
1
176
1
 90
1
176
1
 40
1.0
176
1
 90
8
176
1
 62
7
176
1
 40
1.0
176
1
 90
1
176
1
 90
6
176
1
 90
2
176
1
 62
7
176
1
 90
5
176
1
 90
0
176
1
 90
0
176
1
290
0
176
1
 90
1
176
1
 40
0.0
176
1
 90
0
176
1
290
0
176
1
290
1
176
1
290
1
176
1
290
0
176
1
290
0
176
1
290
0
176
1
290
0
176
1
290
0
176
1
290
0
176
1
 90
50
176
1
 40
0.0
176
1
 40
1.0
176
1
 90
0
176
1
 62
18
420
0
176
1
 90
50
176
1
 90
3
176
1
 62
5
420
255
176
1
290
0
176
1
 90
50
176
1
 90
50
176
1
 90
50
176
1
290
0
176
1
 90
50
176
1
 62
256
176
0
 40
1.0
176
0
 90
2
176
1
  1
strokes_ogs.tif
176
1
290
0
176
1
 40
1.0
176
1
 40
1.0
176
1
  0
DICTIONARYVAR
  5
158
330
2D
100
DictionaryVariables
280
0
  1
1.4.4 @ 2026-07-30T07:17:17.719097+00:00
  0
ENDSEC
  0
EOF
