  0
SECTION
  2
HEADER
  9
$ACADVER
  1
AC1032
  9
$ACADMAINTVER
 90
4
  9
$DWGCODEPAGE
  3
ANSI_1252
  9
$LASTSAVEDBY
  1
ezdxf
  9
$REQUIREDVERSIONS
160
0
  9
$INSBASE
 10
0.0
 20
0.0
 30
0.0
  9
$EXTMIN
 10
1e+20
 20
1e+20
 30
1e+20
  9
$EXTMAX
 10
-1e+20
 20
-1e+20
 30
-1e+20
  9
$LIMMIN
 10
0.0
 20
0.0
  9
$LIMMAX
 10
420.0
 20
297.0
  9
$ORTHOMODE
 70
0
  9
$REGENMODE
 70
1
  9
$FILLMODE
 70
1
  9
$QTEXTMODE
 70
0
  9
$MIRRTEXT
 70
1
  9
$LTSCALE
 40
1.0
  9
$ATTMODE
 70
1
  9
$TEXTSIZE
 40
2.5
  9
$TRACEWID
 40
1.0
  9
$TEXTSTYLE
  7
OpenSans
  9
$CLAYER
  8
0
  9
$CELTYPE
  6
ByLayer
  9
$CECOLOR
 62
256
  9
$CELTSCALE
 40
1.0
  9
$DISPSILH
 70
0
  9
$DIMSCALE
 40
1.0
  9
$DIMASZ
 40
0.175
  9
$DIMEXO
 40
0.125
  9
$DIMDLI
 40
3.75
  9
$DIMRND
 40
0.0
  9
$DIMDLE
 40
0.0
  9
$DIMEXE
 40
0.375
  9
$DIMTP
 40
0.0
  9
$DIMTM
 40
0.0
  9
$DIMTXT
 40
0.25
  9
$DIMCEN
 40
2.5
  9
$DIMTSZ
 40
0.0
  9
$DIMTOL
 70
0
  9
$DIMLIM
 70
0
  9
$DIMTIH
 70
0
  9
$DIMTOH
 70
0
  9
$DIMSE1
 70
0
  9
$DIMSE2
 70
0
  9
$DIMTAD
 70
1
  9
$DIMZIN
 70
12
  9
$DIMBLK
  1
ARCHTICK
  9
$DIMASO
 70
1
  9
$DIMSHO
 70
1
  9
$DIMPOST
  1

  9
$DIMAPOST
  1

  9
$DIMALT
 70
0
  9
$DIMALTD
 70
3
  9
$DIMALTF
 40
0.03937007874
  9
$DIMLFAC
 40
100.0
  9
$DIMTOFL
 70
1
  9
$DIMTVP
 40
0.0
  9
$DIMTIX
 70
0
  9
$DIMSOXD
 70
0
  9
$DIMSAH
 70
0
  9
$DIMBLK1
  1

  9
$DIMBLK2
  1

  9
$DIMSTYLE
  2
EZDXF
  9
$DIMCLRD
 70
0
  9
$DIMCLRE
 70
0
  9
$DIMCLRT
 70
0
  9
$DIMTFAC
 40
0.5
  9
$DIMGAP
 40
0.1
  9
$DIMJUST
 70
0
  9
$DIMSD1
 70
0
  9
$DIMSD2
 70
0
  9
$DIMTOLJ
 70
0
  9
$DIMTZIN
 70
8
  9
$DIMALTZ
 70
0
  9
$DIMALTTZ
 70
0
  9
$DIMUPT
 70
1
  9
$DIMDEC
 70
2
  9
$DIMTDEC
 70
2
  9
$DIMALTU
 70
2
  9
$DIMALTTD
 70
3
  9
$DIMTXSTY
  7
OpenSansCondensed-Light
  9
$DIMAUNIT
 70
0
  9
$DIMADEC
 70
2
  9
$DIMALTRND
 40
0.0
  9
$DIMAZIN
 70
3
  9
$DIMDSEP
 70
46
  9
$DIMATFIT
 70
3
  9
$DIMFRAC
 70
0
  9
$DIMLDRBLK
  1

  9
$DIMLUNIT
 70
2
  9
$DIMLWD
 70
-2
  9
$DIMLWE
 70
-2
  9
$DIMTMOVE
 70
2
  9
$DIMFXL
 40
1.0
  9
$DIMFXLON
 70
0
  9
$DIMJOGANG
 40
0.785398163397
  9
$DIMTFILL
 70
0
  9
$DIMTFILLCLR
 70
0
  9
$DIMARCSYM
 70
0
  9
$DIMLTYPE
  6

  9
$DIMLTEX1
  6

  9
$DIMLTEX2
  6

  9
$DIMTXTDIRECTION
 70
0
  9
$LUNITS
 70
2
  9
$LUPREC
 70
4
  9
$SKETCHINC
 40
1.0
  9
$FILLETRAD
 40
10.0
  9
$AUNITS
 70
0
  9
$AUPREC
 70
2
  9
$MENU
  1
.
  9
$ELEVATION
 40
0.0
  9
$PELEVATION
 40
0.0
  9
$THICKNESS
 40
0.0
  9
$LIMCHECK
 70
0
  9
$CHAMFERA
 40
0.0
  9
$CHAMFERB
 40
0.0
  9
$CHAMFERC
 40
0.0
  9
$CHAMFERD
 40
0.0
  9
$SKPOLY
 70
0
  9
$TDCREATE
 40
2461252.3017708333
  9
$TDUCREATE
 40
2458532.153996898
  9
$TDUPDATE
 40
2461252.3017708333
  9
$TDUUPDATE
 40
2458532.1544311
  9
$TDINDWG
 40
0.0
  9
$TDUSRTIMER
 40
0.0
  9
$USRTIMER
 70
1
  9
$ANGBASE
 50
0.0
  9
$ANGDIR
 70
0
  9
$PDMODE
 70
0
  9
$PDSIZE
 40
0.0
  9
$PLINEWID
 40
0.0
  9
$SPLFRAME
 70
0
  9
$SPLINETYPE
 70
6
  9
$SPLINESEGS
 70
8
  9
$HANDSEED
  5
108
  9
$SURFTAB1
 70
6
  9
$SURFTAB2
 70
6
  9
$SURFTYPE
 70
6
  9
$SURFU
 70
6
  9
$SURFV
 70
6
  9
$UCSBASE
  2

  9
$UCSNAME
  2

  9
$UCSORG
 10
0.0
 20
0.0
 30
0.0
  9
$UCSXDIR
 10
1.0
 20
0.0
 30
0.0
  9
$UCSYDIR
 10
0.0
 20
1.0
 30
0.0
  9
$UCSORTHOREF
  2

  9
$UCSORTHOVIEW
 70
0
  9
$UCSORGTOP
 10
0.0
 20
0.0
 30
0.0
  9
$UCSORGBOTTOM
 10
0.0
 20
0.0
 30
0.0
  9
$UCSORGLEFT
 10
0.0
 20
0.0
 30
0.0
  9
$UCSORGRIGHT
 10
0.0
 20
0.0
 30
0.0
  9
$UCSORGFRONT
 10
0.0
 20
0.0
 30
0.0
  9
$UCSORGBACK
 10
0.0
 20
0.0
 30
0.0
  9
$PUCSBASE
  2

  9
$PUCSNAME
  2

  9
$PUCSORG
 10
0.0
 20
0.0
 30
0.0
  9
$PUCSXDIR
 10
1.0
 20
0.0
 30
0.0
  9
$PUCSYDIR
 10
0.0
 20
1.0
 30
0.0
  9
$PUCSORTHOREF
  2

  9
$PUCSORTHOVIEW
 70
0
  9
$PUCSORGTOP
 10
0.0
 20
0.0
 30
0.0
  9
$PUCSORGBOTTOM
 10
0.0
 20
0.0
 30
0.0
  9
$PUCSORGLEFT
 10
0.0
 20
0.0
 30
0.0
  9
$PUCSORGRIGHT
 10
0.0
 20
0.0
 30
0.0
  9
$PUCSORGFRONT
 10
0.0
 20
0.0
 30
0.0
  9
$PUCSORGBACK
 10
0.0
 20
0.0
 30
0.0
  9
$USERI1
 70
0
  9
$USERI2
 70
0
  9
$USERI3
 70
0
  9
$USERI4
 70
0
  9
$USERI5
 70
0
  9
$USERR1
 40
0.0
  9
$USERR2
 40
0.0
  9
$USERR3
 40
0.0
  9
$USERR4
 40
0.0
  9
$USERR5
 40
0.0
  9
$WORLDVIEW
 70
1
  9
$SHADEDGE
 70
3
  9
$SHADEDIF
 70
70
  9
$TILEMODE
 70
1
  9
$MAXACTVP
 70
64
  9
$PINSBASE
 10
0.0
 20
0.0
 30
0.0
  9
$PLIMCHECK
 70
0
  9
$PEXTMIN
 10
1e+20
 20
1e+20
 30
1e+20
  9
$PEXTMAX
 10
-1e+20
 20
-1e+20
 30
-1e+20
  9
$PLIMMIN
 10
0.0
 20
0.0
  9
$PLIMMAX
 10
420.0
 20
297.0
  9
$UNITMODE
 70
0
  9
$VISRETAIN
 70
1
  9
$PLINEGEN
 70
0
  9
$PSLTSCALE
 70
1
  9
$TREEDEPTH
 70
3020
  9
$CMLSTYLE
  2
Standard
  9
$CMLJUST
 70
0
  9
$CMLSCALE
 40
20.0
  9
$PROXYGRAPHICS
 70
1
  9
$MEASUREMENT
 70
1
  9
$CELWEIGHT
370
-1
  9
$ENDCAPS
280
0
  9
$JOINSTYLE
280
0
  9
$LWDISPLAY
290
0
  9
$INSUNITS
 70
4
  9
$HYPERLINKBASE
  1

  9
$STYLESHEET
  1

  9
$XEDIT
290
1
  9
$CEPSNTYPE
380
0
  9
$PSTYLEMODE
290
1
  9
$FINGERPRINTGUID
  2
{86FC2808-FE13-46BC-BE2B-5213824C71F6}
  9
$VERSIONGUID
  2
{68385358-91D5-4600-BBD3-E9A36742DF88}
  9
$EXTNAMES
290
1
  9
$PSVPSCALE
 40
0.0
  9
$OLESTARTUP
290
0
  9
$SORTENTS
280
127
  9
$INDEXCTL
280
0
  9
$HIDETEXT
280
1
  9
$XCLIPFRAME
280
1
  9
$HALOGAP
280
0
  9
$OBSCOLOR
 70
257
  9
$OBSLTYPE
280
0
  9
$INTERSECTIONDISPLAY
280
0
  9
$INTERSECTIONCOLOR
 70
257
  9
$DIMASSOC
280
2
  9
$PROJECTNAME
  1

  9
$CAMERADISPLAY
290
0
  9
$LENSLENGTH
 40
50.0
  9
$CAMERAHEIGHT
 40
0.0
  9
$STEPSPERSEC
 40
24.0
  9
$STEPSIZE
 40
100.0
  9
$3DDWFPREC
 40
2.0
  9
$PSOLWIDTH
 40
0.005
  9
$PSOLHEIGHT
 40
0.08
  9
$LOFTANG1
 40
1.570796326795
  9
$LOFTANG2
 40
1.570796326795
  9
$LOFTMAG1
 40
0.0
  9
$LOFTMAG2
 40
0.0
  9
$LOFTPARAM
 70
7
  9
$LOFTNORMALS
280
1
  9
$LATITUDE
 40
37.795
  9
$LONGITUDE
 40
-122.394
  9
$NORTHDIRECTION
 40
0.0
  9
$TIMEZONE
 70
-8000
  9
$LIGHTGLYPHDISPLAY
280
1
  9
$TILEMODELIGHTSYNCH
280
1
  9
$CMATERIAL
347
20
  9
$SOLIDHIST
280
0
  9
$SHOWHIST
280
1
  9
$DWFFRAME
280
2
  9
$DGNFRAME
280
2
  9
$REALWORLDSCALE
290
1
  9
$INTERFERECOLOR
 62
256
  9
$CSHADOW
280
0
  9
$SHADOWPLANELOCATION
 40
0.0
  0
ENDSEC
  0
SECTION
  2
CLASSES
  0
CLASS
  1
ACDBDICTIONARYWDFLT
  2
AcDbDictionaryWithDefault
  3
ObjectDBX Classes
 90
0
 91
0
280
0
281
0
  0
CLASS
  1
SUN
  2
AcDbSun
  3
SCENEOE
 90
1153
 91
0
280
0
281
0
  0
CLASS
  1
VISUALSTYLE
  2
AcDbVisualStyle
  3
ObjectDBX Classes
 90
4095
 91
0
280
0
281
0
  0
CLASS
  1
MATERIAL
  2
AcDbMaterial
  3
ObjectDBX Classes
 90
1153
 91
0
280
0
281
0
  0
CLASS
  1
SCALE
  2
AcDbScale
  3
ObjectDBX Classes
 90
1153
 91
0
280
0
281
0
  0
CLASS
  1
TABLESTYLE
  2
AcDbTableStyle
  3
ObjectDBX Classes
 90
4095
 91
0
280
0
281
0
  0
CLASS
  1
MLEADERSTYLE
  2
AcDbMLeaderStyle
  3
ACDB_MLEADERSTYLE_CLASS
 90
4095
 91
0
280
0
281
0
  0
CLASS
  1
DICTIONARYVAR
  2
AcDbDictionaryVar
  3
ObjectDBX Classes
 90
0
 91
0
280
0
281
0
  0
CLASS
  1
CELLSTYLEMAP
  2
AcDbCellStyleMap
  3
ObjectDBX Classes
 90
1152
 91
0
280
0
281
0
  0
CLASS
  1
MENTALRAYRENDERSETTINGS
  2
AcDbMentalRayRenderSettings
  3
SCENEOE
 90
1024
 91
0
280
0
281
0
  0
CLASS
  1
ACDBDETAILVIEWSTYLE
  2
AcDbDetailViewStyle
  3
ObjectDBX Classes
 90
1025
 91
0
280
0
281
0
  0
CLASS
  1
ACDBSECTIONVIEWSTYLE
  2
AcDbSectionViewStyle
  3
ObjectDBX Classes
 90
1025
 91
0
280
0
281
0
  0
CLASS
  1
RASTERVARIABLES
  2
AcDbRasterVariables
  3
ISM
 90
0
 91
0
280
0
281
0
  0
CLASS
  1
ACDBPLACEHOLDER
  2
AcDbPlaceHolder
  3
ObjectDBX Classes
 90
0
 91
0
280
0
281
0
  0
CLASS
  1
LAYOUT
  2
AcDbLayout
  3
ObjectDBX Classes
 90
0
 91
0
280
0
281
0
  0
ENDSEC
  0
SECTION
  2
TABLES
  0
TABLE
  2
VPORT
  5
8
330
0
100
AcDbSymbolTable
 70
1
  0
VPORT
  5
23
330
8
100
AcDbSymbolTableRecord
100
AcDbViewportTableRecord
  2
*Active
 70
0
 10
0.0
 20
0.0
 11
1.0
 21
1.0
 12
0.0
 22
0.0
 13
0.0
 23
0.0
 14
0.5
 24
0.5
 15
0.5
 25
0.5
 16
0.0
 26
0.0
 36
1.0
 17
0.0
 27
0.0
 37
0.0
 40
1000.0
 41
1.34
 42
50.0
 43
0.0
 44
0.0
 50
0.0
 51
0.0
 71
0
 72
1000
 73
1
 74
3
 75
0
 76
0
 77
0
 78
0
281
0
 65
0
146
0.0
  0
ENDTAB
  0
TABLE
  2
LTYPE
  5
2
330
0
100
AcDbSymbolTable
 70
21
  0
LTYPE
  5
24
330
2
100
AcDbSymbolTableRecord
100
AcDbLinetypeTableRecord
  2
ByBlock
 70
0
  3

 72
65
 73
0
 40
0.0
  0
LTYPE
  5
25
330
2
100
AcDbSymbolTableRecord
100
AcDbLinetypeTableRecord
  2
ByLayer
 70
0
  3

 72
65
 73
0
 40
0.0
  0
LTYPE
  5
26
330
2
100
AcDbSymbolTableRecord
100
AcDbLinetypeTableRecord
  2
Continuous
 70
0
  3

 72
65
 73
0
 40
0.0
  0
LTYPE
  5
2F
330
2
100
AcDbSymbolTableRecord
100
AcDbLinetypeTableRecord
  2
CENTER
 70
0
  3
Center ____ _ ____ _ ____ _ ____ _ ____ _ ____
 72
65
 73
4
 40
5.08
 49
3.175
 74
0
 49
-0.635
 74
0
 49
0.635
 74
0
 49
-0.635
 74
0
  0
LTYPE
  5
30
330
2
100
AcDbSymbolTableRecord
100
AcDbLinetypeTableRecord
  2
CENTERX2
 70
0
  3
Center (2x) ________  __  ________  __  ________
 72
65
 73
4
 40
8.89
 49
6.35
 74
0
 49
-0.635
 74
0
 49
1.27
 74
0
 49
-0.635
 74
0
  0
LTYPE
  5
31
330
2
100
AcDbSymbolTableRecord
100
AcDbLinetypeTableRecord
  2
CENTER2
 70
0
  3
Center (.5x) ____ _ ____ _ ____ _ ____ _ ____
 72
65
 73
4
 40
2.54
 49
1.587
 74
0
 49
-0.318
 74
0
 49
0.318
 74
0
 49
-0.318
 74
0
  0
LTYPE
  5
32
330
2
100
AcDbSymbolTableRecord
100
AcDbLinetypeTableRecord
  2
DASHED
 70
0
  3
Dashed __ __ __ __ __ __ __ __ __ __ __ __ __ _
 72
65
 73
2
 40
1.524
 49
1.27
 74
0
 49
-0.254
 74
0
  0
LTYPE
  5
33
330
2
100
AcDbSymbolTableRecord
100
AcDbLinetypeTableRecord
  2
DASHEDX2
 70
0
  3
Dashed (2x) ____  ____  ____  ____  ____  ____
 72
65
 73
2
 40
3.048
 49
2.54
 74
0
 49
-0.508
 74
0
  0
LTYPE
  5
34
330
2
100
AcDbSymbolTableRecord
100
AcDbLinetypeTableRecord
  2
DASHED2
 70
0
  3
Dashed (.5x) _ _ _ _ _ _ _ _ _ _ _ _ _ _
 72
65
 73
2
 40
0.762
 49
0.635
 74
0
 49
-0.127
 74
0
  0
LTYPE
  5
35
330
2
100
AcDbSymbolTableRecord
100
AcDbLinetypeTableRecord
  2
PHANTOM
 70
0
  3
Phantom ______  __  __  ______  __  __  ______
 72
65
 73
6
 40
6.35
 49
3.175
 74
0
 49
-0.635
 74
0
 49
0.635
 74
0
 49
-0.635
 74
0
 49
0.635
 74
0
 49
-0.635
 74
0
  0
LTYPE
  5
36
330
2
100
AcDbSymbolTableRecord
100
AcDbLinetypeTableRecord
  2
PHANTOMX2
 70
0
  3
Phantom (2x)____________    ____    ____    ____________
 72
65
 73
6
 40
10.795
 49
6.35
 74
0
 49
-0.635
 74
0
 49
1.27
 74
0
 49
-0.635
 74
0
 49
1.27
 74
0
 49
-0.635
 74
0
  0
LTYPE
  5
37
330
2
100
AcDbSymbolTableRecord
100
AcDbLinetypeTableRecord
  2
PHANTOM2
 70
0
  3
Phantom (.5x) ___ _ _ ___ _ _ ___ _ _ ___ _ _ ___
 72
65
 73
6
 40
3.175
 49
1.587
 74
0
 49
-0.318
 74
0
 49
0.318
 74
0
 49
-0.318
 74
0
 49
0.318
 74
0
 49
-0.318
 74
0
  0
LTYPE
  5
38
330
2
100
AcDbSymbolTableRecord
100
AcDbLinetypeTableRecord
  2
DASHDOT
 70
0
  3
Dash dot __ . __ . __ . __ . __ . __ . __ . __
 72
65
 73
4
 40
3.556
 49
2.54
 74
0
 49
-0.508
 74
0
 49
0.0
 74
0
 49
-0.508
 74
0
  0
LTYPE
  5
39
330
2
100
AcDbSymbolTableRecord
100
AcDbLinetypeTableRecord
  2
DASHDOTX2
 70
0
  3
Dash dot (2x) ____  .  ____  .  ____  .  ____
 72
65
 73
4
 40
6.096
 49
5.08
 74
0
 49
-0.508
 74
0
 49
0.0
 74
0
 49
-0.508
 74
0
  0
LTYPE
  5
3A
330
2
100
AcDbSymbolTableRecord
100
AcDbLinetypeTableRecord
  2
DASHDOT2
 70
0
  3
Dash dot (.5x) _ . _ . _ . _ . _ . _ . _ . _
 72
65
 73
4
 40
1.778
 49
1.27
 74
0
 49
-0.254
 74
0
 49
0.0
 74
0
 49
-0.254
 74
0
  0
LTYPE
  5
3B
330
2
100
AcDbSymbolTableRecord
100
AcDbLinetypeTableRecord
  2
DOT
 70
0
  3
Dot .  .  .  .  .  .  .  .  .  .  .  .  .  .  .  .
 72
65
 73
2
 40
0.508
 49
0.0
 74
0
 49
-0.508
 74
0
  0
LTYPE
  5
3C
330
2
100
AcDbSymbolTableRecord
100
AcDbLinetypeTableRecord
  2
DOTX2
 70
0
  3
Dot (2x) .    .    .    .    .    .    .    . 
 72
65
 73
2
 40
1.016
 49
0.0
 74
0
 49
-1.016
 74
0
  0
LTYPE
  5
3D
330
2
100
AcDbSymbolTableRecord
100
AcDbLinetypeTableRecord
  2
DOT2
 70
0
  3
Dot (.5) . . . . . . . . . . . . . . . . . . . 
 72
65
 73
2
 40
0.254
 49
0.0
 74
0
 49
-0.254
 74
0
  0
LTYPE
  5
3E
330
2
100
AcDbSymbolTableRecord
100
AcDbLinetypeTableRecord
  2
DIVIDE
 70
0
  3
Divide __ . . __ . . __ . . __ . . __ . . __
 72
65
 73
6
 40
4.064
 49
2.54
 74
0
 49
-0.508
 74
0
 49
0.0
 74
0
 49
-0.508
 74
0
 49
0.0
 74
0
 49
-0.508
 74
0
  0
LTYPE
  5
3F
330
2
100
AcDbSymbolTableRecord
100
AcDbLinetypeTableRecord
  2
DIVIDEX2
 70
0
  3
Divide (2x) ____  . .  ____  . .  ____  . .  ____
 72
65
 73
6
 40
6.604
 49
5.08
 74
0
 49
-0.508
 74
0
 49
0.0
 74
0
 49
-0.508
 74
0
 49
0.0
 74
0
 49
-0.508
 74
0
  0
LTYPE
  5
40
330
2
100
AcDbSymbolTableRecord
100
AcDbLinetypeTableRecord
  2
DIVIDE2
 70
0
  3
Divide(.5x) _ . _ . _ . _ . _ . _ . _ . _
 72
65
 73
6
 40
2.032
 49
1.27
 74
0
 49
-0.254
 74
0
 49
0.0
 74
0
 49
-0.254
 74
0
 49
0.0
 74
0
 49
-0.254
 74
0
  0
ENDTAB
  0
TABLE
  2
LAYER
  5
1
330
0
100
AcDbSymbolTable
 70
2
  0
LAYER
  5
27
330
1
100
AcDbSymbolTableRecord
100
AcDbLayerTableRecord
  2
0
 70
0
 62
7
  6
Continuous
370
-3
390
13
347
21
  0
LAYER
  5
28
330
1
100
AcDbSymbolTableRecord
100
AcDbLayerTableRecord
  2
Defpoints
 70
0
 62
7
  6
Continuous
290
0
370
-3
390
13
347
21
  0
ENDTAB
  0
TABLE
  2
STYLE
  5
5
330
0
100
AcDbSymbolTable
 70
26
  0
STYLE
  5
29
330
5
100
AcDbSymbolTableRecord
100
AcDbTextStyleTableRecord
  2
Standard
 70
0
 40
0.0
 41
1.0
 50
0.0
 71
0
 42
2.5
  3
txt
  4

  0
STYLE
  5
41
330
5
100
AcDbSymbolTableRecord
100
AcDbTextStyleTableRecord
  2
OpenSans-Light
 70
0
 40
0.0
 41
1.0
 50
0.0
 71
0
 42
2.5
  3
OpenSans-Light.ttf
  4

  0
STYLE
  5
42
330
5
100
AcDbSymbolTableRecord
100
AcDbTextStyleTableRecord
  2
OpenSans-Light-Italic
 70
0
 40
0.0
 41
1.0
 50
0.0
 71
0
 42
2.5
  3
OpenSans-LightItalic.ttf
  4

  0
STYLE
  5
43
330
5
100
AcDbSymbolTableRecord
100
AcDbTextStyleTableRecord
  2
OpenSans
 70
0
 40
0.0
 41
1.0
 50
0.0
 71
0
 42
2.5
  3
OpenSans-Regular.ttf
  4

  0
STYLE
  5
44
330
5
100
AcDbSymbolTableRecord
100
AcDbTextStyleTableRecord
  2
OpenSans-Italic
 70
0
 40
0.0
 41
1.0
 50
0.0
 71
0
 42
2.5
  3
OpenSans-Italic.ttf
  4

  0
STYLE
  5
45
330
5
100
AcDbSymbolTableRecord
100
AcDbTextStyleTableRecord
  2
OpenSans-SemiBold
 70
0
 40
0.0
 41
1.0
 50
0.0
 71
0
 42
2.5
  3
OpenSans-SemiBold.ttf
  4

  0
STYLE
  5
46
330
5
100
AcDbSymbolTableRecord
100
AcDbTextStyleTableRecord
  2
OpenSans-SemiBoldItalic
 70
0
 40
0.0
 41
1.0
 50
0.0
 71
0
 42
2.5
  3
OpenSans-SemiBoldItalic.ttf
  4

  0
STYLE
  5
47
330
5
100
AcDbSymbolTableRecord
100
AcDbTextStyleTableRecord
  2
OpenSans-Bold
 70
0
 40
0.0
 41
1.0
 50
0.0
 71
0
 42
2.5
  3
OpenSans-Bold.ttf
  4

  0
STYLE
  5
48
330
5
100
AcDbSymbolTableRecord
100
AcDbTextStyleTableRecord
  2
OpenSans-BoldItalic
 70
0
 40
0.0
 41
1.0
 50
0.0
 71
0
 42
2.5
  3
OpenSans-BoldItalic.ttf
  4

  0
STYLE
  5
49
330
5
100
AcDbSymbolTableRecord
100
AcDbTextStyleTableRecord
  2
OpenSans-ExtraBold
 70
0
 40
0.0
 41
1.0
 50
0.0
 71
0
 42
2.5
  3
OpenSans-ExtraBold.ttf
  4

  0
STYLE
  5
4A
330
5
100
AcDbSymbolTableRecord
100
AcDbTextStyleTableRecord
  2
OpenSans-ExtraBoldItalic
 70
0
 40
0.0
 41
1.0
 50
0.0
 71
0
 42
2.5
  3
OpenSans-ExtraBoldItalic.ttf
  4

  0
STYLE
  5
4B
330
5
100
AcDbSymbolTableRecord
100
AcDbTextStyleTableRecord
  2
OpenSansCondensed-Bold
 70
0
 40
0.0
 41
1.0
 50
0.0
 71
0
 42
2.5
  3
OpenSansCondensed-Bold.ttf
  4

  0
STYLE
  5
4C
330
5
100
AcDbSymbolTableRecord
100
AcDbTextStyleTableRecord
  2
OpenSansCondensed-Light
 70
0
 40
0.0
 41
1.0
 50
0.0
 71
0
 42
2.5
  3
OpenSansCondensed-Light.ttf
  4

  0
STYLE
  5
4D
330
5
100
AcDbSymbolTableRecord
100
AcDbTextStyleTableRecord
  2
OpenSansCondensed-Italic
 70
0
 40
0.0
 41
1.0
 50
0.0
 71
0
 42
2.5
  3
OpenSansCondensed-LightItalic.ttf
  4

  0
STYLE
  5
4E
330
5
100
AcDbSymbolTableRecord
100
AcDbTextStyleTableRecord
  2
LiberationSans
 70
0
 40
0.0
 41
1.0
 50
0.0
 71
0
 42
2.5
  3
LiberationSans-Regular.ttf
  4

  0
STYLE
  5
4F
330
5
100
AcDbSymbolTableRecord
100
AcDbTextStyleTableRecord
  2
LiberationSans-Bold
 70
0
 40
0.0
 41
1.0
 50
0.0
 71
0
 42
2.5
  3
LiberationSans-Bold.ttf
  4

  0
STYLE
  5
50
330
5
100
AcDbSymbolTableRecord
100
AcDbTextStyleTableRecord
  2
LiberationSans-BoldItalic
 70
0
 40
0.0
 41
1.0
 50
0.0
 71
0
 42
2.5
  3
LiberationSans-BoldItalic.ttf
  4

  0
STYLE
  5
51
330
5
100
AcDbSymbolTableRecord
100
AcDbTextStyleTableRecord
  2
LiberationSans-Italic
 70
0
 40
0.0
 41
1.0
 50
0.0
 71
0
 42
2.5
  3
LiberationSans-Italic.ttf
  4

  0
STYLE
  5
52
330
5
100
AcDbSymbolTableRecord
100
AcDbTextStyleTableRecord
  2
LiberationSerif
 70
0
 40
0.0
 41
1.0
 50
0.0
 71
0
 42
2.5
  3
LiberationSerif-Regular.ttf
  4

  0
STYLE
  5
53
330
5
100
AcDbSymbolTableRecord
100
AcDbTextStyleTableRecord
  2
LiberationSerif-Bold
 70
0
 40
0.0
 41
1.0
 50
0.0
 71
0
 42
2.5
  3
LiberationSerif-Bold.ttf
  4

  0
STYLE
  5
54
330
5
100
AcDbSymbolTableRecord
100
AcDbTextStyleTableRecord
  2
LiberationSerif-BoldItalic
 70
0
 40
0.0
 41
1.0
 50
0.0
 71
0
 42
2.5
  3
LiberationSerif-BoldItalic.ttf
  4

  0
STYLE
  5
55
330
5
100
AcDbSymbolTableRecord
100
AcDbTextStyleTableRecord
  2
LiberationSerif-Italic
 70
0
 40
0.0
 41
1.0
 50
0.0
 71
0
 42
2.5
  3
LiberationSerif-Italic.ttf
  4

  0
STYLE
  5
56
330
5
100
AcDbSymbolTableRecord
100
AcDbTextStyleTableRecord
  2
LiberationMono
 70
0
 40
0.0
 41
1.0
 50
0.0
 71
0
 42
2.5
  3
LiberationMono-Regular.ttf
  4

  0
STYLE
  5
57
330
5
100
AcDbSymbolTableRecord
100
AcDbTextStyleTableRecord
  2
LiberationMono-Bold
 70
0
 40
0.0
 41
1.0
 50
0.0
 71
0
 42
2.5
  3
LiberationMono-Bold.ttf
  4

  0
STYLE
  5
58
330
5
100
AcDbSymbolTableRecord
100
AcDbTextStyleTableRecord
  2
LiberationMono-BoldItalic
 70
0
 40
0.0
 41
1.0
 50
0.0
 71
0
 42
2.5
  3
LiberationMono-BoldItalic.ttf
  4

  0
STYLE
  5
59
330
5
100
AcDbSymbolTableRecord
100
AcDbTextStyleTableRecord
  2
LiberationMono-Italic
 70
0
 40
0.0
 41
1.0
 50
0.0
 71
0
 42
2.5
  3
LiberationMono-Italic.ttf
  4

  0
ENDTAB
  0
TABLE
  2
VIEW
  5
7
330
0
100
AcDbSymbolTable
 70
0
  0
ENDTAB
  0
TABLE
  2
UCS
  5
6
330
0
100
AcDbSymbolTable
 70
0
  0
ENDTAB
  0
TABLE
  2
APPID
  5
3
330
0
100
AcDbSymbolTable
 70
3
  0
APPID
  5
2A
330
3
100
AcDbSymbolTableRecord
100
AcDbRegAppTableRecord
  2
ACAD
 70
0
  0
APPID
  5
105
330
3
100
AcDbSymbolTableRecord
100
AcDbRegAppTableRecord
  2
HATCHBACKGROUNDCOLOR
 70
0
  0
APPID
  5
106
330
3
100
AcDbSymbolTableRecord
100
AcDbRegAppTableRecord
  2
EZDXF
 70
0
  0
ENDTAB
  0
TABLE
  2
DIMSTYLE
  5
4
330
0
100
AcDbSymbolTable
 70
12
100
AcDbDimStyleTable
  0
DIMSTYLE
105
2B
330
4
100
AcDbSymbolTableRecord
100
AcDbDimStyleTableRecord
  2
Standard
 70
0
 40
1.0
 41
2.5
 42
0.625
 43
3.75
 44
1.25
 45
0.0
 46
0.0
 47
0.0
 48
0.0
 49
2.5
140
2.5
141
2.5
142
0.0
143
0.03937007874
144
1.0
145
0.0
146
1.0
147
0.625
148
0.0
 69
0
 70
0
 71
0
 72
0
 73
0
 74
0
 75
0
 76
0
 77
1
 78
8
 79
3
170
0
171
3
172
1
173
0
174
0
175
0
176
0
177
0
178
0
179
2
271
2
272
2
273
2
274
3
275
0
276
0
277
2
278
44
279
0
280
0
281
0
282
0
283
0
284
8
285
0
286
0
288
0
289
3
290
0
371
-2
372
-2
  0
DIMSTYLE
105
73
330
4
100
AcDbSymbolTableRecord
100
AcDbDimStyleTableRecord
  2
EZDXF
 70
0
 40
1.0
 41
0.175
 42
0.125
 43
3.75
 44
0.375
 45
0.0
 46
0.0
 47
0.0
 48
0.0
 49
2.5
140
0.25
141
2.5
142
0.0
143
0.03937007874
144
100.0
145
0.0
146
0.5
147
0.1
148
0.0
 69
0
 70
0
 71
0
 72
0
 73
0
 74
0
 75
0
 76
0
 77
1
 78
12
 79
3
170
0
171
3
172
1
173
0
174
0
175
0
176
0
177
0
178
0
179
2
271
2
272
2
273
2
274
3
275
0
276
0
277
2
278
46
279
2
280
0
281
0
282
0
283
0
284
8
285
0
286
0
288
1
289
3
290
0
340
4C
342
74
371
-2
372
-2
  0
DIMSTYLE
105
7C
330
4
100
AcDbSymbolTableRecord
100
AcDbDimStyleTableRecord
  2
EZ_M_100_H25_CM
 70
0
 40
1.0
 41
0.25
 42
0.125
 43
3.75
 44
0.375
 45
0.0
 46
0.0
 47
0.0
 48
0.0
 49
2.5
140
0.25
141
2.5
142
0.125
143
0.03937007874
144
100.0
145
0.0
146
0.5
147
0.1
148
0.0
 69
0
 70
0
 71
0
 72
0
 73
0
 74
0
 75
0
 76
0
 77
1
 78
12
 79
3
170
0
171
3
172
1
173
0
174
0
175
0
176
0
177
0
178
0
179
2
271
2
272
2
273
2
274
3
275
0
276
0
277
2
278
46
279
2
280
0
281
0
282
0
283
0
284
8
285
0
286
0
288
1
289
3
290
0
340
4C
371
-2
372
-2
  0
DIMSTYLE
105
7D
330
4
100
AcDbSymbolTableRecord
100
AcDbDimStyleTableRecord
  2
EZ_M_50_H25_CM
 70
0
 40
1.0
 41
0.125
 42
0.0625
 43
3.75
 44
0.1875
 45
0.0
 46
0.0
 47
0.0
 48
0.0
 49
2.5
140
0.125
141
2.5
142
0.0625
143
0.03937007874
144
100.0
145
0.0
146
0.5
147
0.05
148
0.0
 69
0
 70
0
 71
0
 72
0
 73
0
 74
0
 75
0
 76
0
 77
1
 78
12
 79
3
170
0
171
3
172
1
173
0
174
0
175
0
176
0
177
0
178
0
179
2
271
2
272
2
273
2
274
3
275
0
276
0
277
2
278
46
279
2
280
0
281
0
282
0
283
0
284
8
285
0
286
0
288
1
289
3
290
0
340
4C
371
-2
372
-2
  0
DIMSTYLE
105
7E
330
4
100
AcDbSymbolTableRecord
100
AcDbDimStyleTableRecord
  2
EZ_M_25_H25_CM
 70
0
 40
1.0
 41
0.0625
 42
0.03125
 43
3.75
 44
0.09375
 45
0.0
 46
0.0
 47
0.0
 48
0.0
 49
2.5
140
0.0625
141
2.5
142
0.03125
143
0.03937007874
144
100.0
145
0.0
146
0.5
147
0.025
148
0.0
 69
0
 70
0
 71
0
 72
0
 73
0
 74
0
 75
0
 76
0
 77
1
 78
12
 79
3
170
0
171
3
172
1
173
0
174
0
175
0
176
0
177
0
178
0
179
2
271
2
272
2
273
2
274
3
275
0
276
0
277
2
278
46
279
2
280
0
281
0
282
0
283
0
284
8
285
0
286
0
288
1
289
3
290
0
340
4C
371
-2
372
-2
  0
DIMSTYLE
105
7F
330
4
100
AcDbSymbolTableRecord
100
AcDbDimStyleTableRecord
  2
EZ_M_20_H25_CM
 70
0
 40
1.0
 41
0.05
 42
0.025
 43
3.75
 44
0.07500000000000001
 45
0.0
 46
0.0
 47
0.0
 48
0.0
 49
2.5
140
0.05
141
2.5
142
0.025
143
0.03937007874
144
100.0
145
0.0
146
0.5
147
0.020000000000000004
148
0.0
 69
0
 70
0
 71
0
 72
0
 73
0
 74
0
 75
0
 76
0
 77
1
 78
12
 79
3
170
0
171
3
172
1
173
0
174
0
175
0
176
0
177
0
178
0
179
2
271
2
272
2
273
2
274
3
275
0
276
0
277
2
278
46
279
2
280
0
281
0
282
0
283
0
284
8
285
0
286
0
288
1
289
3
290
0
340
4C
371
-2
372
-2
  0
DIMSTYLE
105
80
330
4
100
AcDbSymbolTableRecord
100
AcDbDimStyleTableRecord
  2
EZ_M_10_H25_CM
 70
0
 40
1.0
 41
0.025
 42
0.0125
 43
3.75
 44
0.037500000000000006
 45
0.0
 46
0.0
 47
0.0
 48
0.0
 49
2.5
140
0.025
141
2.5
142
0.0125
143
0.03937007874
144
100.0
145
0.0
146
0.5
147
0.010000000000000002
148
0.0
 69
0
 70
0
 71
0
 72
0
 73
0
 74
0
 75
0
 76
0
 77
1
 78
12
 79
3
170
0
171
3
172
1
173
0
174
0
175
0
176
0
177
0
178
0
179
2
271
2
272
2
273
2
274
3
275
0
276
0
277
2
278
46
279
2
280
0
281
0
282
0
283
0
284
8
285
0
286
0
288
1
289
3
290
0
340
4C
371
-2
372
-2
  0
DIMSTYLE
105
81
330
4
100
AcDbSymbolTableRecord
100
AcDbDimStyleTableRecord
  2
EZ_M_5_H25_CM
 70
0
 40
1.0
 41
0.0125
 42
0.00625
 43
3.75
 44
0.018750000000000003
 45
0.0
 46
0.0
 47
0.0
 48
0.0
 49
2.5
140
0.0125
141
2.5
142
0.00625
143
0.03937007874
144
100.0
145
0.0
146
0.5
147
0.005000000000000001
148
0.0
 69
0
 70
0
 71
0
 72
0
 73
0
 74
0
 75
0
 76
0
 77
1
 78
12
 79
3
170
0
171
3
172
1
173
0
174
0
175
0
176
0
177
0
178
0
179
2
271
2
272
2
273
2
274
3
275
0
276
0
277
2
278
46
279
2
280
0
281
0
282
0
283
0
284
8
285
0
286
0
288
1
289
3
290
0
340
4C
371
-2
372
-2
  0
DIMSTYLE
105
82
330
4
100
AcDbSymbolTableRecord
100
AcDbDimStyleTableRecord
  2
EZ_M_1_H25_CM
 70
0
 40
1.0
 41
0.0025
 42
0.00125
 43
3.75
 44
0.00375
 45
0.0
 46
0.0
 47
0.0
 48
0.0
 49
2.5
140
0.0025
141
2.5
142
0.00125
143
0.03937007874
144
100.0
145
0.0
146
0.5
147
0.001
148
0.0
 69
0
 70
0
 71
0
 72
0
 73
0
 74
0
 75
0
 76
0
 77
1
 78
12
 79
3
170
0
171
3
172
1
173
0
174
0
175
0
176
0
177
0
178
0
179
2
271
2
272
2
273
2
274
3
275
0
276
0
277
2
278
46
279
2
280
0
281
0
282
0
283
0
284
8
285
0
286
0
288
1
289
3
290
0
340
4C
371
-2
372
-2
  0
DIMSTYLE
105
83
330
4
100
AcDbSymbolTableRecord
100
AcDbDimStyleTableRecord
  2
EZ_RADIUS
 70
0
 40
1.0
 41
0.25
 42
0.125
 43
3.75
 44
0.375
 45
0.0
 46
0.0
 47
0.0
 48
0.0
 49
2.5
140
0.25
141
0.0
142
0.0
143
0.03937007874
144
100.0
145
0.0
146
0.5
147
0.1
148
0.0
 69
0
 70
0
 71
0
 72
0
 73
0
 74
0
 75
0
 76
0
 77
1
 78
12
 79
3
170
0
171
3
172
0
173
0
174
0
175
0
176
0
177
0
178
0
179
2
271
2
272
2
273
2
274
3
275
0
276
0
277
2
278
46
279
1
280
0
281
0
282
0
283
0
284
8
285
0
286
0
288
1
289
3
290
0
340
4C
342
84
371
-2
372
-2
  0
DIMSTYLE
105
88
330
4
100
AcDbSymbolTableRecord
100
AcDbDimStyleTableRecord
  2
EZ_RADIUS_INSIDE
 70
0
 40
1.0
 41
0.25
 42
0.125
 43
3.75
 44
0.375
 45
0.0
 46
0.0
 47
0.0
 48
0.0
 49
2.5
140
0.25
141
0.0
142
0.0
143
0.03937007874
144
100.0
145
0.0
146
0.5
147
0.1
148
0.0
 69
0
 70
0
 71
0
 72
0
 73
0
 74
0
 75
0
 76
0
 77
0
 78
12
 79
3
170
0
171
3
172
0
173
0
174
1
175
0
176
0
177
0
178
0
179
2
271
2
272
2
273
2
274
3
275
0
276
0
277
2
278
46
279
0
280
0
281
0
282
0
283
0
284
8
285
0
286
0
288
1
289
0
290
0
340
4C
342
84
371
-2
372
-2
  0
DIMSTYLE
105
89
330
4
100
AcDbSymbolTableRecord
100
AcDbDimStyleTableRecord
  2
EZ_CURVED
 70
0
 40
1.0
 41
0.25
 42
0.125
 43
3.75
 44
0.375
 45
0.0
 46
0.0
 47
0.0
 48
0.0
 49
2.5
140
0.25
141
2.5
142
0.0
143
0.03937007874
144
100.0
145
0.0
146
0.5
147
0.1
148
0.0
 69
0
 70
0
 71
0
 72
0
 73
0
 74
0
 75
0
 76
0
 77
1
 78
12
 79
2
 90
2
170
0
171
3
172
1
173
0
174
0
175
0
176
0
177
0
178
0
179
2
271
2
272
2
273
2
274
3
275
0
276
0
277
2
278
46
279
2
280
0
281
0
282
0
283
0
284
8
285
0
286
0
288
1
289
3
290
0
340
4C
371
-2
372
-2
  0
ENDTAB
  0
TABLE
  2
BLOCK_RECORD
  5
9
330
0
100
AcDbSymbolTable
 70
5
  0
BLOCK_RECORD
  5
17
330
9
100
AcDbSymbolTableRecord
100
AcDbBlockTableRecord
  2
*Model_Space
340
1A
 70
0
280
1
281
0
  0
BLOCK_RECORD
  5
1B
330
9
100
AcDbSymbolTableRecord
100
AcDbBlockTableRecord
  2
*Paper_Space
340
1E
 70
0
280
1
281
0
  0
BLOCK_RECORD
  5
74
330
9
100
AcDbSymbolTableRecord
100
AcDbBlockTableRecord
  2
_ARCHTICK
340
0
 70
0
280
1
281
0
  0
BLOCK_RECORD
  5
78
330
9
100
AcDbSymbolTableRecord
100
AcDbBlockTableRecord
  2
_CLOSEDFILLED
340
0
 70
0
280
1
281
0
  0
BLOCK_RECORD
  5
84
330
9
100
AcDbSymbolTableRecord
100
AcDbBlockTableRecord
  2
_CLOSEDBLANK
340
0
 70
0
280
1
281
0
  0
ENDTAB
  0
ENDSEC
  0
SECTION
  2
BLOCKS
  0
BLOCK
  5
18
330
17
100
AcDbEntity
  8
0
100
AcDbBlockBegin
  2
*Model_Space
 70
0
 10
0.0
 20
0.0
 30
0.0
  3
*Model_Space
  1

  0
ENDBLK
  5
19
330
17
100
AcDbEntity
  8
0
100
AcDbBlockEnd
  0
BLOCK
  5
1C
330
1B
100
AcDbEntity
  8
0
100
AcDbBlockBegin
  2
*Paper_Space
 70
0
 10
0.0
 20
0.0
 30
0.0
  3
*Paper_Space
  1

  0
ENDBLK
  5
1D
330
1B
100
AcDbEntity
  8
0
100
AcDbBlockEnd
  0
BLOCK
  5
75
330
74
100
AcDbEntity
  8
0
100
AcDbBlockBegin
  2
_ARCHTICK
 70
0
 10
0.0
 20
0.0
 30
0.0
  3
_ARCHTICK
  1

  0
LWPOLYLINE
  5
77
330
74
100
AcDbEntity
  8
0
  6
BYBLOCK
 62
0
100
AcDbPolyline
 90
2
 70
0
 43
0.15
 10
-0.5
 20
-0.5
 10
0.5
 20
0.5
  0
ENDBLK
  5
76
330
74
100
AcDbEntity
  8
0
100
AcDbBlockEnd
  0
BLOCK
  5
79
330
78
100
AcDbEntity
  8
0
100
AcDbBlockBegin
  2
_CLOSEDFILLED
 70
0
 10
0.0
 20
0.0
 30
0.0
  3
_CLOSEDFILLED
  1

  0
SOLID
  5
7B
330
78
100
AcDbEntity
  8
0
  6
BYBLOCK
 62
0
100
AcDbTrace
 10
-1.0
 20
0.16439898372402537
 30
0.0
 11
0.0
 21
0.0
 31
0.0
 12
-1.0
 22
-0.16439898372402537
 32
0.0
 13
-1.0
 23
-0.16439898372402537
 33
0.0
  0
ENDBLK
  5
7A
330
78
100
AcDbEntity
  8
0
100
AcDbBlockEnd
  0
BLOCK
  5
85
330
84
100
AcDbEntity
  8
0
100
AcDbBlockBegin
  2
_CLOSEDBLANK
 70
0
 10
0.0
 20
0.0
 30
0.0
  3
_CLOSEDBLANK
  1

  0
LWPOLYLINE
  5
87
330
84
100
AcDbEntity
  8
0
  6
BYBLOCK
 62
0
100
AcDbPolyline
 90
3
 70
1
 10
-1.0
 20
0.16439898372402537
 10
0.0
 20
0.0
 10
-1.0
 20
-0.16439898372402537
  0
ENDBLK
  5
86
330
84
100
AcDbEntity
  8
0
100
AcDbBlockEnd
  0
ENDSEC
  0
SECTION
  2
ENTITIES
  0
SPLINE
  5
8A
330
17
100
AcDbEntity
  8
0
100
AcDbSpline
 70
0
 71
3
 72
0
 73
0
 74
39
 11
0.906652
 21
899.816883
 31
0.0
 11
0.7304989999993268
 21
296.9426270000064
 31
0.0
 11
0.9843370000016876
 21
252.23458599998926
 31
0.0
 11
1.3510918118962096
 21
251.36112103550266
 31
0.0
 11
3.4850940000000015
 21
250.749127
 31
0.0
 11
3.949343
 21
250.060771
 31
0.0
 11
3.525419999999995
 21
249.221633
 31
0.0
 11
1.4118404783749965
 21
247.984543457971
 31
0.0
 11
1.0750709999999992
 21
247.013501
 31
0.0
 11
0.7546850000001086
 21
230.2021419999997
 31
0.0
 11
0.5
 21
1.997489
 31
0.0
 11
5.972326999999998
 21
1.4182240000000021
 31
0.0
 11
224.60937502750494
 21
1.3446119986474514
 31
0.0
 11
1497.5
 21
1.5
 31
0.0
 11
1497.8043592192892
 21
464.3287032234192
 31
0.0
 11
1497.495218999975
 21
735.4340409999999
 31
0.0
 11
1496.751348
 21
736.4109440000001
 31
0.0
 11
1411.8204288705126
 21
748.2980725540858
 31
0.0
 11
1393.201199
 21
751.495968
 31
0.0
 11
1337.774431698905
 21
759.4984095263551
 31
0.0
 11
1322.3350071115638
 21
762.3012033179937
 31
0.0
 11
1238.6276630000002
 21
775.0536149999999
 31
0.0
 11
1225.0060234666735
 21
777.5659293128094
 31
0.0
 11
1142.8165044191348
 21
790.303568475359
 31
0.0
 11
1116.72543530718
 21
794.823450721634
 31
0.0
 11
1034.3842347118227
 21
807.8720532299915
 31
0.0
 11
902.8347517942876
 21
828.2578516717823
 31
0.0
 11
798.4219473508849
 21
843.233916361605
 31
0.0
 11
693.1027185374408
 21
856.7374305714111
 31
0.0
 11
670.6604430536092
 21
859.1222185333734
 31
0.0
 11
653.3702184670801
 21
861.6987642315431
 31
0.0
 11
568.2275010628284
 21
870.0754620785573
 31
0.0
 11
513.3208951979209
 21
874.6190420156925
 31
0.0
 11
489.77534043727246
 21
876.9886015091629
 31
0.0
 11
441.562089
 21
880.577659
 31
0.0
 11
352.69367300000005
 21
886.1151480000008
 31
0.0
 11
282.0527587812415
 21
889.7078133176826
 31
0.0
 11
189.20042130078707
 21
893.6229209986748
 31
0.0
 11
0.906652
 21
899.816883
 31
0.0
  0
SPLINE
  5
8B
330
17
100
AcDbEntity
  8
0
100
AcDbSpline
 70
0
 71
3
 72
0
 73
0
 74
42
 11
340.523885
 21
816.844885
 31
0.0
 11
343.320984
 21
814.065061
 31
0.0
 11
346.9239920945236
 21
809.5531778826305
 31
0.0
 11
350.585163277384
 21
803.9642987026585
 31
0.0
 11
353.165392
 21
799.119079
 31
0.0
 11
353.9970972456365
 21
796.003719974992
 31
0.0
 11
354.349192641608
 21
791.7623403920759
 31
0.0
 11
354.3304368972665
 21
786.0039681607287
 31
0.0
 11
353.8327657042689
 21
781.6532077364938
 31
0.0
 11
347.64871099999993
 21
773.023632
 31
0.0
 11
335.52802899999995
 21
758.935758
 31
0.0
 11
332.804395
 21
754.512616
 31
0.0
 11
331.12258
 21
749.202111
 31
0.0
 11
324.50053816332377
 21
713.599690600052
 31
0.0
 11
322.54469957068
 21
707.077614778344
 31
0.0
 11
313.889234
 21
687.152804
 31
0.0
 11
306.82186687922496
 21
676.440402276048
 31
0.0
 11
303.90973
 21
673.380642
 31
0.0
 11
302.5271587036184
 21
673.0329733355517
 31
0.0
 11
301.682133
 21
673.496772
 31
0.0
 11
301.12899719821723
 21
674.4132553772457
 31
0.0
 11
301.2524517487778
 21
677.1918001196786
 31
0.0
 11
312.892570917325
 21
704.1961113940916
 31
0.0
 11
316.84592302232204
 21
715.8738194391456
 31
0.0
 11
319.455316
 21
722.048187
 31
0.0
 11
320.27256
 21
726.941743
 31
0.0
 11
321.889712
 21
731.518288
 31
0.0
 11
323.37288177436005
 21
741.209148632988
 31
0.0
 11
323.955867
 21
749.692629
 31
0.0
 11
323.16792117811946
 21
756.756556980933
 31
0.0
 11
321.38554535703213
 21
762.864734795657
 31
0.0
 11
316.991038
 21
772.808086
 31
0.0
 11
315.84643928663996
 21
776.881911981608
 31
0.0
 11
315.626443207921
 21
783.0900844684938
 31
0.0
 11
316.5725765615413
 21
788.8338219034666
 31
0.0
 11
318.060038
 21
792.748515
 31
0.0
 11
320.57275139388133
 21
797.1387767540064
 31
0.0
 11
329.4861965511975
 21
809.13158985733
 31
0.0
 11
333.6082547839783
 21
819.0552574716546
 31
0.0
 11
334.930059
 21
819.884164
 31
0.0
 11
336.58330668952897
 21
819.7458634031213
 31
0.0
 11
340.523885
 21
816.844885
 31
0.0
  0
SPLINE
  5
8C
330
17
100
AcDbEntity
  8
0
100
AcDbSpline
 70
0
 71
3
 72
0
 73
0
 74
28
 11
213.5
 21
813.618032
 31
0.0
 11
228.90169412687996
 21
808.5233645886399
 31
0.0
 11
240.03535135950048
 21
803.7336833991394
 31
0.0
 11
249.529492635395
 21
798.120224337009
 31
0.0
 11
253.637761
 21
795.047933
 31
0.0
 11
256.433701478814
 21
792.38967222939
 31
0.0
 11
258.756571
 21
789.309427
 31
0.0
 11
261.180905
 21
784.895238
 31
0.0
 11
262.15022762143883
 21
782.1605151402513
 31
0.0
 11
262.543349397884
 21
779.350246537698
 31
0.0
 11
262.139520394036
 21
775.194940339182
 31
0.0
 11
260.9360321856501
 21
770.5265567605443
 31
0.0
 11
258.216
 21
763.499959
 31
0.0
 11
256.54028181132
 21
761.442846479671
 31
0.0
 11
254.087514
 21
760.431079
 31
0.0
 11
249.2361135002596
 21
760.8284339500015
 31
0.0
 11
233.59497299999995
 21
768.897934
 31
0.0
 11
225.60327799999996
 21
773.816006
 31
0.0
 11
220.80093093535206
 21
777.3468691221452
 31
0.0
 11
216.45262642539998
 21
781.20254348638
 31
0.0
 11
211.0454576246875
 21
787.166929817125
 31
0.0
 11
194.22673999999995
 21
808.956249
 31
0.0
 11
192.557701
 21
811.850601
 31
0.0
 11
192.124165
 21
813.894027
 31
0.0
 11
192.75
 21
815.448318
 31
0.0
 11
194.494688
 21
816.134625
 31
0.0
 11
207.22296819370587
 21
815.0095436007214
 31
0.0
 11
213.5
 21
813.618032
 31
0.0
  0
SPLINE
  5
8D
330
17
100
AcDbEntity
  8
0
100
AcDbSpline
 70
0
 71
3
 72
0
 73
0
 74
51
 11
601.507847
 21
810.61792
 31
0.0
 11
602.894331
 21
808.777625
 31
0.0
 11
602.2112700030259
 21
805.5239153290564
 31
0.0
 11
599.6756919767338
 21
799.2231660839906
 31
0.0
 11
596.350936572735
 21
793.8416987578261
 31
0.0
 11
593.677635
 21
790.485448
 31
0.0
 11
589.1422558661981
 21
786.008991009445
 31
0.0
 11
585.8906701096358
 21
783.4997848092986
 31
0.0
 11
580.713773
 21
780.595768
 31
0.0
 11
570.3762153117323
 21
776.6932929391877
 31
0.0
 11
561.2255888391785
 21
774.3385156240336
 31
0.0
 11
529.7639473918507
 21
769.3389300880244
 31
0.0
 11
519.728671
 21
767.124968
 31
0.0
 11
513.108503
 21
764.723208
 31
0.0
 11
498.65220899999997
 21
757.684324
 31
0.0
 11
493.712215
 21
755.91072
 31
0.0
 11
489.4303911161986
 21
755.5443363288185
 31
0.0
 11
487.537821
 21
756.348686
 31
0.0
 11
486.80153099999995
 21
757.245022
 31
0.0
 11
486.7985219162367
 21
757.8802752865406
 31
0.0
 11
487.80929823344553
 21
758.8798849653563
 31
0.0
 11
498.144866
 21
765.49607
 31
0.0
 11
501.158367
 21
768.948328
 31
0.0
 11
502.755986
 21
773.663634
 31
0.0
 11
504.51598600000005
 21
789.8216
 31
0.0
 11
505.11894699999993
 21
792.546801
 31
0.0
 11
505.87764111411377
 21
794.0096502806623
 31
0.0
 11
507.93709856297414
 21
796.1823625221222
 31
0.0
 11
511.996042
 21
799.073417
 31
0.0
 11
515.271763
 21
799.993725
 31
0.0
 11
517.5571679794244
 21
799.7250963032814
 31
0.0
 11
520.3638041346652
 21
798.1174093637104
 31
0.0
 11
522.3683138817279
 21
795.7044697903141
 31
0.0
 11
522.8755402516259
 21
793.4489847696799
 31
0.0
 11
521.8077857290735
 21
783.9643461086271
 31
0.0
 11
521.6679979625791
 21
778.883681483699
 31
0.0
 11
522.446377380484
 21
777.606142045381
 31
0.0
 11
525.2653023902951
 21
777.2143914596573
 31
0.0
 11
526.6904662079145
 21
777.6980475540864
 31
0.0
 11
528.1865040000739
 21
778.8429847685738
 31
0.0
 11
534.57664
 21
786.141713
 31
0.0
 11
539.0763235174098
 21
790.6448849556336
 31
0.0
 11
542.2347426881835
 21
793.2572331605479
 31
0.0
 11
545.1777137461107
 21
794.9159597262942
 31
0.0
 11
555.7244987137634
 21
798.1934491557789
 31
0.0
 11
569.5898918248768
 21
801.1244696252908
 31
0.0
 11
575.3171943757407
 21
802.7333236847356
 31
0.0
 11
583.5142440000001
 21
805.609194
 31
0.0
 11
597.6568909930841
 21
811.510115188682
 31
0.0
 11
599.5465776239394
 21
811.6977254760918
 31
0.0
 11
601.507847
 21
810.61792
 31
0.0
  0
SPLINE
  5
8E
330
17
100
AcDbEntity
  8
0
100
AcDbSpline
 70
0
 71
3
 72
0
 73
0
 74
30
 11
725.029158
 21
806.591224
 31
0.0
 11
729.698616
 21
800.443334
 31
0.0
 11
734.318366886775
 21
791.245821074699
 31
0.0
 11
734.9913400938066
 21
783.9430230954108
 31
0.0
 11
734.869675
 21
779.181699
 31
0.0
 11
734.416704
 21
776.772227
 31
0.0
 11
732.8708982709576
 21
773.8292784822992
 31
0.0
 11
729.3667024174954
 21
769.2495638500585
 31
0.0
 11
726.2259769931088
 21
766.0315733784734
 31
0.0
 11
721.5252527839918
 21
762.1404846043222
 31
0.0
 11
717.98633
 21
759.794617
 31
0.0
 11
715.3062324655372
 21
758.6366851567466
 31
0.0
 11
712.3532643921886
 21
758.2596047208721
 31
0.0
 11
709.7534959147691
 21
758.7479277564051
 31
0.0
 11
707.0618818148247
 21
760.1431191076091
 31
0.0
 11
703.952305300126
 21
762.6490331047339
 31
0.0
 11
700.9465690877345
 21
765.6758505223098
 31
0.0
 11
698.7847250370532
 21
768.6916503240241
 31
0.0
 11
697.762521454339
 21
771.039223222295
 31
0.0
 11
697.086924616626
 21
774.51708370207
 31
0.0
 11
697.0207729919757
 21
777.1141994232838
 31
0.0
 11
697.5103537701178
 21
779.9535045438917
 31
0.0
 11
699.8367545310451
 21
784.4517645782748
 31
0.0
 11
712.151643428429
 21
801.371445771954
 31
0.0
 11
714.895351
 21
805.937429
 31
0.0
 11
716.65224
 21
807.958762
 31
0.0
 11
718.8671964032673
 21
809.7413102270206
 31
0.0
 11
720.176168855466
 21
809.9866361851732
 31
0.0
 11
722.487178140187
 21
808.7369324975549
 31
0.0
 11
725.029158
 21
806.591224
 31
0.0
  0
SPLINE
  5
8F
330
17
100
AcDbEntity
  8
0
100
AcDbSpline
 70
0
 71
3
 72
0
 73
0
 74
63
 11
451.682887
 21
805.75
 31
0.0
 11
454.1254906795968
 21
799.6096047755551
 31
0.0
 11
455.357549506402
 21
792.5203482002338
 31
0.0
 11
456.6373162199427
 21
790.6758594992334
 31
0.0
 11
457.8850336857583
 21
785.9588572224505
 31
0.0
 11
465.57770693262705
 21
769.5947327456554
 31
0.0
 11
465.963497333805
 21
767.1077695828287
 31
0.0
 11
464.3961282988462
 21
760.769963961677
 31
0.0
 11
461.58536956107605
 21
755.1850982015305
 31
0.0
 11
457.46825176166095
 21
749.3681993729969
 31
0.0
 11
451.771647
 21
742.861369
 31
0.0
 11
450.8316018309944
 21
740.3942597106687
 31
0.0
 11
449.58199962806816
 21
739.7117903567125
 31
0.0
 11
448.261345
 21
737.271163
 31
0.0
 11
447.0
 21
733.000635
 31
0.0
 11
447.41446540412716
 21
731.3515746573325
 31
0.0
 11
448.4075307626689
 21
730.0492633654164
 31
0.0
 11
449.8770843566465
 21
729.9234443155128
 31
0.0
 11
451.99262408082683
 21
730.8489699090726
 31
0.0
 11
464.73008329253
 21
739.86536009828
 31
0.0
 11
472.05948415949575
 21
743.9758897057709
 31
0.0
 11
479.451109
 21
746.823661
 31
0.0
 11
485.297502947281
 21
748.328851453979
 31
0.0
 11
495.32732759068415
 21
749.8476801286429
 31
0.0
 11
524.545543
 21
752.483492
 31
0.0
 11
531.1188522854301
 21
754.02766486749
 31
0.0
 11
539.0062501939517
 21
754.9614768612071
 31
0.0
 11
540.2956605953534
 21
754.7775023146379
 31
0.0
 11
540.937602270169
 21
753.78471780826
 31
0.0
 11
540.9079448133718
 21
752.1672032027932
 31
0.0
 11
540.1957441592409
 21
750.1940464248103
 31
0.0
 11
535.5787956274062
 21
744.9148943134599
 31
0.0
 11
528.9917116840525
 21
739.1212037701606
 31
0.0
 11
521.8189201469178
 21
734.3670084431861
 31
0.0
 11
515.5861548404399
 21
731.4961509303411
 31
0.0
 11
509.1224865608234
 21
729.6298907315548
 31
0.0
 11
501.06581953708206
 21
728.2749489474076
 31
0.0
 11
473.53084299999995
 21
725.999787
 31
0.0
 11
468.493105685395
 21
725.2676403128902
 31
0.0
 11
465.5488087779414
 21
724.5468110624694
 31
0.0
 11
461.852225
 21
723.032044
 31
0.0
 11
448.4702291490319
 21
715.1346877124024
 31
0.0
 11
446.172816352924
 21
715.14867100679
 31
0.0
 11
443.21819656891853
 21
716.349370476694
 31
0.0
 11
440.418204433656
 21
718.5843775352
 31
0.0
 11
438.0200854463235
 21
721.7069615153605
 31
0.0
 11
429.7475078466469
 21
736.1379281646502
 31
0.0
 11
425.5335085183275
 21
742.55198966019
 31
0.0
 11
420.49910267549046
 21
752.1367607986878
 31
0.0
 11
418.4717217375578
 21
756.6707142054412
 31
0.0
 11
417.34502702453
 21
760.6922544898
 31
0.0
 11
417.15059940305395
 21
770.74075993966
 31
0.0
 11
417.6450264045162
 21
773.8026496634031
 31
0.0
 11
418.70625
 21
774.461136
 31
0.0
 11
419.50076500000006
 21
777.427525
 31
0.0
 11
423.4512112154
 21
783.6303481924425
 31
0.0
 11
427.27416605583056
 21
788.5887444865974
 31
0.0
 11
438.642791
 21
800.9899
 31
0.0
 11
442.36546018753853
 21
804.3568616493785
 31
0.0
 11
446.038582
 21
806.383547
 31
0.0
 11
449.4531042499435
 21
806.904789487583
 31
0.0
 11
450.8014227504525
 21
806.550980549743
 31
0.0
 11
451.682887
 21
805.75
 31
0.0
  0
SPLINE
  5
90
330
17
100
AcDbEntity
  8
0
100
AcDbSpline
 70
0
 71
3
 72
0
 73
0
 74
9
 11
925.0
 21
787.5
 31
0.0
 11
924.6593151734802
 21
786.3484445960239
 31
0.0
 11
923.8409723981088
 21
786.0151595347925
 31
0.0
 11
922.877120562964
 21
786.51943632652
 31
0.0
 11
922.401415
 21
787.683432
 31
0.0
 11
922.8772187165187
 21
788.5272944349848
 31
0.0
 11
924.0804164960167
 21
788.9829604114319
 31
0.0
 11
924.7127359923543
 21
788.5905006794579
 31
0.0
 11
925.0
 21
787.5
 31
0.0
  0
SPLINE
  5
91
330
17
100
AcDbEntity
  8
0
100
AcDbSpline
 70
0
 71
3
 72
0
 73
0
 74
69
 11
155.789414
 21
785.984328
 31
0.0
 11
163.93116041342742
 21
784.8952418636125
 31
0.0
 11
176.76683823904636
 21
782.4206413577732
 31
0.0
 11
196.7603770661545
 21
777.426586840883
 31
0.0
 11
210.72799488961877
 21
772.464730710863
 31
0.0
 11
216.9569635501341
 21
769.6657081269011
 31
0.0
 11
225.56066460790979
 21
764.9021162168153
 31
0.0
 11
229.76707613880927
 21
761.4896830758723
 31
0.0
 11
233.6364136286213
 21
756.6690144925958
 31
0.0
 11
237.20756403560137
 21
749.5655750647691
 31
0.0
 11
238.64244663222783
 21
742.8403282013405
 31
0.0
 11
245.76338526696097
 21
728.2238468226761
 31
0.0
 11
258.461111
 21
707.114994
 31
0.0
 11
260.843256
 21
702.678737
 31
0.0
 11
261.17025150159503
 21
701.3758896323415
 31
0.0
 11
262.987501227569
 21
700.6379509109514
 31
0.0
 11
263.826061
 21
699.667158
 31
0.0
 11
274.94686100000007
 21
673.603162
 31
0.0
 11
276.6733626620289
 21
665.1593529916245
 31
0.0
 11
279.237984
 21
660.367985
 31
0.0
 11
280.66909330086816
 21
659.3085442893262
 31
0.0
 11
283.24064637928
 21
659.658295839448
 31
0.0
 11
290.10283528713
 21
661.9343066584825
 31
0.0
 11
291.5973681825951
 21
661.8819805222959
 31
0.0
 11
292.7108968119404
 21
660.9486647022972
 31
0.0
 11
292.92705717435
 21
658.603215987128
 31
0.0
 11
292.0473477729435
 21
655.1018087154725
 31
0.0
 11
290.642457
 21
651.543495
 31
0.0
 11
289.13258001985446
 21
650.5398081123975
 31
0.0
 11
288.268781517116
 21
647.5127849949398
 31
0.0
 11
273.38507758004005
 21
632.74354369864
 31
0.0
 11
266.52212903863324
 21
626.6831003620952
 31
0.0
 11
260.5917050000001
 21
622.318347
 31
0.0
 11
252.6560671379693
 21
617.7038905556873
 31
0.0
 11
246.7916727463532
 21
615.2432241649478
 31
0.0
 11
242.25630092725473
 21
614.061049517097
 31
0.0
 11
240.88801415410032
 21
614.2928111121905
 31
0.0
 11
239.42077784751
 21
615.30450081726
 31
0.0
 11
238.61358273749215
 21
616.645926120889
 31
0.0
 11
238.51984035015087
 21
617.597448564639
 31
0.0
 11
239.50076090493891
 21
620.1603094208139
 31
0.0
 11
249.10312814423133
 21
633.5212724747643
 31
0.0
 11
255.38962697092092
 21
644.4911333186823
 31
0.0
 11
257.245524488625
 21
650.27558401037
 31
0.0
 11
258.47665446524263
 21
657.6762890902438
 31
0.0
 11
258.88142693154396
 21
669.5697028845619
 31
0.0
 11
257.41793634031364
 21
681.8950546733086
 31
0.0
 11
254.64157098838604
 21
691.896576447318
 31
0.0
 11
249.24369799999988
 21
703.832283
 31
0.0
 11
245.65369999999984
 21
711.133359
 31
0.0
 11
240.321641
 21
720.011021
 31
0.0
 11
234.45113291001803
 21
726.9512484538625
 31
0.0
 11
229.26141575457166
 21
731.3764573889129
 31
0.0
 11
225.12484652877544
 21
733.7096832659396
 31
0.0
 11
220.4483570486384
 21
735.5180791476107
 31
0.0
 11
192.30463089046907
 21
742.4377653941203
 31
0.0
 11
183.033283
 21
745.847853
 31
0.0
 11
172.71266382702467
 21
751.190619910589
 31
0.0
 11
165.8153462318345
 21
755.4911777836762
 31
0.0
 11
158.876261164389
 21
760.4070482421706
 31
0.0
 11
148.76691796449597
 21
768.720946545808
 31
0.0
 11
142.32503299999996
 21
774.771739
 31
0.0
 11
138.699048
 21
778.822953
 31
0.0
 11
137.094581
 21
781.990483
 31
0.0
 11
137.13740431728175
 21
783.7734108085192
 31
0.0
 11
138.68280157538993
 21
785.6828186291757
 31
0.0
 11
142.328956330304
 21
786.7480791025228
 31
0.0
 11
147.3520762490778
 21
786.7803822633857
 31
0.0
 11
155.789414
 21
785.984328
 31
0.0
  0
SPLINE
  5
92
330
17
100
AcDbEntity
  8
0
100
AcDbSpline
 70
0
 71
3
 72
0
 73
0
 74
16
 11
103.629081
 21
782.877286
 31
0.0
 11
103.96578667030678
 21
782.7685738942229
 31
0.0
 11
108.035723727074
 21
780.4684433924799
 31
0.0
 11
109.346619
 21
778.898746
 31
0.0
 11
109.62799187748162
 21
777.7590934147813
 31
0.0
 11
107.50905208976806
 21
773.3237501320395
 31
0.0
 11
103.02976399999997
 21
768.208701
 31
0.0
 11
92.71554499999993
 21
760.611348
 31
0.0
 11
84.14825659408754
 21
755.8283116551459
 31
0.0
 11
76.438153018676
 21
752.757005238156
 31
0.0
 11
68.5
 21
751.5
 31
0.0
 11
67.946367
 21
781.029111
 31
0.0
 11
75.30274697323446
 21
783.3157147879626
 31
0.0
 11
84.44148550398985
 21
784.0529097054388
 31
0.0
 11
97.09876900000002
 21
784.01359
 31
0.0
 11
103.629081
 21
782.877286
 31
0.0
  0
SPLINE
  5
93
330
17
100
AcDbEntity
  8
0
100
AcDbSpline
 70
0
 71
3
 72
0
 73
0
 74
25
 11
387.777494
 21
762.443296
 31
0.0
 11
389.304407
 21
760.873832
 31
0.0
 11
389.855944
 21
759.070746
 31
0.0
 11
389.512618
 21
756.289221
 31
0.0
 11
387.898605
 21
750.5282139999999
 31
0.0
 11
382.5394718061687
 21
735.8247494182041
 31
0.0
 11
380.2757924768293
 21
732.0882886364328
 31
0.0
 11
377.5873383332247
 21
728.9433009824152
 31
0.0
 11
374.5333801757103
 21
726.5341405828334
 31
0.0
 11
368.263065275199
 21
723.503595880959
 31
0.0
 11
340.1770329045717
 21
713.789163288024
 31
0.0
 11
337.21722347546773
 21
713.0105398916871
 31
0.0
 11
335.7700105892778
 21
713.4705523395886
 31
0.0
 11
335.113605
 21
715.728503
 31
0.0
 11
336.565419723956
 21
720.5185449421937
 31
0.0
 11
348.19258939117935
 21
746.0286293790191
 31
0.0
 11
349.987508
 21
749.082996
 31
0.0
 11
351.8063734406111
 21
751.2448399698991
 31
0.0
 11
355.7067475391145
 21
754.3394440036516
 31
0.0
 11
360.9545348197545
 21
757.6389577752456
 31
0.0
 11
369.81724371164603
 21
761.5334924796955
 31
0.0
 11
376.48824693751527
 21
763.287340584778
 31
0.0
 11
382.639564
 21
763.963627
 31
0.0
 11
385.332498310071
 21
763.62241345013
 31
0.0
 11
387.777494
 21
762.443296
 31
0.0
  0
SPLINE
  5
94
330
17
100
AcDbEntity
  8
0
100
AcDbSpline
 70
0
 71
3
 72
0
 73
0
 74
61
 11
669.777494
 21
762.443296
 31
0.0
 11
671.842017
 21
759.997529
 31
0.0
 11
671.8663196288888
 21
757.9202260705162
 31
0.0
 11
669.5865019469653
 21
750.8040192295658
 31
0.0
 11
665.437897
 21
743.704672
 31
0.0
 11
662.1687065616873
 21
739.3589989608522
 31
0.0
 11
656.8022053269497
 21
733.90866259145
 31
0.0
 11
649.4721744058223
 21
728.6966720396506
 31
0.0
 11
640.6907848035855
 21
724.8366931569598
 31
0.0
 11
633.079389
 21
722.803005
 31
0.0
 11
593.6586733563677
 21
717.2146732079977
 31
0.0
 11
588.3726598533407
 21
715.6246138161325
 31
0.0
 11
587.5708508648243
 21
714.3142906200013
 31
0.0
 11
587.541057
 21
713.514063
 31
0.0
 11
588.8177268692519
 21
710.8916878786615
 31
0.0
 11
593.125860954882
 21
708.034976496394
 31
0.0
 11
603.732742858079
 21
702.1979201597633
 31
0.0
 11
607.433677694848
 21
699.31387132948
 31
0.0
 11
608.6261717690016
 21
697.7029888986785
 31
0.0
 11
609.0
 21
696.089707
 31
0.0
 11
608.4029382999383
 21
694.791803574749
 31
0.0
 11
607.4080878521592
 21
694.325152667579
 31
0.0
 11
605.602119
 21
694.286485
 31
0.0
 11
602.1452166423713
 21
695.3280001908739
 31
0.0
 11
581.8718751190108
 21
704.7196925326828
 31
0.0
 11
572.903849699384
 21
707.962763029148
 31
0.0
 11
561.600364
 21
710.571672
 31
0.0
 11
554.7462652830066
 21
711.5128505014086
 31
0.0
 11
547.840705
 21
711.934423
 31
0.0
 11
524.9094833328584
 21
711.4815259478687
 31
0.0
 11
510.576763
 21
710.23117
 31
0.0
 11
502.00716055966603
 21
709.0655827029395
 31
0.0
 11
473.1865397084011
 21
703.3687132207853
 31
0.0
 11
439.93276555317243
 21
695.4018778470768
 31
0.0
 11
437.638408265873
 21
695.4305260660004
 31
0.0
 11
434.690197801544
 21
696.601980355439
 31
0.0
 11
430.19937
 21
699.616495
 31
0.0
 11
429.1667533183561
 21
701.0373508792126
 31
0.0
 11
429.560001
 21
701.710308
 31
0.0
 11
433.203438
 21
702.268498
 31
0.0
 11
435.26519
 21
703.342798
 31
0.0
 11
438.73705851117546
 21
704.3624249415935
 31
0.0
 11
465.8661333808834
 21
710.5403623784307
 31
0.0
 11
513.834304188367
 21
720.1928068164049
 31
0.0
 11
525.5054434043175
 21
721.5557541600092
 31
0.0
 11
538.4866710652651
 21
722.5147693418472
 31
0.0
 11
546.639357115016
 21
722.7513054019581
 31
0.0
 11
559.3558641242545
 21
722.3764398451592
 31
0.0
 11
565.524907
 21
722.984226
 31
0.0
 11
567.840536
 21
724.413726
 31
0.0
 11
571.2820521843796
 21
728.4255673629731
 31
0.0
 11
577.9212342461674
 21
739.6327691219631
 31
0.0
 11
587.1161384367525
 21
748.7091846519351
 31
0.0
 11
591.4848532847744
 21
752.1756003053023
 31
0.0
 11
595.515609
 21
754.652301
 31
0.0
 11
604.125708
 21
758.58268
 31
0.0
 11
609.9512478368077
 21
760.4186505783684
 31
0.0
 11
621.679581
 21
762.137578
 31
0.0
 11
663.5274940000004
 21
763.8367310000001
 31
0.0
 11
667.03496
 21
763.504465
 31
0.0
 11
669.777494
 21
762.443296
 31
0.0
  0
SPLINE
  5
95
330
17
100
AcDbEntity
  8
0
100
AcDbSpline
 70
0
 71
3
 72
0
 73
0
 74
19
 11
793.472222
 21
754.070585
 31
0.0
 11
790.075621
 21
751.528788
 31
0.0
 11
766.6267089999999
 21
738.909028
 31
0.0
 11
758.791733
 21
735.301998
 31
0.0
 11
753.4101669276909
 21
733.5694036436769
 31
0.0
 11
742.504671
 21
732.099278
 31
0.0
 11
732.1196762630095
 21
732.2647966138214
 31
0.0
 11
727.48691
 21
733.451849
 31
0.0
 11
725.1328578365404
 21
734.7687620502145
 31
0.0
 11
723.254609
 21
736.704738
 31
0.0
 11
722.4618227015449
 21
738.7572107508901
 31
0.0
 11
722.778071
 21
740.934627
 31
0.0
 11
723.4948455569178
 21
742.3506937409235
 31
0.0
 11
726.674987
 21
745.835898
 31
0.0
 11
732.7045977895853
 21
749.6559749855047
 31
0.0
 11
742.385683
 21
754.5
 31
0.0
 11
793.993397
 21
755.9123640000001
 31
0.0
 11
794.7221192691424
 21
755.4196394058715
 31
0.0
 11
793.472222
 21
754.070585
 31
0.0
  0
SPLINE
  5
96
330
17
100
AcDbEntity
  8
0
100
AcDbSpline
 70
0
 71
3
 72
0
 73
0
 74
42
 11
939.5
 21
752.064965
 31
0.0
 11
942.7910421598099
 21
748.9837722397085
 31
0.0
 11
945.7718570439295
 21
744.76772877395
 31
0.0
 11
948.4799782062956
 21
739.035721065812
 31
0.0
 11
949.298053468112
 21
735.083238919616
 31
0.0
 11
949.4540979000872
 21
722.5153602236004
 31
0.0
 11
948.8211052664593
 21
715.2077347242341
 31
0.0
 11
947.933964
 21
712.5
 31
0.0
 11
943.7273767563498
 21
705.2470302862934
 31
0.0
 11
937.9500489336075
 21
698.3482675512968
 31
0.0
 11
927.799076928812
 21
688.7583555951306
 31
0.0
 11
910.8155399212081
 21
675.6412692485816
 31
0.0
 11
903.111775
 21
668.944075
 31
0.0
 11
885.3037319101139
 21
650.13176378473
 31
0.0
 11
879.9173013424667
 21
645.1379808438985
 31
0.0
 11
863.806861
 21
631.799508
 31
0.0
 11
860.6397190481862
 21
629.8484597519163
 31
0.0
 11
859.3066546949126
 21
629.3135157326473
 31
0.0
 11
858.7569660933594
 21
629.4571025102445
 31
0.0
 11
858.434748
 21
630.129473
 31
0.0
 11
858.9307608919731
 21
632.0583640381534
 31
0.0
 11
862.759394
 21
636.966591
 31
0.0
 11
877.2660936174387
 21
648.8999597283914
 31
0.0
 11
883.289230068424
 21
654.9110233226046
 31
0.0
 11
887.027072677792
 21
660.11000903516
 31
0.0
 11
890.091014130484
 21
665.804216213072
 31
0.0
 11
892.20510086234
 21
673.017749248695
 31
0.0
 11
893.928176876502
 21
682.079267494619
 31
0.0
 11
894.8829473056594
 21
691.3033533565949
 31
0.0
 11
895.3217845497171
 21
703.907611819834
 31
0.0
 11
896.9652719732975
 21
715.6518364662761
 31
0.0
 11
900.129884
 21
726.326331
 31
0.0
 11
902.955259176519
 21
732.5987963101845
 31
0.0
 11
906.474691
 21
738.509817
 31
0.0
 11
910.5105519221
 21
743.7263641124334
 31
0.0
 11
915.184314
 21
748.380017
 31
0.0
 11
918.383811021152
 21
750.9207409406549
 31
0.0
 11
923.2466827499742
 21
753.8959269333601
 31
0.0
 11
927.881369
 21
755.28962
 31
0.0
 11
930.806949618936
 21
755.408194246315
 31
0.0
 11
935.2236437437282
 21
754.3602752418229
 31
0.0
 11
939.5
 21
752.064965
 31
0.0
  0
SPLINE
  5
97
330
17
100
AcDbEntity
  8
0
100
AcDbSpline
 70
0
 71
3
 72
0
 73
0
 74
24
 11
105.208578
 21
743.25
 31
0.0
 11
106.20225803902348
 21
734.8702533757494
 31
0.0
 11
108.82792161228339
 21
728.7403730978855
 31
0.0
 11
109.98262369550088
 21
724.8595225814669
 31
0.0
 11
110.138587817712
 21
718.134503193692
 31
0.0
 11
109.36062
 21
713.494583
 31
0.0
 11
107.19933855738897
 21
708.1904187649443
 31
0.0
 11
105.25070641026413
 21
705.7118436845169
 31
0.0
 11
102.93893086008336
 21
705.029870163188
 31
0.0
 11
101.17585057747232
 21
705.5272676878382
 31
0.0
 11
99.82319800000002
 21
706.648574
 31
0.0
 11
95.41474697584569
 21
712.4293459305426
 31
0.0
 11
91.635492978307
 21
718.317143366708
 31
0.0
 11
89.31371458347755
 21
723.9418578893359
 31
0.0
 11
88.718726398248
 21
727.7418482880021
 31
0.0
 11
88.71140240985179
 21
731.6520862343664
 31
0.0
 11
89.6017086390124
 21
736.5373309890824
 31
0.0
 11
91.63773686410572
 21
740.6606365143793
 31
0.0
 11
96.51556668176522
 21
746.8048663904119
 31
0.0
 11
101.54607562080216
 21
751.5743554232723
 31
0.0
 11
103.33803225345564
 21
751.9706911529687
 31
0.0
 11
104.3064864133535
 21
750.9987135452865
 31
0.0
 11
104.84543546112069
 21
748.6070235592771
 31
0.0
 11
105.208578
 21
743.25
 31
0.0
  0
SPLINE
  5
98
330
17
100
AcDbEntity
  8
0
100
AcDbSpline
 70
0
 71
3
 72
0
 73
0
 74
31
 11
284.931194
 21
745.90077
 31
0.0
 11
288.2258713622836
 21
743.4915630436312
 31
0.0
 11
290.95002458713196
 21
740.658529681516
 31
0.0
 11
292.40281999999996
 21
738.536627
 31
0.0
 11
293.97452369089825
 21
735.1220254236697
 31
0.0
 11
295.0
 21
728.871669
 31
0.0
 11
294.6542849121991
 21
725.363238742877
 31
0.0
 11
293.655762524566
 21
722.209389156532
 31
0.0
 11
291.8891911832153
 21
719.4422119104883
 31
0.0
 11
289.399106
 21
717.05647
 31
0.0
 11
285.85416670854187
 21
714.718944845811
 31
0.0
 11
281.46189609786967
 21
712.5693467068796
 31
0.0
 11
278.685415684476
 21
711.574564255596
 31
0.0
 11
275.3778274442505
 21
711.0770818803101
 31
0.0
 11
273.0236308223779
 21
711.277027738704
 31
0.0
 11
270.091052946803
 21
712.1769114528062
 31
0.0
 11
267.701738164231
 21
713.63338455612
 31
0.0
 11
264.61832666898005
 21
716.28214205549
 31
0.0
 11
263.30478829379706
 21
717.7109566143547
 31
0.0
 11
262.676875
 21
719.632018
 31
0.0
 11
260.9746100428397
 21
721.097481765703
 31
0.0
 11
260.963637087093
 21
729.54560200816
 31
0.0
 11
261.92486009270675
 21
734.8015406855161
 31
0.0
 11
263.70870691560725
 21
737.9640950169605
 31
0.0
 11
266.884741
 21
741.844027
 31
0.0
 11
270.4267528042879
 21
745.0618574331622
 31
0.0
 11
273.25373997772476
 21
746.7240482068721
 31
0.0
 11
276.39747341766736
 21
747.7042292060312
 31
0.0
 11
278.758522
 21
747.86534
 31
0.0
 11
281.871521
 21
747.310328
 31
0.0
 11
284.931194
 21
745.90077
 31
0.0
  0
SPLINE
  5
99
330
17
100
AcDbEntity
  8
0
100
AcDbSpline
 70
0
 71
3
 72
0
 73
0
 74
77
 11
699.413984
 21
734.889
 31
0.0
 11
701.63610707321
 21
732.7477153958889
 31
0.0
 11
703.5944680797485
 21
730.1410019934968
 31
0.0
 11
712.442417
 21
717.105253
 31
0.0
 11
715.379895
 21
711.698909
 31
0.0
 11
717.3214054137384
 21
706.1536400833979
 31
0.0
 11
717.601195
 21
703.206185
 31
0.0
 11
717.2554780495722
 21
699.8385571226859
 31
0.0
 11
713.4428637609464
 21
686.4425874656328
 31
0.0
 11
712.187322
 21
679.698883
 31
0.0
 11
712.10445334392
 21
673.85669282784
 31
0.0
 11
712.417082
 21
671.372881
 31
0.0
 11
712.9425062806035
 21
670.2427272108209
 31
0.0
 11
714.7074559303813
 21
669.3557902256491
 31
0.0
 11
716.939511
 21
669.571329
 31
0.0
 11
732.4040208317617
 21
675.9425894123948
 31
0.0
 11
737.2989100432018
 21
677.4006567048485
 31
0.0
 11
740.688426
 21
677.945602
 31
0.0
 11
746.130042
 21
678.2357399999999
 31
0.0
 11
752.4089401115281
 21
677.8885509956882
 31
0.0
 11
754.9431804475978
 21
676.6810732095554
 31
0.0
 11
755.435077
 21
675.279623
 31
0.0
 11
754.621681
 21
672.826053
 31
0.0
 11
752.555724
 21
670.3273
 31
0.0
 11
744.4915500507193
 21
663.116463408963
 31
0.0
 11
737.641918984398
 21
657.8582957536905
 31
0.0
 11
731.5689353538626
 21
654.9256514274875
 31
0.0
 11
718.95290046275
 21
651.0801660547501
 31
0.0
 11
711.8985463015872
 21
647.1858005573629
 31
0.0
 11
708.9492768837958
 21
643.8056494750814
 31
0.0
 11
700.4055271234322
 21
628.6133696440369
 31
0.0
 11
696.196189067072
 21
622.277851916592
 31
0.0
 11
692.2311803571648
 21
618.6316488234794
 31
0.0
 11
689.7268743281589
 21
617.6221790601319
 31
0.0
 11
686.9332472653963
 21
617.4364223889658
 31
0.0
 11
684.1253777104358
 21
618.0278314680673
 31
0.0
 11
679.700206
 21
620.20639
 31
0.0
 11
686.6767526187657
 21
626.4638794024145
 31
0.0
 11
689.532068560928
 21
631.0627723469111
 31
0.0
 11
692.7241726012975
 21
640.1021551399091
 31
0.0
 11
692.9358491575761
 21
648.601880457776
 31
0.0
 11
692.387817741382
 21
653.1556943539882
 31
0.0
 11
688.811938172941
 21
660.363244285364
 31
0.0
 11
684.2971473820538
 21
665.4959224300777
 31
0.0
 11
677.511732
 21
671.385663
 31
0.0
 11
663.0444293554258
 21
681.9918951952825
 31
0.0
 11
659.14533
 21
685.542034
 31
0.0
 11
655.187779
 21
690.008318
 31
0.0
 11
652.772284
 21
694.099045
 31
0.0
 11
650.329145
 21
700.556425
 31
0.0
 11
649.3568727693133
 21
704.4434085992793
 31
0.0
 11
649.0847789436482
 21
708.6859466793976
 31
0.0
 11
649.352648325027
 21
710.3279579977167
 31
0.0
 11
650.508464
 21
712.007024
 31
0.0
 11
652.660468759844
 21
713.0672684771821
 31
0.0
 11
655.059301
 21
713.03817
 31
0.0
 11
663.09425
 21
710.158649
 31
0.0
 11
672.043235
 21
704.901505
 31
0.0
 11
678.1405639669672
 21
699.9072747442555
 31
0.0
 11
683.1394877485911
 21
694.5715692466702
 31
0.0
 11
690.440881853416
 21
683.912417583944
 31
0.0
 11
695.7682590773233
 21
673.4633463315301
 31
0.0
 11
697.1230770643422
 21
672.1104940048808
 31
0.0
 11
698.9562602000294
 21
672.1666527082617
 31
0.0
 11
694.9134146796715
 21
690.7751721367365
 31
0.0
 11
690.612225
 21
702.205041
 31
0.0
 11
688.4068139999999
 21
709.79879
 31
0.0
 11
687.345325
 21
715.100333
 31
0.0
 11
687.0818327538374
 21
718.7422952192952
 31
0.0
 11
687.280134240725
 21
722.3195440866896
 31
0.0
 11
688.27904449034
 21
727.0780291669
 31
0.0
 11
689.5500231183988
 21
730.6708728667859
 31
0.0
 11
691.7099142702489
 21
734.8918222643221
 31
0.0
 11
693.55321
 21
736.448428
 31
0.0
 11
694.849403929178
 21
736.8210783289616
 31
0.0
 11
697.0469792972842
 21
736.3114739915745
 31
0.0
 11
699.413984
 21
734.889
 31
0.0
  0
SPLINE
  5
9A
330
17
100
AcDbEntity
  8
0
100
AcDbSpline
 70
0
 71
3
 72
0
 73
0
 74
25
 11
804.095708
 21
730.284392
 31
0.0
 11
806.222588
 21
728.44183
 31
0.0
 11
807.0
 21
726.378893
 31
0.0
 11
806.400504
 21
723.425352
 31
0.0
 11
803.7034028601047
 21
718.2730105213776
 31
0.0
 11
800.6491826246195
 21
713.9862643109235
 31
0.0
 11
796.3536664339334
 21
709.3473599231146
 31
0.0
 11
792.7630516022133
 21
706.4628195639034
 31
0.0
 11
786.4435605554299
 21
702.8525611341179
 31
0.0
 11
778.7612621202093
 21
699.9704261826896
 31
0.0
 11
769.354202
 21
697.6366419999999
 31
0.0
 11
743.649654014572
 21
693.395128746434
 31
0.0
 11
726.3023982828187
 21
689.6457702291702
 31
0.0
 11
724.2557860801741
 21
689.414176808904
 31
0.0
 11
723.2619784351579
 21
690.2027277844377
 31
0.0
 11
722.9626681855472
 21
691.5499135985324
 31
0.0
 11
723.579385
 21
692.778237
 31
0.0
 11
740.3784589995884
 21
707.9996182763646
 31
0.0
 11
753.9278727847922
 21
718.5708676641448
 31
0.0
 11
762.563597
 21
723.498124
 31
0.0
 11
773.929144556523
 21
727.8838871612298
 31
0.0
 11
788.4798979880844
 21
731.4454968698591
 31
0.0
 11
797.4900687143521
 21
731.8014415375623
 31
0.0
 11
801.8449615270051
 21
731.2206487270319
 31
0.0
 11
804.095708
 21
730.284392
 31
0.0
  0
LWPOLYLINE
  5
9B
330
17
100
AcDbEntity
  8
0
100
AcDbPolyline
 90
2
 70
1
 10
196.5
 20
723.259868
 10
196.50000000000003
 20
723.259868
  0
LWPOLYLINE
  5
9C
330
17
100
AcDbEntity
  8
0
100
AcDbPolyline
 90
2
 70
1
 10
144.696552
 20
713.25
 10
144.69655199999997
 20
713.25
  0
LWPOLYLINE
  5
9D
330
17
100
AcDbEntity
  8
0
100
AcDbPolyline
 90
2
 70
1
 10
553.5
 20
702.069288
 10
553.4999999999999
 20
702.0692880000001
  0
SPLINE
  5
9E
330
17
100
AcDbEntity
  8
0
100
AcDbSpline
 70
0
 71
3
 72
0
 73
0
 74
33
 11
872.600296
 21
699.234687
 31
0.0
 11
874.428287575996
 21
697.413949052593
 31
0.0
 11
875.4283140000001
 21
695.035591
 31
0.0
 11
876.0115984125954
 21
689.4211630522074
 31
0.0
 11
875.4091417655451
 21
682.967786094117
 31
0.0
 11
872.75605150026
 21
673.9077283514
 31
0.0
 11
869.8011946632348
 21
667.7829221003223
 31
0.0
 11
866.715201
 21
662.813286
 31
0.0
 11
863.5406299623994
 21
658.805587754806
 31
0.0
 11
858.0079373942955
 21
653.6578582420917
 31
0.0
 11
834.2623069999999
 21
637.006001
 31
0.0
 11
826.628445
 21
630.849856
 31
0.0
 11
822.74099225081
 21
626.7959979648582
 31
0.0
 11
818.4559274536434
 21
620.6129064447283
 31
0.0
 11
813.7077108636635
 21
611.3859901984695
 31
0.0
 11
812.871473676886
 21
607.846079873966
 31
0.0
 11
812.1706622800285
 21
606.6778441064514
 31
0.0
 11
810.5838410159258
 21
605.266787817696
 31
0.0
 11
808.7985527390855
 21
604.468050359623
 31
0.0
 11
805.9704841839075
 21
605.2944895131715
 31
0.0
 11
803.359348
 21
633.7758670000004
 31
0.0
 11
803.245403
 21
639.997958
 31
0.0
 11
803.704307503588
 21
643.3729465207465
 31
0.0
 11
805.005766646772
 21
646.826848275
 31
0.0
 11
807.161847909856
 21
651.454966210244
 31
0.0
 11
809.535983766408
 21
655.3589560961841
 31
0.0
 11
813.086536211592
 21
659.7218034746364
 31
0.0
 11
818.4067920083255
 21
664.6787679372117
 31
0.0
 11
858.7616802171876
 21
695.4022752531552
 31
0.0
 11
863.5
 21
698.304841
 31
0.0
 11
866.6065284251513
 21
699.5188620131579
 31
0.0
 11
870.3334855792214
 21
699.9039099182581
 31
0.0
 11
872.600296
 21
699.234687
 31
0.0
  0
SPLINE
  5
9F
330
17
100
AcDbEntity
  8
0
100
AcDbSpline
 70
0
 71
3
 72
0
 73
0
 74
39
 11
419.369059
 21
693.847321
 31
0.0
 11
423.193806
 21
690.694641
 31
0.0
 11
391.87810618604954
 21
680.8127254069955
 31
0.0
 11
373.7708640393067
 21
674.4771955693768
 31
0.0
 11
361.421302
 21
669.191694
 31
0.0
 11
360.385553826308
 21
668.284372498472
 31
0.0
 11
360.0973002693069
 21
666.461167523665
 31
0.0
 11
361.258773
 21
665.628365
 31
0.0
 11
379.2970704802821
 21
665.3962358815049
 31
0.0
 11
446.159494753576
 21
668.8757019457311
 31
0.0
 11
447.531885850111
 21
668.614283282848
 31
0.0
 11
448.373553142976
 21
667.987392875606
 31
0.0
 11
448.74709096908
 21
666.8303910106599
 31
0.0
 11
448.3976488072769
 21
665.7136753260695
 31
0.0
 11
446.0074786536241
 21
663.3903061489076
 31
0.0
 11
441.2242521992031
 21
660.8825103310041
 31
0.0
 11
438.773486
 21
660.275119
 31
0.0
 11
430.13441967041376
 21
659.5914004824166
 31
0.0
 11
378.1603652143954
 21
658.1784278850919
 31
0.0
 11
364.63678718535624
 21
657.4387354348388
 31
0.0
 11
353.8470356965737
 21
656.286032158887
 31
0.0
 11
343.9585525497328
 21
654.6707525915305
 31
0.0
 11
335.0231377825491
 21
652.5529398187637
 31
0.0
 11
320.86966837875997
 21
647.91947466025
 31
0.0
 11
302.79583299999996
 21
640.6205689999999
 31
0.0
 11
301.4561244571464
 21
640.9051840372102
 31
0.0
 11
301.09878315123
 21
642.37516993346
 31
0.0
 11
301.639543
 21
643.291518
 31
0.0
 11
312.32697695870957
 21
652.3625273777805
 31
0.0
 11
319.26108539399524
 21
657.2845620721972
 31
0.0
 11
337.1200041324187
 21
667.4195651992744
 31
0.0
 11
353.626050966567
 21
675.328743355646
 31
0.0
 11
365.46328199999994
 21
680.393883
 31
0.0
 11
386.07082079519523
 21
688.3822505587051
 31
0.0
 11
397.31623648798967
 21
692.3580920982606
 31
0.0
 11
408.237287773055
 21
695.6632778230951
 31
0.0
 11
414.0453898306875
 21
696.8551210665826
 31
0.0
 11
416.5045616747932
 21
695.8075623589696
 31
0.0
 11
419.369059
 21
693.847321
 31
0.0
  0
LWPOLYLINE
  5
A0
330
17
100
AcDbEntity
  8
0
100
AcDbPolyline
 90
2
 70
1
 10
516.876057
 20
692.23159
 10
516.8760569999998
 20
692.23159
  0
LWPOLYLINE
  5
A1
330
17
100
AcDbEntity
  8
0
100
AcDbPolyline
 90
2
 70
1
 10
104.203462
 20
686.0
 10
104.20346200000002
 20
686.0
  0
SPLINE
  5
A2
330
17
100
AcDbEntity
  8
0
100
AcDbSpline
 70
0
 71
3
 72
0
 73
0
 74
44
 11
1064.076976
 21
680.370328
 31
0.0
 11
1065.4354854708984
 21
678.8380686348096
 31
0.0
 11
1065.6631598321856
 21
677.9586034291093
 31
0.0
 11
1063.3444617403268
 21
674.0246982424594
 31
0.0
 11
1058.922147
 21
669.473675
 31
0.0
 11
1047.8057174685523
 21
660.6344419491156
 31
0.0
 11
1032.4280966500676
 21
649.2368790936023
 31
0.0
 11
1023.0538479718549
 21
643.0070447774335
 31
0.0
 11
1014.4096459071868
 21
638.498564912652
 31
0.0
 11
1005.2187419999999
 21
634.857555
 31
0.0
 11
996.1943361934326
 21
632.4120575490331
 31
0.0
 11
981.215343755412
 21
630.3753188903264
 31
0.0
 11
925.2815381314864
 21
627.9621499875075
 31
0.0
 11
912.0441656529183
 21
626.6427794139112
 31
0.0
 11
903.66516
 21
625.125127
 31
0.0
 11
894.5193980392997
 21
622.8517605619849
 31
0.0
 11
876.136011218243
 21
617.4758266337265
 31
0.0
 11
869.4900184363272
 21
615.2193466072437
 31
0.0
 11
858.3629748200175
 21
610.722580317511
 31
0.0
 11
846.7596072022448
 21
605.433489876628
 31
0.0
 11
832.2533078635672
 21
597.9205816413719
 31
0.0
 11
813.847671
 21
586.077144
 31
0.0
 11
806.0440509999999
 21
589.153489
 31
0.0
 11
805.1809291142196
 21
589.9370692349609
 31
0.0
 11
806.2019012886882
 21
591.6607861919101
 31
0.0
 11
808.972601799926
 21
594.3564495257225
 31
0.0
 11
814.6023917518695
 21
597.9664016840484
 31
0.0
 11
830.3288907746676
 21
606.4094158574005
 31
0.0
 11
848.7016447549563
 21
614.8746653296703
 31
0.0
 11
859.774554844617
 21
619.3017957809567
 31
0.0
 11
874.3001929827759
 21
624.3288955980745
 31
0.0
 11
898.3052449296985
 21
632.1508936319141
 31
0.0
 11
919.2829446636692
 21
638.4089380507618
 31
0.0
 11
933.0700734788452
 21
643.2432034823145
 31
0.0
 11
947.8022084414542
 21
649.4214752518542
 31
0.0
 11
990.6296608760206
 21
669.4211650590588
 31
0.0
 11
1005.6853962892774
 21
675.4731044803215
 31
0.0
 11
1019.0619907307018
 21
679.480430395475
 31
0.0
 11
1027.3069802855641
 21
681.150460947394
 31
0.0
 11
1035.771219212186
 21
682.212738400504
 31
0.0
 11
1044.4015115213977
 21
682.685680844151
 31
0.0
 11
1057.4677970203177
 21
682.4790504623658
 31
0.0
 11
1061.30024339022
 21
681.94393956443
 31
0.0
 11
1064.076976
 21
680.370328
 31
0.0
  0
SPLINE
  5
A3
330
17
100
AcDbEntity
  8
0
100
AcDbSpline
 70
0
 71
3
 72
0
 73
0
 74
22
 11
220.5
 21
675.017914
 31
0.0
 11
220.157647495808
 21
673.716335131828
 31
0.0
 11
219.219202
 21
672.751642
 31
0.0
 11
204.72989289630547
 21
664.3739109502573
 31
0.0
 11
123.657011611776
 21
622.270686174208
 31
0.0
 11
97.96196705691841
 21
607.6928953747887
 31
0.0
 11
72.07808000000006
 21
590.921394
 31
0.0
 11
69.69069
 21
590.150127
 31
0.0
 11
68.62224525050105
 21
590.6422356119008
 31
0.0
 11
68.015313
 21
593.75
 31
0.0
 11
68.479559
 21
597.9313
 31
0.0
 11
69.50814769360443
 21
599.5611658602887
 31
0.0
 11
71.26900311037858
 21
601.265811721723
 31
0.0
 11
104.53669476705396
 21
622.0846135885499
 31
0.0
 11
136.4999999999999
 21
640.718029
 31
0.0
 11
173.47637799999984
 21
659.4511439999999
 31
0.0
 11
190.24770679307528
 21
666.9307614549468
 31
0.0
 11
202.25514382698552
 21
671.5491395838882
 31
0.0
 11
216.36281100000002
 21
676.392946
 31
0.0
 11
219.60297035534393
 21
676.5233875062567
 31
0.0
 11
220.2737768016663
 21
675.8989019494157
 31
0.0
 11
220.5
 21
675.017914
 31
0.0
  0
SPLINE
  5
A4
330
17
100
AcDbEntity
  8
0
100
AcDbSpline
 70
0
 71
3
 72
0
 73
0
 74
23
 11
244.113799
 21
660.939097
 31
0.0
 11
245.27295939462422
 21
659.7333942778314
 31
0.0
 11
245.3457621931955
 21
657.5293559537018
 31
0.0
 11
243.8331625832792
 21
655.352327709054
 31
0.0
 11
240.95061814171873
 21
652.3515727127524
 31
0.0
 11
236.68077408576755
 21
649.1833531472987
 31
0.0
 11
231.13293570308244
 21
645.8708737910262
 31
0.0
 11
221.46011298686298
 21
641.502439322523
 31
0.0
 11
201.644145
 21
634.923007
 31
0.0
 11
181.31357776644663
 21
630.613057159767
 31
0.0
 11
166.96330699999996
 21
629.106351
 31
0.0
 11
164.028975
 21
629.490804
 31
0.0
 11
162.55617099999998
 21
630.315808
 31
0.0
 11
163.06979500000003
 21
631.584098
 31
0.0
 11
164.59216216770955
 21
632.8312045103695
 31
0.0
 11
166.9446192093478
 21
633.285108111256
 31
0.0
 11
171.18644129923197
 21
635.2007033443319
 31
0.0
 11
195.06218462659595
 21
647.3757018670825
 31
0.0
 11
201.756187
 21
650.16412
 31
0.0
 11
211.05408896644067
 21
653.3493520354384
 31
0.0
 11
238.4999425699375
 21
661.4066179016279
 31
0.0
 11
241.35182847833948
 21
661.7843043918585
 31
0.0
 11
244.113799
 21
660.939097
 31
0.0
  0
SPLINE
  5
A5
330
17
100
AcDbEntity
  8
0
100
AcDbSpline
 70
0
 71
3
 72
0
 73
0
 74
31
 11
412.604579
 21
648.75
 31
0.0
 11
416.4362585961775
 21
645.706514889795
 31
0.0
 11
421.060498846939
 21
640.2262470711345
 31
0.0
 11
423.1223201916289
 21
636.1547232632096
 31
0.0
 11
424.31734275704156
 21
631.9092261624693
 31
0.0
 11
424.5757830874304
 21
627.6826306658858
 31
0.0
 11
423.9316900575782
 21
623.5489706298082
 31
0.0
 11
422.3819990413486
 21
619.7459568043417
 31
0.0
 11
419.405280025232
 21
615.539758337996
 31
0.0
 11
415.2245296307597
 21
610.9892343492
 31
0.0
 11
407.2156096345625
 21
604.4006750484191
 31
0.0
 11
398.2103953946534
 21
598.5666256257339
 31
0.0
 11
388.9436
 21
593.960764
 31
0.0
 11
384.26529900789797
 21
592.495244091928
 31
0.0
 11
377.9480662869378
 21
592.0578152940531
 31
0.0
 11
372.47242512786903
 21
593.4025576649041
 31
0.0
 11
369.090352
 21
595.561236
 31
0.0
 11
367.364368629936
 21
597.4216520896
 31
0.0
 11
366.070702
 21
599.604905
 31
0.0
 11
365.270768668503
 21
602.008257772586
 31
0.0
 11
365.0440157244853
 21
605.5492696105243
 31
0.0
 11
365.696503
 21
608.538041
 31
0.0
 11
367.18538690142725
 21
611.8629048122868
 31
0.0
 11
371.496588
 21
618.063166
 31
0.0
 11
386.58490700000004
 21
634.5717
 31
0.0
 11
395.85282899999993
 21
645.821256
 31
0.0
 11
400.29295264332916
 21
650.1111379304227
 31
0.0
 11
402.809609160546
 21
651.595694380028
 31
0.0
 11
405.40614649149103
 21
651.9492325846825
 31
0.0
 11
408.016469
 21
651.309915
 31
0.0
 11
412.604579
 21
648.75
 31
0.0
  0
SPLINE
  5
A6
330
17
100
AcDbEntity
  8
0
100
AcDbSpline
 70
0
 71
3
 72
0
 73
0
 74
32
 11
726.610453
 21
632.379534
 31
0.0
 11
734.9438391588541
 21
626.0718392933865
 31
0.0
 11
743.869887780642
 21
617.7887379955461
 31
0.0
 11
752.7599225589829
 21
608.5384095611822
 31
0.0
 11
761.8382599632031
 21
597.9919501092344
 31
0.0
 11
762.8669104002014
 21
595.187081107588
 31
0.0
 11
763.1991020361199
 21
592.5704233807785
 31
0.0
 11
764.469715488244
 21
590.875153901008
 31
0.0
 11
765.2441717065794
 21
588.9943252700604
 31
0.0
 11
767.9847843494199
 21
577.96693651664
 31
0.0
 11
768.8470180670982
 21
572.3078180180403
 31
0.0
 11
768.7661571273212
 21
568.5232292036637
 31
0.0
 11
767.75
 21
564.070998
 31
0.0
 11
766.04330934655
 21
560.587178891516
 31
0.0
 11
763.820429
 21
558.47271
 31
0.0
 11
762.6690026769726
 21
558.0679305484158
 31
0.0
 11
761.527637
 21
558.241086
 31
0.0
 11
748.816848
 21
568.061328
 31
0.0
 11
726.5897165712358
 21
582.678990097317
 31
0.0
 11
719.5543201954738
 21
589.2341301232901
 31
0.0
 11
716.9068783905324
 21
592.6162081922912
 31
0.0
 11
713.596567644535
 21
598.2856588354659
 31
0.0
 11
710.936163771356
 21
605.4023224667445
 31
0.0
 11
709.9883223447559
 21
612.002756518472
 31
0.0
 11
710.3641426717702
 21
620.5587859533679
 31
0.0
 11
711.8806358751403
 21
626.4147940201422
 31
0.0
 11
715.397689
 21
632.514178
 31
0.0
 11
716.772122804448
 21
633.8426407619961
 31
0.0
 11
718.478773
 21
634.703586
 31
0.0
 11
720.2814136509555
 21
634.9806288158965
 31
0.0
 11
722.07712
 21
634.661717
 31
0.0
 11
726.610453
 21
632.379534
 31
0.0
  0
SPLINE
  5
A7
330
17
100
AcDbEntity
  8
0
100
AcDbSpline
 70
0
 71
3
 72
0
 73
0
 74
26
 11
283.759051
 21
616.75
 31
0.0
 11
285.12538690745424
 21
613.0759495346277
 31
0.0
 11
287.37543
 21
601.182672
 31
0.0
 11
290.30941699999994
 21
591.845648
 31
0.0
 11
290.9569054234935
 21
586.347277142716
 31
0.0
 11
290.826949
 21
580.860414
 31
0.0
 11
289.4161799479478
 21
576.2149090518789
 31
0.0
 11
283.005144
 21
564.558533
 31
0.0
 11
280.013189
 21
551.751499
 31
0.0
 11
279.43531
 21
550.946312
 31
0.0
 11
277.512425863151
 21
550.2266798173196
 31
0.0
 11
275.557861
 21
550.855194
 31
0.0
 11
268.65425700000003
 21
557.002931
 31
0.0
 11
265.13887655972104
 21
561.0181430463069
 31
0.0
 11
260.7620049839676
 21
567.2571747026948
 31
0.0
 11
255.483779
 21
579.013765
 31
0.0
 11
253.817669
 21
589.431388
 31
0.0
 11
255.404864619297
 21
598.3329564633871
 31
0.0
 11
259.5037012966742
 21
604.6703740502612
 31
0.0
 11
264.48877
 21
609.572621
 31
0.0
 11
270.2794152241084
 21
614.3280772054197
 31
0.0
 11
274.7523256554805
 21
616.8790055215454
 31
0.0
 11
277.0382590212378
 21
617.5770933541413
 31
0.0
 11
280.1126846816924
 21
617.9112486398558
 31
0.0
 11
282.6238266247196
 21
617.577743435028
 31
0.0
 11
283.759051
 21
616.75
 31
0.0
  0
SPLINE
  5
A8
330
17
100
AcDbEntity
  8
0
100
AcDbSpline
 70
0
 71
3
 72
0
 73
0
 74
68
 11
566.169227
 21
611.567789
 31
0.0
 11
582.5628961476258
 21
609.1029163804451
 31
0.0
 11
602.477198
 21
607.138652
 31
0.0
 11
607.236208
 21
606.163792
 31
0.0
 11
607.798875341408
 21
604.9959989128441
 31
0.0
 11
607.3265676473171
 21
602.993611208466
 31
0.0
 11
605.4640942260477
 21
600.6228142143198
 31
0.0
 11
603.047801377309
 21
598.5871382822511
 31
0.0
 11
594.885117592392
 21
593.30905472204
 31
0.0
 11
584.6448332310446
 21
588.8430273578878
 31
0.0
 11
573.645735
 21
586.046712
 31
0.0
 11
560.6999693044277
 21
584.7241109822421
 31
0.0
 11
545.664112180556
 21
585.035790979468
 31
0.0
 11
528.3776756813904
 21
586.4516258664906
 31
0.0
 11
513.6941945395481
 21
587.035674367228
 31
0.0
 11
500.53988845565004
 21
586.872951181025
 31
0.0
 11
492.91589918222877
 21
585.7443130592709
 31
0.0
 11
484.47085912301935
 21
582.9517131164256
 31
0.0
 11
474.90782509386366
 21
578.5718302792764
 31
0.0
 11
459.553763
 21
570.845352
 31
0.0
 11
426.5757539879665
 21
553.3516483323489
 31
0.0
 11
417.2518120000001
 21
549.093719
 31
0.0
 11
408.33458894696565
 21
545.5797802098706
 31
0.0
 11
386.32718100038795
 21
538.7348598556358
 31
0.0
 11
357.3987199331287
 21
531.4681677106144
 31
0.0
 11
337.2137216673505
 21
527.7482446090254
 31
0.0
 11
334.6600604457655
 21
528.0114908371145
 31
0.0
 11
332.0274621696385
 21
529.1263864660668
 31
0.0
 11
332.187945
 21
529.610255
 31
0.0
 11
334.2461367927079
 21
531.0555901432277
 31
0.0
 11
343.37307
 21
534.416351
 31
0.0
 11
356.07889
 21
538.0382460000001
 31
0.0
 11
407.91654845382294
 21
551.3049242830456
 31
0.0
 11
415.940512
 21
553.962991
 31
0.0
 11
422.827856
 21
557.064115
 31
0.0
 11
426.04131984824136
 21
559.4457002738528
 31
0.0
 11
428.389494
 21
562.830408
 31
0.0
 11
431.60349799999995
 21
572.220704
 31
0.0
 11
432.29375
 21
577.26889
 31
0.0
 11
433.70625000000007
 21
579.512488
 31
0.0
 11
434.312744551133
 21
582.8946150556616
 31
0.0
 11
435.48563066394405
 21
585.2399147775039
 31
0.0
 11
439.6236133135283
 21
591.0767070746871
 31
0.0
 11
442.10831391050056
 21
593.2733571396863
 31
0.0
 11
444.44349079840424
 21
594.489564348184
 31
0.0
 11
446.7692619442718
 21
594.9540189597574
 31
0.0
 11
448.5647846786081
 21
594.614647550183
 31
0.0
 11
449.237419
 21
593.787742
 31
0.0
 11
449.45014
 21
592.22806
 31
0.0
 11
448.59543
 21
588.471207
 31
0.0
 11
447.1990961295321
 21
587.5830202066962
 31
0.0
 11
446.19328714732706
 21
585.0243505484715
 31
0.0
 11
441.777631017492
 21
578.1098435820543
 31
0.0
 11
440.3220199840339
 21
574.5112792536395
 31
0.0
 11
440.001162910242
 21
572.22545136935
 31
0.0
 11
440.3077277210304
 21
570.3860383229452
 31
0.0
 11
441.374803
 21
569.409669
 31
0.0
 11
443.0607870730036
 21
569.2386678435884
 31
0.0
 11
450.5817853662958
 21
572.1815712180802
 31
0.0
 11
456.62298402187133
 21
575.2062945563576
 31
0.0
 11
481.60827233154413
 21
590.425822734544
 31
0.0
 11
503.2108437212359
 21
602.9162161384959
 31
0.0
 11
511.8031593408255
 21
606.9622626247035
 31
0.0
 11
518.9767353825985
 21
609.6602824119235
 31
0.0
 11
529.303272804272
 21
612.498748675056
 31
0.0
 11
539.6055856958274
 21
613.8331785603459
 31
0.0
 11
550.133968
 21
613.750819
 31
0.0
 11
566.169227
 21
611.567789
 31
0.0
  0
SPLINE
  5
A9
330
17
100
AcDbEntity
  8
0
100
AcDbSpline
 70
0
 71
3
 72
0
 73
0
 74
59
 11
678.065741
 21
612.964816
 31
0.0
 11
679.683589062351
 21
611.3662916909079
 31
0.0
 11
679.417641038262
 21
609.1523678244521
 31
0.0
 11
671.763586
 21
598.782786
 31
0.0
 11
669.5591629478921
 21
594.2186311853957
 31
0.0
 11
668.450413977447
 21
590.642642696105
 31
0.0
 11
666.9226659572017
 21
581.4566887052898
 31
0.0
 11
664.9075080602322
 21
559.7523988885671
 31
0.0
 11
663.42815988614
 21
552.64812288907
 31
0.0
 11
661.147523
 21
547.250233
 31
0.0
 11
654.224892528258
 21
534.1616579280716
 31
0.0
 11
639.015749209718
 21
515.862726804368
 31
0.0
 11
630.151533896235
 21
506.64325658217194
 31
0.0
 11
628.0766738993657
 21
505.57968376178974
 31
0.0
 11
625.81817
 21
505.150892
 31
0.0
 11
609.1130917978163
 21
505.3095699562624
 31
0.0
 11
609.765158702287
 21
506.8618643590872
 31
0.0
 11
620.6573569999999
 21
521.7198289999999
 31
0.0
 11
626.569774833495
 21
531.55826893352
 31
0.0
 11
627.5243083677794
 21
534.1499159839225
 31
0.0
 11
627.9865437900526
 21
537.3859513913777
 31
0.0
 11
627.708071818038
 21
540.632028769986
 31
0.0
 11
626.847119
 21
543.075315
 31
0.0
 11
624.600819568989
 21
546.179311528595
 31
0.0
 11
618.9113276242731
 21
549.9756004864715
 31
0.0
 11
590.1772806974611
 21
561.6418300958092
 31
0.0
 11
585.231170795272
 21
564.345404525054
 31
0.0
 11
580.9185978484705
 21
567.3219987687185
 31
0.0
 11
577.8974349619939
 21
570.1659604971292
 31
0.0
 11
577.212416
 21
572.063981
 31
0.0
 11
577.6505931859549
 21
573.7646518917124
 31
0.0
 11
579.447883599242
 21
575.3708960376935
 31
0.0
 11
582.4823529922475
 21
576.9783613488124
 31
0.0
 11
585.6169987164334
 21
577.7575861960836
 31
0.0
 11
590.0338836531512
 21
577.8550504405753
 31
0.0
 11
604.4851026189375
 21
576.6510546669999
 31
0.0
 11
613.1291803406027
 21
574.9852446266143
 31
0.0
 11
618.2812652834214
 21
573.4807524341417
 31
0.0
 11
625.906553
 21
570.156111
 31
0.0
 11
632.6137701425595
 21
565.255868739588
 31
0.0
 11
636.2276745745387
 21
560.9180287123378
 31
0.0
 11
640.793816
 21
551.188939
 31
0.0
 11
641.5736049837537
 21
550.6979108767194
 31
0.0
 11
642.2517807277823
 21
550.8233230251712
 31
0.0
 11
643.080925
 21
551.543957
 31
0.0
 11
644.905393
 21
554.817849
 31
0.0
 11
646.2447711641099
 21
559.150119348818
 31
0.0
 11
646.8276402099303
 21
564.6504619449971
 31
0.0
 11
647.856655
 21
588.220892
 31
0.0
 11
648.683282603617
 21
592.4148143062857
 31
0.0
 11
650.640006839692
 21
596.61660274379
 31
0.0
 11
653.56732916636
 21
600.673101084079
 31
0.0
 11
656.2766407308419
 21
603.5723724038388
 31
0.0
 11
659.365272
 21
606.271724
 31
0.0
 11
663.96382
 21
609.454121
 31
0.0
 11
668.942184
 21
612.214422
 31
0.0
 11
672.53668
 21
613.554652
 31
0.0
 11
675.425447
 21
613.766069
 31
0.0
 11
678.065741
 21
612.964816
 31
0.0
  0
SPLINE
  5
AA
330
17
100
AcDbEntity
  8
0
100
AcDbSpline
 70
0
 71
3
 72
0
 73
0
 74
27
 11
941.994473
 21
611.002958
 31
0.0
 11
943.9183774469753
 21
609.0407552009351
 31
0.0
 11
943.9610802906845
 21
608.134246323315
 31
0.0
 11
943.403527
 21
606.900089
 31
0.0
 11
937.223302
 21
600.421539
 31
0.0
 11
927.3943437737171
 21
592.562265723667
 31
0.0
 11
922.8443248256166
 21
589.6567320008205
 31
0.0
 11
916.825752026358
 21
586.5112268412685
 31
0.0
 11
910.57526596553
 21
583.819688923725
 31
0.0
 11
905.173437896521
 21
582.1007366921206
 31
0.0
 11
897.9129498710384
 21
581.1033248989551
 31
0.0
 11
888.4916726176608
 21
580.5402927462694
 31
0.0
 11
839.3773789486247
 21
579.237007559675
 31
0.0
 11
829.5121670894318
 21
579.7650697633155
 31
0.0
 11
827.693639
 21
580.646321
 31
0.0
 11
826.5004280436997
 21
581.9427192408901
 31
0.0
 11
826.6357971602582
 21
582.4068701311141
 31
0.0
 11
827.7712008293578
 21
582.9829470410225
 31
0.0
 11
838.7119804770982
 21
586.025453915291
 31
0.0
 11
849.5223809999999
 21
590.1000849999999
 31
0.0
 11
876.5851256308656
 21
601.794373140324
 31
0.0
 11
889.258371
 21
605.943174
 31
0.0
 11
905.7436251129684
 21
609.5207274839926
 31
0.0
 11
927.0991052339068
 21
612.5083314149163
 31
0.0
 11
934.8815528666676
 21
613.0207772059413
 31
0.0
 11
939.7204579768685
 21
612.0171046939428
 31
0.0
 11
941.994473
 21
611.002958
 31
0.0
  0
SPLINE
  5
AB
330
17
100
AcDbEntity
  8
0
100
AcDbSpline
 70
0
 71
3
 72
0
 73
0
 74
22
 11
156.027759
 21
610.236008
 31
0.0
 11
159.10147757298435
 21
605.0424238816537
 31
0.0
 11
161.294715370687
 21
598.024426428668
 31
0.0
 11
162.54201891632033
 21
589.3458676800317
 31
0.0
 11
162.779617
 21
580.615276
 31
0.0
 11
161.99545800000004
 21
575.669769
 31
0.0
 11
160.25863899999996
 21
572.070746
 31
0.0
 11
157.46829399999996
 21
569.387269
 31
0.0
 11
155.61241483588512
 21
568.3334757463036
 31
0.0
 11
154.5264894290316
 21
568.1503258445958
 31
0.0
 11
152.231928
 21
569.059488
 31
0.0
 11
150.11506520143564
 21
570.564523655988
 31
0.0
 11
147.7967955412143
 21
573.2098988327763
 31
0.0
 11
146.40919787049
 21
575.7437838395425
 31
0.0
 11
144.506673
 21
582.278567
 31
0.0
 11
143.75703131908548
 21
591.2173337626409
 31
0.0
 11
144.8479980730735
 21
599.901635590438
 31
0.0
 11
147.4588432273814
 21
607.0257331231745
 31
0.0
 11
149.77941198584355
 21
609.8315467608804
 31
0.0
 11
151.83695240187998
 21
611.2680227774865
 31
0.0
 11
154.39868446474642
 21
611.3527210166033
 31
0.0
 11
156.027759
 21
610.236008
 31
0.0
  0
SPLINE
  5
AC
330
17
100
AcDbEntity
  8
0
100
AcDbSpline
 70
0
 71
3
 72
0
 73
0
 74
44
 11
229.776288
 21
608.189781
 31
0.0
 11
229.61445199999997
 21
607.334205
 31
0.0
 11
225.9574888419663
 21
603.0527891826803
 31
0.0
 11
213.10481355359198
 21
589.738641383368
 31
0.0
 11
208.39006801590997
 21
584.3539432699536
 31
0.0
 11
208.78189325657124
 21
583.7810073937198
 31
0.0
 11
210.66271299999997
 21
583.360448
 31
0.0
 11
220.87891716499757
 21
581.9369582517497
 31
0.0
 11
223.93505830253045
 21
580.6945910965266
 31
0.0
 11
225.8802416884882
 21
578.8964792454927
 31
0.0
 11
226.661875
 21
577.184921
 31
0.0
 11
226.5677763075202
 21
575.0394235048956
 31
0.0
 11
225.73497206177134
 21
573.5664197272687
 31
0.0
 11
223.77432600000003
 21
571.443683
 31
0.0
 11
220.36209654127362
 21
569.0219800385895
 31
0.0
 11
193.51637173928793
 21
556.590152032343
 31
0.0
 11
189.29760792900797
 21
554.057760366496
 31
0.0
 11
184.18357128498948
 21
549.9394136136195
 31
0.0
 11
175.45782361550576
 21
541.2683429119517
 31
0.0
 11
171.72910254302892
 21
536.5140602182662
 31
0.0
 11
163.458701364727
 21
521.532305737169
 31
0.0
 11
162.2141216585017
 21
518.3769268798537
 31
0.0
 11
161.853687867984
 21
516.1319395579025
 31
0.0
 11
161.07929241217275
 21
514.747931842405
 31
0.0
 11
159.1333823789315
 21
513.097660643551
 31
0.0
 11
155.97275121918963
 21
511.6342114383673
 31
0.0
 11
146.70392255095
 21
509.15627432295
 31
0.0
 11
144.468169895088
 21
509.103979871975
 31
0.0
 11
143.74404361562043
 21
509.47206349790844
 31
0.0
 11
143.58890471519211
 21
510.03178474227525
 31
0.0
 11
145.905129
 21
515.72802
 31
0.0
 11
152.7846011498394
 21
537.5160334010368
 31
0.0
 11
155.43057619924673
 21
544.4254842036077
 31
0.0
 11
159.9135058346325
 21
553.6018227566175
 31
0.0
 11
165.54648612269685
 21
561.9168573826074
 31
0.0
 11
172.55197900000002
 21
569.854237
 31
0.0
 11
182.54769575433247
 21
579.2748536156444
 31
0.0
 11
196.36848400000002
 21
591.364897
 31
0.0
 11
211.29095489145803
 21
602.3990173003158
 31
0.0
 11
218.355976613687
 21
606.8736231696314
 31
0.0
 11
223.108989
 21
608.955447
 31
0.0
 11
227.621099
 21
609.73829
 31
0.0
 11
228.95110588678148
 21
609.3153388501615
 31
0.0
 11
229.776288
 21
608.189781
 31
0.0
  0
SPLINE
  5
AD
330
17
100
AcDbEntity
  8
0
100
AcDbSpline
 70
0
 71
3
 72
0
 73
0
 74
25
 11
1037.75
 21
603.549332
 31
0.0
 11
1042.5025164518609
 21
601.9967145498371
 31
0.0
 11
1044.605652900962
 21
600.8738248896365
 31
0.0
 11
1044.9044134772826
 21
599.1483263115565
 31
0.0
 11
1043.181053929285
 21
597.013916757822
 31
0.0
 11
1038.2226464662767
 21
594.324474667638
 31
0.0
 11
1014.485812
 21
583.652753
 31
0.0
 11
993.2517229665827
 21
579.087055024241
 31
0.0
 11
974.7150052338494
 21
576.7643537630175
 31
0.0
 11
962.8395055125279
 21
576.189944902344
 31
0.0
 11
948.450547
 21
576.19937
 31
0.0
 11
946.142988
 21
576.890467
 31
0.0
 11
945.377311127941
 21
577.9773530798687
 31
0.0
 11
945.7390866700517
 21
580.13998946414
 31
0.0
 11
947.796399907387
 21
583.1102050250714
 31
0.0
 11
957.7611337986403
 21
592.4593736512606
 31
0.0
 11
962.3067016464211
 21
595.957463320688
 31
0.0
 11
968.1715522506321
 21
599.694834694992
 31
0.0
 11
972.2631328417357
 21
601.7511962797896
 31
0.0
 11
976.047689
 21
603.024908
 31
0.0
 11
985.156206933509
 21
605.230148009255
 31
0.0
 11
998.5791959199586
 21
605.6231044400721
 31
0.0
 11
1023.6765625009741
 21
605.2237754164671
 31
0.0
 11
1031.7011751230884
 21
604.5965435285576
 31
0.0
 11
1037.75
 21
603.549332
 31
0.0
  0
LWPOLYLINE
  5
AE
330
17
100
AcDbEntity
  8
0
100
AcDbPolyline
 90
2
 70
1
 10
125.471214
 20
600.644707
 10
125.47121399999997
 20
600.644707
  0
LWPOLYLINE
  5
AF
330
17
100
AcDbEntity
  8
0
100
AcDbPolyline
 90
2
 70
1
 10
324.40102
 20
593.39898
 10
324.4010200000001
 20
593.39898
  0
SPLINE
  5
B0
330
17
100
AcDbEntity
  8
0
100
AcDbSpline
 70
0
 71
3
 72
0
 73
0
 74
31
 11
800.377876
 21
579.48658
 31
0.0
 11
803.901764
 21
577.833068
 31
0.0
 11
803.9554311578538
 21
577.5106996405323
 31
0.0
 11
792.3185447313988
 21
564.3378492044909
 31
0.0
 11
783.0226946330349
 21
552.1834668085638
 31
0.0
 11
781.8157397580928
 21
549.3641578378949
 31
0.0
 11
780.753471
 21
548.800266
 31
0.0
 11
779.441813726157
 21
547.0743461360241
 31
0.0
 11
773.23511
 21
537.315789
 31
0.0
 11
765.126042
 21
522.398681
 31
0.0
 11
763.1686347033688
 21
520.6216847983258
 31
0.0
 11
762.256365
 21
517.521694
 31
0.0
 11
751.4261342108331
 21
501.9255925724516
 31
0.0
 11
747.959108130152
 21
497.46365802260493
 31
0.0
 11
743.3191568143221
 21
493.0808953389478
 31
0.0
 11
737.7238166186611
 21
489.54802438222714
 31
0.0
 11
735.120724
 21
488.393116
 31
0.0
 11
733.9530651606821
 21
488.4638592223017
 31
0.0
 11
733.039019
 21
489.961027
 31
0.0
 11
733.2525491855328
 21
492.445868683613
 31
0.0
 11
734.0674996555263
 21
494.56230041666527
 31
0.0
 11
736.7452055299356
 21
498.68231797628147
 31
0.0
 11
737.294477
 21
500.347746
 31
0.0
 11
754.724924100576
 21
524.0681995552153
 31
0.0
 11
767.2892264149402
 21
542.6553463533859
 31
0.0
 11
772.996160302329
 21
552.507822722166
 31
0.0
 11
782.586966
 21
566.590194
 31
0.0
 11
790.1359401089519
 21
576.6447551046629
 31
0.0
 11
793.968236
 21
580.504966
 31
0.0
 11
795.9727108959225
 21
580.9485874480432
 31
0.0
 11
800.377876
 21
579.48658
 31
0.0
  0
SPLINE
  5
B1
330
17
100
AcDbEntity
  8
0
100
AcDbSpline
 70
0
 71
3
 72
0
 73
0
 74
30
 11
95.416719
 21
572.252542
 31
0.0
 11
105.94352484178899
 21
567.5778239306405
 31
0.0
 11
114.55787152656501
 21
562.933978263649
 31
0.0
 11
119.44642400000001
 21
559.542632
 31
0.0
 11
125.03879032935166
 21
554.4750319443426
 31
0.0
 11
128.21411030692042
 21
550.6494832941341
 31
0.0
 11
130.86520256946005
 21
546.5267687962211
 31
0.0
 11
134.229687
 21
538.910601
 31
0.0
 11
134.706552620485
 21
536.9579458606275
 31
0.0
 11
134.75112620613305
 21
534.198403805778
 31
0.0
 11
134.2868031416515
 21
532.7693227851486
 31
0.0
 11
132.873903299777
 21
530.963242781601
 31
0.0
 11
129.628547
 21
529.453155
 31
0.0
 11
126.09557847627599
 21
529.297130143216
 31
0.0
 11
117.46188106810399
 21
530.5879468143333
 31
0.0
 11
109.46117820853316
 21
532.6778093310927
 31
0.0
 11
103.91855800000003
 21
534.876901
 31
0.0
 11
97.437907
 21
538.505256
 31
0.0
 11
93.38131295043966
 21
541.6707767514116
 31
0.0
 11
88.61424793794377
 21
546.5413296962826
 31
0.0
 11
84.694116
 21
551.523404
 31
0.0
 11
82.35069153262755
 21
556.6222351523667
 31
0.0
 11
79.56865853058126
 21
567.9427007550419
 31
0.0
 11
79.199356
 21
570.454287
 31
0.0
 11
79.48639608609501
 21
572.775531167534
 31
0.0
 11
80.86154400000002
 21
574.667497
 31
0.0
 11
81.88505189789707
 21
575.3222796745465
 31
0.0
 11
84.21206024832793
 21
575.820682652666
 31
0.0
 11
87.95147061070715
 21
574.9063819328805
 31
0.0
 11
95.416719
 21
572.252542
 31
0.0
  0
SPLINE
  5
B2
330
17
100
AcDbEntity
  8
0
100
AcDbSpline
 70
0
 71
3
 72
0
 73
0
 74
51
 11
917.0
 21
573.120462
 31
0.0
 11
915.075731184702
 21
570.804417856524
 31
0.0
 11
906.5487555631415
 21
563.4232893577561
 31
0.0
 11
902.1335025976605
 21
558.8037868456132
 31
0.0
 11
900.4295470655194
 21
555.45179705273
 31
0.0
 11
900.763272
 21
554.764485
 31
0.0
 11
902.2735728523685
 21
554.1150332605065
 31
0.0
 11
905.9591556758885
 21
554.2866291509126
 31
0.0
 11
916.1467474206281
 21
556.6015361044228
 31
0.0
 11
938.235768
 21
563.88188
 31
0.0
 11
951.309502757898
 21
567.466527722474
 31
0.0
 11
955.321964
 21
567.991604
 31
0.0
 11
964.8332723018198
 21
568.3549065667721
 31
0.0
 11
993.5073509999993
 21
569.1648169999999
 31
0.0
 11
997.2024707315632
 21
568.8723803178789
 31
0.0
 11
999.410159664008
 21
568.250556293311
 31
0.0
 11
1000.5796653707606
 21
567.4299795533966
 31
0.0
 11
1000.8445861616934
 21
566.7475495691909
 31
0.0
 11
999.904008
 21
564.589823
 31
0.0
 11
994.823157972731
 21
560.4188986977005
 31
0.0
 11
989.6728429130815
 21
557.283081387912
 31
0.0
 11
984.0585189730913
 21
554.7222279766665
 31
0.0
 11
978.0791296058843
 21
552.7319905349229
 31
0.0
 11
967.2603952439466
 21
550.5848196896225
 31
0.0
 11
953.9013782588601
 21
549.4952158234838
 31
0.0
 11
919.669388543257
 21
548.4880589075741
 31
0.0
 11
910.328957
 21
546.944782
 31
0.0
 11
897.1687569405101
 21
543.42190699322
 31
0.0
 11
880.294539677534
 21
537.828368136305
 31
0.0
 11
859.8963429730957
 21
529.1584237509238
 31
0.0
 11
844.28191963289
 21
522.07676490271
 31
0.0
 11
800.5761720000003
 21
501.17702899999995
 31
0.0
 11
783.850899
 21
494.038885
 31
0.0
 11
774.1469353098893
 21
490.6568325660318
 31
0.0
 11
764.5826688080624
 21
488.1089360937375
 31
0.0
 11
753.281657
 21
486.22889900000007
 31
0.0
 11
751.386346143727
 21
486.2664275533016
 31
0.0
 11
750.3562727381925
 21
486.70403063310954
 31
0.0
 11
751.0294484759407
 21
488.24416249910473
 31
0.0
 11
753.960014
 21
489.997736
 31
0.0
 11
806.1460169999999
 21
511.0733759999998
 31
0.0
 11
827.3963099999999
 21
520.7024859999998
 31
0.0
 11
853.4307040977965
 21
533.6031635449035
 31
0.0
 11
869.2347373153194
 21
542.2432744873977
 31
0.0
 11
881.973729
 21
550.318778
 31
0.0
 11
889.5721249828575
 21
555.6487211717972
 31
0.0
 11
897.881281
 21
563.52027
 31
0.0
 11
906.831705
 21
569.677381
 31
0.0
 11
915.4625413928519
 21
574.373663487544
 31
0.0
 11
916.6487630701837
 21
574.0010762273309
 31
0.0
 11
917.0
 21
573.120462
 31
0.0
  0
SPLINE
  5
B3
330
17
100
AcDbEntity
  8
0
100
AcDbSpline
 70
0
 71
3
 72
0
 73
0
 74
49
 11
697.70097
 21
568.351245
 31
0.0
 11
703.007081
 21
563.1998
 31
0.0
 11
708.7465330026704
 21
555.914493988781
 31
0.0
 11
709.7884638878521
 21
553.8961997987155
 31
0.0
 11
710.348942
 21
550.950213
 31
0.0
 11
711.6971712472705
 21
547.842231118667
 31
0.0
 11
711.4729802820734
 21
544.6276790184429
 31
0.0
 11
710.115189844892
 21
540.769604682995
 31
0.0
 11
708.4916851431519
 21
537.9705689997788
 31
0.0
 11
706.0115270922129
 21
535.1412765361046
 31
0.0
 11
698.956394518405
 21
530.14754101194
 31
0.0
 11
673.3196937725288
 21
514.0262983820726
 31
0.0
 11
655.683816042349
 21
501.149495258858
 31
0.0
 11
629.2037025950306
 21
478.7871153979727
 31
0.0
 11
614.0915068988927
 21
465.1003170757381
 31
0.0
 11
593.5380249471755
 21
445.59613019451865
 31
0.0
 11
584.405553301604
 21
438.47396431978405
 31
0.0
 11
570.0
 21
429.959512
 31
0.0
 11
545.0208868524389
 21
416.7140319820773
 31
0.0
 11
539.6145795294368
 21
415.0667645294076
 31
0.0
 11
537.0506607755971
 21
415.262458895924
 31
0.0
 11
535.1935504820168
 21
416.15056756093963
 31
0.0
 11
534.7891503672499
 21
416.90714213275
 31
0.0
 11
534.9102276849312
 21
417.75642701939086
 31
0.0
 11
538.063976821959
 21
421.0149922142689
 31
0.0
 11
561.255568076408
 21
436.7475577374743
 31
0.0
 11
568.6279648795921
 21
443.00064792622845
 31
0.0
 11
574.1261821448439
 21
448.86026295922903
 31
0.0
 11
576.889525
 21
453.068732
 31
0.0
 11
592.7160171488061
 21
482.6346669698589
 31
0.0
 11
600.096081
 21
494.0
 31
0.0
 11
618.113072
 21
494.0
 31
0.0
 11
615.244071157195
 21
489.356771453976
 31
0.0
 11
613.4084643785407
 21
487.75111435120346
 31
0.0
 11
613.0
 21
486.0
 31
0.0
 11
613.5300537195153
 21
484.77636548214315
 31
0.0
 11
614.4109712937191
 21
484.30070157024943
 31
0.0
 11
616.02383
 21
484.202742
 31
0.0
 11
618.028378026842
 21
484.70899877694353
 31
0.0
 11
629.490050085193
 21
490.1605673352008
 31
0.0
 11
638.2205419999999
 21
495.37659999999994
 31
0.0
 11
651.474341
 21
504.643103
 31
0.0
 11
665.5416349881596
 21
516.0349167001
 31
0.0
 11
674.0
 21
525.455688
 31
0.0
 11
674.0
 21
554.619538
 31
0.0
 11
688.45182
 21
572.227172
 31
0.0
 11
689.936938
 21
572.615622
 31
0.0
 11
691.957968
 21
572.108513
 31
0.0
 11
697.70097
 21
568.351245
 31
0.0
  0
SPLINE
  5
B4
330
17
100
AcDbEntity
  8
0
100
AcDbSpline
 70
0
 71
3
 72
0
 73
0
 74
34
 11
492.098211
 21
563.937582
 31
0.0
 11
493.21249897787123
 21
563.698937167501
 31
0.0
 11
505.3432376455359
 21
561.617413109184
 31
0.0
 11
527.4725161246236
 21
558.6186340581293
 31
0.0
 11
538.1591280623625
 21
556.2244232037374
 31
0.0
 11
545.458264501228
 21
553.752658994552
 31
0.0
 11
550.5370254435611
 21
551.4372281183915
 31
0.0
 11
555.301268
 21
548.553109
 31
0.0
 11
561.077499
 21
543.800435
 31
0.0
 11
564.5071713550713
 21
540.0086838324534
 31
0.0
 11
566.9478487601359
 21
536.307867201284
 31
0.0
 11
570.5362516102175
 21
526.15297890987
 31
0.0
 11
572.0688160503282
 21
516.9190961993472
 31
0.0
 11
572.8633487009213
 21
503.9727396190304
 31
0.0
 11
572.288072
 21
500.293056
 31
0.0
 11
571.420963
 21
498.912665
 31
0.0
 11
570.146558978783
 21
497.886757248781
 31
0.0
 11
568.617081
 21
497.305991
 31
0.0
 11
565.3911222806976
 21
496.98130633681774
 31
0.0
 11
560.0731723986173
 21
497.6728875551027
 31
0.0
 11
551.875676
 21
500.38106100000005
 31
0.0
 11
540.003244
 21
505.97721599999994
 31
0.0
 11
532.344243425162
 21
510.7042472826249
 31
0.0
 11
523.9100863602132
 21
517.6127790120138
 31
0.0
 11
519.2480000986235
 21
522.9176610230875
 31
0.0
 11
509.76290294668803
 21
539.413792519084
 31
0.0
 11
504.38646587375655
 21
546.2808416770548
 31
0.0
 11
497.369587
 21
552.103018
 31
0.0
 11
482.93207036591804
 21
560.3146032737407
 31
0.0
 11
479.89970201887996
 21
562.82924017301
 31
0.0
 11
479.4946982062475
 21
564.1146814435394
 31
0.0
 11
479.77440923408255
 21
564.8059813076246
 31
0.0
 11
482.0766177179025
 21
565.8289564214035
 31
0.0
 11
492.098211
 21
563.937582
 31
0.0
  0
SPLINE
  5
B5
330
17
100
AcDbEntity
  8
0
100
AcDbSpline
 70
0
 71
3
 72
0
 73
0
 74
21
 11
809.428637
 21
556.826429
 31
0.0
 11
809.6926135645123
 21
550.1601169564009
 31
0.0
 11
808.790922
 21
538.8671369999998
 31
0.0
 11
807.3142372423797
 21
536.6260332876935
 31
0.0
 11
806.70625
 21
533.570164
 31
0.0
 11
805.165728406943
 21
532.415022976444
 31
0.0
 11
804.8655740981942
 21
530.4584697390551
 31
0.0
 11
803.8441768345582
 21
528.2354286657869
 31
0.0
 11
796.3577322398595
 21
522.0337590885472
 31
0.0
 11
786.6180634929884
 21
515.6122224975245
 31
0.0
 11
780.191453974765
 21
512.459138425915
 31
0.0
 11
772.659886
 21
510.713612
 31
0.0
 11
776.2942378941784
 21
515.5154174938498
 31
0.0
 11
785.3763839999999
 21
525.144429
 31
0.0
 11
791.9890781857813
 21
534.1880081841788
 31
0.0
 11
795.313063
 21
540.25
 31
0.0
 11
802.708148172846
 21
558.151138364495
 31
0.0
 11
804.4389685705651
 21
561.4855748267076
 31
0.0
 11
806.334488
 21
562.578731
 31
0.0
 11
807.9632483276183
 21
562.0072256261002
 31
0.0
 11
809.428637
 21
556.826429
 31
0.0
  0
SPLINE
  5
B6
330
17
100
AcDbEntity
  8
0
100
AcDbSpline
 70
0
 71
3
 72
0
 73
0
 74
21
 11
1023.092033
 21
553.671965
 31
0.0
 11
1008.9745291039897
 21
534.2399181048378
 31
0.0
 11
1002.728046
 21
526.851988
 31
0.0
 11
998.9651117240912
 21
523.7082539306085
 31
0.0
 11
995.3388921872632
 21
521.3453088590236
 31
0.0
 11
978.9309940000003
 21
511.91995300000013
 31
0.0
 11
975.25
 21
511.000148
 31
0.0
 11
974.043262
 21
511.17657399999996
 31
0.0
 11
973.385845
 21
511.710061
 31
0.0
 11
973.0553171412857
 21
516.5960216747044
 31
0.0
 11
973.870267283532
 21
520.8513473215801
 31
0.0
 11
975.6198311068048
 21
524.8150534816782
 31
0.0
 11
978.8053748211121
 21
529.3165836070307
 31
0.0
 11
987.071485
 21
538.2370250000001
 31
0.0
 11
998.0374953020836
 21
546.7430489612001
 31
0.0
 11
1005.9468558387144
 21
551.3629398655191
 31
0.0
 11
1010.0320664873315
 21
553.31400858545
 31
0.0
 11
1018.5
 21
556.519699
 31
0.0
 11
1022.0107665979148
 21
557.28796929974
 31
0.0
 11
1023.709234452608
 21
556.4094942117955
 31
0.0
 11
1023.092033
 21
553.671965
 31
0.0
  0
SPLINE
  5
B7
330
17
100
AcDbEntity
  8
0
100
AcDbSpline
 70
0
 71
3
 72
0
 73
0
 74
25
 11
238.0
 21
549.5
 31
0.0
 11
237.530872
 21
547.169761
 31
0.0
 11
236.0343470997244
 21
545.9943685267236
 31
0.0
 11
232.4206808052187
 21
540.2288829112654
 31
0.0
 11
225.41958699999995
 21
530.739788
 31
0.0
 11
220.857777239152
 21
525.820880705444
 31
0.0
 11
216.36732566829014
 21
522.2722885562305
 31
0.0
 11
210.18337959625768
 21
519.2042920014197
 31
0.0
 11
200.69679249850424
 21
516.4015951068243
 31
0.0
 11
198.86893236225646
 21
516.4572852899056
 31
0.0
 11
196.341674
 21
517.37411
 31
0.0
 11
194.45037401469298
 21
518.5845852367452
 31
0.0
 11
193.09473458876
 21
520.105073604946
 31
0.0
 11
192.42454114851225
 21
521.9749265452505
 31
0.0
 11
192.429886
 21
524.065303
 31
0.0
 11
193.426685
 21
527.478775
 31
0.0
 11
195.2248914182
 21
530.81250912516
 31
0.0
 11
199.36987222092347
 21
535.3488286623165
 31
0.0
 11
205.014246
 21
539.648842
 31
0.0
 11
215.535829
 21
545.32088
 31
0.0
 11
230.170185721775
 21
551.019515008635
 31
0.0
 11
234.29728233927008
 21
551.8555426924939
 31
0.0
 11
236.9169517984786
 21
551.8195019777032
 31
0.0
 11
237.7422558860135
 21
551.195369974971
 31
0.0
 11
238.0
 21
549.5
 31
0.0
  0
LWPOLYLINE
  5
B8
330
17
100
AcDbEntity
  8
0
100
AcDbPolyline
 90
2
 70
1
 10
1117.0
 20
550.035661
 10
1116.9999999999993
 20
550.0356609999999
  0
SPLINE
  5
B9
330
17
100
AcDbEntity
  8
0
100
AcDbSpline
 70
0
 71
3
 72
0
 73
0
 74
31
 11
1264.0
 21
547.801665
 31
0.0
 11
1263.4874511555904
 21
545.1528084608535
 31
0.0
 11
1262.023793
 21
542.886346
 31
0.0
 11
1254.287911
 21
535.771119
 31
0.0
 11
1246.9033633987815
 21
530.3748865931472
 31
0.0
 11
1236.5567244905837
 21
524.5783760441819
 31
0.0
 11
1229.788035334824
 21
521.7447768015433
 31
0.0
 11
1221.474171862385
 21
518.8808090373611
 31
0.0
 11
1206.041329339105
 21
514.8068048600026
 31
0.0
 11
1194.7532199999998
 21
512.2930799999999
 31
0.0
 11
1172.053609
 21
508.305486
 31
0.0
 11
1163.464979059102
 21
507.36761728406793
 31
0.0
 11
1152.0018656800935
 21
507.046394184442
 31
0.0
 11
1145.675062
 21
507.4490410000001
 31
0.0
 11
1143.6239
 21
508.041824
 31
0.0
 11
1143.0443114897819
 21
508.68466662873647
 31
0.0
 11
1143.063598614128
 21
509.22559927215195
 31
0.0
 11
1143.781860666026
 21
509.7365247743069
 31
0.0
 11
1154.810655
 21
515.656572
 31
0.0
 11
1161.4131233373655
 21
519.7275256165622
 31
0.0
 11
1173.7458515006488
 21
529.2015716975231
 31
0.0
 11
1184.2186399949828
 21
536.4004775890598
 31
0.0
 11
1191.0
 21
540.21654
 31
0.0
 11
1196.745388
 21
542.455638
 31
0.0
 11
1201.3071181903615
 21
543.676345810174
 31
0.0
 11
1208.679177115918
 21
544.8860318650052
 31
0.0
 11
1235.765625
 21
547.249912
 31
0.0
 11
1258.2316168532932
 21
550.0978184178274
 31
0.0
 11
1262.2960948368
 21
549.895324043836
 31
0.0
 11
1263.549550860629
 21
549.0632825673073
 31
0.0
 11
1264.0
 21
547.801665
 31
0.0
  0
SPLINE
  5
BA
330
17
100
AcDbEntity
  8
0
100
AcDbSpline
 70
0
 71
3
 72
0
 73
0
 74
25
 11
476.698051
 21
542.844445
 31
0.0
 11
482.6062249741363
 21
540.6273900432581
 31
0.0
 11
486.36261055832
 21
537.997868443832
 31
0.0
 11
487.6104000751365
 21
535.8295352624145
 31
0.0
 11
487.470123
 21
534.782739
 31
0.0
 11
486.28229943310055
 21
532.868515801586
 31
0.0
 11
482.1581135043189
 21
530.4448909807924
 31
0.0
 11
472.45074042817055
 21
526.5438445615858
 31
0.0
 11
464.4110170000001
 21
524.1012780000001
 31
0.0
 11
457.271052626639
 21
522.7049656043611
 31
0.0
 11
447.68931315631266
 21
522.3529261785766
 31
0.0
 11
437.32002800000004
 21
523.701258
 31
0.0
 11
429.26815103834053
 21
527.2335381282694
 31
0.0
 11
419.769174
 21
530.317635
 31
0.0
 11
407.28602589537417
 21
533.5964275327218
 31
0.0
 11
405.827236
 21
534.237393
 31
0.0
 11
405.3741688893592
 21
534.8527364541487
 31
0.0
 11
405.65562735210614
 21
536.0456690115909
 31
0.0
 11
406.646652942944
 21
537.070306567536
 31
0.0
 11
411.038824
 21
538.799375
 31
0.0
 11
442.723802
 21
544.921138
 31
0.0
 11
451.6999168994022
 21
545.4425597714787
 31
0.0
 11
460.7858764883515
 21
545.2808864438964
 31
0.0
 11
469.34792476697595
 21
544.4689473664931
 31
0.0
 11
476.698051
 21
542.844445
 31
0.0
  0
SPLINE
  5
BB
330
17
100
AcDbEntity
  8
0
100
AcDbSpline
 70
0
 71
3
 72
0
 73
0
 74
30
 11
957.388842
 21
531.57655
 31
0.0
 11
958.8350357816495
 21
526.587249904002
 31
0.0
 11
959.0327159559193
 21
518.562745096848
 31
0.0
 11
958.4707318154382
 21
514.2161897325366
 31
0.0
 11
957.3959433298977
 21
510.0677824879977
 31
0.0
 11
954.786599
 21
504.373224
 31
0.0
 11
951.94270238389
 21
500.10920108560003
 31
0.0
 11
948.672039
 21
496.163013
 31
0.0
 11
934.1074159904279
 21
481.52388160384714
 31
0.0
 11
929.7551239458718
 21
476.66282283403154
 31
0.0
 11
925.933867
 21
471.094371
 31
0.0
 11
923.541612700084
 21
465.77428163221873
 31
0.0
 11
921.811629
 21
463.009869
 31
0.0
 11
920.7127774341285
 21
462.37117560516145
 31
0.0
 11
919.463556
 21
462.605376
 31
0.0
 11
917.8129520487132
 21
464.4951184575546
 31
0.0
 11
917.140098287431
 21
468.123963137865
 31
0.0
 11
917.062333786556
 21
473.80000026928843
 31
0.0
 11
917.994476
 21
482.249191
 31
0.0
 11
920.0612841671012
 21
491.05114704849245
 31
0.0
 11
922.0184882471267
 21
496.9172458960063
 31
0.0
 11
927.3038371570175
 21
508.55249433514365
 31
0.0
 11
932.359815
 21
517.0
 31
0.0
 11
937.9386358168969
 21
524.9622988145352
 31
0.0
 11
941.6771667531303
 21
529.4594742921596
 31
0.0
 11
945.918008932496
 21
533.3670629055206
 31
0.0
 11
949.9430043513566
 21
535.6371008902395
 31
0.0
 11
952.610876818033
 21
536.0445139785522
 31
0.0
 11
954.9070543975995
 21
534.9740919100342
 31
0.0
 11
957.388842
 21
531.57655
 31
0.0
  0
SPLINE
  5
BC
330
17
100
AcDbEntity
  8
0
100
AcDbSpline
 70
0
 71
3
 72
0
 73
0
 74
14
 11
75.614552
 21
523.75
 31
0.0
 11
74.38648900000004
 21
513.0834500000003
 31
0.0
 11
73.129608
 21
507.21940500000005
 31
0.0
 11
71.11734725631104
 21
503.62783437303716
 31
0.0
 11
69.14883653255035
 21
503.03853445160166
 31
0.0
 11
68.43290084852049
 21
504.4909356986935
 31
0.0
 11
68.05520899999999
 21
508.91092
 31
0.0
 11
68.08025435960958
 21
521.8542170687901
 31
0.0
 11
68.5596511128762
 21
526.7877541620894
 31
0.0
 11
69.10107628131335
 21
528.2148533549481
 31
0.0
 11
70.42550399999999
 21
529.381167
 31
0.0
 11
72.57222455214165
 21
529.9606730588645
 31
0.0
 11
76.232991
 21
530.0
 31
0.0
 11
75.614552
 21
523.75
 31
0.0
  0
SPLINE
  5
BD
330
17
100
AcDbEntity
  8
0
100
AcDbSpline
 70
0
 71
3
 72
0
 73
0
 74
65
 11
294.812719
 21
522.302137
 31
0.0
 11
294.4862532195925
 21
520.133805511335
 31
0.0
 11
293.022353
 21
518.50125
 31
0.0
 11
287.3655210757173
 21
515.5990402844552
 31
0.0
 11
282.29492568282615
 21
513.7549545152021
 31
0.0
 11
272.8228010000001
 21
511.16926799999993
 31
0.0
 11
237.96263299999998
 21
504.2066040000001
 31
0.0
 11
222.73229317930102
 21
499.7578005463052
 31
0.0
 11
214.80209564402497
 21
496.3961541256247
 31
0.0
 11
213.19991799999997
 21
493.790475
 31
0.0
 11
213.7755378835703
 21
492.0549934297544
 31
0.0
 11
214.797296
 21
491.582939
 31
0.0
 11
220.24353471998643
 21
491.2472453156233
 31
0.0
 11
230.70531950882184
 21
492.0737887855925
 31
0.0
 11
281.46074333615866
 21
501.65089890946587
 31
0.0
 11
290.44518843600724
 21
502.70811428649307
 31
0.0
 11
301.1397941527241
 21
503.094990759965
 31
0.0
 11
317.72870361697085
 21
502.72878153912256
 31
0.0
 11
322.92132546710695
 21
502.005903729283
 31
0.0
 11
327.38069362070945
 21
500.8602129662793
 31
0.0
 11
335.70855513117033
 21
497.92535220700546
 31
0.0
 11
336.1255119518256
 21
496.8621130996196
 31
0.0
 11
335.734223
 21
495.794644
 31
0.0
 11
332.73340422676796
 21
493.8162368984627
 31
0.0
 11
302.86354032142145
 21
490.2834838457924
 31
0.0
 11
274.00899434177893
 21
484.57329517627153
 31
0.0
 11
263.24338579326
 21
483.15080975363
 31
0.0
 11
237.36765400000053
 21
482.71209499999986
 31
0.0
 11
198.310846113581
 21
483.84910926902904
 31
0.0
 11
189.34521649417061
 21
483.02469724879387
 31
0.0
 11
179.10294210547767
 21
480.68937308030576
 31
0.0
 11
169.22553299999998
 21
477.330999
 31
0.0
 11
160.466218
 21
473.57931700000006
 31
0.0
 11
139.2910919004115
 21
463.2160855281074
 31
0.0
 11
129.1092938288688
 21
459.31784114298705
 31
0.0
 11
92.58130242081133
 21
449.9038458138077
 31
0.0
 11
86.64403298265262
 21
447.9748887617971
 31
0.0
 11
77.066011212402
 21
444.0331766331055
 31
0.0
 11
74.798613
 21
444.657676
 31
0.0
 11
73.59832600167657
 21
445.9771594086293
 31
0.0
 11
72.67378678465
 21
447.91886677450003
 31
0.0
 11
71.810644
 21
453.261388
 31
0.0
 11
71.80738951885549
 21
456.906242761654
 31
0.0
 11
72.18925949413703
 21
458.7837105332959
 31
0.0
 11
74.03697799999999
 21
461.581444
 31
0.0
 11
78.71356390631237
 21
465.92940223974966
 31
0.0
 11
91.120728
 21
474.423422
 31
0.0
 11
102.95744200000001
 21
481.359835
 31
0.0
 11
110.81667516195199
 21
485.25547529201754
 31
0.0
 11
134.60950963068
 21
495.5090517594
 31
0.0
 11
158.753072
 21
500.59805
 31
0.0
 11
161.7572785799096
 21
497.3971778286707
 31
0.0
 11
164.466248419433
 21
496.218743943503
 31
0.0
 11
172.594434986079
 21
496.165624047248
 31
0.0
 11
179.59004758151042
 21
497.13192211331847
 31
0.0
 11
190.85230263153602
 21
499.48700253643733
 31
0.0
 11
201.69203693818395
 21
502.50059133162864
 31
0.0
 11
233.975300888042
 21
515.402012745696
 31
0.0
 11
243.38955792680645
 21
518.4571020545714
 31
0.0
 11
251.609244532558
 21
520.51712709377
 31
0.0
 11
267.690193
 21
523.08498
 31
0.0
 11
283.064268650028
 21
524.603115073986
 31
0.0
 11
292.4634833182325
 21
524.3982228371395
 31
0.0
 11
294.13988319657767
 21
523.7348809540246
 31
0.0
 11
294.812719
 21
522.302137
 31
0.0
  0
SPLINE
  5
BE
330
17
100
AcDbEntity
  8
0
100
AcDbSpline
 70
0
 71
3
 72
0
 73
0
 74
27
 11
1034.5
 21
520.330218
 31
0.0
 11
1033.03125
 21
517.982701
 31
0.0
 11
1026.23574290068
 21
509.56492939639
 31
0.0
 11
1023.464688
 21
504.96043
 31
0.0
 11
1019.739394
 21
497.308597
 31
0.0
 11
1015.3050176622481
 21
492.0729077941644
 31
0.0
 11
1010.5612876387914
 21
488.4563446383029
 31
0.0
 11
1000.937035
 21
483.0397939999999
 31
0.0
 11
995.212523
 21
479.347098
 31
0.0
 11
979.8721605431947
 21
467.444919591684
 31
0.0
 11
976.806934016453
 21
466.19495245413196
 31
0.0
 11
975.5419807995091
 21
466.3142246239702
 31
0.0
 11
974.32028309792
 21
467.19129971699
 31
0.0
 11
973.848264
 21
469.118769
 31
0.0
 11
974.757919342624
 21
472.02021105492804
 31
0.0
 11
976.429508
 21
474.560217
 31
0.0
 11
980.4064995037501
 21
478.60136700345004
 31
0.0
 11
987.7123194831526
 21
484.1983340471885
 31
0.0
 11
1004.7622080000001
 21
494.502797
 31
0.0
 11
1009.820718
 21
498.291822
 31
0.0
 11
1013.935399
 21
502.649674
 31
0.0
 11
1022.5718617473775
 21
514.6960893713238
 31
0.0
 11
1025.9897181690224
 21
518.2197777105597
 31
0.0
 11
1028.7521821742087
 21
520.017811891594
 31
0.0
 11
1031.9975957258182
 21
521.4829888713322
 31
0.0
 11
1033.683132998346
 21
521.521032119336
 31
0.0
 11
1034.5
 21
520.330218
 31
0.0
  0
SPLINE
  5
BF
330
17
100
AcDbEntity
  8
0
100
AcDbSpline
 70
0
 71
3
 72
0
 73
0
 74
37
 11
899.715638
 21
515.102117
 31
0.0
 11
901.542358
 21
511.014372
 31
0.0
 11
901.993416181298
 21
505.7705317881026
 31
0.0
 11
901.49376
 21
498.564653
 31
0.0
 11
899.981827
 21
492.947468
 31
0.0
 11
898.0836517138167
 21
488.9194153314678
 31
0.0
 11
894.4214917818589
 21
483.5724106366892
 31
0.0
 11
884.470176
 21
472.883474
 31
0.0
 11
877.101493729901
 21
466.33158254600363
 31
0.0
 11
868.041516507466
 21
459.33636220842
 31
0.0
 11
838.5599904801497
 21
439.6589275353744
 31
0.0
 11
828.931221
 21
434.02609299999995
 31
0.0
 11
819.5830529970333
 21
429.2362036948636
 31
0.0
 11
805.859571
 21
423.3959990000001
 31
0.0
 11
804.3437272125614
 21
423.7703216100557
 31
0.0
 11
804.0
 21
424.678746
 31
0.0
 11
804.506729
 21
425.845026
 31
0.0
 11
809.93772685114
 21
430.579320903252
 31
0.0
 11
829.623841
 21
446.18566899999996
 31
0.0
 11
835.9807082841694
 21
452.4626337647614
 31
0.0
 11
840.8166945713999
 21
458.4057927350925
 31
0.0
 11
843.357955
 21
462.342523
 31
0.0
 11
844.5821935324
 21
465.2574634592775
 31
0.0
 11
845.2243417587645
 21
470.099942415974
 31
0.0
 11
846.3278559666555
 21
471.8544555388054
 31
0.0
 11
846.70625
 21
473.293607
 31
0.0
 11
847.4320659731789
 21
481.9190485444173
 31
0.0
 11
848.715617379607
 21
486.948039473474
 31
0.0
 11
851.659240704558
 21
493.1080074182085
 31
0.0
 11
855.8070132831681
 21
498.263191271512
 31
0.0
 11
860.0009695758212
 21
501.58323528311905
 31
0.0
 11
865.391503
 21
504.85894899999994
 31
0.0
 11
892.9979208715639
 21
518.5851414943094
 31
0.0
 11
894.6335385408571
 21
518.8359888647506
 31
0.0
 11
896.1643857186921
 21
518.5619511339277
 31
0.0
 11
898.13029759848
 21
517.023311194224
 31
0.0
 11
899.715638
 21
515.102117
 31
0.0
  0
SPLINE
  5
C0
330
17
100
AcDbEntity
  8
0
100
AcDbSpline
 70
0
 71
3
 72
0
 73
0
 74
110
 11
476.976364
 21
513.01265
 31
0.0
 11
479.18124279468
 21
511.360113979995
 31
0.0
 11
480.791342
 21
509.124058
 31
0.0
 11
482.52616763652486
 21
504.3468222185086
 31
0.0
 11
483.0204382190006
 21
500.8812355161171
 31
0.0
 11
482.9696389481659
 21
497.28270601722147
 31
0.0
 11
482.3740283389424
 21
493.90274659792755
 31
0.0
 11
481.1680035166196
 21
490.8839658400215
 31
0.0
 11
479.36041845455117
 21
488.1226282821825
 31
0.0
 11
474.47488781274
 21
482.54536890986003
 31
0.0
 11
469.3937382299569
 21
478.1550808377498
 31
0.0
 11
447.69840962737305
 21
463.4557449865899
 31
0.0
 11
432.0954514094092
 21
454.32014679782225
 31
0.0
 11
429.9765513765209
 21
452.55969697747764
 31
0.0
 11
429.14167110465496
 21
450.7847533599025
 31
0.0
 11
429.7342412514346
 21
450.0558497270559
 31
0.0
 11
433.64337571138367
 21
449.55980602417776
 31
0.0
 11
472.9864565706998
 21
445.84455272792803
 31
0.0
 11
480.98998456340803
 21
444.2184804261895
 31
0.0
 11
488.20688605013595
 21
441.67934608494596
 31
0.0
 11
494.2579561876792
 21
438.57060863234346
 31
0.0
 11
497.8908198334308
 21
436.11074407952054
 31
0.0
 11
500.9632625780305
 21
433.55444877695095
 31
0.0
 11
504.576703
 21
429.543214
 31
0.0
 11
505.6102727168305
 21
427.4378716748545
 31
0.0
 11
505.6321379025057
 21
424.2959185176999
 31
0.0
 11
504.554312
 21
422.119753
 31
0.0
 11
501.931213
 21
420.140793
 31
0.0
 11
498.59188305192015
 21
419.2070614300305
 31
0.0
 11
492.11021770724847
 21
418.8089833859966
 31
0.0
 11
482.48799578589046
 21
419.1254944835608
 31
0.0
 11
476.03149451862004
 21
419.937838843745
 31
0.0
 11
472.267153
 21
420.932603
 31
0.0
 11
466.7233913026193
 21
423.2028754583445
 31
0.0
 11
448.1242109234181
 21
434.58173522541216
 31
0.0
 11
440.4279383341471
 21
437.80615342423926
 31
0.0
 11
431.53752799999995
 21
440.051746
 31
0.0
 11
424.637890060326
 21
441.31026929516474
 31
0.0
 11
413.062129924308
 21
442.61800250321045
 31
0.0
 11
396.8038063129783
 21
443.739149002184
 31
0.0
 11
393.850018
 21
443.140221
 31
0.0
 11
393.50744541237617
 21
442.7373406579927
 31
0.0
 11
393.8051679040458
 21
441.9920406555168
 31
0.0
 11
409.8779939662019
 21
435.7254812998523
 31
0.0
 11
416.1163248132725
 21
432.466130266265
 31
0.0
 11
418.89097907291864
 21
430.4791480147875
 31
0.0
 11
421.36051578531783
 21
427.7831005836878
 31
0.0
 11
422.6702010020801
 21
425.40882935141065
 31
0.0
 11
422.8181103973582
 21
423.3280431994261
 31
0.0
 11
422.206528
 21
422.000798
 31
0.0
 11
420.461343
 21
420.382714
 31
0.0
 11
416.6352710932024
 21
419.1774776129442
 31
0.0
 11
404.7113429999999
 21
419.2531870000001
 31
0.0
 11
393.5075712906307
 21
420.1541622342143
 31
0.0
 11
382.330325533248
 21
421.9521573208261
 31
0.0
 11
371.3126864191772
 21
424.6101199163088
 31
0.0
 11
357.1645690238698
 21
429.4149144651539
 31
0.0
 11
337.400106
 21
438.19236
 31
0.0
 11
332.1477667876613
 21
439.4380993291843
 31
0.0
 11
319.23312501276064
 21
441.30590757457156
 31
0.0
 11
316.535747
 21
442.1599749999999
 31
0.0
 11
316.03768821222513
 21
442.7448049529596
 31
0.0
 11
316.47311086832644
 21
443.9755742127759
 31
0.0
 11
319.56027
 21
444.857598
 31
0.0
 11
356.9215212568079
 21
447.5954734301835
 31
0.0
 11
371.386121
 21
449.91982299999995
 31
0.0
 11
376.136163
 21
451.760706
 31
0.0
 11
378.344123
 21
453.882848
 31
0.0
 11
380.1607598158026
 21
458.3924308233389
 31
0.0
 11
380.84793930479464
 21
463.62259855348225
 31
0.0
 11
381.3319583080549
 21
474.8125231344212
 31
0.0
 11
383.041964
 21
480.586686
 31
0.0
 11
385.00532150361715
 21
483.8673775879139
 31
0.0
 11
388.9013043147118
 21
488.3129360287526
 31
0.0
 11
394.439278
 21
493.031907
 31
0.0
 11
396.62615803265226
 21
493.93722314998087
 31
0.0
 11
398.06457197476914
 21
493.9573253745973
 31
0.0
 11
399.874626
 21
493.334903
 31
0.0
 11
403.250707
 21
491.023473
 31
0.0
 11
406.5552156192882
 21
487.9034318355844
 31
0.0
 11
407.22465133154486
 21
485.515975637435
 31
0.0
 11
408.591762899
 21
484.767792297
 31
0.0
 11
408.867685
 21
484.195105
 31
0.0
 11
408.86238239981
 21
478.34807687203397
 31
0.0
 11
408.310704498982
 21
474.997682739866
 31
0.0
 11
407.11709153147865
 21
472.75954272862043
 31
0.0
 11
395.87331292165896
 21
459.9931803024336
 31
0.0
 11
392.1674209194391
 21
455.2395801324962
 31
0.0
 11
392.0870060560064
 21
453.7074182398895
 31
0.0
 11
393.30674541545
 21
451.55135813876
 31
0.0
 11
394.7362989771584
 21
450.6901505245961
 31
0.0
 11
396.390972
 21
450.472529
 31
0.0
 11
408.48477609102935
 21
452.1539956555382
 31
0.0
 11
421.65673299326
 21
455.74369655786495
 31
0.0
 11
430.60328499999997
 21
459.18117399999994
 31
0.0
 11
434.17050849589646
 21
460.88007487334824
 31
0.0
 11
440.8776128966255
 21
465.0287678728607
 31
0.0
 11
447.7713702882209
 21
470.9183294080169
 31
0.0
 11
450.98640778247227
 21
474.88888902246543
 31
0.0
 11
452.26536774425
 21
478.12541346706
 31
0.0
 11
452.666915
 21
480.435078
 31
0.0
 11
453.16562953619206
 21
492.341643250368
 31
0.0
 11
453.97409533807576
 21
498.44171184557723
 31
0.0
 11
455.824063
 21
502.865962
 31
0.0
 11
457.717726789367
 21
505.35180898613
 31
0.0
 11
460.087083
 21
507.389344
 31
0.0
 11
463.703815327408
 21
509.673651116194
 31
0.0
 11
471.172809
 21
513.252105
 31
0.0
 11
474.209816018464
 21
513.880952884429
 31
0.0
 11
476.976364
 21
513.01265
 31
0.0
  0
SPLINE
  5
C1
330
17
100
AcDbEntity
  8
0
100
AcDbSpline
 70
0
 71
3
 72
0
 73
0
 74
27
 11
1107.75
 21
504.760301
 31
0.0
 11
1111.3467210820618
 21
503.04296172063835
 31
0.0
 11
1111.5681976388223
 21
502.19640476879135
 31
0.0
 11
1111.195945
 21
501.64381399999996
 31
0.0
 11
1107.253205
 21
499.521506
 31
0.0
 11
1092.0
 21
493.6402129999999
 31
0.0
 11
1082.742343527814
 21
490.4706798470522
 31
0.0
 11
1076.2919721613282
 21
488.9104592533759
 31
0.0
 11
1069.4314027613718
 21
487.9474218571706
 31
0.0
 11
1051.62239
 21
486.417408
 31
0.0
 11
1043.861836
 21
484.733017
 31
0.0
 11
1036.803152
 21
481.66374600000006
 31
0.0
 11
1014.597357
 21
468.338488
 31
0.0
 11
1012.8677757259255
 21
468.0395080909595
 31
0.0
 11
1011.8362101669646
 21
468.8806976241618
 31
0.0
 11
1012.0958473052319
 21
470.9752860566502
 31
0.0
 11
1013.91602
 21
473.847942
 31
0.0
 11
1019.4461548477175
 21
479.10681325875436
 31
0.0
 11
1024.5276439024992
 21
483.12935525983704
 31
0.0
 11
1041.6649460873346
 21
495.29030385756147
 31
0.0
 11
1048.7236874305754
 21
499.31622141349044
 31
0.0
 11
1055.5701813002927
 21
502.2660817033552
 31
0.0
 11
1065.0838713000226
 21
504.86814111542753
 31
0.0
 11
1076.9015206013369
 21
506.42018959740403
 31
0.0
 11
1096.8950535069469
 21
506.096282894264
 31
0.0
 11
1103.5639836529047
 21
505.60763529842876
 31
0.0
 11
1107.75
 21
504.760301
 31
0.0
  0
LWPOLYLINE
  5
C2
330
17
100
AcDbEntity
  8
0
100
AcDbPolyline
 90
2
 70
1
 10
713.291049
 20
496.992809
 10
713.2910489999997
 20
496.9928089999998
  0
SPLINE
  5
C3
330
17
100
AcDbEntity
  8
0
100
AcDbSpline
 70
0
 71
3
 72
0
 73
0
 74
22
 11
1161.0
 21
498.95034
 31
0.0
 11
1160.669121154049
 21
496.987989376797
 31
0.0
 11
1159.713071
 21
495.242633
 31
0.0
 11
1155.505496
 21
490.90458000000007
 31
0.0
 11
1149.55407
 21
486.76763900000003
 31
0.0
 11
1142.699864
 21
483.576826
 31
0.0
 11
1129.6511965513182
 21
479.6268344765744
 31
0.0
 11
1115.4176670000002
 21
476.5901860000001
 31
0.0
 11
1110.7995677939991
 21
476.07769186645254
 31
0.0
 11
1106.258371
 21
476.07752
 31
0.0
 11
1104.6916700630532
 21
476.45120786164154
 31
0.0
 11
1104.1361499195539
 21
477.20705128494257
 31
0.0
 11
1104.441321412544
 21
480.09454383934394
 31
0.0
 11
1105.689271
 21
481.8166499999999
 31
0.0
 11
1111.100553
 21
485.633504
 31
0.0
 11
1117.2258261795228
 21
488.4110972173216
 31
0.0
 11
1124.637384368301
 21
490.71257773051695
 31
0.0
 11
1139.6603330291302
 21
494.5252780764904
 31
0.0
 11
1154.0450759079247
 21
499.06532901776484
 31
0.0
 11
1159.4475511642363
 21
499.87982167349736
 31
0.0
 11
1160.4880155212259
 21
499.765015723073
 31
0.0
 11
1161.0
 21
498.95034
 31
0.0
  0
SPLINE
  5
C4
330
17
100
AcDbEntity
  8
0
100
AcDbSpline
 70
0
 71
3
 72
0
 73
0
 74
29
 11
547.465489
 21
487.553975
 31
0.0
 11
554.9996946673415
 21
482.4336624492855
 31
0.0
 11
556.8038014411413
 21
480.5795790298418
 31
0.0
 11
557.535766
 21
478.950624
 31
0.0
 11
557.4361158311083
 21
477.4237157064373
 31
0.0
 11
556.1974037310252
 21
474.26905960525926
 31
0.0
 11
556.1063082281357
 21
471.77406943222434
 31
0.0
 11
558.729521
 21
462.630275
 31
0.0
 11
558.9291643417002
 21
457.9466893182239
 31
0.0
 11
558.337676
 21
455.572512
 31
0.0
 11
557.2788513075293
 21
453.96754891246536
 31
0.0
 11
555.522512283181
 21
452.8379934982235
 31
0.0
 11
553.445539657596
 21
452.2118369688525
 31
0.0
 11
550.3852980979744
 21
452.29183678231357
 31
0.0
 11
546.6713926900957
 21
453.49141648561886
 31
0.0
 11
541.3780015377017
 21
456.1582085806765
 31
0.0
 11
535.791663
 21
459.96566099999995
 31
0.0
 11
533.0593492064335
 21
462.504543428416
 31
0.0
 11
529.8572697285152
 21
466.993151493003
 31
0.0
 11
528.442711665904
 21
470.2780501061145
 31
0.0
 11
527.5361328245251
 21
473.99965726480235
 31
0.0
 11
527.0
 21
480.084731
 31
0.0
 11
527.3111280711599
 21
485.7412912672986
 31
0.0
 11
528.569434607641
 21
489.30503397399
 31
0.0
 11
531.0555358525351
 21
492.37574535639396
 31
0.0
 11
533.098338
 21
492.883904
 31
0.0
 11
537.5964284913482
 21
492.2424080799396
 31
0.0
 11
542.6340312583301
 21
490.24100836674
 31
0.0
 11
547.465489
 21
487.553975
 31
0.0
  0
SPLINE
  5
C5
330
17
100
AcDbEntity
  8
0
100
AcDbSpline
 70
0
 71
3
 72
0
 73
0
 74
38
 11
791.335046
 21
482.0
 31
0.0
 11
790.426404
 21
474.06944899999996
 31
0.0
 11
788.795598
 21
466.933548
 31
0.0
 11
786.663181
 21
461.208584
 31
0.0
 11
784.201013
 21
457.836615
 31
0.0
 11
781.084782
 21
455.598719
 31
0.0
 11
775.0685330537073
 21
452.7318385627503
 31
0.0
 11
754.9945351995508
 21
445.9654618903767
 31
0.0
 11
747.7329474668355
 21
442.81173391128414
 31
0.0
 11
745.0684143134741
 21
441.09578489104547
 31
0.0
 11
742.014264
 21
438.206378
 31
0.0
 11
737.550742240606
 21
430.91379380880403
 31
0.0
 11
735.3183101231326
 21
428.61622394792437
 31
0.0
 11
733.811031
 21
428.472987
 31
0.0
 11
729.924445588152
 21
429.657999675738
 31
0.0
 11
717.608239
 21
435.1172389999999
 31
0.0
 11
710.5478151724914
 21
437.71772119253166
 31
0.0
 11
705.386100470946
 21
439.01647747193175
 31
0.0
 11
696.5314588270503
 21
440.54906327432786
 31
0.0
 11
694.476477
 21
441.443304
 31
0.0
 11
693.411179
 21
442.740462
 31
0.0
 11
693.503291530836
 21
443.80936386964373
 31
0.0
 11
694.575316064639
 21
444.7101044105945
 31
0.0
 11
699.7663132208734
 21
445.26711844044667
 31
0.0
 11
709.162445
 21
445.372572
 31
0.0
 11
731.309845
 21
444.608564
 31
0.0
 11
735.625931567236
 21
450.153422253862
 31
0.0
 11
739.2457897166071
 21
457.6938551568005
 31
0.0
 11
741.094031
 21
460.409414
 31
0.0
 11
744.8482595782101
 21
464.1328864571107
 31
0.0
 11
748.1808530333336
 21
466.45028112841544
 31
0.0
 11
754.261786
 21
469.655657
 31
0.0
 11
772.9410595675398
 21
477.20142045535806
 31
0.0
 11
786.0658214190668
 21
484.1185556460487
 31
0.0
 11
788.660774
 21
484.69074
 31
0.0
 11
789.711933066945
 21
484.54320663137054
 31
0.0
 11
790.9408831614725
 21
483.5420748193047
 31
0.0
 11
791.335046
 21
482.0
 31
0.0
  0
SPLINE
  5
C6
330
17
100
AcDbEntity
  8
0
100
AcDbSpline
 70
0
 71
3
 72
0
 73
0
 74
21
 11
366.352972
 21
480.815101
 31
0.0
 11
366.6964399646984
 21
478.5766584974345
 31
0.0
 11
365.18285604348665
 21
474.74929269939184
 31
0.0
 11
361.0141729165593
 21
468.8173146882539
 31
0.0
 11
357.246503
 21
465.329776
 31
0.0
 11
349.333664
 21
460.225895
 31
0.0
 11
341.037727
 21
456.17886300000004
 31
0.0
 11
338.151248625061
 21
455.297610818075
 31
0.0
 11
335.147952
 21
455.0
 31
0.0
 11
333.657802243416
 21
455.332408435662
 31
0.0
 11
332.450196
 21
456.266608
 31
0.0
 11
331.893965797136
 21
457.540919177284
 31
0.0
 11
332.103223
 21
458.9155
 31
0.0
 11
334.38946543326665
 21
462.6721102361405
 31
0.0
 11
342.778651
 21
471.533777
 31
0.0
 11
350.102117
 21
477.707725
 31
0.0
 11
355.328304261466
 21
480.77845872052023
 31
0.0
 11
360.00051389681704
 21
482.39913202745595
 31
0.0
 11
363.9369052020478
 21
482.5743862123147
 31
0.0
 11
365.69971537967723
 21
481.60993469566034
 31
0.0
 11
366.352972
 21
480.815101
 31
0.0
  0
SPLINE
  5
C7
330
17
100
AcDbEntity
  8
0
100
AcDbSpline
 70
0
 71
3
 72
0
 73
0
 74
23
 11
295.434898
 21
477.459015
 31
0.0
 11
296.3901147044177
 21
475.64861218403024
 31
0.0
 11
296.5721275250725
 21
474.01040459338503
 31
0.0
 11
294.501179961678
 21
467.995051872023
 31
0.0
 11
290.7268021500375
 21
462.409257328475
 31
0.0
 11
285.21876260187855
 21
458.041745191582
 31
0.0
 11
281.87094500000006
 21
456.311399
 31
0.0
 11
274.933117992142
 21
453.6150373848855
 31
0.0
 11
247.17038405417287
 21
444.7837308168122
 31
0.0
 11
239.49490739155408
 21
443.11194185354765
 31
0.0
 11
236.928477
 21
443.009961
 31
0.0
 11
236.07245279479386
 21
443.5966332449265
 31
0.0
 11
236.059491017381
 21
444.2058787272075
 31
0.0
 11
236.88836422273664
 21
444.8165617583681
 31
0.0
 11
242.00939804502403
 21
446.7565823274466
 31
0.0
 11
245.093473
 21
448.879176
 31
0.0
 11
246.90030613003503
 21
450.93709283251036
 31
0.0
 11
253.33328299999997
 21
460.409099
 31
0.0
 11
255.98272278155466
 21
462.8875548672775
 31
0.0
 11
259.62248582313197
 21
465.27097293416404
 31
0.0
 11
291.068869
 21
479.56278
 31
0.0
 11
293.438265752506
 21
479.61641409119903
 31
0.0
 11
295.434898
 21
477.459015
 31
0.0
  0
SPLINE
  5
C8
330
17
100
AcDbEntity
  8
0
100
AcDbSpline
 70
0
 71
3
 72
0
 73
0
 74
23
 11
1169.317573
 21
478.614802
 31
0.0
 11
1169.496589771808
 21
476.63791745090805
 31
0.0
 11
1168.612004
 21
474.86094600000007
 31
0.0
 11
1162.846715
 21
469.565603
 31
0.0
 11
1154.742707
 21
464.397586
 31
0.0
 11
1145.815897
 21
460.6348499999999
 31
0.0
 11
1139.171967030771
 21
458.7906823513091
 31
0.0
 11
1131.4110239924319
 21
457.30836406912
 31
0.0
 11
1115.40806
 21
455.41335999999995
 31
0.0
 11
1110.438459
 21
456.02031
 31
0.0
 11
1108.054634
 21
457.075185
 31
0.0
 11
1107.2876799148366
 21
457.9169134259075
 31
0.0
 11
1107.1717254416649
 21
459.0501524096885
 31
0.0
 11
1107.8961563202522
 21
460.25044284600597
 31
0.0
 11
1112.6924009126406
 21
464.19855183331805
 31
0.0
 11
1118.9708528265712
 21
467.404161345058
 31
0.0
 11
1126.3359861445686
 21
470.24795127451694
 31
0.0
 11
1131.8485981118854
 21
471.819757716441
 31
0.0
 11
1152.5348377143448
 21
476.300993159805
 31
0.0
 11
1164.6401351833993
 21
479.69669518993965
 31
0.0
 11
1167.5024871294636
 21
479.81143621643344
 31
0.0
 11
1168.6788422620118
 21
479.4072191211987
 31
0.0
 11
1169.317573
 21
478.614802
 31
0.0
  0
SPLINE
  5
C9
330
17
100
AcDbEntity
  8
0
100
AcDbSpline
 70
0
 71
3
 72
0
 73
0
 74
22
 11
739.550222
 21
475.91874
 31
0.0
 11
739.6807958205261
 21
474.650969990252
 31
0.0
 11
738.9163865953026
 21
473.5755700646817
 31
0.0
 11
734.4968562208502
 21
469.65719809203154
 31
0.0
 11
730.6501904838549
 21
467.4811878772082
 31
0.0
 11
721.618593
 21
463.440935
 31
0.0
 11
702.9946118198515
 21
457.08023867281497
 31
0.0
 11
670.762003159425
 21
445.132876208525
 31
0.0
 11
666.3358535135827
 21
444.278279005684
 31
0.0
 11
663.185101
 21
444.452164
 31
0.0
 11
661.1323687821816
 21
445.5649420958077
 31
0.0
 11
660.3532763599155
 21
446.87002550698304
 31
0.0
 11
660.4338681270808
 21
448.2942479493894
 31
0.0
 11
662.4118939236964
 21
450.652957858197
 31
0.0
 11
665.8640429617683
 21
453.049868429342
 31
0.0
 11
669.1519734320308
 21
454.749932766579
 31
0.0
 11
702.2173785861303
 21
466.53631711522365
 31
0.0
 11
724.5938234529921
 21
475.99268522954094
 31
0.0
 11
728.0874533936437
 21
476.72069946191596
 31
0.0
 11
732.529630647515
 21
476.87366851911486
 31
0.0
 11
738.378251
 21
476.628867
 31
0.0
 11
739.550222
 21
475.91874
 31
0.0
  0
SPLINE
  5
CA
330
17
100
AcDbEntity
  8
0
100
AcDbSpline
 70
0
 71
3
 72
0
 73
0
 74
20
 11
1070.895717
 21
476.085612
 31
0.0
 11
1071.6217865295162
 21
475.135340875848
 31
0.0
 11
1071.555661
 21
473.941264
 31
0.0
 11
1070.0410736564897
 21
471.58993961208023
 31
0.0
 11
1068.2655518853653
 21
470.00280903109376
 31
0.0
 11
1063.1122730821608
 21
466.8980636296167
 31
0.0
 11
1054.8068964708182
 21
463.91204470539594
 31
0.0
 11
1043.7205627042117
 21
462.03498923482215
 31
0.0
 11
1031.63733
 21
461.01109299999996
 31
0.0
 11
1027.573931
 21
461.784361
 31
0.0
 11
1025.235335147112
 21
463.496591419606
 31
0.0
 11
1025.3800392148196
 21
464.50854281603154
 31
0.0
 11
1026.175796
 21
465.43286199999994
 31
0.0
 11
1031.6714266634629
 21
468.72432598424825
 31
0.0
 11
1036.7028978615247
 21
470.99131654056174
 31
0.0
 11
1045.8279600579272
 21
473.873985025201
 31
0.0
 11
1055.5695742487378
 21
476.06410369763177
 31
0.0
 11
1064.99409
 21
477.449791
 31
0.0
 11
1068.0610435612546
 21
477.27013946545856
 31
0.0
 11
1070.895717
 21
476.085612
 31
0.0
  0
SPLINE
  5
CB
330
17
100
AcDbEntity
  8
0
100
AcDbSpline
 70
0
 71
3
 72
0
 73
0
 74
17
 11
501.0
 21
472.648314
 31
0.0
 11
500.1303795530611
 21
469.0016593947915
 31
0.0
 11
497.459247634635
 21
465.5826741929475
 31
0.0
 11
493.46333161727335
 21
462.59473153558076
 31
0.0
 11
488.271492
 21
460.186407
 31
0.0
 11
481.8756149670448
 21
458.42294058705454
 31
0.0
 11
472.44089299999996
 21
457.18801799999994
 31
0.0
 11
462.87882604912
 21
457.31044573059194
 31
0.0
 11
460.157678
 21
457.64144699999997
 31
0.0
 11
459.08738108482294
 21
458.5025129619806
 31
0.0
 11
459.249854
 21
459.390918
 31
0.0
 11
464.004286672316
 21
461.76134840553595
 31
0.0
 11
493.474709
 21
474.953821
 31
0.0
 11
496.897682493494
 21
475.905633892395
 31
0.0
 11
499.9062168086798
 21
475.84557136429476
 31
0.0
 11
500.8631210134006
 21
474.87303275642927
 31
0.0
 11
501.0
 21
472.648314
 31
0.0
  0
SPLINE
  5
CC
330
17
100
AcDbEntity
  8
0
100
AcDbSpline
 70
0
 71
3
 72
0
 73
0
 74
23
 11
191.84563
 21
471.131681
 31
0.0
 11
209.22214209500999
 21
460.83100043699096
 31
0.0
 11
214.10659394755703
 21
457.5804480006778
 31
0.0
 11
215.46607399473243
 21
456.21859617779734
 31
0.0
 11
216.74390261772248
 21
453.08626550970996
 31
0.0
 11
216.77984360061748
 21
450.019936402162
 31
0.0
 11
215.55543538149558
 21
445.82958193559625
 31
0.0
 11
213.38725093394365
 21
442.30580405740176
 31
0.0
 11
211.855636
 21
441.681223
 31
0.0
 11
208.6058365552254
 21
441.7024541959963
 31
0.0
 11
206.3569674648391
 21
442.2256376097971
 31
0.0
 11
202.09492407416403
 21
444.21663231352
 31
0.0
 11
192.683927
 21
450.327449
 31
0.0
 11
188.90486462959177
 21
453.7039602357487
 31
0.0
 11
186.33580468326207
 21
456.6502506405091
 31
0.0
 11
183.9883333654919
 21
460.40477730991284
 31
0.0
 11
182.51931519175787
 21
464.1538429374596
 31
0.0
 11
182.2726394931021
 21
467.73961877534236
 31
0.0
 11
182.576813
 21
469.527825
 31
0.0
 11
183.8696276472515
 21
471.6272656617585
 31
0.0
 11
186.13019
 21
472.611582
 31
0.0
 11
189.1225388138215
 21
472.39157364996
 31
0.0
 11
191.84563
 21
471.131681
 31
0.0
  0
SPLINE
  5
CD
330
17
100
AcDbEntity
  8
0
100
AcDbSpline
 70
0
 71
3
 72
0
 73
0
 74
66
 11
1219.5
 21
460.898689
 31
0.0
 11
1228.0338097718304
 21
459.49876528648423
 31
0.0
 11
1235.0211780110706
 21
457.59468882286643
 31
0.0
 11
1238.232263312125
 21
456.188371281201
 31
0.0
 11
1238.742119
 21
455.324653
 31
0.0
 11
1238.61270550054
 21
454.4937599553168
 31
0.0
 11
1233.7953010488563
 21
451.78539389872697
 31
0.0
 11
1224.61751966458
 21
448.529708569668
 31
0.0
 11
1207.742751822168
 21
441.440377183288
 31
0.0
 11
1197.257093000644
 21
437.7636374521001
 31
0.0
 11
1187.770981
 21
435.606398
 31
0.0
 11
1182.1666235455
 21
434.97235596695
 31
0.0
 11
1176.52711
 21
434.890388
 31
0.0
 11
1168.5700923724835
 21
435.8561457841512
 31
0.0
 11
1156.4303082034562
 21
438.85910901777555
 31
0.0
 11
1148.833390583714
 21
440.285965371092
 31
0.0
 11
1145.8080256812075
 21
440.68512062046585
 31
0.0
 11
1144.65669852421
 21
439.8645538820357
 31
0.0
 11
1144.96907
 21
439.319364
 31
0.0
 11
1151.432026049716
 21
436.580006820792
 31
0.0
 11
1170.6256456104081
 21
430.96163041844
 31
0.0
 11
1185.2547629283704
 21
425.48301280576294
 31
0.0
 11
1193.3529786687297
 21
421.25137379961564
 31
0.0
 11
1197.219808
 21
418.808787
 31
0.0
 11
1203.3149297512914
 21
414.0979225290965
 31
0.0
 11
1208.722739
 21
408.611726
 31
0.0
 11
1210.8765410959652
 21
405.8674231345995
 31
0.0
 11
1214.3878114882734
 21
399.8631068925777
 31
0.0
 11
1216.23836912208
 21
395.111839016552
 31
0.0
 11
1217.7376721885967
 21
387.8788897035969
 31
0.0
 11
1217.941735
 21
379.278753
 31
0.0
 11
1217.3401013761318
 21
377.4295029401695
 31
0.0
 11
1215.177582
 21
377.0
 31
0.0
 11
1209.7606130404388
 21
378.5810216553055
 31
0.0
 11
1198.3013994120645
 21
384.0592342858585
 31
0.0
 11
1181.2537196716144
 21
391.2898693272369
 31
0.0
 11
1175.1211690543614
 21
394.14304467706114
 31
0.0
 11
1168.075813
 21
398.24115
 31
0.0
 11
1162.6479480528817
 21
402.4488082618468
 31
0.0
 11
1159.21198414061
 21
405.86656005857037
 31
0.0
 11
1145.9424697268191
 21
422.629344897331
 31
0.0
 11
1142.3553248751145
 21
426.43880835823654
 31
0.0
 11
1135.44359417752
 21
431.551061876144
 31
0.0
 11
1127.2514064534123
 21
435.20439541419984
 31
0.0
 11
1117.5089203839864
 21
437.89403000175656
 31
0.0
 11
1110.83232164948
 21
438.94425876320753
 31
0.0
 11
1061.425845555526
 21
442.593280471335
 31
0.0
 11
1036.5413551719143
 21
445.444899378284
 31
0.0
 11
1012.529632
 21
449.31577
 31
0.0
 11
978.6768909999998
 21
451.67856300000005
 31
0.0
 11
972.5509779681681
 21
453.041435501483
 31
0.0
 11
970.3286321857954
 21
454.00684802441253
 31
0.0
 11
970.0051634452559
 21
454.891339696448
 31
0.0
 11
970.847688
 21
455.777753
 31
0.0
 11
975.8834627116
 21
456.486855614216
 31
0.0
 11
988.4364267996764
 21
456.84896609618374
 31
0.0
 11
1022.7908035339956
 21
454.65915430107987
 31
0.0
 11
1072.7368781781456
 21
450.46417864411484
 31
0.0
 11
1099.6998309999997
 21
449.454376
 31
0.0
 11
1124.798003812616
 21
449.25301019674225
 31
0.0
 11
1136.5460544220794
 21
449.9447849061249
 31
0.0
 11
1146.6012250195151
 21
451.40743471320724
 31
0.0
 11
1183.398115
 21
459.621075
 31
0.0
 11
1192.684210133001
 21
461.1868054778567
 31
0.0
 11
1204.0322577604938
 21
461.944259448988
 31
0.0
 11
1219.5
 21
460.898689
 31
0.0
  0
SPLINE
  5
CE
330
17
100
AcDbEntity
  8
0
100
AcDbSpline
 70
0
 71
3
 72
0
 73
0
 74
96
 11
953.468991
 21
454.050173
 31
0.0
 11
953.595528610431
 21
453.00533989010097
 31
0.0
 11
952.881532
 21
452.232102
 31
0.0
 11
944.1798826016717
 21
449.4327112457536
 31
0.0
 11
893.0724889999998
 21
438.537263
 31
0.0
 11
876.4263746864083
 21
434.0450905777858
 31
0.0
 11
869.162768
 21
431.429315
 31
0.0
 11
866.784607700101
 21
430.120459654884
 31
0.0
 11
864.434333951936
 21
427.5557601235879
 31
0.0
 11
864.4916000054675
 21
426.3677695431193
 31
0.0
 11
865.239367
 21
425.448251
 31
0.0
 11
870.860129
 21
422.94973
 31
0.0
 11
880.627288
 21
421.186362
 31
0.0
 11
893.0
 21
420.60566399999993
 31
0.0
 11
904.3991590441816
 21
421.0765259808273
 31
0.0
 11
909.683091
 21
421.981761
 31
0.0
 11
915.1481447646452
 21
423.59070716467676
 31
0.0
 11
939.1942173369918
 21
433.58419782749877
 31
0.0
 11
946.7642065401052
 21
436.2411174238913
 31
0.0
 11
957.675671
 21
439.172704
 31
0.0
 11
968.8012254791489
 21
441.0880050678261
 31
0.0
 11
981.0125779328874
 21
442.11186112085
 31
0.0
 11
992.3499604840565
 21
442.37320583642816
 31
0.0
 11
1004.3556793022781
 21
442.045222646934
 31
0.0
 11
1010.7872698793569
 21
440.77064681090894
 31
0.0
 11
1012.2631453890655
 21
440.02871170426306
 31
0.0
 11
1012.911416302863
 21
439.01475367365714
 31
0.0
 11
1012.528938221353
 21
436.9574623427596
 31
0.0
 11
1006.056231802642
 21
431.17422844837773
 31
0.0
 11
996.0265879999998
 21
422.7611199999999
 31
0.0
 11
990.2878835424569
 21
418.92699109225214
 31
0.0
 11
984.147944493663
 21
416.76012364379955
 31
0.0
 11
972.071855331566
 21
413.99221531548403
 31
0.0
 11
972.1558303945278
 21
413.2633740075453
 31
0.0
 11
972.925369
 21
412.858267
 31
0.0
 11
985.748892719437
 21
413.1243480542895
 31
0.0
 11
996.7204438562845
 21
413.9131208091675
 31
0.0
 11
1008.088119927327
 21
416.41619883092653
 31
0.0
 11
1013.4133290005649
 21
418.3975804850057
 31
0.0
 11
1030.403998
 21
426.0992989999999
 31
0.0
 11
1042.1955077789992
 21
429.6452634035614
 31
0.0
 11
1055.276801776451
 21
431.72901604816104
 31
0.0
 11
1061.705505300441
 21
432.2472076150409
 31
0.0
 11
1064.5220119291757
 21
432.10334504869684
 31
0.0
 11
1065.587242
 21
431.399071
 31
0.0
 11
1065.7417634093501
 21
430.4709004337425
 31
0.0
 11
1063.0315577159429
 21
428.2258190858745
 31
0.0
 11
1035.6612730501504
 21
418.31347639392703
 31
0.0
 11
1030.444359
 21
416.105456
 31
0.0
 11
1030.0314435087148
 21
415.63741881954587
 31
0.0
 11
1030.1157514104275
 21
415.0272564939286
 31
0.0
 11
1035.766195046158
 21
412.470769933306
 31
0.0
 11
1056.3475244467388
 21
404.92430532072143
 31
0.0
 11
1060.4250842114857
 21
402.89766632595826
 31
0.0
 11
1066.2491826384285
 21
399.2745180932555
 31
0.0
 11
1074.501360471816
 21
392.574630164432
 31
0.0
 11
1094.9334787636005
 21
373.57838965448354
 31
0.0
 11
1096.4691598768707
 21
370.8337120097291
 31
0.0
 11
1095.3549896969184
 21
369.1925029065245
 31
0.0
 11
1093.700372
 21
368.469257
 31
0.0
 11
1080.6429106701876
 21
367.1678231979462
 31
0.0
 11
1069.1428702159585
 21
367.2050468947366
 31
0.0
 11
1047.5
 21
369.94382199999995
 31
0.0
 11
1038.563496
 21
371.609899
 31
0.0
 11
1033.547082711156
 21
373.208035104578
 31
0.0
 11
1028.35106909984
 21
375.75265486976
 31
0.0
 11
1010.112652390633
 21
388.25417141598155
 31
0.0
 11
1002.0079906381919
 21
393.1625935231435
 31
0.0
 11
993.4789797438071
 21
397.36851754537764
 31
0.0
 11
984.5994575651052
 21
400.8440834455124
 31
0.0
 11
968.9434865203119
 21
405.198575446928
 31
0.0
 11
957.665981
 21
407.36763
 31
0.0
 11
934.3111893442491
 21
410.6025993697439
 31
0.0
 11
918.0229019757439
 21
412.256457508518
 31
0.0
 11
899.245260309034
 21
413.2750406797751
 31
0.0
 11
879.0536088824421
 21
413.73212915147315
 31
0.0
 11
862.133264900234
 21
413.54663739871205
 31
0.0
 11
850.803775141583
 21
412.65166757965306
 31
0.0
 11
832.9643290351378
 21
409.86921129686476
 31
0.0
 11
812.5718221615535
 21
405.27039515147254
 31
0.0
 11
795.650815
 21
400.63629199999997
 31
0.0
 11
756.914207619788
 21
388.67245926989
 31
0.0
 11
754.0856549512055
 21
388.44906374596997
 31
0.0
 11
752.023537
 21
389.10800800000004
 31
0.0
 11
749.084842
 21
391.40657200000004
 31
0.0
 11
746.6920505833302
 21
394.4217650938117
 31
0.0
 11
747.084842
 21
395.42599900000005
 31
0.0
 11
825.2753393314713
 21
423.23200200856644
 31
0.0
 11
853.7217565318165
 21
432.87081246294235
 31
0.0
 11
884.5134210062411
 21
442.364547001726
 31
0.0
 11
903.524645706884
 21
447.455605413124
 31
0.0
 11
932.1522038990021
 21
452.921650285111
 31
0.0
 11
941.411341142364
 21
454.283223289088
 31
0.0
 11
948.6453085462285
 21
454.870091341155
 31
0.0
 11
952.2794896276977
 21
454.917261324225
 31
0.0
 11
953.468991
 21
454.050173
 31
0.0
  0
SPLINE
  5
CF
330
17
100
AcDbEntity
  8
0
100
AcDbSpline
 70
0
 71
3
 72
0
 73
0
 74
25
 11
134.405482
 21
443.75
 31
0.0
 11
136.28484571289
 21
435.80958374296796
 31
0.0
 11
137.655492
 21
432.0875
 31
0.0
 11
139.34215422840998
 21
428.84318107866
 31
0.0
 11
146.05146081187576
 21
419.0696739760687
 31
0.0
 11
147.91807244019884
 21
413.65738913658794
 31
0.0
 11
147.61309899999998
 21
410.449002
 31
0.0
 11
146.03652152562017
 21
407.8712097758893
 31
0.0
 11
142.270064
 21
405.511263
 31
0.0
 11
139.550858
 21
404.736131
 31
0.0
 11
137.30757102838916
 21
404.7005231577918
 31
0.0
 11
133.66757798215454
 21
405.41071027790514
 31
0.0
 11
127.875561
 21
407.828795
 31
0.0
 11
125.20819095753706
 21
409.8499610138646
 31
0.0
 11
122.502272971265
 21
412.6334023072675
 31
0.0
 11
120.81108323511249
 21
414.7754306313475
 31
0.0
 11
120.15552470767351
 21
416.5986019956315
 31
0.0
 11
120.68672854205744
 21
424.5164352741631
 31
0.0
 11
121.94959379853337
 21
428.9981022255937
 31
0.0
 11
123.4663462807885
 21
432.38290257988604
 31
0.0
 11
127.28507802425638
 21
438.49134038847626
 31
0.0
 11
131.18221257665124
 21
443.5093525057478
 31
0.0
 11
133.061930406704
 21
444.781044547192
 31
0.0
 11
133.8972920025465
 21
444.50926336247994
 31
0.0
 11
134.405482
 21
443.75
 31
0.0
  0
SPLINE
  5
D0
330
17
100
AcDbEntity
  8
0
100
AcDbSpline
 70
0
 71
3
 72
0
 73
0
 74
75
 11
302.309409
 21
438.609314
 31
0.0
 11
308.81815148672655
 21
434.9302481892766
 31
0.0
 11
313.3842394281673
 21
431.3895226738263
 31
0.0
 11
326.52234579065055
 21
417.7420618011196
 31
0.0
 11
331.50058383197404
 21
413.6502195770826
 31
0.0
 11
334.71204
 21
412.131911
 31
0.0
 11
350.37094917860895
 21
406.8323199008764
 31
0.0
 11
357.5004834119047
 21
404.7186769147173
 31
0.0
 11
367.7468936293593
 21
402.3244860032063
 31
0.0
 11
380.81346697228696
 21
397.35974329396066
 31
0.0
 11
387.166262
 21
394.048504
 31
0.0
 11
391.5069968979217
 21
391.03482776548987
 31
0.0
 11
391.9422061981263
 21
390.1720438784721
 31
0.0
 11
391.8931127022176
 21
388.9681653285862
 31
0.0
 11
390.496936
 21
387.430837
 31
0.0
 11
387.1193540304823
 21
386.45200762287953
 31
0.0
 11
384.189365012883
 21
386.1672501273742
 31
0.0
 11
376.54516092214186
 21
386.5177533507749
 31
0.0
 11
364.02611716251124
 21
388.62214936893025
 31
0.0
 11
359.595813692225
 21
389.7975847313125
 31
0.0
 11
355.8067360733234
 21
391.33654944093746
 31
0.0
 11
322.91894760627804
 21
412.2202141857331
 31
0.0
 11
303.480464574121
 21
427.8876002713104
 31
0.0
 11
299.433250826759
 21
430.1335709429176
 31
0.0
 11
295.0974305722547
 21
431.8285355224715
 31
0.0
 11
288.243898
 21
433.271901
 31
0.0
 11
278.6921799992918
 21
433.9288348920293
 31
0.0
 11
266.575065
 21
433.766758
 31
0.0
 11
259.435864
 21
433.06091
 31
0.0
 11
251.797928
 21
431.58751499999994
 31
0.0
 11
240.99999999999994
 21
428.8460160000001
 31
0.0
 11
232.22345145410497
 21
426.18994769366896
 31
0.0
 11
223.62230099999996
 21
423.0114709999999
 31
0.0
 11
215.055729713632
 21
419.263973897504
 31
0.0
 11
206.715247
 21
415.03712800000005
 31
0.0
 11
198.97505147387102
 21
410.535415731497
 31
0.0
 11
191.512529
 21
405.587002
 31
0.0
 11
185.18055111097198
 21
400.7116871230885
 31
0.0
 11
179.271798
 21
395.331234
 31
0.0
 11
175.44632131184937
 21
391.143075465027
 31
0.0
 11
169.77772048599664
 21
383.5544430501618
 31
0.0
 11
162.53223985033756
 21
372.4526761577938
 31
0.0
 11
161.5362656603653
 21
368.1658818044446
 31
0.0
 11
156.9120735782314
 21
358.40865826030773
 31
0.0
 11
155.835115198049
 21
354.6312399359175
 31
0.0
 11
154.22627835700627
 21
353.5747834433321
 31
0.0
 11
153.415272
 21
350.965246
 31
0.0
 11
150.49805021851242
 21
347.2891443684763
 31
0.0
 11
147.4694339762
 21
344.496868743495
 31
0.0
 11
144.65311100536002
 21
343.60505435624
 31
0.0
 11
142.954475
 21
343.846522
 31
0.0
 11
141.28283259984
 21
344.64209335716004
 31
0.0
 11
138.609091701056
 21
347.6509761306565
 31
0.0
 11
137.738084
 21
349.674306
 31
0.0
 11
137.0465236348202
 21
353.3027769997807
 31
0.0
 11
137.111024383652
 21
356.578480128896
 31
0.0
 11
137.83680407747912
 21
360.3332456325153
 31
0.0
 11
141.15055799999993
 21
372.655317
 31
0.0
 11
142.766348
 21
374.457136
 31
0.0
 11
143.309375
 21
376.94634
 31
0.0
 11
147.21127323048114
 21
385.00489134928745
 31
0.0
 11
155.20177742472842
 21
395.3273055868327
 31
0.0
 11
161.92583013897953
 21
402.3193222702397
 31
0.0
 11
165.633309
 21
405.459664
 31
0.0
 11
174.7796292669325
 21
412.05952576193
 31
0.0
 11
184.46617699999996
 21
417.837427
 31
0.0
 11
201.79142069706816
 21
425.9142722827434
 31
0.0
 11
214.39112577815632
 21
430.38752729489636
 31
0.0
 11
227.82916613483462
 21
434.2663287804987
 31
0.0
 11
246.492032
 21
438.32729399999994
 31
0.0
 11
268.56232794775
 21
441.7997664209979
 31
0.0
 11
282.85491119927
 21
442.66064570515596
 31
0.0
 11
293.3492493056681
 21
441.99910137284564
 31
0.0
 11
296.7455153169931
 21
441.0599548895871
 31
0.0
 11
302.309409
 21
438.609314
 31
0.0
  0
SPLINE
  5
D1
330
17
100
AcDbEntity
  8
0
100
AcDbSpline
 70
0
 71
3
 72
0
 73
0
 74
22
 11
643.917532
 21
438.599367
 31
0.0
 11
644.3798985403838
 21
437.7500455237894
 31
0.0
 11
644.245410404134
 21
435.91774883160076
 31
0.0
 11
637.891612903535
 21
430.46010856377546
 31
0.0
 11
627.5520512672498
 21
423.92478081163415
 31
0.0
 11
618.1573677803719
 21
419.28520787402806
 31
0.0
 11
597.679263
 21
411.337469
 31
0.0
 11
534.7060449999979
 21
389.698343
 31
0.0
 11
505.9401816435872
 21
380.22631383322596
 31
0.0
 11
497.5323769999998
 21
377.7660399999999
 31
0.0
 11
491.99221090435924
 21
376.5967626219863
 31
0.0
 11
482.411428
 21
376.101093
 31
0.0
 11
462.5
 21
377.5
 31
0.0
 11
494.7316579999999
 21
387.39027
 31
0.0
 11
519.502059612728
 21
395.8362665151901
 31
0.0
 11
552.4301819999998
 21
408.2313079999999
 31
0.0
 11
622.562433
 21
435.489156
 31
0.0
 11
631.724716
 21
438.367115
 31
0.0
 11
637.709766
 21
439.67240000000004
 31
0.0
 11
641.673852
 21
439.779704
 31
0.0
 11
642.9134170418746
 21
439.41331677768
 31
0.0
 11
643.917532
 21
438.599367
 31
0.0
  0
SPLINE
  5
D2
330
17
100
AcDbEntity
  8
0
100
AcDbSpline
 70
0
 71
3
 72
0
 73
0
 74
24
 11
1382.986667
 21
432.003971
 31
0.0
 11
1387.801208
 21
430.202133
 31
0.0
 11
1392.727815
 21
427.62986200000006
 31
0.0
 11
1397.005091
 21
424.758081
 31
0.0
 11
1399.8677662919997
 21
421.8745975574391
 31
0.0
 11
1402.3030499703011
 21
417.59256041801336
 31
0.0
 11
1407.1694572512433
 21
406.7592181103167
 31
0.0
 11
1408.73314285281
 21
400.28312307784
 31
0.0
 11
1408.4232799892875
 21
398.11091179370345
 31
0.0
 11
1407.679854
 21
397.752462
 31
0.0
 11
1405.7204529400449
 21
397.9532821745749
 31
0.0
 11
1391.451454767537
 21
404.7348948000569
 31
0.0
 11
1374.4394391550263
 21
410.8221336280739
 31
0.0
 11
1369.4601119028541
 21
413.9499982577222
 31
0.0
 11
1363.714445
 21
419.37362699999994
 31
0.0
 11
1362.70625
 21
422.587645
 31
0.0
 11
1361.5203268849937
 21
424.19794370114295
 31
0.0
 11
1361.018370231557
 21
426.850872154642
 31
0.0
 11
1361.2913201907552
 21
429.942798816188
 31
0.0
 11
1363.045397552658
 21
432.003295711384
 31
0.0
 11
1366.3063362669875
 21
433.40911631339355
 31
0.0
 11
1370.690154011527
 21
433.8797941773347
 31
0.0
 11
1375.9093575614877
 21
433.5604856850243
 31
0.0
 11
1382.986667
 21
432.003971
 31
0.0
  0
LWPOLYLINE
  5
D3
330
17
100
AcDbEntity
  8
0
100
AcDbPolyline
 90
2
 70
1
 10
1125.369046
 20
422.090099
 10
1125.369046
 20
422.09009900000007
  0
SPLINE
  5
D4
330
17
100
AcDbEntity
  8
0
100
AcDbSpline
 70
0
 71
3
 72
0
 73
0
 74
26
 11
685.726361
 21
422.873639
 31
0.0
 11
686.2062623518738
 21
421.51731667849555
 31
0.0
 11
684.8281142922103
 21
418.7580750767908
 31
0.0
 11
679.3044928134174
 21
412.85819183306916
 31
0.0
 11
663.1134359999999
 21
399.9667249999999
 31
0.0
 11
653.9203480000001
 21
394.241082
 31
0.0
 11
644.255357
 21
390.079393
 31
0.0
 11
614.9440340057453
 21
380.9945553683591
 31
0.0
 11
595.4721264641751
 21
372.2794900398701
 31
0.0
 11
592.1313687127999
 21
371.52863470679205
 31
0.0
 11
590.5658811785817
 21
371.85573290487525
 31
0.0
 11
590.0698264756908
 21
372.4959471576878
 31
0.0
 11
590.1487525123425
 21
373.38276270113744
 31
0.0
 11
592.1039256215088
 21
375.2235388329317
 31
0.0
 11
609.223376
 21
390.019313
 31
0.0
 11
618.949659417752
 21
401.8633978514517
 31
0.0
 11
623.9966158443025
 21
407.0692257067159
 31
0.0
 11
630.918952
 21
413.344918
 31
0.0
 11
634.60082
 21
415.791318
 31
0.0
 11
639.134041
 21
417.673009
 31
0.0
 11
646.190773
 21
419.79454
 31
0.0
 11
660.5
 21
422.90096
 31
0.0
 11
667.791209
 21
423.630227
 31
0.0
 11
676.034513
 21
423.86407599999995
 31
0.0
 11
683.753544
 21
423.72998
 31
0.0
 11
685.726361
 21
422.873639
 31
0.0
  0
SPLINE
  5
D5
330
17
100
AcDbEntity
  8
0
100
AcDbSpline
 70
0
 71
3
 72
0
 73
0
 74
60
 11
76.573321
 21
418.95805
 31
0.0
 11
77.79596268587431
 21
418.22166571501316
 31
0.0
 11
82.49976645713129
 21
414.6121859948746
 31
0.0
 11
88.62792436842949
 21
408.2946207322025
 31
0.0
 11
95.00759273984369
 21
399.9301651401738
 31
0.0
 11
100.40713600000002
 21
391.650885
 31
0.0
 11
110.13952
 21
374.89412200000004
 31
0.0
 11
118.82382199999999
 21
357.961453
 31
0.0
 11
121.92361299999999
 21
349.64557600000006
 31
0.0
 11
127.36142111120279
 21
337.77651686269985
 31
0.0
 11
134.5427968931978
 21
319.0154750090386
 31
0.0
 11
139.35195324121614
 21
300.3096224602862
 31
0.0
 11
140.35476788664047
 21
286.52248268542314
 31
0.0
 11
141.16331281912798
 21
261.88683269913
 31
0.0
 11
141.89109563258393
 21
257.4004127961651
 31
0.0
 11
143.52652
 21
254.565885
 31
0.0
 11
145.27113709287548
 21
253.20580546822669
 31
0.0
 11
148.40246632589898
 21
252.15267818639956
 31
0.0
 11
151.2179667524175
 21
251.9143625991725
 31
0.0
 11
154.25954017221454
 21
252.19689939812133
 31
0.0
 11
196.1319635392652
 21
264.5721033930269
 31
0.0
 11
202.3476569647176
 21
266.0089719770173
 31
0.0
 11
210.359251
 21
266.825477
 31
0.0
 11
214.47907001115
 21
266.6138571182
 31
0.0
 11
218.521791
 21
265.792822
 31
0.0
 11
223.4893711597306
 21
263.4902226191976
 31
0.0
 11
225.753763255
 21
261.66487828875
 31
0.0
 11
227.21548225083603
 21
259.9000823208009
 31
0.0
 11
227.78734856542565
 21
258.3724742280263
 31
0.0
 11
228.0
 21
255.805011
 31
0.0
 11
227.590364499318
 21
252.95771110846
 31
0.0
 11
226.39468
 21
250.341367
 31
0.0
 11
221.544439
 21
244.616788
 31
0.0
 11
212.02310000000006
 21
237.02932000000007
 31
0.0
 11
186.19749425786992
 21
219.23317508994995
 31
0.0
 11
177.0857778009473
 21
211.61360240816342
 31
0.0
 11
172.22403337013264
 21
206.4874406931641
 31
0.0
 11
168.2663628617215
 21
201.36028523922903
 31
0.0
 11
164.023705
 21
193.634797
 31
0.0
 11
162.51929946313348
 21
188.891088831736
 31
0.0
 11
161.85825987166695
 21
182.08869453838267
 31
0.0
 11
161.1363297637022
 21
179.44806803898425
 31
0.0
 11
159.64712063126308
 21
177.59551643403813
 31
0.0
 11
157.10292030277492
 21
175.49509737120434
 31
0.0
 11
145.66897213211257
 21
169.55454009276713
 31
0.0
 11
129.27754292638218
 21
162.07688056241918
 31
0.0
 11
72.01685999999995
 21
139.13584399999993
 31
0.0
 11
69.23988798663547
 21
138.0645283232113
 31
0.0
 11
68.37619172545705
 21
138.1203151722704
 31
0.0
 11
68.059276
 21
138.715597
 31
0.0
 11
68.63315100000182
 21
309.28047499995546
 31
0.0
 11
71.13371399999994
 21
332.7465790000004
 31
0.0
 11
71.76867956429301
 21
345.22636652165846
 31
0.0
 11
71.07819261455855
 21
353.5282667799335
 31
0.0
 11
68.38392105372061
 21
366.71326427785897
 31
0.0
 11
67.9324400000005
 21
419.47442900000226
 31
0.0
 11
68.720097
 21
421.386763
 31
0.0
 11
70.3745409908
 21
421.871891128175
 31
0.0
 11
72.534734320148
 21
421.15640320372944
 31
0.0
 11
76.573321
 21
418.95805
 31
0.0
  0
SPLINE
  5
D6
330
17
100
AcDbEntity
  8
0
100
AcDbSpline
 70
0
 71
3
 72
0
 73
0
 74
26
 11
267.716324
 21
409.0
 31
0.0
 11
267.474583
 21
408.140051
 31
0.0
 11
264.73996414292253
 21
405.27633170634
 31
0.0
 11
254.4827562053755
 21
396.48461378640826
 31
0.0
 11
239.76129099999997
 21
381.608018
 31
0.0
 11
235.442579
 21
378.126904
 31
0.0
 11
230.702416
 21
375.627619
 31
0.0
 11
217.170703
 21
370.697297
 31
0.0
 11
207.65585886319795
 21
366.49741833243235
 31
0.0
 11
204.7937233184311
 21
366.2422162525985
 31
0.0
 11
202.8712179861779
 21
367.7000810956157
 31
0.0
 11
202.61187427630114
 21
369.11154368572943
 31
0.0
 11
203.198199028291
 21
371.399273042419
 31
0.0
 11
205.500665
 21
374.689174
 31
0.0
 11
211.3358455461055
 21
387.56710470407097
 31
0.0
 11
214.167891
 21
392.675869
 31
0.0
 11
218.37575645328067
 21
397.95786886398076
 31
0.0
 11
223.9685511301445
 21
402.1918086717975
 31
0.0
 11
228.24834
 21
404.289994
 31
0.0
 11
234.563700759689
 21
406.59875834026
 31
0.0
 11
241.0
 21
408.545095
 31
0.0
 11
247.06594727365703
 21
409.85816234081267
 31
0.0
 11
255.81304636451847
 21
410.72801355128445
 31
0.0
 11
263.9716140644161
 21
410.7190454482395
 31
0.0
 11
266.57735185013513
 21
410.46231425948406
 31
0.0
 11
267.716324
 21
409.0
 31
0.0
  0
SPLINE
  5
D7
330
17
100
AcDbEntity
  8
0
100
AcDbSpline
 70
0
 71
3
 72
0
 73
0
 74
21
 11
867.473679
 21
395.042588
 31
0.0
 11
867.4797187854468
 21
394.2492415829894
 31
0.0
 11
866.7769818377589
 21
393.6542606895102
 31
0.0
 11
861.224966
 21
390.76121
 31
0.0
 11
833.8258041183169
 21
379.326787004434
 31
0.0
 11
818.9200367000899
 21
374.30154187732774
 31
0.0
 11
808.4177149999998
 21
372.99502400000006
 31
0.0
 11
770.7996939999999
 21
370.456133
 31
0.0
 11
762.7474667946636
 21
369.0266663936018
 31
0.0
 11
761.429679
 21
369.089244
 31
0.0
 11
760.9160990768466
 21
369.5425265606516
 31
0.0
 11
761.1193450097292
 21
370.9291592389184
 31
0.0
 11
761.9181611469894
 21
372.22800439924373
 31
0.0
 11
769.52880984172
 21
377.50147307095995
 31
0.0
 11
791.0959934934499
 21
389.2542272502076
 31
0.0
 11
795.6991575374443
 21
391.1907273497449
 31
0.0
 11
800.267096
 21
392.578209
 31
0.0
 11
809.9916079941519
 21
394.2237386329212
 31
0.0
 11
826.9255617454064
 21
395.51085512127946
 31
0.0
 11
866.079476
 21
395.82209299999977
 31
0.0
 11
867.473679
 21
395.042588
 31
0.0
  0
SPLINE
  5
D8
330
17
100
AcDbEntity
  8
0
100
AcDbSpline
 70
0
 71
3
 72
0
 73
0
 74
33
 11
980.0
 21
393.347409
 31
0.0
 11
969.0140629999999
 21
381.42799
 31
0.0
 11
960.9492718788407
 21
371.55120133995683
 31
0.0
 11
956.053729
 21
366.723896
 31
0.0
 11
950.759152818691
 21
362.9352552866635
 31
0.0
 11
945.016482
 21
359.867998
 31
0.0
 11
937.1518160808624
 21
356.583111425527
 31
0.0
 11
929.1063039999999
 21
353.770073
 31
0.0
 11
913.9268792306129
 21
349.57038881432914
 31
0.0
 11
902.6268544605972
 21
347.1585105886076
 31
0.0
 11
890.2244205155027
 21
344.9006383786084
 31
0.0
 11
860.499179630167
 21
340.397206461433
 31
0.0
 11
837.0611794922544
 21
338.9362460159498
 31
0.0
 11
811.4319559999994
 21
338.58774900000003
 31
0.0
 11
809.2599454776614
 21
339.01831006095097
 31
0.0
 11
807.2928590158915
 21
340.466392327886
 31
0.0
 11
807.5212666300233
 21
341.01187059606553
 31
0.0
 11
808.3889946485097
 21
341.23901817700295
 31
0.0
 11
813.8641390343851
 21
341.90571511184305
 31
0.0
 11
842.5781099759612
 21
343.49395916467944
 31
0.0
 11
856.3496636805996
 21
344.64437031388024
 31
0.0
 11
870.6437439625776
 21
346.91363914929246
 31
0.0
 11
880.2400619999999
 21
349.3841
 31
0.0
 11
895.9553513055755
 21
354.9949163181123
 31
0.0
 11
907.2292341139777
 21
360.62288363074407
 31
0.0
 11
916.7027969999999
 21
366.8180469999999
 31
0.0
 11
935.337388871269
 21
380.8716429933047
 31
0.0
 11
944.6447458515054
 21
386.15704752398346
 31
0.0
 11
953.887664
 21
389.66672099999994
 31
0.0
 11
963.8524033466184
 21
392.22540633806295
 31
0.0
 11
978.868589
 21
394.36872800000003
 31
0.0
 11
979.661268349284
 21
394.10950875499606
 31
0.0
 11
980.0
 21
393.347409
 31
0.0
  0
SPLINE
  5
D9
330
17
100
AcDbEntity
  8
0
100
AcDbSpline
 70
0
 71
3
 72
0
 73
0
 74
26
 11
1328.8
 21
390.8
 31
0.0
 11
1329.91172
 21
386.985041
 31
0.0
 11
1331.752129
 21
362.352946
 31
0.0
 11
1331.366774
 21
359.395372
 31
0.0
 11
1329.9260795413234
 21
354.27246196595206
 31
0.0
 11
1327.0593829646334
 21
348.88136071215143
 31
0.0
 11
1322.6251737691687
 21
343.7212829261287
 31
0.0
 11
1318.188699
 21
339.906926
 31
0.0
 11
1293.0516403434192
 21
323.1472163752995
 31
0.0
 11
1286.0530348681011
 21
319.5330782766938
 31
0.0
 11
1282.067626
 21
319.164985
 31
0.0
 11
1280.4030152641099
 21
319.881888082873
 31
0.0
 11
1279.397033
 21
321.389495
 31
0.0
 11
1279.0102546412195
 21
324.9927412452852
 31
0.0
 11
1280.866447
 21
335.671231
 31
0.0
 11
1282.9393586648466
 21
351.3256404612035
 31
0.0
 11
1285.269889
 21
361.110755
 31
0.0
 11
1288.7703624457163
 21
368.6836751395001
 31
0.0
 11
1292.182454738995
 21
373.2376117005782
 31
0.0
 11
1296.3462205640244
 21
377.2683551154173
 31
0.0
 11
1301.7347226918648
 21
381.0959736936209
 31
0.0
 11
1308.1143519358386
 21
384.8692565993256
 31
0.0
 11
1316.892315617068
 21
389.15583602071376
 31
0.0
 11
1322.2344469509776
 21
391.2448355935036
 31
0.0
 11
1326.617099
 21
391.812382
 31
0.0
 11
1328.8
 21
390.8
 31
0.0
  0
SPLINE
  5
DA
330
17
100
AcDbEntity
  8
0
100
AcDbSpline
 70
0
 71
3
 72
0
 73
0
 74
20
 11
737.907811
 21
387.450978
 31
0.0
 11
739.570748597775
 21
384.1267604824
 31
0.0
 11
738.8536448915199
 21
382.75827339993
 31
0.0
 11
737.2334425906156
 21
382.02474840624836
 31
0.0
 11
702.0365590043359
 21
371.8321802325856
 31
0.0
 11
669.8078072251861
 21
363.8161714614793
 31
0.0
 11
655.857213560349
 21
361.1360866212555
 31
0.0
 11
638.1203009999999
 21
358.957173
 31
0.0
 11
617.075374102702
 21
358.01263625597704
 31
0.0
 11
612.730529691357
 21
358.19451806552354
 31
0.0
 11
611.1890727965392
 21
358.7425646379258
 31
0.0
 11
611.6750093604869
 21
359.84107442279003
 31
0.0
 11
612.459678
 21
360.298376
 31
0.0
 11
624.649143440338
 21
363.598612758302
 31
0.0
 11
658.131039
 21
370.26841799999994
 31
0.0
 11
687.7793178275597
 21
377.5008809337518
 31
0.0
 11
711.0098214335487
 21
383.94795967607394
 31
0.0
 11
732.4600140832976
 21
390.60615103398936
 31
0.0
 11
735.175163928585
 21
390.3878708190625
 31
0.0
 11
737.907811
 21
387.450978
 31
0.0
  0
LWPOLYLINE
  5
DB
330
17
100
AcDbEntity
  8
0
100
AcDbPolyline
 90
2
 70
1
 10
1170.311925
 20
385.53186
 10
1170.311925
 20
385.53186000000005
  0
SPLINE
  5
DC
330
17
100
AcDbEntity
  8
0
100
AcDbSpline
 70
0
 71
3
 72
0
 73
0
 74
18
 11
184.812326
 21
377.565501
 31
0.0
 11
184.71411757427282
 21
374.3266151886771
 31
0.0
 11
183.65093032512544
 21
370.05188612248605
 31
0.0
 11
182.1395359359745
 21
366.86742058044604
 31
0.0
 11
180.01454785583599
 21
363.7478138171644
 31
0.0
 11
176.65142255373343
 21
359.98442149216083
 31
0.0
 11
173.35138088871247
 21
357.25806448057153
 31
0.0
 11
170.6251786475983
 21
356.3483465326917
 31
0.0
 11
168.387726
 21
357.093179
 31
0.0
 11
167.57884143318222
 21
358.2601470281988
 31
0.0
 11
167.40565393139354
 21
359.3029202313625
 31
0.0
 11
168.13140553398
 21
362.5793750767275
 31
0.0
 11
174.65839274776198
 21
373.03871173916644
 31
0.0
 11
179.0802519903316
 21
381.03699668497137
 31
0.0
 11
181.24144026921493
 21
382.71410741926474
 31
0.0
 11
183.488353
 21
382.404698
 31
0.0
 11
184.4207100106825
 21
380.95240591537754
 31
0.0
 11
184.812326
 21
377.565501
 31
0.0
  0
SPLINE
  5
DD
330
17
100
AcDbEntity
  8
0
100
AcDbSpline
 70
0
 71
3
 72
0
 73
0
 74
42
 11
331.0
 21
377.012545
 31
0.0
 11
330.449309
 21
375.920718
 31
0.0
 11
324.43237377413095
 21
371.9613938836447
 31
0.0
 11
319.371645
 21
369.37342
 31
0.0
 11
316.208243
 21
368.419138
 31
0.0
 11
305.44391955140776
 21
367.49568750936726
 31
0.0
 11
262.259257
 21
366.5
 31
0.0
 11
241.34356806671093
 21
356.13193602440896
 31
0.0
 11
229.88077685094214
 21
350.93885449439233
 31
0.0
 11
219.50920699999992
 21
347.306456
 31
0.0
 11
192.55257683423795
 21
339.331688405721
 31
0.0
 11
180.499778676338
 21
334.45950220503005
 31
0.0
 11
174.55611524271828
 21
330.80556904900476
 31
0.0
 11
168.12869800000004
 21
325.061447
 31
0.0
 11
162.988208
 21
319.53921
 31
0.0
 11
157.14009447964358
 21
311.74871864250474
 31
0.0
 11
154.31750703218546
 21
308.78218220111006
 31
0.0
 11
153.02541084951477
 21
308.27243059632303
 31
0.0
 11
151.91628483739322
 21
308.3597518428151
 31
0.0
 11
150.91930424915313
 21
308.8774728222843
 31
0.0
 11
149.9944
 21
310.256311
 31
0.0
 11
149.04422468394625
 21
316.1349191524075
 31
0.0
 11
149.69588409228803
 21
323.34342152478393
 31
0.0
 11
151.73363727173242
 21
330.60697195024835
 31
0.0
 11
153.86857875687184
 21
334.6649503310411
 31
0.0
 11
156.43699112723434
 21
337.9647100727961
 31
0.0
 11
160.808173
 21
341.521995
 31
0.0
 11
167.24341969440778
 21
344.9348364958437
 31
0.0
 11
172.33988403767785
 21
346.98761464212555
 31
0.0
 11
178.16286060254913
 21
348.89584020048244
 31
0.0
 11
188.5312884837075
 21
351.4642156177
 31
0.0
 11
215.72105414133
 21
356.7196999812025
 31
0.0
 11
229.2165520987346
 21
359.8283751147154
 31
0.0
 11
241.52017906041863
 21
364.73131375054464
 31
0.0
 11
255.3993510553181
 21
371.929221369935
 31
0.0
 11
261.82065308341384
 21
373.779625899216
 31
0.0
 11
272.592356
 21
374.653233
 31
0.0
 11
306.3318019999999
 21
374.335127
 31
0.0
 11
312.6022930457608
 21
375.04907272092424
 31
0.0
 11
325.96618684339865
 21
377.70736025792274
 31
0.0
 11
330.224093
 21
377.838915
 31
0.0
 11
331.0
 21
377.012545
 31
0.0
  0
SPLINE
  5
DE
330
17
100
AcDbEntity
  8
0
100
AcDbSpline
 70
0
 71
3
 72
0
 73
0
 74
27
 11
371.644665
 21
374.884724
 31
0.0
 11
377.623411
 21
372.590545
 31
0.0
 11
383.242503
 21
369.516653
 31
0.0
 11
387.2299279762659
 21
366.6879497362914
 31
0.0
 11
392.21025533163225
 21
362.2385645399831
 31
0.0
 11
396.229
 21
357.623827
 31
0.0
 11
397.81978158452654
 21
354.38397466561065
 31
0.0
 11
397.4238962400595
 21
351.9738205660425
 31
0.0
 11
396.5661389685509
 21
351.2332534846969
 31
0.0
 11
395.1899575662245
 21
350.7873797564305
 31
0.0
 11
364.2687382538138
 21
346.4141902004977
 31
0.0
 11
354.10590322880256
 21
345.45997602029246
 31
0.0
 11
349.487811
 21
345.436309
 31
0.0
 11
343.886625682159
 21
348.2289221771985
 31
0.0
 11
334.271362
 21
355.273681
 31
0.0
 11
327.918247807493
 21
359.2214863215543
 31
0.0
 11
325.49908899431244
 21
361.2599494223772
 31
0.0
 11
324.74693542438837
 21
362.7109960409985
 31
0.0
 11
324.8214461283494
 21
364.331007620482
 31
0.0
 11
325.9209873212139
 21
366.1081458661488
 31
0.0
 11
330.0195395079873
 21
369.8317686871979
 31
0.0
 11
336.53998651621396
 21
373.3522156992745
 31
0.0
 11
343.95151230030217
 21
376.003666259775
 31
0.0
 11
350.44844213435783
 21
376.8618549178454
 31
0.0
 11
358.6519155902292
 21
376.8638097829908
 31
0.0
 11
366.62137931851
 21
376.07714879081
 31
0.0
 11
371.644665
 21
374.884724
 31
0.0
  0
SPLINE
  5
DF
330
17
100
AcDbEntity
  8
0
100
AcDbSpline
 70
0
 71
3
 72
0
 73
0
 74
40
 11
450.5
 21
368.923309
 31
0.0
 11
459.623331102584
 21
366.879532065416
 31
0.0
 11
473.233047
 21
365.101354
 31
0.0
 11
475.53194963993536
 21
364.32133287971396
 31
0.0
 11
477.4722397735756
 21
362.60963815886976
 31
0.0
 11
480.67062232062057
 21
361.4683398928401
 31
0.0
 11
486.905887
 21
360.066235
 31
0.0
 11
495.6542640703588
 21
358.74583746393665
 31
0.0
 11
518.7527004969651
 21
358.2025703273273
 31
0.0
 11
567.1628239421225
 21
358.3030100577175
 31
0.0
 11
581.7660119275997
 21
357.9537708323786
 31
0.0
 11
585.2528472239305
 21
357.6118499028065
 31
0.0
 11
587.4088604283833
 21
356.8234588642048
 31
0.0
 11
589.3864721977556
 21
355.3792104731113
 31
0.0
 11
589.655902
 21
354.140646
 31
0.0
 11
588.9910915213386
 21
352.68502613800484
 31
0.0
 11
587.094125899318
 21
351.03070075407254
 31
0.0
 11
581.4512621001776
 21
347.577245282872
 31
0.0
 11
573.9718190755814
 21
345.2093998001045
 31
0.0
 11
564.5091410000001
 21
343.469963
 31
0.0
 11
544.9934220000001
 21
341.61071200000004
 31
0.0
 11
485.50361299999975
 21
338.59945500000003
 31
0.0
 11
481.0537352452171
 21
337.7141511962019
 31
0.0
 11
455.2415518155317
 21
334.5575782234997
 31
0.0
 11
441.630178596304
 21
332.20189188735
 31
0.0
 11
428.45415096600664
 21
329.1501189524654
 31
0.0
 11
415.25999399999995
 21
325.32000899999997
 31
0.0
 11
383.117363
 21
313.782534
 31
0.0
 11
364.48444999999947
 21
324.53219400000035
 31
0.0
 11
363.074303
 21
326.013027
 31
0.0
 11
363.23448111554194
 21
326.99410526945246
 31
0.0
 11
393.8697495686133
 21
336.9117533869246
 31
0.0
 11
401.2511474373656
 21
339.98298317777085
 31
0.0
 11
407.87349352852067
 21
343.2594173764708
 31
0.0
 11
413.6836477244168
 21
346.74854330965405
 31
0.0
 11
419.30957035934813
 21
350.7824861092393
 31
0.0
 11
433.5159639318215
 21
363.35260649449293
 31
0.0
 11
442.7340817650453
 21
370.72793303502186
 31
0.0
 11
444.17894786953457
 21
370.9288496381334
 31
0.0
 11
450.5
 21
368.923309
 31
0.0
  0
SPLINE
  5
E0
330
17
100
AcDbEntity
  8
0
100
AcDbSpline
 70
0
 71
3
 72
0
 73
0
 74
23
 11
1024.5
 21
365.431887
 31
0.0
 11
1044.3777358338
 21
361.625291974892
 31
0.0
 11
1058.456077
 21
357.344711
 31
0.0
 11
1059.8891920531073
 21
355.8471692589349
 31
0.0
 11
1059.801859645356
 21
354.482521898424
 31
0.0
 11
1054.8275460954446
 21
352.6078595649746
 31
0.0
 11
1014.8902239999999
 21
344.99682
 31
0.0
 11
1009.445892
 21
344.338347
 31
0.0
 11
973.462785
 21
344.572418
 31
0.0
 11
946.2416587365907
 21
342.32624751272397
 31
0.0
 11
943.5539809881842
 21
342.80552237642604
 31
0.0
 11
942.268954
 21
343.287978
 31
0.0
 11
941.6358037428206
 21
343.973276510374
 31
0.0
 11
941.5923624504414
 21
344.6106681758946
 31
0.0
 11
942.126677
 21
345.375535
 31
0.0
 11
956.907770492155
 21
352.570744018545
 31
0.0
 11
968.3481605104854
 21
360.00567935071194
 31
0.0
 11
973.4175290884397
 21
362.56117121080337
 31
0.0
 11
981.191739
 21
365.23912699999994
 31
0.0
 11
990.0624218789121
 21
366.82947647780713
 31
0.0
 11
1000.528848933526
 21
367.30917313479796
 31
0.0
 11
1010.6374206809935
 21
367.00965952824106
 31
0.0
 11
1024.5
 21
365.431887
 31
0.0
  0
LWPOLYLINE
  5
E1
330
17
100
AcDbEntity
  8
0
100
AcDbPolyline
 90
2
 70
1
 10
1262.213867
 20
366.957396
 10
1262.213867
 20
366.9573960000001
  0
SPLINE
  5
E2
330
17
100
AcDbEntity
  8
0
100
AcDbSpline
 70
0
 71
3
 72
0
 73
0
 74
19
 11
733.291553
 21
361.978312
 31
0.0
 11
748.585188696784
 21
360.34100982346314
 31
0.0
 11
751.164187
 21
358.589982
 31
0.0
 11
751.4363211659473
 21
357.698419599588
 31
0.0
 11
750.9971760026926
 21
356.87065049318767
 31
0.0
 11
728.886807678281
 21
353.65718349913203
 31
0.0
 11
718.8373850093956
 21
351.4830227083188
 31
0.0
 11
704.3906062244126
 21
350.7642171437929
 31
0.0
 11
683.9199529999999
 21
350.7736959999999
 31
0.0
 11
678.4923672915083
 21
351.6093193429412
 31
0.0
 11
675.134588429401
 21
352.9329123821144
 31
0.0
 11
674.1783849448761
 21
353.9174924690196
 31
0.0
 11
674.46712734849
 21
354.825758917436
 31
0.0
 11
675.6469517410268
 21
355.70126285055835
 31
0.0
 11
682.533600543744
 21
358.91138164498403
 31
0.0
 11
687.524001
 21
360.411834
 31
0.0
 11
696.5883727149718
 21
362.0699037968706
 31
0.0
 11
710.8795300768883
 21
362.96396113181936
 31
0.0
 11
733.291553
 21
361.978312
 31
0.0
  0
LWPOLYLINE
  5
E3
330
17
100
AcDbEntity
  8
0
100
AcDbPolyline
 90
2
 70
1
 10
126.5
 20
356.0
 10
126.50000000000001
 20
356.0
  0
SPLINE
  5
E4
330
17
100
AcDbEntity
  8
0
100
AcDbSpline
 70
0
 71
3
 72
0
 73
0
 74
22
 11
296.445188
 21
355.088688
 31
0.0
 11
296.4953984700847
 21
354.07840914208253
 31
0.0
 11
295.29100900404944
 21
352.82715602141013
 31
0.0
 11
290.054699958984
 21
348.149058140736
 31
0.0
 11
285.949358277664
 21
345.11404722784
 31
0.0
 11
281.432669969696
 21
342.888083880652
 31
0.0
 11
275.42351731060296
 21
341.36825429924704
 31
0.0
 11
262.66545499999995
 21
340.263791
 31
0.0
 11
237.7977574831995
 21
340.1796767512768
 31
0.0
 11
228.375543
 21
340.775532
 31
0.0
 11
227.50047518552398
 21
341.177532958712
 31
0.0
 11
226.948811
 21
341.966846
 31
0.0
 11
226.9275926192825
 21
342.85698778908
 31
0.0
 11
227.443739
 21
343.582519
 31
0.0
 11
230.690686
 21
345.286039
 31
0.0
 11
239.82582103081077
 21
348.1967636125157
 31
0.0
 11
248.698272949971
 21
350.4225238257055
 31
0.0
 11
257.36315762726
 21
351.57727504767
 31
0.0
 11
278.178125
 21
353.34429
 31
0.0
 11
292.6993921227688
 21
355.77823881139
 31
0.0
 11
295.467791
 21
355.737457
 31
0.0
 11
296.445188
 21
355.088688
 31
0.0
  0
SPLINE
  5
E5
330
17
100
AcDbEntity
  8
0
100
AcDbSpline
 70
0
 71
3
 72
0
 73
0
 74
34
 11
663.5
 21
345.539644
 31
0.0
 11
693.6939613135042
 21
336.2368862965177
 31
0.0
 11
722.0765250000004
 21
328.6085199999999
 31
0.0
 11
738.6025924096994
 21
325.08058322426194
 31
0.0
 11
763.9999999999983
 21
320.9899599999999
 31
0.0
 11
775.628905
 21
319.858963
 31
0.0
 11
805.4493415503733
 21
319.24401315804255
 31
0.0
 11
824.1322953961601
 21
319.548159453312
 31
0.0
 11
848.5030766438605
 21
320.80343960031047
 31
0.0
 11
851.7684611188488
 21
320.4835488853247
 31
0.0
 11
852.715249
 21
319.480347
 31
0.0
 11
852.75331059006
 21
318.5632400659
 31
0.0
 11
852.273629
 21
317.780655
 31
0.0
 11
849.7726031931142
 21
316.09426023935185
 31
0.0
 11
841.9640342247094
 21
313.71148647069253
 31
0.0
 11
832.6904456550561
 21
312.536002829696
 31
0.0
 11
821.5631824757199
 21
312.09996714342594
 31
0.0
 11
798.4473245801744
 21
312.6660559204698
 31
0.0
 11
771.0211629999997
 21
314.0799099999999
 31
0.0
 11
758.8107096502965
 21
315.0870634032231
 31
0.0
 11
742.9180709999998
 21
317.037866
 31
0.0
 11
711.3190785142534
 21
321.95928586638695
 31
0.0
 11
709.326443
 21
322.811515
 31
0.0
 11
690.5
 21
327.1305970000001
 31
0.0
 11
673.3706559437319
 21
332.04682007214996
 31
0.0
 11
662.8671618573937
 21
335.63888767183204
 31
0.0
 11
648.5562112547794
 21
341.03855947892896
 31
0.0
 11
641.2201383150314
 21
344.21558075497654
 31
0.0
 11
637.5869170989805
 21
346.610745985666
 31
0.0
 11
635.7632232564685
 21
349.50292899465353
 31
0.0
 11
636.1964773921491
 21
350.5520280262181
 31
0.0
 11
637.233246
 21
350.999741
 31
0.0
 11
644.9787339044782
 21
350.43244530239343
 31
0.0
 11
663.5
 21
345.539644
 31
0.0
  0
SPLINE
  5
E6
330
17
100
AcDbEntity
  8
0
100
AcDbSpline
 70
0
 71
3
 72
0
 73
0
 74
37
 11
1428.25
 21
345.007888
 31
0.0
 11
1430.73646285567
 21
343.06580266455296
 31
0.0
 11
1430.701692069443
 21
341.8970832902036
 31
0.0
 11
1429.963726
 21
340.79786300000006
 31
0.0
 11
1423.416568603885
 21
336.2623071354005
 31
0.0
 11
1414.8147547043804
 21
332.159173180243
 31
0.0
 11
1400.4793950037338
 21
327.5572978787186
 31
0.0
 11
1369.358295
 21
320.09885099999997
 31
0.0
 11
1357.7782681064293
 21
315.9471003338528
 31
0.0
 11
1357.495728472616
 21
315.0417062902665
 31
0.0
 11
1358.113545
 21
314.530734
 31
0.0
 11
1374.9137965157997
 21
313.57489716921725
 31
0.0
 11
1380.1313655148128
 21
312.50809867409106
 31
0.0
 11
1381.6519606264417
 21
311.2987376645902
 31
0.0
 11
1381.639683608642
 21
309.701013364744
 31
0.0
 11
1380.832216
 21
308.83168699999993
 31
0.0
 11
1378.74669577827
 21
307.807316400132
 31
0.0
 11
1369.243581
 21
305.254903
 31
0.0
 11
1342.2477308424236
 21
301.0710122631561
 31
0.0
 11
1327.8093541308
 21
298.16400834758
 31
0.0
 11
1325.425998828502
 21
298.11260386404433
 31
0.0
 11
1322.8666378316448
 21
298.68471904327413
 31
0.0
 11
1320.7932236023255
 21
299.9010550835983
 31
0.0
 11
1319.971814
 21
301.109757
 31
0.0
 11
1319.996153007263
 21
302.2664835900802
 31
0.0
 11
1321.2361177750608
 21
303.68228666080097
 31
0.0
 11
1330.704801694411
 21
310.108094738957
 31
0.0
 11
1336.1435903177232
 21
314.3999783756344
 31
0.0
 11
1359.921497
 21
336.0280399999999
 31
0.0
 11
1363.679587542478
 21
338.6229174984336
 31
0.0
 11
1368.8841636437278
 21
341.12195031166635
 31
0.0
 11
1380.396014
 21
344.829777
 31
0.0
 11
1391.2752591850924
 21
346.534572368329
 31
0.0
 11
1402.687250926154
 21
346.707874737202
 31
0.0
 11
1420.4691246178088
 21
346.2273105586888
 31
0.0
 11
1425.1353288748003
 21
345.9666785263997
 31
0.0
 11
1428.25
 21
345.007888
 31
0.0
  0
LWPOLYLINE
  5
E7
330
17
100
AcDbEntity
  8
0
100
AcDbPolyline
 90
2
 70
1
 10
1174.419716
 20
342.037521
 10
1174.419716
 20
342.03752099999997
  0
SPLINE
  5
E8
330
17
100
AcDbEntity
  8
0
100
AcDbSpline
 70
0
 71
3
 72
0
 73
0
 74
26
 11
1231.5
 21
331.635049
 31
0.0
 11
1250.8859546481556
 21
325.7418079317964
 31
0.0
 11
1259.0590424784602
 21
323.0097161456099
 31
0.0
 11
1262.165089
 21
321.601591
 31
0.0
 11
1268.775381
 21
320.852339
 31
0.0
 11
1271.2271846811232
 21
320.058275380654
 31
0.0
 11
1279.102745
 21
314.800083
 31
0.0
 11
1298.3937512993589
 21
304.47803742839295
 31
0.0
 11
1308.13271800431
 21
298.667047621948
 31
0.0
 11
1326.594741
 21
286.364468
 31
0.0
 11
1327.077333326766
 21
285.7111678737045
 31
0.0
 11
1327.0613309701037
 21
284.89605805700324
 31
0.0
 11
1326.4720487167951
 21
284.21254709648963
 31
0.0
 11
1325.77289515264
 21
284.0546295276468
 31
0.0
 11
1321.864451
 21
285.575784
 31
0.0
 11
1299.5273052810735
 21
297.8059293858515
 31
0.0
 11
1287.6159182595243
 21
303.86160550358704
 31
0.0
 11
1276.215542
 21
308.862443
 31
0.0
 11
1264.7471984809695
 21
313.0840298372034
 31
0.0
 11
1252.4729888089955
 21
316.794317433154
 31
0.0
 11
1224.395054
 21
324.041357
 31
0.0
 11
1193.0029720529074
 21
330.67389660772
 31
0.0
 11
1191.9962334913414
 21
331.5254772135391
 31
0.0
 11
1192.135968
 21
332.488863
 31
0.0
 11
1198.617803
 21
338.649503
 31
0.0
 11
1231.5
 21
331.635049
 31
0.0
  0
SPLINE
  5
E9
330
17
100
AcDbEntity
  8
0
100
AcDbSpline
 70
0
 71
3
 72
0
 73
0
 74
20
 11
624.584803
 21
335.862785
 31
0.0
 11
624.541234
 21
334.680119
 31
0.0
 11
621.6125859922851
 21
331.93059376081004
 31
0.0
 11
610.5503526117757
 21
325.00887229483135
 31
0.0
 11
597.3503675367024
 21
315.7439424812955
 31
0.0
 11
591.873012448029
 21
312.64375235724947
 31
0.0
 11
586.9333371258374
 21
310.79403076481094
 31
0.0
 11
582.685983
 21
310.182598
 31
0.0
 11
579.557232216992
 21
310.89352718034763
 31
0.0
 11
577.377172372224
 21
312.723960151616
 31
0.0
 11
577.4888971913574
 21
313.7467795793136
 31
0.0
 11
579.6712633800371
 21
316.8944594242404
 31
0.0
 11
584.6353189271749
 21
322.05487044839253
 31
0.0
 11
591.0839978087097
 21
327.288629215327
 31
0.0
 11
597.362116
 21
331.182796
 31
0.0
 11
604.772341
 21
334.126616
 31
0.0
 11
613.68821
 21
336.209807
 31
0.0
 11
621.883458
 21
337.233263
 31
0.0
 11
623.426629210358
 21
336.927457620045
 31
0.0
 11
624.584803
 21
335.862785
 31
0.0
  0
SPLINE
  5
EA
330
17
100
AcDbEntity
  8
0
100
AcDbSpline
 70
0
 71
3
 72
0
 73
0
 74
5
 11
141.729167
 21
335.395833
 31
0.0
 11
140.49784520728943
 21
335.14018337666477
 31
0.0
 11
139.34474285570494
 21
335.6517249405436
 31
0.0
 11
141.112848
 21
335.910055
 31
0.0
 11
141.729167
 21
335.395833
 31
0.0
  0
LWPOLYLINE
  5
EB
330
17
100
AcDbEntity
  8
0
100
AcDbPolyline
 90
2
 70
1
 10
945.0
 20
333.922853
 10
944.9999999999997
 20
333.92285300000003
  0
SPLINE
  5
EC
330
17
100
AcDbEntity
  8
0
100
AcDbSpline
 70
0
 71
3
 72
0
 73
0
 74
24
 11
246.0
 21
331.965775
 31
0.0
 11
257.63132213122907
 21
329.51025512277346
 31
0.0
 11
268.5418453774875
 21
325.5412098259625
 31
0.0
 11
272.397879
 21
323.755333
 31
0.0
 11
273.566661420438
 21
322.6997593161605
 31
0.0
 11
273.96825953421086
 21
320.95909505861846
 31
0.0
 11
272.6044200931275
 21
320.1310526548311
 31
0.0
 11
261.32269821419226
 21
320.5674615608309
 31
0.0
 11
239.922009799014
 21
323.1246420413355
 31
0.0
 11
230.82482646669803
 21
323.7065456109835
 31
0.0
 11
218.48675719186608
 21
323.4395274960307
 31
0.0
 11
195.52866141819922
 21
321.37153418936043
 31
0.0
 11
191.874543
 21
322.051966
 31
0.0
 11
189.643011
 21
323.147785
 31
0.0
 11
189.19240658309522
 21
323.78484855879015
 31
0.0
 11
189.3816515826905
 21
324.60789540422695
 31
0.0
 11
190.43444241150183
 21
325.3733208856799
 31
0.0
 11
197.240966079692
 21
328.3247387258575
 31
0.0
 11
202.31937
 21
329.666102
 31
0.0
 11
209.56888246687998
 21
330.936365057216
 31
0.0
 11
220.75317820575117
 21
332.2292326794145
 31
0.0
 11
228.5394160282513
 21
332.677558885398
 31
0.0
 11
235.8380256969906
 21
332.7441105094885
 31
0.0
 11
246.0
 21
331.965775
 31
0.0
  0
SPLINE
  5
ED
330
17
100
AcDbEntity
  8
0
100
AcDbSpline
 70
0
 71
3
 72
0
 73
0
 74
22
 11
576.720007
 21
331.613326
 31
0.0
 11
577.168659046633
 21
330.38356087683695
 31
0.0
 11
576.516709
 21
329.248408
 31
0.0
 11
566.6893636773256
 21
323.1519945316403
 31
0.0
 11
557.3881501893022
 21
318.7822136551919
 31
0.0
 11
552.8232886689177
 21
317.1663019162481
 31
0.0
 11
546.762797893792
 21
315.6281357934399
 31
0.0
 11
533.792060868988
 21
314.4570352078295
 31
0.0
 11
517.0386893166279
 21
314.11008414553277
 31
0.0
 11
513.9953313020533
 21
314.52572442617975
 31
0.0
 11
508.63503899999995
 21
316.0797840000001
 31
0.0
 11
506.94924
 21
317.059553
 31
0.0
 11
506.48076459060246
 21
317.9017942490556
 31
0.0
 11
506.73653325013527
 21
319.4590866192755
 31
0.0
 11
507.7112643685185
 21
321.09262967805734
 31
0.0
 11
511.065268
 21
323.939498
 31
0.0
 11
519.691395
 21
327.557286
 31
0.0
 11
527.6571805946152
 21
329.65509986210253
 31
0.0
 11
535.8673933708694
 21
330.83070035887295
 31
0.0
 11
565.304577
 21
332.438875
 31
0.0
 11
575.242903
 21
332.292709
 31
0.0
 11
576.720007
 21
331.613326
 31
0.0
  0
SPLINE
  5
EE
330
17
100
AcDbEntity
  8
0
100
AcDbSpline
 70
0
 71
3
 72
0
 73
0
 74
29
 11
1046.310382
 21
324.913957
 31
0.0
 11
1059.517831
 21
319.38618699999995
 31
0.0
 11
1086.953447
 21
309.873892
 31
0.0
 11
1091.141725766135
 21
307.89942916580503
 31
0.0
 11
1096.7445527760208
 21
304.33330894276094
 31
0.0
 11
1099.7777398628955
 21
301.6863425828311
 31
0.0
 11
1102.5682666112111
 21
298.5713544964555
 31
0.0
 11
1107.3876692820286
 21
291.22586498630903
 31
0.0
 11
1111.690206
 21
282.284911
 31
0.0
 11
1112.293506310454
 21
279.56300177436395
 31
0.0
 11
1114.0584962720902
 21
275.48398138519303
 31
0.0
 11
1113.845196
 21
273.35429999999997
 31
0.0
 11
1112.8975317601762
 21
272.50053710650354
 31
0.0
 11
1110.7911396475768
 21
272.0213802135486
 31
0.0
 11
1108.132931401972
 21
272.21959248678604
 31
0.0
 11
1106.146098
 21
272.868674
 31
0.0
 11
1083.908821
 21
283.69166000000007
 31
0.0
 11
1077.3446672022517
 21
287.48573746552063
 31
0.0
 11
1069.930504
 21
292.5397960000001
 31
0.0
 11
1064.7450355473766
 21
297.430939550241
 31
0.0
 11
1059.1994236260825
 21
306.1617144246123
 31
0.0
 11
1055.081210042093
 21
310.56842130657947
 31
0.0
 11
1048.184897
 21
316.56562
 31
0.0
 11
1037.151677
 21
324.401058
 31
0.0
 11
1034.612416
 21
326.86905
 31
0.0
 11
1034.340874154524
 21
327.90343660146533
 31
0.0
 11
1034.6514537933895
 21
328.56456390891157
 31
0.0
 11
1036.14282152854
 21
328.95513189357996
 31
0.0
 11
1046.310382
 21
324.913957
 31
0.0
  0
SPLINE
  5
EF
330
17
100
AcDbEntity
  8
0
100
AcDbSpline
 70
0
 71
3
 72
0
 73
0
 74
30
 11
356.345436
 21
317.012527
 31
0.0
 11
367.6084894249012
 21
309.52214165845845
 31
0.0
 11
367.884484
 21
308.816981
 31
0.0
 11
367.6249042699196
 21
308.13113752697706
 31
0.0
 11
365.8574314849758
 21
307.11168140252914
 31
0.0
 11
341.93046699999996
 21
297.839598
 31
0.0
 11
315.5732880000001
 21
289.5403160000001
 31
0.0
 11
283.925086
 21
280.389112
 31
0.0
 11
261.49035699862844
 21
271.8379872730135
 31
0.0
 11
258.16025267093846
 21
271.1702132110805
 31
0.0
 11
254.030464444077
 21
271.112554279418
 31
0.0
 11
249.60127875096904
 21
271.359191880009
 31
0.0
 11
243.86583199999998
 21
272.268652
 31
0.0
 11
240.72284341955
 21
273.19267083333597
 31
0.0
 11
236.70652817023628
 21
275.14126178034877
 31
0.0
 11
234.06604
 21
277.535716
 31
0.0
 11
233.3382079015
 21
279.0941329281775
 31
0.0
 11
233.440051
 21
280.811116
 31
0.0
 11
234.00900140806985
 21
282.1081141840673
 31
0.0
 11
235.86604100649765
 21
284.1857943058973
 31
0.0
 11
242.289139507902
 21
287.1921678224763
 31
0.0
 11
257.975002
 21
293.866144
 31
0.0
 11
276.2043213587075
 21
300.99365132016385
 31
0.0
 11
308.5
 21
311.84233300000005
 31
0.0
 11
331.70295899999996
 21
318.8459
 31
0.0
 11
341.76297441690946
 21
321.2315772519996
 31
0.0
 11
344.886611
 21
322.852976
 31
0.0
 11
346.5244474768549
 21
322.60960975051495
 31
0.0
 11
348.80944281412803
 21
321.635377550709
 31
0.0
 11
356.345436
 21
317.012527
 31
0.0
  0
SPLINE
  5
F0
330
17
100
AcDbEntity
  8
0
100
AcDbSpline
 70
0
 71
3
 72
0
 73
0
 74
20
 11
676.960237
 21
320.045737
 31
0.0
 11
677.6122534855994
 21
319.21620248067114
 31
0.0
 11
677.4326711014478
 21
317.83956670359515
 31
0.0
 11
672.306198
 21
314.062326
 31
0.0
 11
663.924078
 21
310.52529
 31
0.0
 11
654.169527
 21
308.033579
 31
0.0
 11
639.7195812255924
 21
306.41375573353616
 31
0.0
 11
610.1837769999994
 21
305.19689700000004
 31
0.0
 11
607.621404896462
 21
305.71414739368873
 31
0.0
 11
606.6535090631285
 21
306.2988779439773
 31
0.0
 11
606.3497383817801
 21
306.973599046603
 31
0.0
 11
606.705968
 21
307.879632
 31
0.0
 11
609.5471315933196
 21
310.10742576685345
 31
0.0
 11
615.41399844092
 21
313.3325865281375
 31
0.0
 11
625.5
 21
317.317022
 31
0.0
 11
630.4749833211175
 21
318.58639968053825
 31
0.0
 11
639.867451
 21
319.594219
 31
0.0
 11
670.9999999999382
 21
320.80610799998976
 31
0.0
 11
674.60707
 21
320.650096
 31
0.0
 11
676.960237
 21
320.045737
 31
0.0
  0
SPLINE
  5
F1
330
17
100
AcDbEntity
  8
0
100
AcDbSpline
 70
0
 71
3
 72
0
 73
0
 74
27
 11
1202.196532
 21
318.25
 31
0.0
 11
1205.530495677984
 21
314.8830383199767
 31
0.0
 11
1213.514601
 21
308.50642600000003
 31
0.0
 11
1217.188308962284
 21
307.0705317251075
 31
0.0
 11
1236.0996756602922
 21
295.1665905944551
 31
0.0
 11
1241.053268126884
 21
291.462878351936
 31
0.0
 11
1246.361812099734
 21
286.399230945506
 31
0.0
 11
1249.8478680587798
 21
281.65869353819795
 31
0.0
 11
1251.3162911492825
 21
277.23684818546747
 31
0.0
 11
1251.9440366208025
 21
269.3240543584807
 31
0.0
 11
1251.6224230964335
 21
265.5974811454891
 31
0.0
 11
1250.8
 21
264.20000000000005
 31
0.0
 11
1249.211288
 21
263.276108
 31
0.0
 11
1247.180656
 21
263.123991
 31
0.0
 11
1244.715588
 21
263.78404499999994
 31
0.0
 11
1241.844291
 21
265.26645
 31
0.0
 11
1204.3382619999993
 21
290.59418600000026
 31
0.0
 11
1197.468163420037
 21
296.5159754569629
 31
0.0
 11
1194.56970857188
 21
300.33201680842177
 31
0.0
 11
1192.508726
 21
305.349057
 31
0.0
 11
1192.0
 21
309.67473
 31
0.0
 11
1192.5559261330052
 21
314.9882954230186
 31
0.0
 11
1193.931538452601
 21
317.93772804423423
 31
0.0
 11
1195.471376
 21
319.295065
 31
0.0
 11
1196.717677323825
 21
319.8206110516501
 31
0.0
 11
1199.5444285959395
 21
319.7949589672803
 31
0.0
 11
1202.196532
 21
318.25
 31
0.0
  0
SPLINE
  5
F2
330
17
100
AcDbEntity
  8
0
100
AcDbSpline
 70
0
 71
3
 72
0
 73
0
 74
46
 11
907.5
 21
313.651931
 31
0.0
 11
932.9303091850832
 21
306.7617092644957
 31
0.0
 11
958.275382770988
 21
298.295448560812
 31
0.0
 11
985.0146240106069
 21
287.68563029165585
 31
0.0
 11
1004.8359163962367
 21
278.9589169221255
 31
0.0
 11
1054.7183652479466
 21
254.96138709694927
 31
0.0
 11
1097.6501570975154
 21
233.20406524137002
 31
0.0
 11
1108.868108
 21
227.02675399999998
 31
0.0
 11
1118.361253
 21
221.263859
 31
0.0
 11
1120.40828762158
 21
219.03905553851627
 31
0.0
 11
1120.7598855828905
 21
217.46298241542613
 31
0.0
 11
1120.0597707167503
 21
217.00889572218105
 31
0.0
 11
1118.591817727191
 21
217.32607541613243
 31
0.0
 11
1110.46024608721
 21
220.35386510383
 31
0.0
 11
1060.916024824637
 21
244.34964269541925
 31
0.0
 11
1033.0901736381902
 21
256.419244997435
 31
0.0
 11
1019.876432253611
 21
261.33269779041603
 31
0.0
 11
1003.8877195825124
 21
266.6654839203446
 31
0.0
 11
1000.0502688931786
 21
266.84117139642285
 31
0.0
 11
997.7511239340064
 21
265.80161771190694
 31
0.0
 11
996.589866
 21
264.593113
 31
0.0
 11
996.1665584439374
 21
262.1710654116625
 31
0.0
 11
997.5391434148472
 21
251.2639087706945
 31
0.0
 11
997.465745
 21
247.545347
 31
0.0
 11
996.942415
 21
246.430614
 31
0.0
 11
995.6421838509987
 21
245.43987307808652
 31
0.0
 11
994.0315347651695
 21
245.116990566364
 31
0.0
 11
992.2366089618291
 21
245.58624363713565
 31
0.0
 11
987.8066178200706
 21
248.9932461560032
 31
0.0
 11
983.3247233946003
 21
254.35318611878552
 31
0.0
 11
981.711555
 21
257.762616
 31
0.0
 11
978.6040230661672
 21
267.9919481867889
 31
0.0
 11
976.1610339605902
 21
272.4556158888492
 31
0.0
 11
969.873283213369
 21
278.716346178507
 31
0.0
 11
963.1629312226995
 21
282.954141832873
 31
0.0
 11
949.242061
 21
289.523698
 31
0.0
 11
930.4428002597679
 21
296.4405780337066
 31
0.0
 11
886.7954106886937
 21
308.53822701745884
 31
0.0
 11
877.5431894021044
 21
311.5801339353795
 31
0.0
 11
872.791172461269
 21
313.8149324857771
 31
0.0
 11
872.0947319728035
 21
314.9413033519641
 31
0.0
 11
872.3173984107098
 21
316.3443164379761
 31
0.0
 11
873.6567230948833
 21
316.878957420277
 31
0.0
 11
876.4017148508635
 21
317.0199701471049
 31
0.0
 11
893.764940712461
 21
315.948636253318
 31
0.0
 11
907.5
 21
313.651931
 31
0.0
  0
SPLINE
  5
F3
330
17
100
AcDbEntity
  8
0
100
AcDbSpline
 70
0
 71
3
 72
0
 73
0
 74
8
 11
173.0
 21
315.0
 31
0.0
 11
172.65556644224887
 21
314.22828254590587
 31
0.0
 11
171.852944031058
 21
314.018472722925
 31
0.0
 11
170.806203
 21
314.617485
 31
0.0
 11
170.40055796011686
 21
315.4694562847885
 31
0.0
 11
170.889346
 21
315.926733
 31
0.0
 11
171.89002562217357
 21
315.9579870297843
 31
0.0
 11
173.0
 21
315.0
 31
0.0
  0
SPLINE
  5
F4
330
17
100
AcDbEntity
  8
0
100
AcDbSpline
 70
0
 71
3
 72
0
 73
0
 74
185
 11
472.753393
 21
313.52517
 31
0.0
 11
489.1104219585767
 21
311.2729404656183
 31
0.0
 11
502.0745999939686
 21
308.6324669784475
 31
0.0
 11
541.8591650990428
 21
295.8920225240998
 31
0.0
 11
549.120723804372
 21
294.36158506748194
 31
0.0
 11
554.336035
 21
294.046993
 31
0.0
 11
577.1391248111294
 21
294.5305184450575
 31
0.0
 11
596.517562650168
 21
294.354563396456
 31
0.0
 11
622.8892223842172
 21
293.4195339809914
 31
0.0
 11
637.7774809336489
 21
292.33970965654805
 31
0.0
 11
677.18791465542
 21
287.68195385794206
 31
0.0
 11
761.6760950071574
 21
276.7025035129924
 31
0.0
 11
782.921011084008
 21
272.369195147736
 31
0.0
 11
789.104537
 21
269.885861
 31
0.0
 11
789.7589990068531
 21
269.262512583179
 31
0.0
 11
789.986892998529
 21
268.2387822673322
 31
0.0
 11
789.390143474251
 21
267.4491995923876
 31
0.0
 11
788.0798288888953
 21
266.9602903579346
 31
0.0
 11
781.3866016225262
 21
266.74675656454235
 31
0.0
 11
769.3032349999999
 21
267.24319700000007
 31
0.0
 11
757.8489026181596
 21
268.2193848892886
 31
0.0
 11
737.2808796222737
 21
271.55083944875065
 31
0.0
 11
634.10691
 21
286.616763
 31
0.0
 11
606.482002
 21
288.754676
 31
0.0
 11
578.0571639999998
 21
290.442188
 31
0.0
 11
573.81796149484
 21
290.347571195564
 31
0.0
 11
568.931525503835
 21
289.331903085699
 31
0.0
 11
567.68376
 21
287.512047
 31
0.0
 11
567.787348758825
 21
285.883498194346
 31
0.0
 11
568.610524
 21
284.474497
 31
0.0
 11
572.4509169973496
 21
281.2421725930448
 31
0.0
 11
578.2716025148829
 21
277.99959743762594
 31
0.0
 11
589.3873514975062
 21
272.9551074496404
 31
0.0
 11
598.082814
 21
269.62198100000006
 31
0.0
 11
604.491053
 21
267.80900399999996
 31
0.0
 11
615.1549248618998
 21
265.53811831414527
 31
0.0
 11
626.15912169768
 21
264.3408609225415
 31
0.0
 11
637.993440288608
 21
264.463440851506
 31
0.0
 11
648.740608001104
 21
265.53877412115435
 31
0.0
 11
674.4782245552175
 21
269.0327023244253
 31
0.0
 11
683.4328304505427
 21
269.3803984822761
 31
0.0
 11
694.0094263717965
 21
268.2702251647322
 31
0.0
 11
724.4622803967112
 21
263.63266869350116
 31
0.0
 11
725.7778244130384
 21
263.1956013202347
 31
0.0
 11
726.0155531768542
 21
262.2583149832595
 31
0.0
 11
722.6193485275069
 21
260.6025602889438
 31
0.0
 11
706.4375112195705
 21
257.7907322450472
 31
0.0
 11
693.487099905171
 21
257.20056735996206
 31
0.0
 11
656.233704
 21
257.847755
 31
0.0
 11
645.815064
 21
257.6713510000001
 31
0.0
 11
638.688749468485
 21
257.02185298307154
 31
0.0
 11
638.0
 21
255.887351
 31
0.0
 11
638.4720803793166
 21
254.547989196791
 31
0.0
 11
639.679654
 21
253.80065
 31
0.0
 11
642.1488768206111
 21
253.2801593106913
 31
0.0
 11
656.770271824574
 21
250.94569285589802
 31
0.0
 11
701.9475047210938
 21
247.20787650315305
 31
0.0
 11
716.300814199548
 21
245.623282333667
 31
0.0
 11
734.0211783085762
 21
242.42195348952748
 31
0.0
 11
737.3608437740329
 21
241.55653089585516
 31
0.0
 11
738.0277636973509
 21
240.703273107249
 31
0.0
 11
737.666345
 21
239.331761
 31
0.0
 11
735.568499
 21
238.465623
 31
0.0
 11
704.805533
 21
239.017407
 31
0.0
 11
676.8987177054015
 21
240.79796170389
 31
0.0
 11
672.511709122463
 21
240.37195282026403
 31
0.0
 11
670.6223706931969
 21
239.50385091480757
 31
0.0
 11
670.0744999397381
 21
238.61572622320742
 31
0.0
 11
670.0503980674737
 21
237.52181348284688
 31
0.0
 11
670.769041
 21
236.016036
 31
0.0
 11
674.8619646368619
 21
232.0558389924112
 31
0.0
 11
701.9353436381334
 21
212.0255252260402
 31
0.0
 11
708.774624
 21
206.291928
 31
0.0
 11
715.291616
 21
199.902902
 31
0.0
 11
719.06368
 21
194.58603500000004
 31
0.0
 11
719.7278564963525
 21
191.915956182525
 31
0.0
 11
719.06289
 21
189.246074
 31
0.0
 11
718.2964755910401
 21
188.23550209487388
 31
0.0
 11
716.0896832180199
 21
187.17963018696062
 31
0.0
 11
714.821907
 21
187.216914
 31
0.0
 11
705.492082460109
 21
189.90895269315882
 31
0.0
 11
696.8400807109241
 21
193.82547531247067
 31
0.0
 11
675.3434301136822
 21
204.54239126693196
 31
0.0
 11
661.999972329668
 21
212.35704622007353
 31
0.0
 11
659.5873302189118
 21
214.62374635575404
 31
0.0
 11
656.5951210780347
 21
218.85865383987309
 31
0.0
 11
649.938569
 21
231.278831
 31
0.0
 11
647.525071
 21
234.938846
 31
0.0
 11
643.7917848772825
 21
238.5701977910053
 31
0.0
 11
638.441454436334
 21
242.334803548826
 31
0.0
 11
629.533622
 21
247.14328499999996
 31
0.0
 11
620.79405790945
 21
251.179364432315
 31
0.0
 11
603.0052539450627
 21
257.52154599423363
 31
0.0
 11
600.083751292816
 21
258.179180007008
 31
0.0
 11
598.1436639043891
 21
258.0526346380492
 31
0.0
 11
596.7374412427012
 21
257.0611736510073
 31
0.0
 11
596.9065615098863
 21
255.76559990238763
 31
0.0
 11
603.423827
 21
247.454169
 31
0.0
 11
608.673965
 21
239.22893499999998
 31
0.0
 11
609.168231528457
 21
237.47738281514648
 31
0.0
 11
610.6398166990157
 21
236.53191668609944
 31
0.0
 11
611.3601833009843
 21
233.46808331390056
 31
0.0
 11
612.837482474177
 21
232.188001159363
 31
0.0
 11
613.199303116673
 21
229.84493742334152
 31
0.0
 11
614.273479
 21
227.733422
 31
0.0
 11
615.367602
 21
222.874742
 31
0.0
 11
616.1441197607355
 21
217.38791771483307
 31
0.0
 11
616.3333717257033
 21
212.3563986351594
 31
0.0
 11
615.6275773367211
 21
204.7355010457325
 31
0.0
 11
614.523508
 21
199.717288
 31
0.0
 11
612.96831465873
 21
194.98068865494199
 31
0.0
 11
609.8273062146181
 21
188.4073098580064
 31
0.0
 11
607.228653859452
 21
184.60735127205808
 31
0.0
 11
603.0200842299009
 21
180.20605345962596
 31
0.0
 11
598.7264763199008
 21
177.4347747476639
 31
0.0
 11
596.1237055459062
 21
177.09036898882258
 31
0.0
 11
591.91370535707
 21
178.63993734348998
 31
0.0
 11
587.7224403846183
 21
182.83546910153967
 31
0.0
 11
572.1931605277408
 21
204.2108908865559
 31
0.0
 11
569.908971586144
 21
207.974204180577
 31
0.0
 11
567.9944946546631
 21
212.642313128043
 31
0.0
 11
567.2525304346202
 21
216.19150518011384
 31
0.0
 11
567.0
 21
219.942049
 31
0.0
 11
567.69084
 21
227.228195
 31
0.0
 11
574.233352
 21
244.32461999999998
 31
0.0
 11
575.931063
 21
250.99999999999997
 31
0.0
 11
576.3461712531025
 21
254.704577599365
 31
0.0
 11
575.6824100630004
 21
260.11978202044315
 31
0.0
 11
574.3444040095756
 21
263.3167910321689
 31
0.0
 11
570.6895813628265
 21
267.93180501577405
 31
0.0
 11
567.470439
 21
270.564006
 31
0.0
 11
560.1650933189676
 21
275.01321710309446
 31
0.0
 11
550.8083062594901
 21
279.4129654048168
 31
0.0
 11
516.923169
 21
291.623091
 31
0.0
 11
504.234375
 21
295.018833
 31
0.0
 11
499.340065
 21
296.706166
 31
0.0
 11
487.3776411280269
 21
299.6394284174169
 31
0.0
 11
470.24999999999994
 21
303.5532319999999
 31
0.0
 11
468.8078638608206
 21
303.2341708553601
 31
0.0
 11
468.882665
 21
302.519064
 31
0.0
 11
471.75712225405516
 21
300.74970148780835
 31
0.0
 11
496.945308002598
 21
288.438966089932
 31
0.0
 11
503.5152460870054
 21
284.4491861499792
 31
0.0
 11
508.979121
 21
280.493073
 31
0.0
 11
513.4210555184155
 21
276.5295535462769
 31
0.0
 11
517.7759415414075
 21
271.5800821180783
 31
0.0
 11
521.3353390534625
 21
266.56059634981085
 31
0.0
 11
524.880664
 21
260.125844
 31
0.0
 11
526.684953
 21
255.351033
 31
0.0
 11
527.9791
 21
248.654082
 31
0.0
 11
528.8264320726815
 21
235.43410020085085
 31
0.0
 11
528.729678862092
 21
224.751490237832
 31
0.0
 11
525.6512698490872
 21
212.83989606995974
 31
0.0
 11
523.3740372207981
 21
207.64099300431448
 31
0.0
 11
521.562809129777
 21
205.33749609071458
 31
0.0
 11
519.520535
 21
203.76703099999997
 31
0.0
 11
517.4240621134007
 21
203.04920528778928
 31
0.0
 11
515.0927262474115
 21
203.16621707001798
 31
0.0
 11
511.5775709387955
 21
204.6395407539315
 31
0.0
 11
506.692156575548
 21
207.799632655652
 31
0.0
 11
489.2559699459963
 21
221.41022833216113
 31
0.0
 11
476.7233893369148
 21
232.3750990715138
 31
0.0
 11
471.618738
 21
238.820319
 31
0.0
 11
469.505503354513
 21
242.92246216200851
 31
0.0
 11
468.188745
 21
247.345073
 31
0.0
 11
467.31151240098944
 21
253.1444728453425
 31
0.0
 11
466.3726717380341
 21
267.38950893996446
 31
0.0
 11
464.059051
 21
279.14486
 31
0.0
 11
461.4338545293749
 21
285.86780220022075
 31
0.0
 11
459.4202829573821
 21
289.0209008642803
 31
0.0
 11
456.8282027774761
 21
292.0160013361679
 31
0.0
 11
452.123252
 21
296.140248
 31
0.0
 11
448.3003719799425
 21
298.7037972498
 31
0.0
 11
444.247332
 21
300.885325
 31
0.0
 11
437.36238189837985
 21
303.69221184782157
 31
0.0
 11
424.98278801592085
 21
307.4308283838755
 31
0.0
 11
409.98797141670315
 21
309.1159000369388
 31
0.0
 11
406.115640257274
 21
310.194607101405
 31
0.0
 11
406.05125702384
 21
310.85049338615
 31
0.0
 11
406.48538113985546
 21
311.381536633132
 31
0.0
 11
408.48231023926974
 21
312.3241777306699
 31
0.0
 11
423.6918269999999
 21
314.957556
 31
0.0
 11
430.4593055952
 21
315.698436863775
 31
0.0
 11
454.38889295304296
 21
315.01277439451496
 31
0.0
 11
472.753393
 21
313.52517
 31
0.0
  0
SPLINE
  5
F5
330
17
100
AcDbEntity
  8
0
100
AcDbSpline
 70
0
 71
3
 72
0
 73
0
 74
29
 11
225.668692
 21
313.5
 31
0.0
 11
224.17028104987796
 21
311.6126267449133
 31
0.0
 11
216.924537
 21
306.427346
 31
0.0
 11
213.66665800000004
 21
303.322438
 31
0.0
 11
210.890576
 21
299.547939
 31
0.0
 11
206.41529626785103
 21
291.39330441598497
 31
0.0
 11
203.00844332600002
 21
286.143188681248
 31
0.0
 11
199.303314999314
 21
281.984146354839
 31
0.0
 11
195.250267680355
 21
278.80128497747603
 31
0.0
 11
190.71017117574922
 21
276.45337189037457
 31
0.0
 11
185.87133056761456
 21
274.5447520999487
 31
0.0
 11
174.708208218181
 21
271.5837419809434
 31
0.0
 11
161.065036
 21
269.676192
 31
0.0
 11
158.90018000920247
 21
270.0248040815325
 31
0.0
 11
157.00182744121892
 21
271.5360139002971
 31
0.0
 11
156.980732754952
 21
272.851532289616
 31
0.0
 11
158.03011006296984
 21
274.67091026889716
 31
0.0
 11
165.96464599999982
 21
283.9381559999998
 31
0.0
 11
177.67033139697978
 21
298.5906411041257
 31
0.0
 11
180.92817330980583
 21
302.2748160272837
 31
0.0
 11
182.48083597880597
 21
303.3047536591689
 31
0.0
 11
183.165898
 21
305.017617
 31
0.0
 11
184.011441560722
 21
305.79346163576844
 31
0.0
 11
198.528787455456
 21
311.21026509376
 31
0.0
 11
208.29993915008842
 21
313.7813885606392
 31
0.0
 11
214.21775979389756
 21
314.48363882434387
 31
0.0
 11
220.26403826925755
 21
314.63016589405197
 31
0.0
 11
224.410422
 21
314.471699
 31
0.0
 11
225.668692
 21
313.5
 31
0.0
  0
SPLINE
  5
F6
330
17
100
AcDbEntity
  8
0
100
AcDbSpline
 70
0
 71
3
 72
0
 73
0
 74
31
 11
1256.0
 21
309.242056
 31
0.0
 11
1256.72515
 21
307.88924499999996
 31
0.0
 11
1269.672852
 21
299.849205
 31
0.0
 11
1292.246831936984
 21
289.2053914605082
 31
0.0
 11
1300.159147718096
 21
284.95868082461755
 31
0.0
 11
1305.7646775917224
 21
281.2077392755286
 31
0.0
 11
1311.942182
 21
275.59306599999996
 31
0.0
 11
1315.2915325390936
 21
271.4557736538675
 31
0.0
 11
1318.066837
 21
266.913415
 31
0.0
 11
1320.2384561536471
 21
262.010730285203
 31
0.0
 11
1321.751624
 21
256.866552
 31
0.0
 11
1322.6869518102926
 21
251.26595704042
 31
0.0
 11
1322.9764275484163
 21
244.24531944846063
 31
0.0
 11
1322.448700221185
 21
239.33163608188622
 31
0.0
 11
1320.934067887107
 21
236.40361266809
 31
0.0
 11
1319.237418
 21
235.53195499999998
 31
0.0
 11
1317.0825164972907
 21
235.61576849631476
 31
0.0
 11
1312.9261610788615
 21
238.11755863348708
 31
0.0
 11
1296.0369706023575
 21
252.58311875335752
 31
0.0
 11
1273.0880379999999
 21
271.16695600000014
 31
0.0
 11
1265.684907
 21
278.279256
 31
0.0
 11
1263.4756815475855
 21
281.12671705640497
 31
0.0
 11
1261.693877
 21
284.259429
 31
0.0
 11
1260.263153396495
 21
287.78786556725197
 31
0.0
 11
1257.422632
 21
297.196962
 31
0.0
 11
1255.6986501082133
 21
300.666084415355
 31
0.0
 11
1251.444011165196
 21
307.499696372444
 31
0.0
 11
1251.1958743882365
 21
308.8615003683061
 31
0.0
 11
1252.1659273851199
 21
309.7690001038915
 31
0.0
 11
1254.457856
 21
309.94495699999993
 31
0.0
 11
1256.0
 21
309.242056
 31
0.0
  0
SPLINE
  5
F7
330
17
100
AcDbEntity
  8
0
100
AcDbSpline
 70
0
 71
3
 72
0
 73
0
 74
18
 11
743.5
 21
306.627561
 31
0.0
 11
745.8012810688025
 21
305.26056691624717
 31
0.0
 11
743.83689229022
 21
303.9392893978095
 31
0.0
 11
723.9276386100647
 21
296.2855794758028
 31
0.0
 11
716.4584587978143
 21
294.2251813326346
 31
0.0
 11
703.2180271568848
 21
293.83462896229196
 31
0.0
 11
691.5707681099823
 21
294.48060369550024
 31
0.0
 11
683.3283846251295
 21
295.9267288857024
 31
0.0
 11
681.0
 21
297.045518
 31
0.0
 11
680.1051015049469
 21
297.9966438214271
 31
0.0
 11
680.6788505584368
 21
298.8976222854323
 31
0.0
 11
683.0460622098415
 21
300.5589948472585
 31
0.0
 11
690.019581
 21
302.881034
 31
0.0
 11
699.480492075953
 21
304.6724891755239
 31
0.0
 11
719.5349239999998
 21
307.413593
 31
0.0
 11
721.1274550413784
 21
308.21302733687884
 31
0.0
 11
740.164964
 21
307.429686
 31
0.0
 11
743.5
 21
306.627561
 31
0.0
  0
SPLINE
  5
F8
330
17
100
AcDbEntity
  8
0
100
AcDbSpline
 70
0
 71
3
 72
0
 73
0
 74
19
 11
796.436756
 21
300.883007
 31
0.0
 11
796.8839845532
 21
299.90961749942403
 31
0.0
 11
796.49846
 21
298.910182
 31
0.0
 11
791.2783969256946
 21
294.7443465845227
 31
0.0
 11
782.6708030491714
 21
290.2491789907325
 31
0.0
 11
774.874713278572
 21
287.31122811187004
 31
0.0
 11
765.15404758655
 21
285.878845868451
 31
0.0
 11
753.524932717643
 21
285.215347829678
 31
0.0
 11
747.3922116813173
 21
285.1447317374783
 31
0.0
 11
746.50760781892
 21
285.61343981136247
 31
0.0
 11
746.0336229227274
 21
286.49522752395205
 31
0.0
 11
746.205471
 21
287.211104
 31
0.0
 11
751.047134644571
 21
290.01556584728803
 31
0.0
 11
767.555023653865
 21
298.35629923881
 31
0.0
 11
772.895037
 21
300.470006
 31
0.0
 11
779.5540462040659
 21
301.735118713808
 31
0.0
 11
787.5376329957483
 21
302.2877118180115
 31
0.0
 11
793.7392741815767
 21
301.9262859368469
 31
0.0
 11
796.436756
 21
300.883007
 31
0.0
  0
LWPOLYLINE
  5
F9
330
17
100
AcDbEntity
  8
0
100
AcDbPolyline
 90
2
 70
1
 10
1049.38499
 20
300.535183
 10
1049.38499
 20
300.53518299999996
  0
SPLINE
  5
FA
330
17
100
AcDbEntity
  8
0
100
AcDbSpline
 70
0
 71
3
 72
0
 73
0
 74
21
 11
870.0
 21
297.486431
 31
0.0
 11
868.75
 21
294.736431
 31
0.0
 11
866.3228586012721
 21
291.165003209464
 31
0.0
 11
861.3269310730408
 21
286.4436507321957
 31
0.0
 11
857.1166937183854
 21
283.5179038957367
 31
0.0
 11
852.3075704900749
 21
280.8757794317112
 31
0.0
 11
844.196735
 21
277.570135
 31
0.0
 11
834.9968324159234
 21
275.0839409592561
 31
0.0
 11
822.033155
 21
273.254261
 31
0.0
 11
814.847519989715
 21
273.0324120189712
 31
0.0
 11
808.5248872042475
 21
273.33899987429
 31
0.0
 11
804.61452
 21
273.767767
 31
0.0
 11
803.1222963875996
 21
274.94762040196633
 31
0.0
 11
803.0322809346528
 21
275.8917164464186
 31
0.0
 11
803.477812
 21
276.584685
 31
0.0
 11
806.22577709494
 21
277.694686528367
 31
0.0
 11
837.3776001753406
 21
283.2914849306263
 31
0.0
 11
847.2113848370104
 21
287.619830277347
 31
0.0
 11
864.248834490692
 21
297.045015297876
 31
0.0
 11
866.84887906296
 21
297.9402729142618
 31
0.0
 11
870.0
 21
297.486431
 31
0.0
  0
SPLINE
  5
FB
330
17
100
AcDbEntity
  8
0
100
AcDbSpline
 70
0
 71
3
 72
0
 73
0
 74
22
 11
1368.0
 21
296.04498
 31
0.0
 11
1382.355424
 21
293.321262
 31
0.0
 11
1388.456396
 21
291.495115
 31
0.0
 11
1393.581592
 21
289.41807499999993
 31
0.0
 11
1399.488068
 21
286.0875290000001
 31
0.0
 11
1402.5981351143373
 21
283.5163815688283
 31
0.0
 11
1404.34947441098
 21
281.15311280951994
 31
0.0
 11
1404.749281
 21
279.597992
 31
0.0
 11
1404.4808984198999
 21
278.42722515754997
 31
0.0
 11
1402.7371542165845
 21
277.4705861839851
 31
0.0
 11
1396.719065
 21
277.50718099999995
 31
0.0
 11
1365.4984154884794
 21
278.8750856328914
 31
0.0
 11
1358.491599642608
 21
280.52058907978727
 31
0.0
 11
1348.2691222415108
 21
284.8041689978066
 31
0.0
 11
1341.7196161248216
 21
288.36159251312273
 31
0.0
 11
1336.925342
 21
292.327348
 31
0.0
 11
1336.66301309967
 21
293.88670660458445
 31
0.0
 11
1338.450918606156
 21
295.42908334839007
 31
0.0
 11
1344.456659682414
 21
296.41430810493404
 31
0.0
 11
1353.628999893056
 21
296.88096013561596
 31
0.0
 11
1360.9047625662427
 21
296.7148397827361
 31
0.0
 11
1368.0
 21
296.04498
 31
0.0
  0
SPLINE
  5
FC
330
17
100
AcDbEntity
  8
0
100
AcDbSpline
 70
0
 71
3
 72
0
 73
0
 74
26
 11
427.481467
 21
279.443297
 31
0.0
 11
430.986901
 21
278.485883
 31
0.0
 11
435.32141624647
 21
278.640271808296
 31
0.0
 11
437.6442778616995
 21
277.99668162540405
 31
0.0
 11
440.27788318576654
 21
275.44969953492915
 31
0.0
 11
443.50220975366017
 21
269.43139994494936
 31
0.0
 11
444.816108853871
 21
263.21361604379854
 31
0.0
 11
444.80851157731666
 21
256.0711072282327
 31
0.0
 11
444.4559804202619
 21
253.55792394040628
 31
0.0
 11
443.38605899999993
 21
250.40112900000003
 31
0.0
 11
442.2402333743521
 21
248.40274815254918
 31
0.0
 11
440.99062800105946
 21
247.368615673486
 31
0.0
 11
438.891656
 21
247.0
 31
0.0
 11
437.1932949479951
 21
247.28859373673677
 31
0.0
 11
433.14865012923997
 21
249.86597479942787
 31
0.0
 11
421.331545448936
 21
260.827794583044
 31
0.0
 11
419.3398036709756
 21
263.47099531102396
 31
0.0
 11
418.70625
 21
265.56193
 31
0.0
 11
417.3583727515405
 21
266.6921065460136
 31
0.0
 11
417.0
 21
268.940983
 31
0.0
 11
417.36076570206865
 21
271.42087833413234
 31
0.0
 11
418.7728169661901
 21
273.5191624327243
 31
0.0
 11
419.6360360752238
 21
276.76361895902465
 31
0.0
 11
422.031983
 21
280.528894
 31
0.0
 11
423.3524298716002
 21
280.95848758610737
 31
0.0
 11
427.481467
 21
279.443297
 31
0.0
  0
SPLINE
  5
FD
330
17
100
AcDbEntity
  8
0
100
AcDbSpline
 70
0
 71
3
 72
0
 73
0
 74
27
 11
1358.737459
 21
268.083871
 31
0.0
 11
1365.2560407229014
 21
265.69303086650024
 31
0.0
 11
1370.9333047121313
 21
262.9860684856255
 31
0.0
 11
1375.702668142815
 21
259.88595546583144
 31
0.0
 11
1379.528649
 21
256.458513
 31
0.0
 11
1382.2779572797044
 21
252.8350755720222
 31
0.0
 11
1388.994169205675
 21
241.00111041975876
 31
0.0
 11
1394.2152456592564
 21
233.7659894195406
 31
0.0
 11
1396.69413
 21
229.616445
 31
0.0
 11
1396.9551078026275
 21
228.34735514011254
 31
0.0
 11
1390.596480884902
 21
228.0988754010264
 31
0.0
 11
1386.0287326662478
 21
228.8834733813286
 31
0.0
 11
1372.6536647191015
 21
233.8694600315845
 31
0.0
 11
1361.6706840295465
 21
238.84405089480202
 31
0.0
 11
1352.1781668353276
 21
243.8756463232293
 31
0.0
 11
1347.8420686228687
 21
246.99175658622477
 31
0.0
 11
1343.7386089547892
 21
250.89328963123253
 31
0.0
 11
1340.165747699704
 21
255.67265349238698
 31
0.0
 11
1338.0379324691587
 21
260.2225256039226
 31
0.0
 11
1337.8995075845141
 21
262.23344544969797
 31
0.0
 11
1338.2848149076126
 21
264.21195457062436
 31
0.0
 11
1339.8387030917972
 21
266.9087550748181
 31
0.0
 11
1341.4051506425774
 21
268.3328379726569
 31
0.0
 11
1343.2541332313037
 21
269.3339512135606
 31
0.0
 11
1346.376284
 21
269.944511
 31
0.0
 11
1352.6313687346399
 21
269.5091139052375
 31
0.0
 11
1358.737459
 21
268.083871
 31
0.0
  0
SPLINE
  5
FE
330
17
100
AcDbEntity
  8
0
100
AcDbSpline
 70
0
 71
3
 72
0
 73
0
 74
216
 11
826.0
 21
259.502334
 31
0.0
 11
838.9643560463016
 21
257.1611630214259
 31
0.0
 11
898.3434709999998
 21
242.69481700000006
 31
0.0
 11
910.4011748868259
 21
240.37544146256403
 31
0.0
 11
920.844613793768
 21
239.26648451200953
 31
0.0
 11
930.5825493973468
 21
239.3769783198409
 31
0.0
 11
957.4858155786799
 21
243.07726339510566
 31
0.0
 11
966.3141411151703
 21
243.31092738450124
 31
0.0
 11
972.617673
 21
242.601123
 31
0.0
 11
981.9167202859815
 21
240.78626934330597
 31
0.0
 11
1007.5544924349579
 21
234.30411849078143
 31
0.0
 11
1010.0207914363097
 21
232.36989787166655
 31
0.0
 11
1010.92396
 21
231.060377
 31
0.0
 11
1011.186934749242
 21
229.45676470486296
 31
0.0
 11
1010.3778887448308
 21
228.03989534222353
 31
0.0
 11
1005.5301274947909
 21
226.55469934075683
 31
0.0
 11
993.7969400000001
 21
224.09348200000002
 31
0.0
 11
979.5412989883961
 21
222.1872422058492
 31
0.0
 11
970.2191791990449
 21
222.30343243453413
 31
0.0
 11
959.4629209728272
 21
224.0342685214595
 31
0.0
 11
945.094953052964
 21
227.58595557458798
 31
0.0
 11
944.063145853565
 21
226.8557426922775
 31
0.0
 11
944.0462020309252
 21
225.71365350072432
 31
0.0
 11
944.666973
 21
224.3227
 31
0.0
 11
946.25
 21
222.80775800000004
 31
0.0
 11
951.782365
 21
220.03425900000002
 31
0.0
 11
966.7998946717299
 21
214.59800156097361
 31
0.0
 11
979.1233986051378
 21
210.6455214809807
 31
0.0
 11
990.17142631986
 21
207.762020069424
 31
0.0
 11
1000.8880750031469
 21
206.22635125859898
 31
0.0
 11
1017.6374564745995
 21
205.895457734641
 31
0.0
 11
1027.9265242676925
 21
205.26238235108
 31
0.0
 11
1036.14430558452
 21
203.801874614468
 31
0.0
 11
1045.2545501564296
 21
200.5965870178298
 31
0.0
 11
1052.025343
 21
196.696619
 31
0.0
 11
1060.9004454580072
 21
189.01620022818068
 31
0.0
 11
1062.4360536651293
 21
187.3321378784487
 31
0.0
 11
1062.935058267178
 21
186.08444209624236
 31
0.0
 11
1062.941892520235
 21
184.81674641207087
 31
0.0
 11
1062.15883319624
 21
183.32494571624005
 31
0.0
 11
1060.107606
 21
182.412022
 31
0.0
 11
1055.17488466325
 21
182.49481859395001
 31
0.0
 11
1050.276824
 21
183.084392
 31
0.0
 11
1043.778688768418
 21
184.492263933761
 31
0.0
 11
1034.0718915084742
 21
187.68869497362107
 31
0.0
 11
1018.712244
 21
194.808633
 31
0.0
 11
1015.0118609281418
 21
195.84978301651802
 31
0.0
 11
1013.744547
 21
195.45892999999998
 31
0.0
 11
1013.0509804593438
 21
194.48539710738
 31
0.0
 11
1013.207968255642
 21
192.95911476722
 31
0.0
 11
1013.80409
 21
191.989774
 31
0.0
 11
1019.2652726097359
 21
186.88402417871694
 31
0.0
 11
1025.2253245197455
 21
182.7640153443226
 31
0.0
 11
1031.2534358648452
 21
179.62527339234154
 31
0.0
 11
1037.0713371479374
 21
177.36496533765003
 31
0.0
 11
1052.1081432413082
 21
173.02760826589383
 31
0.0
 11
1070.44097239628
 21
170.3553812956
 31
0.0
 11
1099.1897683526295
 21
166.85652956366366
 31
0.0
 11
1106.5765422556121
 21
165.38155467758466
 31
0.0
 11
1116.1716
 21
162.388934
 31
0.0
 11
1125.186521904527
 21
158.21259904878224
 31
0.0
 11
1134.89015153285
 21
152.19266767075305
 31
0.0
 11
1166.00599555408
 21
129.72800435269886
 31
0.0
 11
1174.26075
 21
123.216956
 31
0.0
 11
1170.4451371250004
 21
120.80796735785103
 31
0.0
 11
1167.3794972554574
 21
119.91072460980612
 31
0.0
 11
1162.710896
 21
119.41642200000001
 31
0.0
 11
1151.7323863171443
 21
119.13120077141825
 31
0.0
 11
1143.0094069344211
 21
119.57049319675082
 31
0.0
 11
1134.5320870313058
 21
120.66510857454485
 31
0.0
 11
1122.356303
 21
123.61501499999997
 31
0.0
 11
1111.4087220720594
 21
127.91612538082128
 31
0.0
 11
1101.7078101050738
 21
133.49628241559003
 31
0.0
 11
1081.7150430435483
 21
150.30912437604687
 31
0.0
 11
1072.352891577793
 21
156.84641341534103
 31
0.0
 11
1063.4075014632162
 21
160.8505875297973
 31
0.0
 11
1058.2727733072354
 21
162.2909345246275
 31
0.0
 11
1056.327984794153
 21
162.42146491795455
 31
0.0
 11
1055.678379
 21
161.86709200000007
 31
0.0
 11
1055.507747152377
 21
160.60461844551443
 31
0.0
 11
1061.199721
 21
152.19199000000003
 31
0.0
 11
1061.3404016252082
 21
151.28435390929923
 31
0.0
 11
1060.7100323911957
 21
150.2489595075807
 31
0.0
 11
1058.751642599588
 21
149.709816632384
 31
0.0
 11
1057.047053
 21
150.00949099999997
 31
0.0
 11
1044.1963265820214
 21
155.969776606326
 31
0.0
 11
1043.2127547579953
 21
155.6490905493454
 31
0.0
 11
1043.046237
 21
153.98164399999996
 31
0.0
 11
1044.0397236466213
 21
152.08255001897342
 31
0.0
 11
1046.8435195441748
 21
150.24547600269216
 31
0.0
 11
1046.8452872269056
 21
149.43218699319314
 31
0.0
 11
1045.5604298791209
 21
148.85040384813976
 31
0.0
 11
1046.2798255683792
 21
147.5537796339189
 31
0.0
 11
1054.803988741124
 21
138.80408406943673
 31
0.0
 11
1063.426785
 21
128.86723400000002
 31
0.0
 11
1064.2253678244304
 21
126.47210520574039
 31
0.0
 11
1065.777675442528
 21
125.25662373287668
 31
0.0
 11
1066.3937395228502
 21
122.24848714223593
 31
0.0
 11
1068.4410458044028
 21
121.00187365979278
 31
0.0
 11
1069.732566
 21
110.385592
 31
0.0
 11
1070.059299
 21
100.17783799999992
 31
0.0
 11
1069.0
 21
93.32099799999997
 31
0.0
 11
1065.5826581018441
 21
82.17368213449599
 31
0.0
 11
1063.260054773587
 21
76.7871343285612
 31
0.0
 11
1060.458805
 21
72.983213
 31
0.0
 11
1058.6445461737414
 21
71.53814846085103
 31
0.0
 11
1055.4388327754368
 21
70.43205515239343
 31
0.0
 11
1052.25
 21
70.90654700000003
 31
0.0
 11
1048.380089236347
 21
73.13891168166553
 31
0.0
 11
1044.2985524553142
 21
76.76556703846315
 31
0.0
 11
1032.7282950079964
 21
87.67907815218187
 31
0.0
 11
1022.3441309526306
 21
98.2094670815339
 31
0.0
 11
1016.063523345719
 21
105.91530906896142
 31
0.0
 11
1011.9665410000001
 21
114.78152800000002
 31
0.0
 11
1011.2463555861223
 21
119.1098745225586
 31
0.0
 11
1011.6031094942364
 21
126.98278108907503
 31
0.0
 11
1015.729958788537
 21
150.822163257338
 31
0.0
 11
1016.662520581537
 21
161.04737480528453
 31
0.0
 11
1016.3172470109175
 21
165.58033096070244
 31
0.0
 11
1015.4254393210429
 21
169.80398874656785
 31
0.0
 11
1014.0880196619423
 21
173.30718885504675
 31
0.0
 11
1012.660355359713
 21
175.52179322031873
 31
0.0
 11
1011.9553822573421
 21
175.7532577206588
 31
0.0
 11
1011.061303
 21
175.31428
 31
0.0
 11
1005.178262
 21
165.478748
 31
0.0
 11
1002.487442
 21
162.36728200000002
 31
0.0
 11
999.1498605242942
 21
160.36718031255702
 31
0.0
 11
997.130429
 21
160.195116
 31
0.0
 11
995.590295
 21
160.699076
 31
0.0
 11
994.9027958318069
 21
161.39834419536075
 31
0.0
 11
994.4107290651541
 21
163.28072897739185
 31
0.0
 11
993.581624328571
 21
174.3181751727855
 31
0.0
 11
992.324377801308
 21
181.93284524991998
 31
0.0
 11
990.7414927769678
 21
186.57208970872372
 31
0.0
 11
988.565862
 21
190.55452999999997
 31
0.0
 11
984.5
 21
195.533646
 31
0.0
 11
978.67412
 21
200.19789300000002
 31
0.0
 11
971.773677
 21
203.59572399999996
 31
0.0
 11
967.1532116796654
 21
204.86067587880746
 31
0.0
 11
964.6289876472865
 21
205.09808629955288
 31
0.0
 11
962.242953
 21
203.74999999999997
 31
0.0
 11
961.269186
 21
201.508908
 31
0.0
 11
960.5975748112212
 21
192.41397979332183
 31
0.0
 11
961.2202356056356
 21
185.94429069341695
 31
0.0
 11
964.4905348197715
 21
178.47484647657998
 31
0.0
 11
972.008513176434
 21
166.059036809062
 31
0.0
 11
974.7292072741316
 21
160.73514040400715
 31
0.0
 11
973.9905227881701
 21
159.66322475103934
 31
0.0
 11
971.644589
 21
159.280484
 31
0.0
 11
968.991616
 21
159.94502400000002
 31
0.0
 11
962.359003
 21
163.291924
 31
0.0
 11
961.000335
 21
163.369435
 31
0.0
 11
957.1539217896137
 21
162.59362077407204
 31
0.0
 11
956.301843
 21
163.655794
 31
0.0
 11
956.21938718108
 21
164.80832353043002
 31
0.0
 11
956.767621
 21
165.941789
 31
0.0
 11
958.4824130307252
 21
167.59679840285943
 31
0.0
 11
958.5307911264015
 21
168.41846841132258
 31
0.0
 11
954.1674170709903
 21
175.21106821286224
 31
0.0
 11
950.593132
 21
183.32476700000004
 31
0.0
 11
948.357144011265
 21
191.55800191172355
 31
0.0
 11
947.7764682952582
 21
197.90947729494903
 31
0.0
 11
946.2254144845572
 21
200.7199129618049
 31
0.0
 11
945.5350074345469
 21
204.43326366246094
 31
0.0
 11
943.1104794580061
 21
208.26302782460323
 31
0.0
 11
940.487455708077
 21
211.412211850115
 31
0.0
 11
934.190574
 21
216.870584
 31
0.0
 11
926.9829199361892
 21
220.92820005467712
 31
0.0
 11
911.0455469999999
 21
228.44039100000003
 31
0.0
 11
907.8016261304965
 21
229.150218324604
 31
0.0
 11
892.5095795512041
 21
234.77996369893663
 31
0.0
 11
855.6811582939525
 21
245.50507230853975
 31
0.0
 11
845.106371339697
 21
247.43414121847
 31
0.0
 11
836.716548
 21
247.883346
 31
0.0
 11
835.10508049337
 21
247.462572825148
 31
0.0
 11
835.237124992974
 21
246.146916062892
 31
0.0
 11
840.158077
 21
242.44164299999997
 31
0.0
 11
846.093287
 21
239.10760100000002
 31
0.0
 11
864.0150156212391
 21
230.4874332199769
 31
0.0
 11
871.3703263474272
 21
226.24457869684912
 31
0.0
 11
877.2819086046595
 21
222.23874464302128
 31
0.0
 11
880.477291
 21
219.43180000000004
 31
0.0
 11
882.5601355692161
 21
216.90983089739998
 31
0.0
 11
885.534777356782
 21
212.337436133823
 31
0.0
 11
887.744777
 21
207.79074499999996
 31
0.0
 11
888.8669099405275
 21
202.45202872752918
 31
0.0
 11
888.929026
 21
191.38954199999995
 31
0.0
 11
888.404948
 21
185.129073
 31
0.0
 11
887.29375
 21
183.346475
 31
0.0
 11
886.742969
 21
179.717039
 31
0.0
 11
885.34516
 21
178.19218699999996
 31
0.0
 11
884.2180668039824
 21
174.5626180795625
 31
0.0
 11
882.8822021027299
 21
171.9725488287888
 31
0.0
 11
877.936973
 21
165.759324
 31
0.0
 11
876.84297146768
 21
164.935278078016
 31
0.0
 11
875.0472034979176
 21
164.33193948984538
 31
0.0
 11
871.5118126080292
 21
165.15950844670135
 31
0.0
 11
868.4451648086667
 21
167.30396940544966
 31
0.0
 11
867.277629
 21
170.554151
 31
0.0
 11
859.5334057254067
 21
179.9878210725445
 31
0.0
 11
843.941726
 21
195.11215900000008
 31
0.0
 11
838.525659
 21
201.92067000000003
 31
0.0
 11
836.1154469302074
 21
206.89884132450052
 31
0.0
 11
835.0213095395375
 21
210.83013375406824
 31
0.0
 11
832.1383621158557
 21
229.58343392264177
 31
0.0
 11
829.8564106613247
 21
235.62239934195856
 31
0.0
 11
827.4815047317451
 21
239.95432758273523
 31
0.0
 11
823.7988286277861
 21
244.40874156650028
 31
0.0
 11
820.291445925892
 21
247.81326850320897
 31
0.0
 11
808.968221
 21
256.227492
 31
0.0
 11
807.3014779516966
 21
258.1044082999439
 31
0.0
 11
807.114475
 21
259.120123
 31
0.0
 11
807.4479351907532
 21
260.07125558425173
 31
0.0
 11
809.167061
 21
260.973204
 31
0.0
 11
816.232963860371
 21
260.7428530700905
 31
0.0
 11
826.0
 21
259.502334
 31
0.0
  0
SPLINE
  5
FF
330
17
100
AcDbEntity
  8
0
100
AcDbSpline
 70
0
 71
3
 72
0
 73
0
 74
40
 11
1161.250782
 21
250.14901
 31
0.0
 11
1161.917081315183
 21
249.09092159767354
 31
0.0
 11
1163.251078422974
 21
248.28361391200846
 31
0.0
 11
1173.187375
 21
245.59912800000004
 31
0.0
 11
1181.737123996451
 21
241.95428160781654
 31
0.0
 11
1192.8230357547561
 21
236.5804932672505
 31
0.0
 11
1197.9099957729202
 21
233.58635431456003
 31
0.0
 11
1200.158019354526
 21
231.27788205231596
 31
0.0
 11
1200.708376
 21
229.595061
 31
0.0
 11
1199.4250307760278
 21
228.11905306398992
 31
0.0
 11
1194.7666098820257
 21
227.17512743466614
 31
0.0
 11
1185.899335
 21
226.08361100000002
 31
0.0
 11
1166.704653
 21
224.696554
 31
0.0
 11
1162.8263692252146
 21
224.1882276247766
 31
0.0
 11
1161.662891
 21
223.40775
 31
0.0
 11
1158.4176819040395
 21
224.5431778690862
 31
0.0
 11
1144.9625603968902
 21
226.8938423409823
 31
0.0
 11
1131.0304383735909
 21
231.08059314578392
 31
0.0
 11
1130.204013753144
 21
231.1106968958036
 31
0.0
 11
1129.66711
 21
230.62089299999997
 31
0.0
 11
1129.5422658630455
 21
228.2904324454071
 31
0.0
 11
1128.0838962665082
 21
228.09639251116332
 31
0.0
 11
1127.217646049198
 21
229.01453918031802
 31
0.0
 11
1126.8497374477786
 21
231.80504149947055
 31
0.0
 11
1126.05447
 21
232.83463499999996
 31
0.0
 11
1123.9028540487363
 21
233.32296105795945
 31
0.0
 11
1121.2131174210663
 21
234.99269128121446
 31
0.0
 11
1114.64871955596
 21
237.491369507568
 31
0.0
 11
1094.5776046939084
 21
244.1259491631941
 31
0.0
 11
1091.706291
 21
245.76529100000002
 31
0.0
 11
1091.2822915077752
 21
246.58171513526253
 31
0.0
 11
1092.3792481408655
 21
247.9316530979679
 31
0.0
 11
1094.75
 21
249.04107
 31
0.0
 11
1101.558799
 21
250.156434
 31
0.0
 11
1149.7674130000003
 21
251.1168950000001
 31
0.0
 11
1151.8044170093565
 21
250.883373307776
 31
0.0
 11
1155.4104818432409
 21
249.5671975998069
 31
0.0
 11
1159.2150630011768
 21
251.9332507790681
 31
0.0
 11
1160.3718135149384
 21
251.60655544250787
 31
0.0
 11
1161.250782
 21
250.14901
 31
0.0
  0
LWPOLYLINE
  5
100
330
17
100
AcDbEntity
  8
0
100
AcDbPolyline
 90
2
 70
1
 10
1052.352495
 20
236.951178
 10
1052.352495
 20
236.95117800000003
  0
SPLINE
  5
101
330
17
100
AcDbEntity
  8
0
100
AcDbSpline
 70
0
 71
3
 72
0
 73
0
 74
30
 11
1168.427955
 21
214.486356
 31
0.0
 11
1181.6562732942978
 21
211.44785543238285
 31
0.0
 11
1188.810709
 21
208.82917399999997
 31
0.0
 11
1193.416940283035
 21
206.68330427471503
 31
0.0
 11
1200.2194614119237
 21
202.78226219276263
 31
0.0
 11
1211.2086187510847
 21
195.11881423483894
 31
0.0
 11
1216.9879900274116
 21
191.56584261042906
 31
0.0
 11
1239.6680999225848
 21
180.70936636566069
 31
0.0
 11
1242.443818416593
 21
178.58144171814888
 31
0.0
 11
1242.528267387276
 21
176.52984768405156
 31
0.0
 11
1241.887488
 21
175.69203099999996
 31
0.0
 11
1238.7913737366555
 21
173.86836350842847
 31
0.0
 11
1235.287757
 21
173.070644
 31
0.0
 11
1219.0
 21
172.50806399999996
 31
0.0
 11
1206.781962
 21
172.948132
 31
0.0
 11
1198.6074204748415
 21
174.13132791119943
 31
0.0
 11
1190.936453374584
 21
176.17057601701651
 31
0.0
 11
1184.528191
 21
178.45728100000002
 31
0.0
 11
1174.9966794502388
 21
182.86494010663858
 31
0.0
 11
1163.0440567269713
 21
190.2776858366962
 31
0.0
 11
1154.896748937088
 21
196.831311096698
 31
0.0
 11
1144.836591
 21
207.1178
 31
0.0
 11
1142.368515
 21
210.44410200000002
 31
0.0
 11
1141.65879921913
 21
212.14917173004054
 31
0.0
 11
1141.523650150674
 21
213.2414969710591
 31
0.0
 11
1142.053051
 21
214.56392200000002
 31
0.0
 11
1143.1039213989125
 21
215.40644930502498
 31
0.0
 11
1144.401585
 21
215.767351
 31
0.0
 11
1155.381330567358
 21
215.89012434470249
 31
0.0
 11
1168.427955
 21
214.486356
 31
0.0
  0
LWPOLYLINE
  5
102
330
17
100
AcDbEntity
  8
0
100
AcDbPolyline
 90
2
 70
1
 10
660.390324
 20
186.907611
 10
660.390324
 20
186.90761099999997
  0
LWPOLYLINE
  5
103
330
17
100
AcDbEntity
  8
0
100
AcDbPolyline
 90
2
 70
1
 10
925.381966
 20
187.05429
 10
925.381966
 20
187.05429000000004
  0
SPLINE
  5
104
330
17
100
AcDbEntity
  8
0
100
AcDbSpline
 70
0
 71
3
 72
0
 73
0
 74
35
 11
168.778001
 21
150.660707
 31
0.0
 11
172.53240903456646
 21
143.66923127234818
 31
0.0
 11
183.08469718017597
 21
130.66808622822802
 31
0.0
 11
189.42058399999996
 21
124.48199200000002
 31
0.0
 11
197.82678868972997
 21
117.53862893875305
 31
0.0
 11
211.595924083321
 21
107.77255805326159
 31
0.0
 11
221.80221645028382
 21
101.53841767842049
 31
0.0
 11
237.80319153384198
 21
93.19849594714503
 31
0.0
 11
248.84986499999994
 21
88.34535100000002
 31
0.0
 11
259.5576966203234
 21
84.22917695199104
 31
0.0
 11
275.90026542364404
 21
78.88424969128697
 31
0.0
 11
292.5161499999998
 21
74.55818400000004
 31
0.0
 11
305.5801285752854
 21
71.80998434580451
 31
0.0
 11
336.09557598546456
 21
66.87282246216301
 31
0.0
 11
392.2751884883849
 21
59.329474014164944
 31
0.0
 11
410.542701
 21
56.092915000000005
 31
0.0
 11
414.6395613436493
 21
54.76247071848484
 31
0.0
 11
416.7974075229299
 21
53.598156816119506
 31
0.0
 11
418.611329
 21
51.20276799999999
 31
0.0
 11
418.58225786436805
 21
49.756305290883994
 31
0.0
 11
417.85787081672737
 21
48.93349598713607
 31
0.0
 11
415.62650216302063
 21
48.15614173386183
 31
0.0
 11
409.761275
 21
47.063778
 31
0.0
 11
393.193248
 21
45.92376200000001
 31
0.0
 11
378.7613939999999
 21
45.50596299999995
 31
0.0
 11
284.88587300000046
 21
45.158644000001004
 31
0.0
 11
68.5
 21
45.5
 31
0.0
 11
67.974959
 21
116.795281
 31
0.0
 11
74.661583882506
 21
120.55294647605
 31
0.0
 11
79.8402896031389
 21
122.8751139190966
 31
0.0
 11
134.19980162599117
 21
144.9170169010588
 31
0.0
 11
162.381080883304
 21
157.437757465092
 31
0.0
 11
163.97927314160387
 21
157.9179234660295
 31
0.0
 11
165.027101218147
 21
157.41750201624302
 31
0.0
 11
168.778001
 21
150.660707
 31
0.0
  0
ENDSEC
  0
SECTION
  2
OBJECTS
  0
DICTIONARY
  5
A
330
0
100
AcDbDictionary
281
1
  3
ACAD_COLOR
350
B
  3
ACAD_GROUP
350
C
  3
ACAD_LAYOUT
350
D
  3
ACAD_MATERIAL
350
E
  3
ACAD_MLEADERSTYLE
350
F
  3
ACAD_MLINESTYLE
350
10
  3
ACAD_PLOTSETTINGS
350
11
  3
ACAD_PLOTSTYLENAME
350
12
  3
ACAD_SCALELIST
350
14
  3
ACAD_TABLESTYLE
350
15
  3
ACAD_VISUALSTYLE
350
16
  3
EZDXF_META
350
2D
  0
DICTIONARY
  5
B
330
A
100
AcDbDictionary
281
1
  0
DICTIONARY
  5
C
330
A
100
AcDbDictionary
281
1
  0
DICTIONARY
  5
D
330
A
100
AcDbDictionary
281
1
  3
Model
350
1A
  3
Layout1
350
1E
  0
DICTIONARY
  5
E
330
A
100
AcDbDictionary
281
1
  3
ByBlock
350
1F
  3
ByLayer
350
20
  3
Global
350
21
  0
DICTIONARY
  5
F
330
A
100
AcDbDictionary
281
1
  3
Standard
350
2C
  0
DICTIONARY
  5
10
330
A
100
AcDbDictionary
281
1
  3
Standard
350
22
  0
DICTIONARY
  5
11
330
A
100
AcDbDictionary
281
1
  0
ACDBDICTIONARYWDFLT
  5
12
330
A
100
AcDbDictionary
281
1
  3
Normal
350
13
100
AcDbDictionaryWithDefault
340
13
  0
ACDBPLACEHOLDER
  5
13
330
12
  0
DICTIONARY
  5
14
330
A
100
AcDbDictionary
281
1
  0
DICTIONARY
  5
15
330
A
100
AcDbDictionary
281
1
  0
DICTIONARY
  5
16
330
A
100
AcDbDictionary
281
1
  3
2dWireframe
350
5A
  3
Basic
350
5B
  3
Brighten
350
5C
  3
ColorChange
350
5D
  3
Conceptual
350
5E
  3
Dim
350
5F
  3
EdgeColorOff
350
60
  3
Facepattern
350
61
  3
Flat
350
62
  3
FlatWithEdges
350
63
  3
Gouraud
350
64
  3
GouraudWithEdges
350
65
  3
Hidden
350
66
  3
JitterOff
350
67
  3
Linepattern
350
68
  3
Modeling
350
69
  3
OverhangOff
350
6A
  3
Realistic
350
6B
  3
Shaded
350
6C
  3
Shaded with edges
350
6D
  3
Shades of Gray
350
6E
  3
Sketchy
350
6F
  3
Thicken
350
70
  3
Wireframe
350
71
  3
X-Ray
350
72
  0
LAYOUT
  5
1A
330
D
100
AcDbPlotSettings
  1

  4
A3
  6

 40
7.5
 41
20.0
 42
7.5
 43
20.0
 44
420.0
 45
297.0
 46
0.0
 47
0.0
 48
0.0
 49
0.0
140
0.0
141
0.0
142
1.0
143
1.0
 70
1024
 72
1
 73
0
 74
5
  7

 75
16
 76
0
 77
2
 78
300
147
1.0
148
0.0
149
0.0
100
AcDbLayout
  1
Model
 70
1
 71
0
 10
0.0
 20
0.0
 11
420.0
 21
297.0
 12
0.0
 22
0.0
 32
0.0
 14
1e+20
 24
1e+20
 34
1e+20
 15
-1e+20
 25
-1e+20
 35
-1e+20
146
0.0
 13
0.0
 23
0.0
 33
0.0
 16
1.0
 26
0.0
 36
0.0
 17
0.0
 27
1.0
 37
0.0
 76
1
330
17
  0
LAYOUT
  5
1E
330
D
100
AcDbPlotSettings
  1

  4
A3
  6

 40
7.5
 41
20.0
 42
7.5
 43
20.0
 44
420.0
 45
297.0
 46
0.0
 47
0.0
 48
0.0
 49
0.0
140
0.0
141
0.0
142
1.0
143
1.0
 70
0
 72
1
 73
0
 74
5
  7

 75
16
 76
0
 77
2
 78
300
147
1.0
148
0.0
149
0.0
100
AcDbLayout
  1
Layout1
 70
1
 71
1
 10
0.0
 20
0.0
 11
420.0
 21
297.0
 12
0.0
 22
0.0
 32
0.0
 14
1e+20
 24
1e+20
 34
1e+20
 15
-1e+20
 25
-1e+20
 35
-1e+20
146
0.0
 13
0.0
 23
0.0
 33
0.0
 16
1.0
 26
0.0
 36
0.0
 17
0.0
 27
1.0
 37
0.0
 76
1
330
1B
  0
MATERIAL
  5
1F
102
{ACAD_REACTORS
330
E
102
}
330
E
100
AcDbMaterial
  1
ByBlock
  2

 70
0
 40
1.0
 71
1
 41
1.0
 91
-1023410177
 42
1.0
 72
1
  3

 73
1
 74
1
 75
1
 44
0.5
 73
0
 45
1.0
 46
1.0
 77
1
  4

 78
1
 79
1
170
1
 48
1.0
171
1
  6

172
1
173
1
174
1
140
1.0
141
1.0
175
1
  7

176
1
177
1
178
1
143
1.0
179
1
  8

270
1
271
1
272
1
145
1.0
146
1.0
273
1
  9

274
1
275
1
276
1
 42
1.0
 72
1
  3

 73
1
 74
1
 75
1
 94
63
  0
MATERIAL
  5
20
102
{ACAD_REACTORS
330
E
102
}
330
E
100
AcDbMaterial
  1
ByLayer
  2

 70
0
 40
1.0
 71
1
 41
1.0
 91
-1023410177
 42
1.0
 72
1
  3

 73
1
 74
1
 75
1
 44
0.5
 73
0
 45
1.0
 46
1.0
 77
1
  4

 78
1
 79
1
170
1
 48
1.0
171
1
  6

172
1
173
1
174
1
140
1.0
141
1.0
175
1
  7

176
1
177
1
178
1
143
1.0
179
1
  8

270
1
271
1
272
1
145
1.0
146
1.0
273
1
  9

274
1
275
1
276
1
 42
1.0
 72
1
  3

 73
1
 74
1
 75
1
 94
63
  0
MATERIAL
  5
21
102
{ACAD_REACTORS
330
E
102
}
330
E
100
AcDbMaterial
  1
Global
  2

 70
0
 40
1.0
 71
1
 41
1.0
 91
-1023410177
 42
1.0
 72
1
  3

 73
1
 74
1
 75
1
 44
0.5
 73
0
 45
1.0
 46
1.0
 77
1
  4

 78
1
 79
1
170
1
 48
1.0
171
1
  6

172
1
173
1
174
1
140
1.0
141
1.0
175
1
  7

176
1
177
1
178
1
143
1.0
179
1
  8

270
1
271
1
272
1
145
1.0
146
1.0
273
1
  9

274
1
275
1
276
1
 42
1.0
 72
1
  3

 73
1
 74
1
 75
1
 94
63
  0
MLINESTYLE
  5
22
102
{ACAD_REACTORS
330
10
102
}
330
10
100
AcDbMlineStyle
  2
Standard
 70
0
  3

 62
256
 51
90.0
 52
90.0
 71
2
 49
0.5
 62
256
  6
BYLAYER
 49
-0.5
 62
256
  6
BYLAYER
  0
MLEADERSTYLE
  5
2C
102
{ACAD_REACTORS
330
F
102
}
330
F
100
AcDbMLeaderStyle
179
2
170
2
171
1
172
0
 90
2
 40
0.0
 41
0.0
173
1
 91
-1056964608
 92
-2
290
1
 42
2.0
291
1
 43
8.0
  3
Standard
 44
4.0
300

342
29
174
1
175
1
176
0
178
1
 93
-1056964608
 45
4.0
292
0
297
0
 46
4.0
 94
-1056964608
 47
1.0
 49
1.0
140
1.0
294
1
141
0.0
177
0
142
1.0
295
0
296
0
143
3.75
271
0
272
9
273
9
  0
DICTIONARY
  5
2D
330
A
100
AcDbDictionary
280
1
281
1
  3
CREATED_BY_EZDXF
350
2E
  3
WRITTEN_BY_EZDXF
350
107
  0
DICTIONARYVAR
  5
2E
330
2D
100
DictionaryVariables
280
0
  1
1.4.4 @ 2026-07-30T07:14:33.118364+00:00
  0
VISUALSTYLE
  5
5A
102
{ACAD_REACTORS
330
16
102
}
330
16
100
AcDbVisualStyle
  2
2dWireframe
 70
4
177
3
291
0
 70
58
 90
2
176
1
 90
2
176
1
 90
0
176
1
 90
0
176
1
 40
0.6
176
1
 40
30.0
176
1
 62
7
420
16777215
176
1
 90
1
176
1
 90
4
176
1
 62
7
176
1
 62
257
176
1
 90
1
176
1
 90
1
176
1
 40
1.0
176
1
 90
8
176
1
 62
7
176
1
 40
1.0
176
1
 90
1
176
1
 90
6
176
1
 90
2
176
1
 62
7
176
1
 90
5
176
1
 90
0
176
1
 90
0
176
1
290
0
176
1
 90
1
176
1
 40
0.0
176
1
 90
0
176
1
290
1
176
1
290
1
176
1
290
0
176
1
290
0
176
1
290
0
176
1
290
0
176
1
290
0
176
1
290
0
176
1
290
0
176
1
 90
50
176
1
 40
0.0
176
1
 40
1.0
176
1
 90
0
176
1
 62
18
420
0
176
1
 90
50
176
1
 90
3
176
1
 62
5
420
255
176
1
290
0
176
1
 90
50
176
1
 90
50
176
1
 90
50
176
1
290
0
176
1
 90
50
176
1
 62
256
176
0
 40
1.0
176
0
 90
2
176
1
  1
strokes_ogs.tif
176
1
290
0
176
1
 40
1.0
176
1
 40
1.0
176
1
  0
VISUALSTYLE
  5
5B
102
{ACAD_REACTORS
330
16
102
}
330
16
100
AcDbVisualStyle
  2
Basic
 70
7
177
3
291
1
 70
58
 90
2
176
1
 90
2
176
1
 90
0
176
1
 90
1
176
1
 40
0.6
176
1
 40
30.0
176
1
 62
7
420
16777215
176
1
 90
1
176
1
 90
4
176
1
 62
7
176
1
 62
257
176
1
 90
1
176
1
 90
1
176
1
 40
1.0
176
1
 90
8
176
1
 62
7
176
1
 40
1.0
176
1
 90
1
176
1
 90
6
176
1
 90
2
176
1
 62
7
176
1
 90
5
176
1
 90
0
176
1
 90
0
176
1
290
0
176
1
 90
1
176
1
 40
0.0
176
1
 90
0
176
1
290
0
176
1
290
1
176
1
290
1
176
1
290
0
176
1
290
0
176
1
290
0
176
1
290
0
176
1
290
0
176
1
290
0
176
1
 90
50
176
1
 40
0.0
176
1
 40
1.0
176
1
 90
0
176
1
 62
18
420
0
176
1
 90
50
176
1
 90
3
176
1
 62
5
420
255
176
1
290
0
176
1
 90
50
176
1
 90
50
176
1
 90
50
176
1
290
0
176
1
 90
50
176
1
 62
256
176
0
 40
1.0
176
0
 90
2
176
1
  1
strokes_ogs.tif
176
1
290
0
176
1
 40
1.0
176
1
 40
1.0
176
1
  0
VISUALSTYLE
  5
5C
102
{ACAD_REACTORS
330
16
102
}
330
16
100
AcDbVisualStyle
  2
Brighten
 70
12
177
3
291
1
 70
58
 90
2
176
1
 90
2
176
1
 90
0
176
1
 90
2
176
1
 40
0.6
176
1
 40
30.0
176
1
 62
7
420
16777215
176
1
 90
1
176
1
 90
4
176
1
 62
7
176
1
 62
257
176
1
 90
1
176
1
 90
1
176
1
 40
1.0
176
1
 90
8
176
1
 62
7
176
1
 40
1.0
176
1
 90
1
176
1
 90
6
176
1
 90
2
176
1
 62
7
176
1
 90
5
176
1
 90
0
176
1
 90
0
176
1
290
0
176
1
 90
1
176
1
 40
0.0
176
1
 90
0
176
1
290
0
176
1
290
1
176
1
290
1
176
1
290
0
176
1
290
0
176
1
290
0
176
1
290
0
176
1
290
0
176
1
290
0
176
1
 90
50
176
1
 40
0.0
176
1
 40
1.0
176
1
 90
0
176
1
 62
18
420
0
176
1
 90
50
176
1
 90
3
176
1
 62
5
420
255
176
1
290
0
176
1
 90
50
176
1
 90
50
176
1
 90
50
176
1
290
0
176
1
 90
50
176
1
 62
256
176
0
 40
1.0
176
0
 90
2
176
1
  1
strokes_ogs.tif
176
1
290
0
176
1
 40
1.0
176
1
 40
1.0
176
1
  0
VISUALSTYLE
  5
5D
102
{ACAD_REACTORS
330
16
102
}
330
16
100
AcDbVisualStyle
  2
ColorChange
 70
16
177
3
291
1
 70
58
 90
2
176
1
 90
2
176
1
 90
0
176
1
 90
2
176
1
 40
0.6
176
1
 40
30.0
176
1
 62
7
420
16777215
176
1
 90
1
176
1
 90
4
176
1
 62
7
176
1
 62
257
176
1
 90
1
176
1
 90
1
176
1
 40
1.0
176
1
 90
8
176
1
 62
7
176
1
 40
1.0
176
1
 90
1
176
1
 90
6
176
1
 90
2
176
1
 62
7
176
1
 90
5
176
1
 90
0
176
1
 90
0
176
1
290
0
176
1
 90
1
176
1
 40
0.0
176
1
 90
0
176
1
290
0
176
1
290
1
176
1
290
1
176
1
290
0
176
1
290
0
176
1
290
0
176
1
290
0
176
1
290
0
176
1
290
0
176
1
 90
50
176
1
 40
0.0
176
1
 40
1.0
176
1
 90
0
176
1
 62
18
420
0
176
1
 90
50
176
1
 90
3
176
1
 62
5
420
255
176
1
290
0
176
1
 90
50
176
1
 90
50
176
1
 90
50
176
1
290
0
176
1
 90
50
176
1
 62
256
176
0
 40
1.0
176
0
 90
2
176
1
  1
strokes_ogs.tif
176
1
290
0
176
1
 40
1.0
176
1
 40
1.0
176
1
  0
VISUALSTYLE
  5
5E
102
{ACAD_REACTORS
330
16
102
}
330
16
100
AcDbVisualStyle
  2
Conceptual
 70
9
177
3
291
0
 70
58
 90
2
176
1
 90
2
176
1
 90
0
176
1
 90
3
176
1
 40
0.6
176
1
 40
30.0
176
1
 62
7
420
16777215
176
1
 90
1
176
1
 90
4
176
1
 62
7
176
1
 62
257
176
1
 90
1
176
1
 90
1
176
1
 40
1.0
176
1
 90
8
176
1
 62
7
176
1
 40
1.0
176
1
 90
1
176
1
 90
6
176
1
 90
2
176
1
 62
7
176
1
 90
5
176
1
 90
0
176
1
 90
0
176
1
290
0
176
1
 90
1
176
1
 40
0.0
176
1
 90
0
176
1
290
0
176
1
290
1
176
1
290
1
176
1
290
0
176
1
290
0
176
1
290
0
176
1
290
0
176
1
290
0
176
1
290
0
176
1
 90
50
176
1
 40
0.0
176
1
 40
1.0
176
1
 90
0
176
1
 62
18
420
0
176
1
 90
50
176
1
 90
3
176
1
 62
5
420
255
176
1
290
0
176
1
 90
50
176
1
 90
50
176
1
 90
50
176
1
290
0
176
1
 90
50
176
1
 62
256
176
0
 40
1.0
176
0
 90
2
176
1
  1
strokes_ogs.tif
176
1
290
0
176
1
 40
1.0
176
1
 40
1.0
176
1
  0
VISUALSTYLE
  5
5F
102
{ACAD_REACTORS
330
16
102
}
330
16
100
AcDbVisualStyle
  2
Dim
 70
11
177
3
291
1
 70
58
 90
2
176
1
 90
2
176
1
 90
0
176
1
 90
2
176
1
 40
0.6
176
1
 40
30.0
176
1
 62
7
420
16777215
176
1
 90
1
176
1
 90
4
176
1
 62
7
176
1
 62
257
176
1
 90
1
176
1
 90
1
176
1
 40
1.0
176
1
 90
8
176
1
 62
7
176
1
 40
1.0
176
1
 90
1
176
1
 90
6
176
1
 90
2
176
1
 62
7
176
1
 90
5
176
1
 90
0
176
1
 90
0
176
1
290
0
176
1
 90
1
176
1
 40
0.0
176
1
 90
0
176
1
290
0
176
1
290
1
176
1
290
1
176
1
290
0
176
1
290
0
176
1
290
0
176
1
290
0
176
1
290
0
176
1
290
0
176
1
 90
50
176
1
 40
0.0
176
1
 40
1.0
176
1
 90
0
176
1
 62
18
420
0
176
1
 90
50
176
1
 90
3
176
1
 62
5
420
255
176
1
290
0
176
1
 90
50
176
1
 90
50
176
1
 90
50
176
1
290
0
176
1
 90
50
176
1
 62
256
176
0
 40
1.0
176
0
 90
2
176
1
  1
strokes_ogs.tif
176
1
290
0
176
1
 40
1.0
176
1
 40
1.0
176
1
  0
VISUALSTYLE
  5
60
102
{ACAD_REACTORS
330
16
102
}
330
16
100
AcDbVisualStyle
  2
EdgeColorOff
 70
22
177
3
291
1
 70
58
 90
2
176
1
 90
2
176
1
 90
0
176
1
 90
2
176
1
 40
0.6
176
1
 40
30.0
176
1
 62
7
420
16777215
176
1
 90
1
176
1
 90
4
176
1
 62
7
176
1
 62
257
176
1
 90
1
176
1
 90
1
176
1
 40
1.0
176
1
 90
8
176
1
 62
7
176
1
 40
1.0
176
1
 90
1
176
1
 90
6
176
1
 90
2
176
1
 62
7
176
1
 90
5
176
1
 90
0
176
1
 90
0
176
1
290
0
176
1
 90
1
176
1
 40
0.0
176
1
 90
0
176
1
290
0
176
1
290
1
176
1
290
1
176
1
290
0
176
1
290
0
176
1
290
0
176
1
290
0
176
1
290
0
176
1
290
0
176
1
 90
50
176
1
 40
0.0
176
1
 40
1.0
176
1
 90
0
176
1
 62
18
420
0
176
1
 90
50
176
1
 90
3
176
1
 62
5
420
255
176
1
290
0
176
1
 90
50
176
1
 90
50
176
1
 90
50
176
1
290
0
176
1
 90
50
176
1
 62
256
176
0
 40
1.0
176
0
 90
2
176
1
  1
strokes_ogs.tif
176
1
290
0
176
1
 40
1.0
176
1
 40
1.0
176
1
  0
VISUALSTYLE
  5
61
102
{ACAD_REACTORS
330
16
102
}
330
16
100
AcDbVisualStyle
  2
Facepattern
 70
15
177
3
291
1
 70
58
 90
2
176
1
 90
2
176
1
 90
0
176
1
 90
2
176
1
 40
0.6
176
1
 40
30.0
176
1
 62
7
420
16777215
176
1
 90
1
176
1
 90
4
176
1
 62
7
176
1
 62
257
176
1
 90
1
176
1
 90
1
176
1
 40
1.0
176
1
 90
8
176
1
 62
7
176
1
 40
1.0
176
1
 90
1
176
1
 90
6
176
1
 90
2
176
1
 62
7
176
1
 90
5
176
1
 90
0
176
1
 90
0
176
1
290
0
176
1
 90
1
176
1
 40
0.0
176
1
 90
0
176
1
290
0
176
1
290
1
176
1
290
1
176
1
290
0
176
1
290
0
176
1
290
0
176
1
290
0
176
1
290
0
176
1
290
0
176
1
 90
50
176
1
 40
0.0
176
1
 40
1.0
176
1
 90
0
176
1
 62
18
420
0
176
1
 90
50
176
1
 90
3
176
1
 62
5
420
255
176
1
290
0
176
1
 90
50
176
1
 90
50
176
1
 90
50
176
1
290
0
176
1
 90
50
176
1
 62
256
176
0
 40
1.0
176
0
 90
2
176
1
  1
strokes_ogs.tif
176
1
290
0
176
1
 40
1.0
176
1
 40
1.0
176
1
  0
VISUALSTYLE
  5
62
102
{ACAD_REACTORS
330
16
102
}
330
16
100
AcDbVisualStyle
  2
Flat
 70
0
177
3
291
1
 70
58
 90
2
176
1
 90
2
176
1
 90
0
176
1
 90
2
176
1
 40
0.6
176
1
 40
30.0
176
1
 62
7
420
16777215
176
1
 90
1
176
1
 90
4
176
1
 62
7
176
1
 62
257
176
1
 90
1
176
1
 90
1
176
1
 40
1.0
176
1
 90
8
176
1
 62
7
176
1
 40
1.0
176
1
 90
1
176
1
 90
6
176
1
 90
2
176
1
 62
7
176
1
 90
5
176
1
 90
0
176
1
 90
0
176
1
290
0
176
1
 90
1
176
1
 40
0.0
176
1
 90
0
176
1
290
0
176
1
290
1
176
1
290
1
176
1
290
0
176
1
290
0
176
1
290
0
176
1
290
0
176
1
290
0
176
1
290
0
176
1
 90
50
176
1
 40
0.0
176
1
 40
1.0
176
1
 90
0
176
1
 62
18
420
0
176
1
 90
50
176
1
 90
3
176
1
 62
5
420
255
176
1
290
0
176
1
 90
50
176
1
 90
50
176
1
 90
50
176
1
290
0
176
1
 90
50
176
1
 62
256
176
0
 40
1.0
176
0
 90
2
176
1
  1
strokes_ogs.tif
176
1
290
0
176
1
 40
1.0
176
1
 40
1.0
176
1
  0
VISUALSTYLE
  5
63
102
{ACAD_REACTORS
330
16
102
}
330
16
100
AcDbVisualStyle
  2
FlatWithEdges
 70
1
177
3
291
1
 70
58
 90
2
176
1
 90
2
176
1
 90
0
176
1
 90
2
176
1
 40
0.6
176
1
 40
30.0
176
1
 62
7
420
16777215
176
1
 90
1
176
1
 90
4
176
1
 62
7
176
1
 62
257
176
1
 90
1
176
1
 90
1
176
1
 40
1.0
176
1
 90
8
176
1
 62
7
176
1
 40
1.0
176
1
 90
1
176
1
 90
6
176
1
 90
2
176
1
 62
7
176
1
 90
5
176
1
 90
0
176
1
 90
0
176
1
290
0
176
1
 90
1
176
1
 40
0.0
176
1
 90
0
176
1
290
0
176
1
290
1
176
1
290
1
176
1
290
0
176
1
290
0
176
1
290
0
176
1
290
0
176
1
290
0
176
1
290
0
176
1
 90
50
176
1
 40
0.0
176
1
 40
1.0
176
1
 90
0
176
1
 62
18
420
0
176
1
 90
50
176
1
 90
3
176
1
 62
5
420
255
176
1
290
0
176
1
 90
50
176
1
 90
50
176
1
 90
50
176
1
290
0
176
1
 90
50
176
1
 62
256
176
0
 40
1.0
176
0
 90
2
176
1
  1
strokes_ogs.tif
176
1
290
0
176
1
 40
1.0
176
1
 40
1.0
176
1
  0
VISUALSTYLE
  5
64
102
{ACAD_REACTORS
330
16
102
}
330
16
100
AcDbVisualStyle
  2
Gouraud
 70
2
177
3
291
1
 70
58
 90
2
176
1
 90
2
176
1
 90
0
176
1
 90
2
176
1
 40
0.6
176
1
 40
30.0
176
1
 62
7
420
16777215
176
1
 90
1
176
1
 90
4
176
1
 62
7
176
1
 62
257
176
1
 90
1
176
1
 90
1
176
1
 40
1.0
176
1
 90
8
176
1
 62
7
176
1
 40
1.0
176
1
 90
1
176
1
 90
6
176
1
 90
2
176
1
 62
7
176
1
 90
5
176
1
 90
0
176
1
 90
0
176
1
290
0
176
1
 90
1
176
1
 40
0.0
176
1
 90
0
176
1
290
0
176
1
290
1
176
1
290
1
176
1
290
0
176
1
290
0
176
1
290
0
176
1
290
0
176
1
290
0
176
1
290
0
176
1
 90
50
176
1
 40
0.0
176
1
 40
1.0
176
1
 90
0
176
1
 62
18
420
0
176
1
 90
50
176
1
 90
3
176
1
 62
5
420
255
176
1
290
0
176
1
 90
50
176
1
 90
50
176
1
 90
50
176
1
290
0
176
1
 90
50
176
1
 62
256
176
0
 40
1.0
176
0
 90
2
176
1
  1
strokes_ogs.tif
176
1
290
0
176
1
 40
1.0
176
1
 40
1.0
176
1
  0
VISUALSTYLE
  5
65
102
{ACAD_REACTORS
330
16
102
}
330
16
100
AcDbVisualStyle
  2
GouraudWithEdges
 70
3
177
3
291
1
 70
58
 90
2
176
1
 90
2
176
1
 90
0
176
1
 90
2
176
1
 40
0.6
176
1
 40
30.0
176
1
 62
7
420
16777215
176
1
 90
1
176
1
 90
4
176
1
 62
7
176
1
 62
257
176
1
 90
1
176
1
 90
1
176
1
 40
1.0
176
1
 90
8
176
1
 62
7
176
1
 40
1.0
176
1
 90
1
176
1
 90
6
176
1
 90
2
176
1
 62
7
176
1
 90
5
176
1
 90
0
176
1
 90
0
176
1
290
0
176
1
 90
1
176
1
 40
0.0
176
1
 90
0
176
1
290
0
176
1
290
1
176
1
290
1
176
1
290
0
176
1
290
0
176
1
290
0
176
1
290
0
176
1
290
0
176
1
290
0
176
1
 90
50
176
1
 40
0.0
176
1
 40
1.0
176
1
 90
0
176
1
 62
18
420
0
176
1
 90
50
176
1
 90
3
176
1
 62
5
420
255
176
1
290
0
176
1
 90
50
176
1
 90
50
176
1
 90
50
176
1
290
0
176
1
 90
50
176
1
 62
256
176
0
 40
1.0
176
0
 90
2
176
1
  1
strokes_ogs.tif
176
1
290
0
176
1
 40
1.0
176
1
 40
1.0
176
1
  0
VISUALSTYLE
  5
66
102
{ACAD_REACTORS
330
16
102
}
330
16
100
AcDbVisualStyle
  2
Hidden
 70
6
177
3
291
0
 70
58
 90
2
176
1
 90
2
176
1
 90
0
176
1
 90
1
176
1
 40
0.6
176
1
 40
30.0
176
1
 62
7
420
16777215
176
1
 90
1
176
1
 90
4
176
1
 62
7
176
1
 62
257
176
1
 90
1
176
1
 90
1
176
1
 40
1.0
176
1
 90
8
176
1
 62
7
176
1
 40
1.0
176
1
 90
1
176
1
 90
6
176
1
 90
2
176
1
 62
7
176
1
 90
5
176
1
 90
0
176
1
 90
0
176
1
290
0
176
1
 90
1
176
1
 40
0.0
176
1
 90
0
176
1
290
0
176
1
290
1
176
1
290
1
176
1
290
0
176
1
290
0
176
1
290
0
176
1
290
0
176
1
290
0
176
1
290
0
176
1
 90
50
176
1
 40
0.0
176
1
 40
1.0
176
1
 90
0
176
1
 62
18
420
0
176
1
 90
50
176
1
 90
3
176
1
 62
5
420
255
176
1
290
0
176
1
 90
50
176
1
 90
50
176
1
 90
50
176
1
290
0
176
1
 90
50
176
1
 62
256
176
0
 40
1.0
176
0
 90
2
176
1
  1
strokes_ogs.tif
176
1
290
0
176
1
 40
1.0
176
1
 40
1.0
176
1
  0
VISUALSTYLE
  5
67
102
{ACAD_REACTORS
330
16
102
}
330
16
100
AcDbVisualStyle
  2
JitterOff
 70
20
177
3
291
1
 70
58
 90
2
176
1
 90
2
176
1
 90
0
176
1
 90
2
176
1
 40
0.6
176
1
 40
30.0
176
1
 62
7
420
16777215
176
1
 90
1
176
1
 90
4
176
1
 62
7
176
1
 62
257
176
1
 90
1
176
1
 90
1
176
1
 40
1.0
176
1
 90
8
176
1
 62
7
176
1
 40
1.0
176
1
 90
1
176
1
 90
6
176
1
 90
2
176
1
 62
7
176
1
 90
5
176
1
 90
0
176
1
 90
0
176
1
290
0
176
1
 90
1
176
1
 40
0.0
176
1
 90
0
176
1
290
0
176
1
290
1
176
1
290
1
176
1
290
0
176
1
290
0
176
1
290
0
176
1
290
0
176
1
290
0
176
1
290
0
176
1
 90
50
176
1
 40
0.0
176
1
 40
1.0
176
1
 90
0
176
1
 62
18
420
0
176
1
 90
50
176
1
 90
3
176
1
 62
5
420
255
176
1
290
0
176
1
 90
50
176
1
 90
50
176
1
 90
50
176
1
290
0
176
1
 90
50
176
1
 62
256
176
0
 40
1.0
176
0
 90
2
176
1
  1
strokes_ogs.tif
176
1
290
0
176
1
 40
1.0
176
1
 40
1.0
176
1
  0
VISUALSTYLE
  5
68
102
{ACAD_REACTORS
330
16
102
}
330
16
100
AcDbVisualStyle
  2
Linepattern
 70
14
177
3
291
1
 70
58
 90
2
176
1
 90
2
176
1
 90
0
176
1
 90
2
176
1
 40
0.6
176
1
 40
30.0
176
1
 62
7
420
16777215
176
1
 90
1
176
1
 90
4
176
1
 62
7
176
1
 62
257
176
1
 90
1
176
1
 90
1
176
1
 40
1.0
176
1
 90
8
176
1
 62
7
176
1
 40
1.0
176
1
 90
1
176
1
 90
6
176
1
 90
2
176
1
 62
7
176
1
 90
5
176
1
 90
0
176
1
 90
0
176
1
290
0
176
1
 90
1
176
1
 40
0.0
176
1
 90
0
176
1
290
0
176
1
290
1
176
1
290
1
176
1
290
0
176
1
290
0
176
1
290
0
176
1
290
0
176
1
290
0
176
1
290
0
176
1
 90
50
176
1
 40
0.0
176
1
 40
1.0
176
1
 90
0
176
1
 62
18
420
0
176
1
 90
50
176
1
 90
3
176
1
 62
5
420
255
176
1
290
0
176
1
 90
50
176
1
 90
50
176
1
 90
50
176
1
290
0
176
1
 90
50
176
1
 62
256
176
0
 40
1.0
176
0
 90
2
176
1
  1
strokes_ogs.tif
176
1
290
0
176
1
 40
1.0
176
1
 40
1.0
176
1
  0
VISUALSTYLE
  5
69
102
{ACAD_REACTORS
330
16
102
}
330
16
100
AcDbVisualStyle
  2
Modeling
 70
10
177
3
291
0
 70
58
 90
2
176
1
 90
2
176
1
 90
0
176
1
 90
2
176
1
 40
0.6
176
1
 40
30.0
176
1
 62
7
420
16777215
176
1
 90
1
176
1
 90
4
176
1
 62
7
176
1
 62
257
176
1
 90
1
176
1
 90
1
176
1
 40
1.0
176
1
 90
8
176
1
 62
7
176
1
 40
1.0
176
1
 90
1
176
1
 90
6
176
1
 90
2
176
1
 62
7
176
1
 90
5
176
1
 90
0
176
1
 90
0
176
1
290
0
176
1
 90
1
176
1
 40
0.0
176
1
 90
0
176
1
290
0
176
1
290
1
176
1
290
1
176
1
290
0
176
1
290
0
176
1
290
0
176
1
290
0
176
1
290
0
176
1
290
0
176
1
 90
50
176
1
 40
0.0
176
1
 40
1.0
176
1
 90
0
176
1
 62
18
420
0
176
1
 90
50
176
1
 90
3
176
1
 62
5
420
255
176
1
290
0
176
1
 90
50
176
1
 90
50
176
1
 90
50
176
1
290
0
176
1
 90
50
176
1
 62
256
176
0
 40
1.0
176
0
 90
2
176
1
  1
strokes_ogs.tif
176
1
290
0
176
1
 40
1.0
176
1
 40
1.0
176
1
  0
VISUALSTYLE
  5
6A
102
{ACAD_REACTORS
330
16
102
}
330
16
100
AcDbVisualStyle
  2
OverhangOff
 70
21
177
3
291
1
 70
58
 90
2
176
1
 90
2
176
1
 90
0
176
1
 90
2
176
1
 40
0.6
176
1
 40
30.0
176
1
 62
7
420
16777215
176
1
 90
1
176
1
 90
4
176
1
 62
7
176
1
 62
257
176
1
 90
1
176
1
 90
1
176
1
 40
1.0
176
1
 90
8
176
1
 62
7
176
1
 40
1.0
176
1
 90
1
176
1
 90
6
176
1
 90
2
176
1
 62
7
176
1
 90
5
176
1
 90
0
176
1
 90
0
176
1
290
0
176
1
 90
1
176
1
 40
0.0
176
1
 90
0
176
1
290
0
176
1
290
1
176
1
290
1
176
1
290
0
176
1
290
0
176
1
290
0
176
1
290
0
176
1
290
0
176
1
290
0
176
1
 90
50
176
1
 40
0.0
176
1
 40
1.0
176
1
 90
0
176
1
 62
18
420
0
176
1
 90
50
176
1
 90
3
176
1
 62
5
420
255
176
1
290
0
176
1
 90
50
176
1
 90
50
176
1
 90
50
176
1
290
0
176
1
 90
50
176
1
 62
256
176
0
 40
1.0
176
0
 90
2
176
1
  1
strokes_ogs.tif
176
1
290
0
176
1
 40
1.0
176
1
 40
1.0
176
1
  0
VISUALSTYLE
  5
6B
102
{ACAD_REACTORS
330
16
102
}
330
16
100
AcDbVisualStyle
  2
Realistic
 70
8
177
3
291
0
 70
58
 90
2
176
1
 90
2
176
1
 90
0
176
1
 90
2
176
1
 40
0.6
176
1
 40
30.0
176
1
 62
7
420
16777215
176
1
 90
1
176
1
 90
4
176
1
 62
7
176
1
 62
257
176
1
 90
1
176
1
 90
1
176
1
 40
1.0
176
1
 90
8
176
1
 62
7
176
1
 40
1.0
176
1
 90
1
176
1
 90
6
176
1
 90
2
176
1
 62
7
176
1
 90
5
176
1
 90
0
176
1
 90
0
176
1
290
0
176
1
 90
1
176
1
 40
0.0
176
1
 90
0
176
1
290
0
176
1
290
1
176
1
290
1
176
1
290
0
176
1
290
0
176
1
290
0
176
1
290
0
176
1
290
0
176
1
290
0
176
1
 90
50
176
1
 40
0.0
176
1
 40
1.0
176
1
 90
0
176
1
 62
18
420
0
176
1
 90
50
176
1
 90
3
176
1
 62
5
420
255
176
1
290
0
176
1
 90
50
176
1
 90
50
176
1
 90
50
176
1
290
0
176
1
 90
50
176
1
 62
256
176
0
 40
1.0
176
0
 90
2
176
1
  1
strokes_ogs.tif
176
1
290
0
176
1
 40
1.0
176
1
 40
1.0
176
1
  0
VISUALSTYLE
  5
6C
102
{ACAD_REACTORS
330
16
102
}
330
16
100
AcDbVisualStyle
  2
Shaded
 70
27
177
3
291
0
 70
58
 90
2
176
1
 90
2
176
1
 90
0
176
1
 90
2
176
1
 40
0.6
176
1
 40
30.0
176
1
 62
7
420
16777215
176
1
 90
1
176
1
 90
4
176
1
 62
7
176
1
 62
257
176
1
 90
1
176
1
 90
1
176
1
 40
1.0
176
1
 90
8
176
1
 62
7
176
1
 40
1.0
176
1
 90
1
176
1
 90
6
176
1
 90
2
176
1
 62
7
176
1
 90
5
176
1
 90
0
176
1
 90
0
176
1
290
0
176
1
 90
1
176
1
 40
0.0
176
1
 90
0
176
1
290
0
176
1
290
1
176
1
290
1
176
1
290
0
176
1
290
0
176
1
290
0
176
1
290
0
176
1
290
0
176
1
290
0
176
1
 90
50
176
1
 40
0.0
176
1
 40
1.0
176
1
 90
0
176
1
 62
18
420
0
176
1
 90
50
176
1
 90
3
176
1
 62
5
420
255
176
1
290
0
176
1
 90
50
176
1
 90
50
176
1
 90
50
176
1
290
0
176
1
 90
50
176
1
 62
256
176
0
 40
1.0
176
0
 90
2
176
1
  1
strokes_ogs.tif
176
1
290
0
176
1
 40
1.0
176
1
 40
1.0
176
1
  0
VISUALSTYLE
  5
6D
102
{ACAD_REACTORS
330
16
102
}
330
16
100
AcDbVisualStyle
  2
Shaded with edges
 70
26
177
3
291
0
 70
58
 90
2
176
1
 90
2
176
1
 90
0
176
1
 90
2
176
1
 40
0.6
176
1
 40
30.0
176
1
 62
7
420
16777215
176
1
 90
1
176
1
 90
4
176
1
 62
7
176
1
 62
257
176
1
 90
1
176
1
 90
1
176
1
 40
1.0
176
1
 90
8
176
1
 62
7
176
1
 40
1.0
176
1
 90
1
176
1
 90
6
176
1
 90
2
176
1
 62
7
176
1
 90
5
176
1
 90
0
176
1
 90
0
176
1
290
0
176
1
 90
1
176
1
 40
0.0
176
1
 90
0
176
1
290
0
176
1
290
1
176
1
290
1
176
1
290
0
176
1
290
0
176
1
290
0
176
1
290
0
176
1
290
0
176
1
290
0
176
1
 90
50
176
1
 40
0.0
176
1
 40
1.0
176
1
 90
0
176
1
 62
18
420
0
176
1
 90
50
176
1
 90
3
176
1
 62
5
420
255
176
1
290
0
176
1
 90
50
176
1
 90
50
176
1
 90
50
176
1
290
0
176
1
 90
50
176
1
 62
256
176
0
 40
1.0
176
0
 90
2
176
1
  1
strokes_ogs.tif
176
1
290
0
176
1
 40
1.0
176
1
 40
1.0
176
1
  0
VISUALSTYLE
  5
6E
102
{ACAD_REACTORS
330
16
102
}
330
16
100
AcDbVisualStyle
  2
Shades of Gray
 70
23
177
3
291
0
 70
58
 90
2
176
1
 90
2
176
1
 90
0
176
1
 90
2
176
1
 40
0.6
176
1
 40
30.0
176
1
 62
7
420
16777215
176
1
 90
1
176
1
 90
4
176
1
 62
7
176
1
 62
257
176
1
 90
1
176
1
 90
1
176
1
 40
1.0
176
1
 90
8
176
1
 62
7
176
1
 40
1.0
176
1
 90
1
176
1
 90
6
176
1
 90
2
176
1
 62
7
176
1
 90
5
176
1
 90
0
176
1
 90
0
176
1
290
0
176
1
 90
1
176
1
 40
0.0
176
1
 90
0
176
1
290
0
176
1
290
1
176
1
290
1
176
1
290
0
176
1
290
0
176
1
290
0
176
1
290
0
176
1
290
0
176
1
290
0
176
1
 90
50
176
1
 40
0.0
176
1
 40
1.0
176
1
 90
0
176
1
 62
18
420
0
176
1
 90
50
176
1
 90
3
176
1
 62
5
420
255
176
1
290
0
176
1
 90
50
176
1
 90
50
176
1
 90
50
176
1
290
0
176
1
 90
50
176
1
 62
256
176
0
 40
1.0
176
0
 90
2
176
1
  1
strokes_ogs.tif
176
1
290
0
176
1
 40
1.0
176
1
 40
1.0
176
1
  0
VISUALSTYLE
  5
6F
102
{ACAD_REACTORS
330
16
102
}
330
16
100
AcDbVisualStyle
  2
Sketchy
 70
24
177
3
291
0
 70
58
 90
2
176
1
 90
2
176
1
 90
0
176
1
 90
1
176
1
 40
0.6
176
1
 40
30.0
176
1
 62
7
420
16777215
176
1
 90
1
176
1
 90
4
176
1
 62
7
176
1
 62
257
176
1
 90
1
176
1
 90
1
176
1
 40
1.0
176
1
 90
8
176
1
 62
7
176
1
 40
1.0
176
1
 90
1
176
1
 90
6
176
1
 90
2
176
1
 62
7
176
1
 90
5
176
1
 90
0
176
1
 90
0
176
1
290
0
176
1
 90
1
176
1
 40
0.0
176
1
 90
0
176
1
290
0
176
1
290
1
176
1
290
1
176
1
290
0
176
1
290
0
176
1
290
0
176
1
290
0
176
1
290
0
176
1
290
0
176
1
 90
50
176
1
 40
0.0
176
1
 40
1.0
176
1
 90
0
176
1
 62
18
420
0
176
1
 90
50
176
1
 90
3
176
1
 62
5
420
255
176
1
290
0
176
1
 90
50
176
1
 90
50
176
1
 90
50
176
1
290
0
176
1
 90
50
176
1
 62
256
176
0
 40
1.0
176
0
 90
2
176
1
  1
strokes_ogs.tif
176
1
290
0
176
1
 40
1.0
176
1
 40
1.0
176
1
  0
VISUALSTYLE
  5
70
102
{ACAD_REACTORS
330
16
102
}
330
16
100
AcDbVisualStyle
  2
Thicken
 70
13
177
3
291
1
 70
58
 90
2
176
1
 90
2
176
1
 90
0
176
1
 90
2
176
1
 40
0.6
176
1
 40
30.0
176
1
 62
7
420
16777215
176
1
 90
1
176
1
 90
4
176
1
 62
7
176
1
 62
257
176
1
 90
1
176
1
 90
1
176
1
 40
1.0
176
1
 90
8
176
1
 62
7
176
1
 40
1.0
176
1
 90
1
176
1
 90
6
176
1
 90
2
176
1
 62
7
176
1
 90
5
176
1
 90
0
176
1
 90
0
176
1
290
0
176
1
 90
1
176
1
 40
0.0
176
1
 90
0
176
1
290
0
176
1
290
1
176
1
290
1
176
1
290
0
176
1
290
0
176
1
290
0
176
1
290
0
176
1
290
0
176
1
290
0
176
1
 90
50
176
1
 40
0.0
176
1
 40
1.0
176
1
 90
0
176
1
 62
18
420
0
176
1
 90
50
176
1
 90
3
176
1
 62
5
420
255
176
1
290
0
176
1
 90
50
176
1
 90
50
176
1
 90
50
176
1
290
0
176
1
 90
50
176
1
 62
256
176
0
 40
1.0
176
0
 90
2
176
1
  1
strokes_ogs.tif
176
1
290
0
176
1
 40
1.0
176
1
 40
1.0
176
1
  0
VISUALSTYLE
  5
71
102
{ACAD_REACTORS
330
16
102
}
330
16
100
AcDbVisualStyle
  2
Wireframe
 70
5
177
3
291
0
 70
58
 90
2
176
1
 90
2
176
1
 90
0
176
1
 90
0
176
1
 40
0.6
176
1
 40
30.0
176
1
 62
7
420
16777215
176
1
 90
1
176
1
 90
4
176
1
 62
7
176
1
 62
257
176
1
 90
1
176
1
 90
1
176
1
 40
1.0
176
1
 90
8
176
1
 62
7
176
1
 40
1.0
176
1
 90
1
176
1
 90
6
176
1
 90
2
176
1
 62
7
176
1
 90
5
176
1
 90
0
176
1
 90
0
176
1
290
0
176
1
 90
1
176
1
 40
0.0
176
1
 90
0
176
1
290
0
176
1
290
1
176
1
290
1
176
1
290
0
176
1
290
0
176
1
290
0
176
1
290
0
176
1
290
0
176
1
290
0
176
1
 90
50
176
1
 40
0.0
176
1
 40
1.0
176
1
 90
0
176
1
 62
18
420
0
176
1
 90
50
176
1
 90
3
176
1
 62
5
420
255
176
1
290
0
176
1
 90
50
176
1
 90
50
176
1
 90
50
176
1
290
0
176
1
 90
50
176
1
 62
256
176
0
 40
1.0
176
0
 90
2
176
1
  1
strokes_ogs.tif
176
1
290
0
176
1
 40
1.0
176
1
 40
1.0
176
1
  0
VISUALSTYLE
  5
72
102
{ACAD_REACTORS
330
16
102
}
330
16
100
AcDbVisualStyle
  2
X-Ray
 70
25
177
3
291
0
 70
58
 90
2
176
1
 90
2
176
1
 90
0
176
1
 90
2
176
1
 40
0.5
176
1
 40
30.0
176
1
 62
7
420
16777215
176
1
 90
1
176
1
 90
4
176
1
 62
7
176
1
 62
257
176
1
 90
1
176
1
 90
1
176
1
 40
1.0
176
1
 90
8
176
1
 62
7
176
1
 40
1.0
176
1
 90
1
176
1
 90
6
176
1
 90
2
176
1
 62
7
176
1
 90
5
176
1
 90
0
176
1
 90
0
176
1
290
0
176
1
 90
1
176
1
 40
0.0
176
1
 90
0
176
1
290
0
176
1
290
1
176
1
290
1
176
1
290
0
176
1
290
0
176
1
290
0
176
1
290
0
176
1
290
0
176
1
290
0
176
1
 90
50
176
1
 40
0.0
176
1
 40
1.0
176
1
 90
0
176
1
 62
18
420
0
176
1
 90
50
176
1
 90
3
176
1
 62
5
420
255
176
1
290
0
176
1
 90
50
176
1
 90
50
176
1
 90
50
176
1
290
0
176
1
 90
50
176
1
 62
256
176
0
 40
1.0
176
0
 90
2
176
1
  1
strokes_ogs.tif
176
1
290
0
176
1
 40
1.0
176
1
 40
1.0
176
1
  0
DICTIONARYVAR
  5
107
330
2D
100
DictionaryVariables
280
0
  1
1.4.4 @ 2026-07-30T07:14:33.407122+00:00
  0
ENDSEC
  0
EOF
