  0
SECTION
  2
HEADER
  9
$ACADVER
  1
AC1032
  9
$ACADMAINTVER
 90
4
  9
$DWGCODEPAGE
  3
ANSI_1252
  9
$LASTSAVEDBY
  1
ezdxf
  9
$REQUIREDVERSIONS
160
0
  9
$INSBASE
 10
0.0
 20
0.0
 30
0.0
  9
$EXTMIN
 10
1e+20
 20
1e+20
 30
1e+20
  9
$EXTMAX
 10
-1e+20
 20
-1e+20
 30
-1e+20
  9
$LIMMIN
 10
0.0
 20
0.0
  9
$LIMMAX
 10
420.0
 20
297.0
  9
$ORTHOMODE
 70
0
  9
$REGENMODE
 70
1
  9
$FILLMODE
 70
1
  9
$QTEXTMODE
 70
0
  9
$MIRRTEXT
 70
1
  9
$LTSCALE
 40
1.0
  9
$ATTMODE
 70
1
  9
$TEXTSIZE
 40
2.5
  9
$TRACEWID
 40
1.0
  9
$TEXTSTYLE
  7
OpenSans
  9
$CLAYER
  8
0
  9
$CELTYPE
  6
ByLayer
  9
$CECOLOR
 62
256
  9
$CELTSCALE
 40
1.0
  9
$DISPSILH
 70
0
  9
$DIMSCALE
 40
1.0
  9
$DIMASZ
 40
0.175
  9
$DIMEXO
 40
0.125
  9
$DIMDLI
 40
3.75
  9
$DIMRND
 40
0.0
  9
$DIMDLE
 40
0.0
  9
$DIMEXE
 40
0.375
  9
$DIMTP
 40
0.0
  9
$DIMTM
 40
0.0
  9
$DIMTXT
 40
0.25
  9
$DIMCEN
 40
2.5
  9
$DIMTSZ
 40
0.0
  9
$DIMTOL
 70
0
  9
$DIMLIM
 70
0
  9
$DIMTIH
 70
0
  9
$DIMTOH
 70
0
  9
$DIMSE1
 70
0
  9
$DIMSE2
 70
0
  9
$DIMTAD
 70
1
  9
$DIMZIN
 70
12
  9
$DIMBLK
  1
ARCHTICK
  9
$DIMASO
 70
1
  9
$DIMSHO
 70
1
  9
$DIMPOST
  1

  9
$DIMAPOST
  1

  9
$DIMALT
 70
0
  9
$DIMALTD
 70
3
  9
$DIMALTF
 40
0.03937007874
  9
$DIMLFAC
 40
100.0
  9
$DIMTOFL
 70
1
  9
$DIMTVP
 40
0.0
  9
$DIMTIX
 70
0
  9
$DIMSOXD
 70
0
  9
$DIMSAH
 70
0
  9
$DIMBLK1
  1

  9
$DIMBLK2
  1

  9
$DIMSTYLE
  2
EZDXF
  9
$DIMCLRD
 70
0
  9
$DIMCLRE
 70
0
  9
$DIMCLRT
 70
0
  9
$DIMTFAC
 40
0.5
  9
$DIMGAP
 40
0.1
  9
$DIMJUST
 70
0
  9
$DIMSD1
 70
0
  9
$DIMSD2
 70
0
  9
$DIMTOLJ
 70
0
  9
$DIMTZIN
 70
8
  9
$DIMALTZ
 70
0
  9
$DIMALTTZ
 70
0
  9
$DIMUPT
 70
1
  9
$DIMDEC
 70
2
  9
$DIMTDEC
 70
2
  9
$DIMALTU
 70
2
  9
$DIMALTTD
 70
3
  9
$DIMTXSTY
  7
OpenSansCondensed-Light
  9
$DIMAUNIT
 70
0
  9
$DIMADEC
 70
2
  9
$DIMALTRND
 40
0.0
  9
$DIMAZIN
 70
3
  9
$DIMDSEP
 70
46
  9
$DIMATFIT
 70
3
  9
$DIMFRAC
 70
0
  9
$DIMLDRBLK
  1

  9
$DIMLUNIT
 70
2
  9
$DIMLWD
 70
-2
  9
$DIMLWE
 70
-2
  9
$DIMTMOVE
 70
2
  9
$DIMFXL
 40
1.0
  9
$DIMFXLON
 70
0
  9
$DIMJOGANG
 40
0.785398163397
  9
$DIMTFILL
 70
0
  9
$DIMTFILLCLR
 70
0
  9
$DIMARCSYM
 70
0
  9
$DIMLTYPE
  6

  9
$DIMLTEX1
  6

  9
$DIMLTEX2
  6

  9
$DIMTXTDIRECTION
 70
0
  9
$LUNITS
 70
2
  9
$LUPREC
 70
4
  9
$SKETCHINC
 40
1.0
  9
$FILLETRAD
 40
10.0
  9
$AUNITS
 70
0
  9
$AUPREC
 70
2
  9
$MENU
  1
.
  9
$ELEVATION
 40
0.0
  9
$PELEVATION
 40
0.0
  9
$THICKNESS
 40
0.0
  9
$LIMCHECK
 70
0
  9
$CHAMFERA
 40
0.0
  9
$CHAMFERB
 40
0.0
  9
$CHAMFERC
 40
0.0
  9
$CHAMFERD
 40
0.0
  9
$SKPOLY
 70
0
  9
$TDCREATE
 40
2461252.3017592593
  9
$TDUCREATE
 40
2458532.153996898
  9
$TDUPDATE
 40
2461252.3017592593
  9
$TDUUPDATE
 40
2458532.1544311
  9
$TDINDWG
 40
0.0
  9
$TDUSRTIMER
 40
0.0
  9
$USRTIMER
 70
1
  9
$ANGBASE
 50
0.0
  9
$ANGDIR
 70
0
  9
$PDMODE
 70
0
  9
$PDSIZE
 40
0.0
  9
$PLINEWID
 40
0.0
  9
$SPLFRAME
 70
0
  9
$SPLINETYPE
 70
6
  9
$SPLINESEGS
 70
8
  9
$HANDSEED
  5
108
  9
$SURFTAB1
 70
6
  9
$SURFTAB2
 70
6
  9
$SURFTYPE
 70
6
  9
$SURFU
 70
6
  9
$SURFV
 70
6
  9
$UCSBASE
  2

  9
$UCSNAME
  2

  9
$UCSORG
 10
0.0
 20
0.0
 30
0.0
  9
$UCSXDIR
 10
1.0
 20
0.0
 30
0.0
  9
$UCSYDIR
 10
0.0
 20
1.0
 30
0.0
  9
$UCSORTHOREF
  2

  9
$UCSORTHOVIEW
 70
0
  9
$UCSORGTOP
 10
0.0
 20
0.0
 30
0.0
  9
$UCSORGBOTTOM
 10
0.0
 20
0.0
 30
0.0
  9
$UCSORGLEFT
 10
0.0
 20
0.0
 30
0.0
  9
$UCSORGRIGHT
 10
0.0
 20
0.0
 30
0.0
  9
$UCSORGFRONT
 10
0.0
 20
0.0
 30
0.0
  9
$UCSORGBACK
 10
0.0
 20
0.0
 30
0.0
  9
$PUCSBASE
  2

  9
$PUCSNAME
  2

  9
$PUCSORG
 10
0.0
 20
0.0
 30
0.0
  9
$PUCSXDIR
 10
1.0
 20
0.0
 30
0.0
  9
$PUCSYDIR
 10
0.0
 20
1.0
 30
0.0
  9
$PUCSORTHOREF
  2

  9
$PUCSORTHOVIEW
 70
0
  9
$PUCSORGTOP
 10
0.0
 20
0.0
 30
0.0
  9
$PUCSORGBOTTOM
 10
0.0
 20
0.0
 30
0.0
  9
$PUCSORGLEFT
 10
0.0
 20
0.0
 30
0.0
  9
$PUCSORGRIGHT
 10
0.0
 20
0.0
 30
0.0
  9
$PUCSORGFRONT
 10
0.0
 20
0.0
 30
0.0
  9
$PUCSORGBACK
 10
0.0
 20
0.0
 30
0.0
  9
$USERI1
 70
0
  9
$USERI2
 70
0
  9
$USERI3
 70
0
  9
$USERI4
 70
0
  9
$USERI5
 70
0
  9
$USERR1
 40
0.0
  9
$USERR2
 40
0.0
  9
$USERR3
 40
0.0
  9
$USERR4
 40
0.0
  9
$USERR5
 40
0.0
  9
$WORLDVIEW
 70
1
  9
$SHADEDGE
 70
3
  9
$SHADEDIF
 70
70
  9
$TILEMODE
 70
1
  9
$MAXACTVP
 70
64
  9
$PINSBASE
 10
0.0
 20
0.0
 30
0.0
  9
$PLIMCHECK
 70
0
  9
$PEXTMIN
 10
1e+20
 20
1e+20
 30
1e+20
  9
$PEXTMAX
 10
-1e+20
 20
-1e+20
 30
-1e+20
  9
$PLIMMIN
 10
0.0
 20
0.0
  9
$PLIMMAX
 10
420.0
 20
297.0
  9
$UNITMODE
 70
0
  9
$VISRETAIN
 70
1
  9
$PLINEGEN
 70
0
  9
$PSLTSCALE
 70
1
  9
$TREEDEPTH
 70
3020
  9
$CMLSTYLE
  2
Standard
  9
$CMLJUST
 70
0
  9
$CMLSCALE
 40
20.0
  9
$PROXYGRAPHICS
 70
1
  9
$MEASUREMENT
 70
1
  9
$CELWEIGHT
370
-1
  9
$ENDCAPS
280
0
  9
$JOINSTYLE
280
0
  9
$LWDISPLAY
290
0
  9
$INSUNITS
 70
4
  9
$HYPERLINKBASE
  1

  9
$STYLESHEET
  1

  9
$XEDIT
290
1
  9
$CEPSNTYPE
380
0
  9
$PSTYLEMODE
290
1
  9
$FINGERPRINTGUID
  2
{F422716C-2193-466F-8AC8-5F6C9332D615}
  9
$VERSIONGUID
  2
{8DD57E25-2A6E-4196-BBCA-72262834BF43}
  9
$EXTNAMES
290
1
  9
$PSVPSCALE
 40
0.0
  9
$OLESTARTUP
290
0
  9
$SORTENTS
280
127
  9
$INDEXCTL
280
0
  9
$HIDETEXT
280
1
  9
$XCLIPFRAME
280
1
  9
$HALOGAP
280
0
  9
$OBSCOLOR
 70
257
  9
$OBSLTYPE
280
0
  9
$INTERSECTIONDISPLAY
280
0
  9
$INTERSECTIONCOLOR
 70
257
  9
$DIMASSOC
280
2
  9
$PROJECTNAME
  1

  9
$CAMERADISPLAY
290
0
  9
$LENSLENGTH
 40
50.0
  9
$CAMERAHEIGHT
 40
0.0
  9
$STEPSPERSEC
 40
24.0
  9
$STEPSIZE
 40
100.0
  9
$3DDWFPREC
 40
2.0
  9
$PSOLWIDTH
 40
0.005
  9
$PSOLHEIGHT
 40
0.08
  9
$LOFTANG1
 40
1.570796326795
  9
$LOFTANG2
 40
1.570796326795
  9
$LOFTMAG1
 40
0.0
  9
$LOFTMAG2
 40
0.0
  9
$LOFTPARAM
 70
7
  9
$LOFTNORMALS
280
1
  9
$LATITUDE
 40
37.795
  9
$LONGITUDE
 40
-122.394
  9
$NORTHDIRECTION
 40
0.0
  9
$TIMEZONE
 70
-8000
  9
$LIGHTGLYPHDISPLAY
280
1
  9
$TILEMODELIGHTSYNCH
280
1
  9
$CMATERIAL
347
20
  9
$SOLIDHIST
280
0
  9
$SHOWHIST
280
1
  9
$DWFFRAME
280
2
  9
$DGNFRAME
280
2
  9
$REALWORLDSCALE
290
1
  9
$INTERFERECOLOR
 62
256
  9
$CSHADOW
280
0
  9
$SHADOWPLANELOCATION
 40
0.0
  0
ENDSEC
  0
SECTION
  2
CLASSES
  0
CLASS
  1
ACDBDICTIONARYWDFLT
  2
AcDbDictionaryWithDefault
  3
ObjectDBX Classes
 90
0
 91
0
280
0
281
0
  0
CLASS
  1
SUN
  2
AcDbSun
  3
SCENEOE
 90
1153
 91
0
280
0
281
0
  0
CLASS
  1
VISUALSTYLE
  2
AcDbVisualStyle
  3
ObjectDBX Classes
 90
4095
 91
0
280
0
281
0
  0
CLASS
  1
MATERIAL
  2
AcDbMaterial
  3
ObjectDBX Classes
 90
1153
 91
0
280
0
281
0
  0
CLASS
  1
SCALE
  2
AcDbScale
  3
ObjectDBX Classes
 90
1153
 91
0
280
0
281
0
  0
CLASS
  1
TABLESTYLE
  2
AcDbTableStyle
  3
ObjectDBX Classes
 90
4095
 91
0
280
0
281
0
  0
CLASS
  1
MLEADERSTYLE
  2
AcDbMLeaderStyle
  3
ACDB_MLEADERSTYLE_CLASS
 90
4095
 91
0
280
0
281
0
  0
CLASS
  1
DICTIONARYVAR
  2
AcDbDictionaryVar
  3
ObjectDBX Classes
 90
0
 91
0
280
0
281
0
  0
CLASS
  1
CELLSTYLEMAP
  2
AcDbCellStyleMap
  3
ObjectDBX Classes
 90
1152
 91
0
280
0
281
0
  0
CLASS
  1
MENTALRAYRENDERSETTINGS
  2
AcDbMentalRayRenderSettings
  3
SCENEOE
 90
1024
 91
0
280
0
281
0
  0
CLASS
  1
ACDBDETAILVIEWSTYLE
  2
AcDbDetailViewStyle
  3
ObjectDBX Classes
 90
1025
 91
0
280
0
281
0
  0
CLASS
  1
ACDBSECTIONVIEWSTYLE
  2
AcDbSectionViewStyle
  3
ObjectDBX Classes
 90
1025
 91
0
280
0
281
0
  0
CLASS
  1
RASTERVARIABLES
  2
AcDbRasterVariables
  3
ISM
 90
0
 91
0
280
0
281
0
  0
CLASS
  1
ACDBPLACEHOLDER
  2
AcDbPlaceHolder
  3
ObjectDBX Classes
 90
0
 91
0
280
0
281
0
  0
CLASS
  1
LAYOUT
  2
AcDbLayout
  3
ObjectDBX Classes
 90
0
 91
0
280
0
281
0
  0
ENDSEC
  0
SECTION
  2
TABLES
  0
TABLE
  2
VPORT
  5
8
330
0
100
AcDbSymbolTable
 70
1
  0
VPORT
  5
23
330
8
100
AcDbSymbolTableRecord
100
AcDbViewportTableRecord
  2
*Active
 70
0
 10
0.0
 20
0.0
 11
1.0
 21
1.0
 12
0.0
 22
0.0
 13
0.0
 23
0.0
 14
0.5
 24
0.5
 15
0.5
 25
0.5
 16
0.0
 26
0.0
 36
1.0
 17
0.0
 27
0.0
 37
0.0
 40
1000.0
 41
1.34
 42
50.0
 43
0.0
 44
0.0
 50
0.0
 51
0.0
 71
0
 72
1000
 73
1
 74
3
 75
0
 76
0
 77
0
 78
0
281
0
 65
0
146
0.0
  0
ENDTAB
  0
TABLE
  2
LTYPE
  5
2
330
0
100
AcDbSymbolTable
 70
21
  0
LTYPE
  5
24
330
2
100
AcDbSymbolTableRecord
100
AcDbLinetypeTableRecord
  2
ByBlock
 70
0
  3

 72
65
 73
0
 40
0.0
  0
LTYPE
  5
25
330
2
100
AcDbSymbolTableRecord
100
AcDbLinetypeTableRecord
  2
ByLayer
 70
0
  3

 72
65
 73
0
 40
0.0
  0
LTYPE
  5
26
330
2
100
AcDbSymbolTableRecord
100
AcDbLinetypeTableRecord
  2
Continuous
 70
0
  3

 72
65
 73
0
 40
0.0
  0
LTYPE
  5
2F
330
2
100
AcDbSymbolTableRecord
100
AcDbLinetypeTableRecord
  2
CENTER
 70
0
  3
Center ____ _ ____ _ ____ _ ____ _ ____ _ ____
 72
65
 73
4
 40
5.08
 49
3.175
 74
0
 49
-0.635
 74
0
 49
0.635
 74
0
 49
-0.635
 74
0
  0
LTYPE
  5
30
330
2
100
AcDbSymbolTableRecord
100
AcDbLinetypeTableRecord
  2
CENTERX2
 70
0
  3
Center (2x) ________  __  ________  __  ________
 72
65
 73
4
 40
8.89
 49
6.35
 74
0
 49
-0.635
 74
0
 49
1.27
 74
0
 49
-0.635
 74
0
  0
LTYPE
  5
31
330
2
100
AcDbSymbolTableRecord
100
AcDbLinetypeTableRecord
  2
CENTER2
 70
0
  3
Center (.5x) ____ _ ____ _ ____ _ ____ _ ____
 72
65
 73
4
 40
2.54
 49
1.587
 74
0
 49
-0.318
 74
0
 49
0.318
 74
0
 49
-0.318
 74
0
  0
LTYPE
  5
32
330
2
100
AcDbSymbolTableRecord
100
AcDbLinetypeTableRecord
  2
DASHED
 70
0
  3
Dashed __ __ __ __ __ __ __ __ __ __ __ __ __ _
 72
65
 73
2
 40
1.524
 49
1.27
 74
0
 49
-0.254
 74
0
  0
LTYPE
  5
33
330
2
100
AcDbSymbolTableRecord
100
AcDbLinetypeTableRecord
  2
DASHEDX2
 70
0
  3
Dashed (2x) ____  ____  ____  ____  ____  ____
 72
65
 73
2
 40
3.048
 49
2.54
 74
0
 49
-0.508
 74
0
  0
LTYPE
  5
34
330
2
100
AcDbSymbolTableRecord
100
AcDbLinetypeTableRecord
  2
DASHED2
 70
0
  3
Dashed (.5x) _ _ _ _ _ _ _ _ _ _ _ _ _ _
 72
65
 73
2
 40
0.762
 49
0.635
 74
0
 49
-0.127
 74
0
  0
LTYPE
  5
35
330
2
100
AcDbSymbolTableRecord
100
AcDbLinetypeTableRecord
  2
PHANTOM
 70
0
  3
Phantom ______  __  __  ______  __  __  ______
 72
65
 73
6
 40
6.35
 49
3.175
 74
0
 49
-0.635
 74
0
 49
0.635
 74
0
 49
-0.635
 74
0
 49
0.635
 74
0
 49
-0.635
 74
0
  0
LTYPE
  5
36
330
2
100
AcDbSymbolTableRecord
100
AcDbLinetypeTableRecord
  2
PHANTOMX2
 70
0
  3
Phantom (2x)____________    ____    ____    ____________
 72
65
 73
6
 40
10.795
 49
6.35
 74
0
 49
-0.635
 74
0
 49
1.27
 74
0
 49
-0.635
 74
0
 49
1.27
 74
0
 49
-0.635
 74
0
  0
LTYPE
  5
37
330
2
100
AcDbSymbolTableRecord
100
AcDbLinetypeTableRecord
  2
PHANTOM2
 70
0
  3
Phantom (.5x) ___ _ _ ___ _ _ ___ _ _ ___ _ _ ___
 72
65
 73
6
 40
3.175
 49
1.587
 74
0
 49
-0.318
 74
0
 49
0.318
 74
0
 49
-0.318
 74
0
 49
0.318
 74
0
 49
-0.318
 74
0
  0
LTYPE
  5
38
330
2
100
AcDbSymbolTableRecord
100
AcDbLinetypeTableRecord
  2
DASHDOT
 70
0
  3
Dash dot __ . __ . __ . __ . __ . __ . __ . __
 72
65
 73
4
 40
3.556
 49
2.54
 74
0
 49
-0.508
 74
0
 49
0.0
 74
0
 49
-0.508
 74
0
  0
LTYPE
  5
39
330
2
100
AcDbSymbolTableRecord
100
AcDbLinetypeTableRecord
  2
DASHDOTX2
 70
0
  3
Dash dot (2x) ____  .  ____  .  ____  .  ____
 72
65
 73
4
 40
6.096
 49
5.08
 74
0
 49
-0.508
 74
0
 49
0.0
 74
0
 49
-0.508
 74
0
  0
LTYPE
  5
3A
330
2
100
AcDbSymbolTableRecord
100
AcDbLinetypeTableRecord
  2
DASHDOT2
 70
0
  3
Dash dot (.5x) _ . _ . _ . _ . _ . _ . _ . _
 72
65
 73
4
 40
1.778
 49
1.27
 74
0
 49
-0.254
 74
0
 49
0.0
 74
0
 49
-0.254
 74
0
  0
LTYPE
  5
3B
330
2
100
AcDbSymbolTableRecord
100
AcDbLinetypeTableRecord
  2
DOT
 70
0
  3
Dot .  .  .  .  .  .  .  .  .  .  .  .  .  .  .  .
 72
65
 73
2
 40
0.508
 49
0.0
 74
0
 49
-0.508
 74
0
  0
LTYPE
  5
3C
330
2
100
AcDbSymbolTableRecord
100
AcDbLinetypeTableRecord
  2
DOTX2
 70
0
  3
Dot (2x) .    .    .    .    .    .    .    . 
 72
65
 73
2
 40
1.016
 49
0.0
 74
0
 49
-1.016
 74
0
  0
LTYPE
  5
3D
330
2
100
AcDbSymbolTableRecord
100
AcDbLinetypeTableRecord
  2
DOT2
 70
0
  3
Dot (.5) . . . . . . . . . . . . . . . . . . . 
 72
65
 73
2
 40
0.254
 49
0.0
 74
0
 49
-0.254
 74
0
  0
LTYPE
  5
3E
330
2
100
AcDbSymbolTableRecord
100
AcDbLinetypeTableRecord
  2
DIVIDE
 70
0
  3
Divide __ . . __ . . __ . . __ . . __ . . __
 72
65
 73
6
 40
4.064
 49
2.54
 74
0
 49
-0.508
 74
0
 49
0.0
 74
0
 49
-0.508
 74
0
 49
0.0
 74
0
 49
-0.508
 74
0
  0
LTYPE
  5
3F
330
2
100
AcDbSymbolTableRecord
100
AcDbLinetypeTableRecord
  2
DIVIDEX2
 70
0
  3
Divide (2x) ____  . .  ____  . .  ____  . .  ____
 72
65
 73
6
 40
6.604
 49
5.08
 74
0
 49
-0.508
 74
0
 49
0.0
 74
0
 49
-0.508
 74
0
 49
0.0
 74
0
 49
-0.508
 74
0
  0
LTYPE
  5
40
330
2
100
AcDbSymbolTableRecord
100
AcDbLinetypeTableRecord
  2
DIVIDE2
 70
0
  3
Divide(.5x) _ . _ . _ . _ . _ . _ . _ . _
 72
65
 73
6
 40
2.032
 49
1.27
 74
0
 49
-0.254
 74
0
 49
0.0
 74
0
 49
-0.254
 74
0
 49
0.0
 74
0
 49
-0.254
 74
0
  0
ENDTAB
  0
TABLE
  2
LAYER
  5
1
330
0
100
AcDbSymbolTable
 70
2
  0
LAYER
  5
27
330
1
100
AcDbSymbolTableRecord
100
AcDbLayerTableRecord
  2
0
 70
0
 62
7
  6
Continuous
370
-3
390
13
347
21
  0
LAYER
  5
28
330
1
100
AcDbSymbolTableRecord
100
AcDbLayerTableRecord
  2
Defpoints
 70
0
 62
7
  6
Continuous
290
0
370
-3
390
13
347
21
  0
ENDTAB
  0
TABLE
  2
STYLE
  5
5
330
0
100
AcDbSymbolTable
 70
26
  0
STYLE
  5
29
330
5
100
AcDbSymbolTableRecord
100
AcDbTextStyleTableRecord
  2
Standard
 70
0
 40
0.0
 41
1.0
 50
0.0
 71
0
 42
2.5
  3
txt
  4

  0
STYLE
  5
41
330
5
100
AcDbSymbolTableRecord
100
AcDbTextStyleTableRecord
  2
OpenSans-Light
 70
0
 40
0.0
 41
1.0
 50
0.0
 71
0
 42
2.5
  3
OpenSans-Light.ttf
  4

  0
STYLE
  5
42
330
5
100
AcDbSymbolTableRecord
100
AcDbTextStyleTableRecord
  2
OpenSans-Light-Italic
 70
0
 40
0.0
 41
1.0
 50
0.0
 71
0
 42
2.5
  3
OpenSans-LightItalic.ttf
  4

  0
STYLE
  5
43
330
5
100
AcDbSymbolTableRecord
100
AcDbTextStyleTableRecord
  2
OpenSans
 70
0
 40
0.0
 41
1.0
 50
0.0
 71
0
 42
2.5
  3
OpenSans-Regular.ttf
  4

  0
STYLE
  5
44
330
5
100
AcDbSymbolTableRecord
100
AcDbTextStyleTableRecord
  2
OpenSans-Italic
 70
0
 40
0.0
 41
1.0
 50
0.0
 71
0
 42
2.5
  3
OpenSans-Italic.ttf
  4

  0
STYLE
  5
45
330
5
100
AcDbSymbolTableRecord
100
AcDbTextStyleTableRecord
  2
OpenSans-SemiBold
 70
0
 40
0.0
 41
1.0
 50
0.0
 71
0
 42
2.5
  3
OpenSans-SemiBold.ttf
  4

  0
STYLE
  5
46
330
5
100
AcDbSymbolTableRecord
100
AcDbTextStyleTableRecord
  2
OpenSans-SemiBoldItalic
 70
0
 40
0.0
 41
1.0
 50
0.0
 71
0
 42
2.5
  3
OpenSans-SemiBoldItalic.ttf
  4

  0
STYLE
  5
47
330
5
100
AcDbSymbolTableRecord
100
AcDbTextStyleTableRecord
  2
OpenSans-Bold
 70
0
 40
0.0
 41
1.0
 50
0.0
 71
0
 42
2.5
  3
OpenSans-Bold.ttf
  4

  0
STYLE
  5
48
330
5
100
AcDbSymbolTableRecord
100
AcDbTextStyleTableRecord
  2
OpenSans-BoldItalic
 70
0
 40
0.0
 41
1.0
 50
0.0
 71
0
 42
2.5
  3
OpenSans-BoldItalic.ttf
  4

  0
STYLE
  5
49
330
5
100
AcDbSymbolTableRecord
100
AcDbTextStyleTableRecord
  2
OpenSans-ExtraBold
 70
0
 40
0.0
 41
1.0
 50
0.0
 71
0
 42
2.5
  3
OpenSans-ExtraBold.ttf
  4

  0
STYLE
  5
4A
330
5
100
AcDbSymbolTableRecord
100
AcDbTextStyleTableRecord
  2
OpenSans-ExtraBoldItalic
 70
0
 40
0.0
 41
1.0
 50
0.0
 71
0
 42
2.5
  3
OpenSans-ExtraBoldItalic.ttf
  4

  0
STYLE
  5
4B
330
5
100
AcDbSymbolTableRecord
100
AcDbTextStyleTableRecord
  2
OpenSansCondensed-Bold
 70
0
 40
0.0
 41
1.0
 50
0.0
 71
0
 42
2.5
  3
OpenSansCondensed-Bold.ttf
  4

  0
STYLE
  5
4C
330
5
100
AcDbSymbolTableRecord
100
AcDbTextStyleTableRecord
  2
OpenSansCondensed-Light
 70
0
 40
0.0
 41
1.0
 50
0.0
 71
0
 42
2.5
  3
OpenSansCondensed-Light.ttf
  4

  0
STYLE
  5
4D
330
5
100
AcDbSymbolTableRecord
100
AcDbTextStyleTableRecord
  2
OpenSansCondensed-Italic
 70
0
 40
0.0
 41
1.0
 50
0.0
 71
0
 42
2.5
  3
OpenSansCondensed-LightItalic.ttf
  4

  0
STYLE
  5
4E
330
5
100
AcDbSymbolTableRecord
100
AcDbTextStyleTableRecord
  2
LiberationSans
 70
0
 40
0.0
 41
1.0
 50
0.0
 71
0
 42
2.5
  3
LiberationSans-Regular.ttf
  4

  0
STYLE
  5
4F
330
5
100
AcDbSymbolTableRecord
100
AcDbTextStyleTableRecord
  2
LiberationSans-Bold
 70
0
 40
0.0
 41
1.0
 50
0.0
 71
0
 42
2.5
  3
LiberationSans-Bold.ttf
  4

  0
STYLE
  5
50
330
5
100
AcDbSymbolTableRecord
100
AcDbTextStyleTableRecord
  2
LiberationSans-BoldItalic
 70
0
 40
0.0
 41
1.0
 50
0.0
 71
0
 42
2.5
  3
LiberationSans-BoldItalic.ttf
  4

  0
STYLE
  5
51
330
5
100
AcDbSymbolTableRecord
100
AcDbTextStyleTableRecord
  2
LiberationSans-Italic
 70
0
 40
0.0
 41
1.0
 50
0.0
 71
0
 42
2.5
  3
LiberationSans-Italic.ttf
  4

  0
STYLE
  5
52
330
5
100
AcDbSymbolTableRecord
100
AcDbTextStyleTableRecord
  2
LiberationSerif
 70
0
 40
0.0
 41
1.0
 50
0.0
 71
0
 42
2.5
  3
LiberationSerif-Regular.ttf
  4

  0
STYLE
  5
53
330
5
100
AcDbSymbolTableRecord
100
AcDbTextStyleTableRecord
  2
LiberationSerif-Bold
 70
0
 40
0.0
 41
1.0
 50
0.0
 71
0
 42
2.5
  3
LiberationSerif-Bold.ttf
  4

  0
STYLE
  5
54
330
5
100
AcDbSymbolTableRecord
100
AcDbTextStyleTableRecord
  2
LiberationSerif-BoldItalic
 70
0
 40
0.0
 41
1.0
 50
0.0
 71
0
 42
2.5
  3
LiberationSerif-BoldItalic.ttf
  4

  0
STYLE
  5
55
330
5
100
AcDbSymbolTableRecord
100
AcDbTextStyleTableRecord
  2
LiberationSerif-Italic
 70
0
 40
0.0
 41
1.0
 50
0.0
 71
0
 42
2.5
  3
LiberationSerif-Italic.ttf
  4

  0
STYLE
  5
56
330
5
100
AcDbSymbolTableRecord
100
AcDbTextStyleTableRecord
  2
LiberationMono
 70
0
 40
0.0
 41
1.0
 50
0.0
 71
0
 42
2.5
  3
LiberationMono-Regular.ttf
  4

  0
STYLE
  5
57
330
5
100
AcDbSymbolTableRecord
100
AcDbTextStyleTableRecord
  2
LiberationMono-Bold
 70
0
 40
0.0
 41
1.0
 50
0.0
 71
0
 42
2.5
  3
LiberationMono-Bold.ttf
  4

  0
STYLE
  5
58
330
5
100
AcDbSymbolTableRecord
100
AcDbTextStyleTableRecord
  2
LiberationMono-BoldItalic
 70
0
 40
0.0
 41
1.0
 50
0.0
 71
0
 42
2.5
  3
LiberationMono-BoldItalic.ttf
  4

  0
STYLE
  5
59
330
5
100
AcDbSymbolTableRecord
100
AcDbTextStyleTableRecord
  2
LiberationMono-Italic
 70
0
 40
0.0
 41
1.0
 50
0.0
 71
0
 42
2.5
  3
LiberationMono-Italic.ttf
  4

  0
ENDTAB
  0
TABLE
  2
VIEW
  5
7
330
0
100
AcDbSymbolTable
 70
0
  0
ENDTAB
  0
TABLE
  2
UCS
  5
6
330
0
100
AcDbSymbolTable
 70
0
  0
ENDTAB
  0
TABLE
  2
APPID
  5
3
330
0
100
AcDbSymbolTable
 70
3
  0
APPID
  5
2A
330
3
100
AcDbSymbolTableRecord
100
AcDbRegAppTableRecord
  2
ACAD
 70
0
  0
APPID
  5
105
330
3
100
AcDbSymbolTableRecord
100
AcDbRegAppTableRecord
  2
HATCHBACKGROUNDCOLOR
 70
0
  0
APPID
  5
106
330
3
100
AcDbSymbolTableRecord
100
AcDbRegAppTableRecord
  2
EZDXF
 70
0
  0
ENDTAB
  0
TABLE
  2
DIMSTYLE
  5
4
330
0
100
AcDbSymbolTable
 70
12
100
AcDbDimStyleTable
  0
DIMSTYLE
105
2B
330
4
100
AcDbSymbolTableRecord
100
AcDbDimStyleTableRecord
  2
Standard
 70
0
 40
1.0
 41
2.5
 42
0.625
 43
3.75
 44
1.25
 45
0.0
 46
0.0
 47
0.0
 48
0.0
 49
2.5
140
2.5
141
2.5
142
0.0
143
0.03937007874
144
1.0
145
0.0
146
1.0
147
0.625
148
0.0
 69
0
 70
0
 71
0
 72
0
 73
0
 74
0
 75
0
 76
0
 77
1
 78
8
 79
3
170
0
171
3
172
1
173
0
174
0
175
0
176
0
177
0
178
0
179
2
271
2
272
2
273
2
274
3
275
0
276
0
277
2
278
44
279
0
280
0
281
0
282
0
283
0
284
8
285
0
286
0
288
0
289
3
290
0
371
-2
372
-2
  0
DIMSTYLE
105
73
330
4
100
AcDbSymbolTableRecord
100
AcDbDimStyleTableRecord
  2
EZDXF
 70
0
 40
1.0
 41
0.175
 42
0.125
 43
3.75
 44
0.375
 45
0.0
 46
0.0
 47
0.0
 48
0.0
 49
2.5
140
0.25
141
2.5
142
0.0
143
0.03937007874
144
100.0
145
0.0
146
0.5
147
0.1
148
0.0
 69
0
 70
0
 71
0
 72
0
 73
0
 74
0
 75
0
 76
0
 77
1
 78
12
 79
3
170
0
171
3
172
1
173
0
174
0
175
0
176
0
177
0
178
0
179
2
271
2
272
2
273
2
274
3
275
0
276
0
277
2
278
46
279
2
280
0
281
0
282
0
283
0
284
8
285
0
286
0
288
1
289
3
290
0
340
4C
342
74
371
-2
372
-2
  0
DIMSTYLE
105
7C
330
4
100
AcDbSymbolTableRecord
100
AcDbDimStyleTableRecord
  2
EZ_M_100_H25_CM
 70
0
 40
1.0
 41
0.25
 42
0.125
 43
3.75
 44
0.375
 45
0.0
 46
0.0
 47
0.0
 48
0.0
 49
2.5
140
0.25
141
2.5
142
0.125
143
0.03937007874
144
100.0
145
0.0
146
0.5
147
0.1
148
0.0
 69
0
 70
0
 71
0
 72
0
 73
0
 74
0
 75
0
 76
0
 77
1
 78
12
 79
3
170
0
171
3
172
1
173
0
174
0
175
0
176
0
177
0
178
0
179
2
271
2
272
2
273
2
274
3
275
0
276
0
277
2
278
46
279
2
280
0
281
0
282
0
283
0
284
8
285
0
286
0
288
1
289
3
290
0
340
4C
371
-2
372
-2
  0
DIMSTYLE
105
7D
330
4
100
AcDbSymbolTableRecord
100
AcDbDimStyleTableRecord
  2
EZ_M_50_H25_CM
 70
0
 40
1.0
 41
0.125
 42
0.0625
 43
3.75
 44
0.1875
 45
0.0
 46
0.0
 47
0.0
 48
0.0
 49
2.5
140
0.125
141
2.5
142
0.0625
143
0.03937007874
144
100.0
145
0.0
146
0.5
147
0.05
148
0.0
 69
0
 70
0
 71
0
 72
0
 73
0
 74
0
 75
0
 76
0
 77
1
 78
12
 79
3
170
0
171
3
172
1
173
0
174
0
175
0
176
0
177
0
178
0
179
2
271
2
272
2
273
2
274
3
275
0
276
0
277
2
278
46
279
2
280
0
281
0
282
0
283
0
284
8
285
0
286
0
288
1
289
3
290
0
340
4C
371
-2
372
-2
  0
DIMSTYLE
105
7E
330
4
100
AcDbSymbolTableRecord
100
AcDbDimStyleTableRecord
  2
EZ_M_25_H25_CM
 70
0
 40
1.0
 41
0.0625
 42
0.03125
 43
3.75
 44
0.09375
 45
0.0
 46
0.0
 47
0.0
 48
0.0
 49
2.5
140
0.0625
141
2.5
142
0.03125
143
0.03937007874
144
100.0
145
0.0
146
0.5
147
0.025
148
0.0
 69
0
 70
0
 71
0
 72
0
 73
0
 74
0
 75
0
 76
0
 77
1
 78
12
 79
3
170
0
171
3
172
1
173
0
174
0
175
0
176
0
177
0
178
0
179
2
271
2
272
2
273
2
274
3
275
0
276
0
277
2
278
46
279
2
280
0
281
0
282
0
283
0
284
8
285
0
286
0
288
1
289
3
290
0
340
4C
371
-2
372
-2
  0
DIMSTYLE
105
7F
330
4
100
AcDbSymbolTableRecord
100
AcDbDimStyleTableRecord
  2
EZ_M_20_H25_CM
 70
0
 40
1.0
 41
0.05
 42
0.025
 43
3.75
 44
0.07500000000000001
 45
0.0
 46
0.0
 47
0.0
 48
0.0
 49
2.5
140
0.05
141
2.5
142
0.025
143
0.03937007874
144
100.0
145
0.0
146
0.5
147
0.020000000000000004
148
0.0
 69
0
 70
0
 71
0
 72
0
 73
0
 74
0
 75
0
 76
0
 77
1
 78
12
 79
3
170
0
171
3
172
1
173
0
174
0
175
0
176
0
177
0
178
0
179
2
271
2
272
2
273
2
274
3
275
0
276
0
277
2
278
46
279
2
280
0
281
0
282
0
283
0
284
8
285
0
286
0
288
1
289
3
290
0
340
4C
371
-2
372
-2
  0
DIMSTYLE
105
80
330
4
100
AcDbSymbolTableRecord
100
AcDbDimStyleTableRecord
  2
EZ_M_10_H25_CM
 70
0
 40
1.0
 41
0.025
 42
0.0125
 43
3.75
 44
0.037500000000000006
 45
0.0
 46
0.0
 47
0.0
 48
0.0
 49
2.5
140
0.025
141
2.5
142
0.0125
143
0.03937007874
144
100.0
145
0.0
146
0.5
147
0.010000000000000002
148
0.0
 69
0
 70
0
 71
0
 72
0
 73
0
 74
0
 75
0
 76
0
 77
1
 78
12
 79
3
170
0
171
3
172
1
173
0
174
0
175
0
176
0
177
0
178
0
179
2
271
2
272
2
273
2
274
3
275
0
276
0
277
2
278
46
279
2
280
0
281
0
282
0
283
0
284
8
285
0
286
0
288
1
289
3
290
0
340
4C
371
-2
372
-2
  0
DIMSTYLE
105
81
330
4
100
AcDbSymbolTableRecord
100
AcDbDimStyleTableRecord
  2
EZ_M_5_H25_CM
 70
0
 40
1.0
 41
0.0125
 42
0.00625
 43
3.75
 44
0.018750000000000003
 45
0.0
 46
0.0
 47
0.0
 48
0.0
 49
2.5
140
0.0125
141
2.5
142
0.00625
143
0.03937007874
144
100.0
145
0.0
146
0.5
147
0.005000000000000001
148
0.0
 69
0
 70
0
 71
0
 72
0
 73
0
 74
0
 75
0
 76
0
 77
1
 78
12
 79
3
170
0
171
3
172
1
173
0
174
0
175
0
176
0
177
0
178
0
179
2
271
2
272
2
273
2
274
3
275
0
276
0
277
2
278
46
279
2
280
0
281
0
282
0
283
0
284
8
285
0
286
0
288
1
289
3
290
0
340
4C
371
-2
372
-2
  0
DIMSTYLE
105
82
330
4
100
AcDbSymbolTableRecord
100
AcDbDimStyleTableRecord
  2
EZ_M_1_H25_CM
 70
0
 40
1.0
 41
0.0025
 42
0.00125
 43
3.75
 44
0.00375
 45
0.0
 46
0.0
 47
0.0
 48
0.0
 49
2.5
140
0.0025
141
2.5
142
0.00125
143
0.03937007874
144
100.0
145
0.0
146
0.5
147
0.001
148
0.0
 69
0
 70
0
 71
0
 72
0
 73
0
 74
0
 75
0
 76
0
 77
1
 78
12
 79
3
170
0
171
3
172
1
173
0
174
0
175
0
176
0
177
0
178
0
179
2
271
2
272
2
273
2
274
3
275
0
276
0
277
2
278
46
279
2
280
0
281
0
282
0
283
0
284
8
285
0
286
0
288
1
289
3
290
0
340
4C
371
-2
372
-2
  0
DIMSTYLE
105
83
330
4
100
AcDbSymbolTableRecord
100
AcDbDimStyleTableRecord
  2
EZ_RADIUS
 70
0
 40
1.0
 41
0.25
 42
0.125
 43
3.75
 44
0.375
 45
0.0
 46
0.0
 47
0.0
 48
0.0
 49
2.5
140
0.25
141
0.0
142
0.0
143
0.03937007874
144
100.0
145
0.0
146
0.5
147
0.1
148
0.0
 69
0
 70
0
 71
0
 72
0
 73
0
 74
0
 75
0
 76
0
 77
1
 78
12
 79
3
170
0
171
3
172
0
173
0
174
0
175
0
176
0
177
0
178
0
179
2
271
2
272
2
273
2
274
3
275
0
276
0
277
2
278
46
279
1
280
0
281
0
282
0
283
0
284
8
285
0
286
0
288
1
289
3
290
0
340
4C
342
84
371
-2
372
-2
  0
DIMSTYLE
105
88
330
4
100
AcDbSymbolTableRecord
100
AcDbDimStyleTableRecord
  2
EZ_RADIUS_INSIDE
 70
0
 40
1.0
 41
0.25
 42
0.125
 43
3.75
 44
0.375
 45
0.0
 46
0.0
 47
0.0
 48
0.0
 49
2.5
140
0.25
141
0.0
142
0.0
143
0.03937007874
144
100.0
145
0.0
146
0.5
147
0.1
148
0.0
 69
0
 70
0
 71
0
 72
0
 73
0
 74
0
 75
0
 76
0
 77
0
 78
12
 79
3
170
0
171
3
172
0
173
0
174
1
175
0
176
0
177
0
178
0
179
2
271
2
272
2
273
2
274
3
275
0
276
0
277
2
278
46
279
0
280
0
281
0
282
0
283
0
284
8
285
0
286
0
288
1
289
0
290
0
340
4C
342
84
371
-2
372
-2
  0
DIMSTYLE
105
89
330
4
100
AcDbSymbolTableRecord
100
AcDbDimStyleTableRecord
  2
EZ_CURVED
 70
0
 40
1.0
 41
0.25
 42
0.125
 43
3.75
 44
0.375
 45
0.0
 46
0.0
 47
0.0
 48
0.0
 49
2.5
140
0.25
141
2.5
142
0.0
143
0.03937007874
144
100.0
145
0.0
146
0.5
147
0.1
148
0.0
 69
0
 70
0
 71
0
 72
0
 73
0
 74
0
 75
0
 76
0
 77
1
 78
12
 79
2
 90
2
170
0
171
3
172
1
173
0
174
0
175
0
176
0
177
0
178
0
179
2
271
2
272
2
273
2
274
3
275
0
276
0
277
2
278
46
279
2
280
0
281
0
282
0
283
0
284
8
285
0
286
0
288
1
289
3
290
0
340
4C
371
-2
372
-2
  0
ENDTAB
  0
TABLE
  2
BLOCK_RECORD
  5
9
330
0
100
AcDbSymbolTable
 70
5
  0
BLOCK_RECORD
  5
17
330
9
100
AcDbSymbolTableRecord
100
AcDbBlockTableRecord
  2
*Model_Space
340
1A
 70
0
280
1
281
0
  0
BLOCK_RECORD
  5
1B
330
9
100
AcDbSymbolTableRecord
100
AcDbBlockTableRecord
  2
*Paper_Space
340
1E
 70
0
280
1
281
0
  0
BLOCK_RECORD
  5
74
330
9
100
AcDbSymbolTableRecord
100
AcDbBlockTableRecord
  2
_ARCHTICK
340
0
 70
0
280
1
281
0
  0
BLOCK_RECORD
  5
78
330
9
100
AcDbSymbolTableRecord
100
AcDbBlockTableRecord
  2
_CLOSEDFILLED
340
0
 70
0
280
1
281
0
  0
BLOCK_RECORD
  5
84
330
9
100
AcDbSymbolTableRecord
100
AcDbBlockTableRecord
  2
_CLOSEDBLANK
340
0
 70
0
280
1
281
0
  0
ENDTAB
  0
ENDSEC
  0
SECTION
  2
BLOCKS
  0
BLOCK
  5
18
330
17
100
AcDbEntity
  8
0
100
AcDbBlockBegin
  2
*Model_Space
 70
0
 10
0.0
 20
0.0
 30
0.0
  3
*Model_Space
  1

  0
ENDBLK
  5
19
330
17
100
AcDbEntity
  8
0
100
AcDbBlockEnd
  0
BLOCK
  5
1C
330
1B
100
AcDbEntity
  8
0
100
AcDbBlockBegin
  2
*Paper_Space
 70
0
 10
0.0
 20
0.0
 30
0.0
  3
*Paper_Space
  1

  0
ENDBLK
  5
1D
330
1B
100
AcDbEntity
  8
0
100
AcDbBlockEnd
  0
BLOCK
  5
75
330
74
100
AcDbEntity
  8
0
100
AcDbBlockBegin
  2
_ARCHTICK
 70
0
 10
0.0
 20
0.0
 30
0.0
  3
_ARCHTICK
  1

  0
LWPOLYLINE
  5
77
330
74
100
AcDbEntity
  8
0
  6
BYBLOCK
 62
0
100
AcDbPolyline
 90
2
 70
0
 43
0.15
 10
-0.5
 20
-0.5
 10
0.5
 20
0.5
  0
ENDBLK
  5
76
330
74
100
AcDbEntity
  8
0
100
AcDbBlockEnd
  0
BLOCK
  5
79
330
78
100
AcDbEntity
  8
0
100
AcDbBlockBegin
  2
_CLOSEDFILLED
 70
0
 10
0.0
 20
0.0
 30
0.0
  3
_CLOSEDFILLED
  1

  0
SOLID
  5
7B
330
78
100
AcDbEntity
  8
0
  6
BYBLOCK
 62
0
100
AcDbTrace
 10
-1.0
 20
0.16439898372402537
 30
0.0
 11
0.0
 21
0.0
 31
0.0
 12
-1.0
 22
-0.16439898372402537
 32
0.0
 13
-1.0
 23
-0.16439898372402537
 33
0.0
  0
ENDBLK
  5
7A
330
78
100
AcDbEntity
  8
0
100
AcDbBlockEnd
  0
BLOCK
  5
85
330
84
100
AcDbEntity
  8
0
100
AcDbBlockBegin
  2
_CLOSEDBLANK
 70
0
 10
0.0
 20
0.0
 30
0.0
  3
_CLOSEDBLANK
  1

  0
LWPOLYLINE
  5
87
330
84
100
AcDbEntity
  8
0
  6
BYBLOCK
 62
0
100
AcDbPolyline
 90
3
 70
1
 10
-1.0
 20
0.16439898372402537
 10
0.0
 20
0.0
 10
-1.0
 20
-0.16439898372402537
  0
ENDBLK
  5
86
330
84
100
AcDbEntity
  8
0
100
AcDbBlockEnd
  0
ENDSEC
  0
SECTION
  2
ENTITIES
  0
LWPOLYLINE
  5
8A
330
17
100
AcDbEntity
  8
0
100
AcDbPolyline
 90
38
 70
1
 10
0.906652
 20
899.816883
 10
0.7304989999993268
 20
296.9426270000064
 10
0.9843370000016876
 20
252.23458599998926
 10
1.3510918118962096
 20
251.36112103550266
 10
3.4850940000000015
 20
250.749127
 10
3.949343
 20
250.060771
 10
3.525419999999995
 20
249.221633
 10
1.4118404783749965
 20
247.984543457971
 10
1.0750709999999992
 20
247.013501
 10
0.7546850000001086
 20
230.2021419999997
 10
0.5
 20
1.997489
 10
5.972326999999998
 20
1.4182240000000021
 10
224.60937502750494
 20
1.3446119986474514
 10
1497.5
 20
1.5
 10
1497.8043592192892
 20
464.3287032234192
 10
1497.495218999975
 20
735.4340409999999
 10
1496.751348
 20
736.4109440000001
 10
1411.8204288705126
 20
748.2980725540858
 10
1393.201199
 20
751.495968
 10
1337.774431698905
 20
759.4984095263551
 10
1322.3350071115638
 20
762.3012033179937
 10
1238.6276630000002
 20
775.0536149999999
 10
1225.0060234666735
 20
777.5659293128094
 10
1142.8165044191348
 20
790.303568475359
 10
1116.72543530718
 20
794.823450721634
 10
1034.3842347118227
 20
807.8720532299915
 10
902.8347517942876
 20
828.2578516717823
 10
798.4219473508849
 20
843.233916361605
 10
693.1027185374408
 20
856.7374305714111
 10
670.6604430536092
 20
859.1222185333734
 10
653.3702184670801
 20
861.6987642315431
 10
568.2275010628284
 20
870.0754620785573
 10
513.3208951979209
 20
874.6190420156925
 10
489.77534043727246
 20
876.9886015091629
 10
441.562089
 20
880.577659
 10
352.69367300000005
 20
886.1151480000008
 10
282.0527587812415
 20
889.7078133176826
 10
189.20042130078707
 20
893.6229209986748
  0
LWPOLYLINE
  5
8B
330
17
100
AcDbEntity
  8
0
100
AcDbPolyline
 90
41
 70
1
 10
340.523885
 20
816.844885
 10
343.320984
 20
814.065061
 10
346.9239920945236
 20
809.5531778826305
 10
350.585163277384
 20
803.9642987026585
 10
353.165392
 20
799.119079
 10
353.9970972456365
 20
796.003719974992
 10
354.349192641608
 20
791.7623403920759
 10
354.3304368972665
 20
786.0039681607287
 10
353.8327657042689
 20
781.6532077364938
 10
347.64871099999993
 20
773.023632
 10
335.52802899999995
 20
758.935758
 10
332.804395
 20
754.512616
 10
331.12258
 20
749.202111
 10
324.50053816332377
 20
713.599690600052
 10
322.54469957068
 20
707.077614778344
 10
313.889234
 20
687.152804
 10
306.82186687922496
 20
676.440402276048
 10
303.90973
 20
673.380642
 10
302.5271587036184
 20
673.0329733355517
 10
301.682133
 20
673.496772
 10
301.12899719821723
 20
674.4132553772457
 10
301.2524517487778
 20
677.1918001196786
 10
312.892570917325
 20
704.1961113940916
 10
316.84592302232204
 20
715.8738194391456
 10
319.455316
 20
722.048187
 10
320.27256
 20
726.941743
 10
321.889712
 20
731.518288
 10
323.37288177436005
 20
741.209148632988
 10
323.955867
 20
749.692629
 10
323.16792117811946
 20
756.756556980933
 10
321.38554535703213
 20
762.864734795657
 10
316.991038
 20
772.808086
 10
315.84643928663996
 20
776.881911981608
 10
315.626443207921
 20
783.0900844684938
 10
316.5725765615413
 20
788.8338219034666
 10
318.060038
 20
792.748515
 10
320.57275139388133
 20
797.1387767540064
 10
329.4861965511975
 20
809.13158985733
 10
333.6082547839783
 20
819.0552574716546
 10
334.930059
 20
819.884164
 10
336.58330668952897
 20
819.7458634031213
  0
LWPOLYLINE
  5
8C
330
17
100
AcDbEntity
  8
0
100
AcDbPolyline
 90
27
 70
1
 10
213.5
 20
813.618032
 10
228.90169412687996
 20
808.5233645886399
 10
240.03535135950048
 20
803.7336833991394
 10
249.529492635395
 20
798.120224337009
 10
253.637761
 20
795.047933
 10
256.433701478814
 20
792.38967222939
 10
258.756571
 20
789.309427
 10
261.180905
 20
784.895238
 10
262.15022762143883
 20
782.1605151402513
 10
262.543349397884
 20
779.350246537698
 10
262.139520394036
 20
775.194940339182
 10
260.9360321856501
 20
770.5265567605443
 10
258.216
 20
763.499959
 10
256.54028181132
 20
761.442846479671
 10
254.087514
 20
760.431079
 10
249.2361135002596
 20
760.8284339500015
 10
233.59497299999995
 20
768.897934
 10
225.60327799999996
 20
773.816006
 10
220.80093093535206
 20
777.3468691221452
 10
216.45262642539998
 20
781.20254348638
 10
211.0454576246875
 20
787.166929817125
 10
194.22673999999995
 20
808.956249
 10
192.557701
 20
811.850601
 10
192.124165
 20
813.894027
 10
192.75
 20
815.448318
 10
194.494688
 20
816.134625
 10
207.22296819370587
 20
815.0095436007214
  0
LWPOLYLINE
  5
8D
330
17
100
AcDbEntity
  8
0
100
AcDbPolyline
 90
50
 70
1
 10
601.507847
 20
810.61792
 10
602.894331
 20
808.777625
 10
602.2112700030259
 20
805.5239153290564
 10
599.6756919767338
 20
799.2231660839906
 10
596.350936572735
 20
793.8416987578261
 10
593.677635
 20
790.485448
 10
589.1422558661981
 20
786.008991009445
 10
585.8906701096358
 20
783.4997848092986
 10
580.713773
 20
780.595768
 10
570.3762153117323
 20
776.6932929391877
 10
561.2255888391785
 20
774.3385156240336
 10
529.7639473918507
 20
769.3389300880244
 10
519.728671
 20
767.124968
 10
513.108503
 20
764.723208
 10
498.65220899999997
 20
757.684324
 10
493.712215
 20
755.91072
 10
489.4303911161986
 20
755.5443363288185
 10
487.537821
 20
756.348686
 10
486.80153099999995
 20
757.245022
 10
486.7985219162367
 20
757.8802752865406
 10
487.80929823344553
 20
758.8798849653563
 10
498.144866
 20
765.49607
 10
501.158367
 20
768.948328
 10
502.755986
 20
773.663634
 10
504.51598600000005
 20
789.8216
 10
505.11894699999993
 20
792.546801
 10
505.87764111411377
 20
794.0096502806623
 10
507.93709856297414
 20
796.1823625221222
 10
511.996042
 20
799.073417
 10
515.271763
 20
799.993725
 10
517.5571679794244
 20
799.7250963032814
 10
520.3638041346652
 20
798.1174093637104
 10
522.3683138817279
 20
795.7044697903141
 10
522.8755402516259
 20
793.4489847696799
 10
521.8077857290735
 20
783.9643461086271
 10
521.6679979625791
 20
778.883681483699
 10
522.446377380484
 20
777.606142045381
 10
525.2653023902951
 20
777.2143914596573
 10
526.6904662079145
 20
777.6980475540864
 10
528.1865040000739
 20
778.8429847685738
 10
534.57664
 20
786.141713
 10
539.0763235174098
 20
790.6448849556336
 10
542.2347426881835
 20
793.2572331605479
 10
545.1777137461107
 20
794.9159597262942
 10
555.7244987137634
 20
798.1934491557789
 10
569.5898918248768
 20
801.1244696252908
 10
575.3171943757407
 20
802.7333236847356
 10
583.5142440000001
 20
805.609194
 10
597.6568909930841
 20
811.510115188682
 10
599.5465776239394
 20
811.6977254760918
  0
LWPOLYLINE
  5
8E
330
17
100
AcDbEntity
  8
0
100
AcDbPolyline
 90
29
 70
1
 10
725.029158
 20
806.591224
 10
729.698616
 20
800.443334
 10
734.318366886775
 20
791.245821074699
 10
734.9913400938066
 20
783.9430230954108
 10
734.869675
 20
779.181699
 10
734.416704
 20
776.772227
 10
732.8708982709576
 20
773.8292784822992
 10
729.3667024174954
 20
769.2495638500585
 10
726.2259769931088
 20
766.0315733784734
 10
721.5252527839918
 20
762.1404846043222
 10
717.98633
 20
759.794617
 10
715.3062324655372
 20
758.6366851567466
 10
712.3532643921886
 20
758.2596047208721
 10
709.7534959147691
 20
758.7479277564051
 10
707.0618818148247
 20
760.1431191076091
 10
703.952305300126
 20
762.6490331047339
 10
700.9465690877345
 20
765.6758505223098
 10
698.7847250370532
 20
768.6916503240241
 10
697.762521454339
 20
771.039223222295
 10
697.086924616626
 20
774.51708370207
 10
697.0207729919757
 20
777.1141994232838
 10
697.5103537701178
 20
779.9535045438917
 10
699.8367545310451
 20
784.4517645782748
 10
712.151643428429
 20
801.371445771954
 10
714.895351
 20
805.937429
 10
716.65224
 20
807.958762
 10
718.8671964032673
 20
809.7413102270206
 10
720.176168855466
 20
809.9866361851732
 10
722.487178140187
 20
808.7369324975549
  0
LWPOLYLINE
  5
8F
330
17
100
AcDbEntity
  8
0
100
AcDbPolyline
 90
62
 70
1
 10
451.682887
 20
805.75
 10
454.1254906795968
 20
799.6096047755551
 10
455.357549506402
 20
792.5203482002338
 10
456.6373162199427
 20
790.6758594992334
 10
457.8850336857583
 20
785.9588572224505
 10
465.57770693262705
 20
769.5947327456554
 10
465.963497333805
 20
767.1077695828287
 10
464.3961282988462
 20
760.769963961677
 10
461.58536956107605
 20
755.1850982015305
 10
457.46825176166095
 20
749.3681993729969
 10
451.771647
 20
742.861369
 10
450.8316018309944
 20
740.3942597106687
 10
449.58199962806816
 20
739.7117903567125
 10
448.261345
 20
737.271163
 10
447.0
 20
733.000635
 10
447.41446540412716
 20
731.3515746573325
 10
448.4075307626689
 20
730.0492633654164
 10
449.8770843566465
 20
729.9234443155128
 10
451.99262408082683
 20
730.8489699090726
 10
464.73008329253
 20
739.86536009828
 10
472.05948415949575
 20
743.9758897057709
 10
479.451109
 20
746.823661
 10
485.297502947281
 20
748.328851453979
 10
495.32732759068415
 20
749.8476801286429
 10
524.545543
 20
752.483492
 10
531.1188522854301
 20
754.02766486749
 10
539.0062501939517
 20
754.9614768612071
 10
540.2956605953534
 20
754.7775023146379
 10
540.937602270169
 20
753.78471780826
 10
540.9079448133718
 20
752.1672032027932
 10
540.1957441592409
 20
750.1940464248103
 10
535.5787956274062
 20
744.9148943134599
 10
528.9917116840525
 20
739.1212037701606
 10
521.8189201469178
 20
734.3670084431861
 10
515.5861548404399
 20
731.4961509303411
 10
509.1224865608234
 20
729.6298907315548
 10
501.06581953708206
 20
728.2749489474076
 10
473.53084299999995
 20
725.999787
 10
468.493105685395
 20
725.2676403128902
 10
465.5488087779414
 20
724.5468110624694
 10
461.852225
 20
723.032044
 10
448.4702291490319
 20
715.1346877124024
 10
446.172816352924
 20
715.14867100679
 10
443.21819656891853
 20
716.349370476694
 10
440.418204433656
 20
718.5843775352
 10
438.0200854463235
 20
721.7069615153605
 10
429.7475078466469
 20
736.1379281646502
 10
425.5335085183275
 20
742.55198966019
 10
420.49910267549046
 20
752.1367607986878
 10
418.4717217375578
 20
756.6707142054412
 10
417.34502702453
 20
760.6922544898
 10
417.15059940305395
 20
770.74075993966
 10
417.6450264045162
 20
773.8026496634031
 10
418.70625
 20
774.461136
 10
419.50076500000006
 20
777.427525
 10
423.4512112154
 20
783.6303481924425
 10
427.27416605583056
 20
788.5887444865974
 10
438.642791
 20
800.9899
 10
442.36546018753853
 20
804.3568616493785
 10
446.038582
 20
806.383547
 10
449.4531042499435
 20
806.904789487583
 10
450.8014227504525
 20
806.550980549743
  0
LWPOLYLINE
  5
90
330
17
100
AcDbEntity
  8
0
100
AcDbPolyline
 90
8
 70
1
 10
925.0
 20
787.5
 10
924.6593151734802
 20
786.3484445960239
 10
923.8409723981088
 20
786.0151595347925
 10
922.877120562964
 20
786.51943632652
 10
922.401415
 20
787.683432
 10
922.8772187165187
 20
788.5272944349848
 10
924.0804164960167
 20
788.9829604114319
 10
924.7127359923543
 20
788.5905006794579
  0
LWPOLYLINE
  5
91
330
17
100
AcDbEntity
  8
0
100
AcDbPolyline
 90
68
 70
1
 10
155.789414
 20
785.984328
 10
163.93116041342742
 20
784.8952418636125
 10
176.76683823904636
 20
782.4206413577732
 10
196.7603770661545
 20
777.426586840883
 10
210.72799488961877
 20
772.464730710863
 10
216.9569635501341
 20
769.6657081269011
 10
225.56066460790979
 20
764.9021162168153
 10
229.76707613880927
 20
761.4896830758723
 10
233.6364136286213
 20
756.6690144925958
 10
237.20756403560137
 20
749.5655750647691
 10
238.64244663222783
 20
742.8403282013405
 10
245.76338526696097
 20
728.2238468226761
 10
258.461111
 20
707.114994
 10
260.843256
 20
702.678737
 10
261.17025150159503
 20
701.3758896323415
 10
262.987501227569
 20
700.6379509109514
 10
263.826061
 20
699.667158
 10
274.94686100000007
 20
673.603162
 10
276.6733626620289
 20
665.1593529916245
 10
279.237984
 20
660.367985
 10
280.66909330086816
 20
659.3085442893262
 10
283.24064637928
 20
659.658295839448
 10
290.10283528713
 20
661.9343066584825
 10
291.5973681825951
 20
661.8819805222959
 10
292.7108968119404
 20
660.9486647022972
 10
292.92705717435
 20
658.603215987128
 10
292.0473477729435
 20
655.1018087154725
 10
290.642457
 20
651.543495
 10
289.13258001985446
 20
650.5398081123975
 10
288.268781517116
 20
647.5127849949398
 10
273.38507758004005
 20
632.74354369864
 10
266.52212903863324
 20
626.6831003620952
 10
260.5917050000001
 20
622.318347
 10
252.6560671379693
 20
617.7038905556873
 10
246.7916727463532
 20
615.2432241649478
 10
242.25630092725473
 20
614.061049517097
 10
240.88801415410032
 20
614.2928111121905
 10
239.42077784751
 20
615.30450081726
 10
238.61358273749215
 20
616.645926120889
 10
238.51984035015087
 20
617.597448564639
 10
239.50076090493891
 20
620.1603094208139
 10
249.10312814423133
 20
633.5212724747643
 10
255.38962697092092
 20
644.4911333186823
 10
257.245524488625
 20
650.27558401037
 10
258.47665446524263
 20
657.6762890902438
 10
258.88142693154396
 20
669.5697028845619
 10
257.41793634031364
 20
681.8950546733086
 10
254.64157098838604
 20
691.896576447318
 10
249.24369799999988
 20
703.832283
 10
245.65369999999984
 20
711.133359
 10
240.321641
 20
720.011021
 10
234.45113291001803
 20
726.9512484538625
 10
229.26141575457166
 20
731.3764573889129
 10
225.12484652877544
 20
733.7096832659396
 10
220.4483570486384
 20
735.5180791476107
 10
192.30463089046907
 20
742.4377653941203
 10
183.033283
 20
745.847853
 10
172.71266382702467
 20
751.190619910589
 10
165.8153462318345
 20
755.4911777836762
 10
158.876261164389
 20
760.4070482421706
 10
148.76691796449597
 20
768.720946545808
 10
142.32503299999996
 20
774.771739
 10
138.699048
 20
778.822953
 10
137.094581
 20
781.990483
 10
137.13740431728175
 20
783.7734108085192
 10
138.68280157538993
 20
785.6828186291757
 10
142.328956330304
 20
786.7480791025228
 10
147.3520762490778
 20
786.7803822633857
  0
LWPOLYLINE
  5
92
330
17
100
AcDbEntity
  8
0
100
AcDbPolyline
 90
15
 70
1
 10
103.629081
 20
782.877286
 10
103.96578667030678
 20
782.7685738942229
 10
108.035723727074
 20
780.4684433924799
 10
109.346619
 20
778.898746
 10
109.62799187748162
 20
777.7590934147813
 10
107.50905208976806
 20
773.3237501320395
 10
103.02976399999997
 20
768.208701
 10
92.71554499999993
 20
760.611348
 10
84.14825659408754
 20
755.8283116551459
 10
76.438153018676
 20
752.757005238156
 10
68.5
 20
751.5
 10
67.946367
 20
781.029111
 10
75.30274697323446
 20
783.3157147879626
 10
84.44148550398985
 20
784.0529097054388
 10
97.09876900000002
 20
784.01359
  0
LWPOLYLINE
  5
93
330
17
100
AcDbEntity
  8
0
100
AcDbPolyline
 90
24
 70
1
 10
387.777494
 20
762.443296
 10
389.304407
 20
760.873832
 10
389.855944
 20
759.070746
 10
389.512618
 20
756.289221
 10
387.898605
 20
750.5282139999999
 10
382.5394718061687
 20
735.8247494182041
 10
380.2757924768293
 20
732.0882886364328
 10
377.5873383332247
 20
728.9433009824152
 10
374.5333801757103
 20
726.5341405828334
 10
368.263065275199
 20
723.503595880959
 10
340.1770329045717
 20
713.789163288024
 10
337.21722347546773
 20
713.0105398916871
 10
335.7700105892778
 20
713.4705523395886
 10
335.113605
 20
715.728503
 10
336.565419723956
 20
720.5185449421937
 10
348.19258939117935
 20
746.0286293790191
 10
349.987508
 20
749.082996
 10
351.8063734406111
 20
751.2448399698991
 10
355.7067475391145
 20
754.3394440036516
 10
360.9545348197545
 20
757.6389577752456
 10
369.81724371164603
 20
761.5334924796955
 10
376.48824693751527
 20
763.287340584778
 10
382.639564
 20
763.963627
 10
385.332498310071
 20
763.62241345013
  0
LWPOLYLINE
  5
94
330
17
100
AcDbEntity
  8
0
100
AcDbPolyline
 90
60
 70
1
 10
669.777494
 20
762.443296
 10
671.842017
 20
759.997529
 10
671.8663196288888
 20
757.9202260705162
 10
669.5865019469653
 20
750.8040192295658
 10
665.437897
 20
743.704672
 10
662.1687065616873
 20
739.3589989608522
 10
656.8022053269497
 20
733.90866259145
 10
649.4721744058223
 20
728.6966720396506
 10
640.6907848035855
 20
724.8366931569598
 10
633.079389
 20
722.803005
 10
593.6586733563677
 20
717.2146732079977
 10
588.3726598533407
 20
715.6246138161325
 10
587.5708508648243
 20
714.3142906200013
 10
587.541057
 20
713.514063
 10
588.8177268692519
 20
710.8916878786615
 10
593.125860954882
 20
708.034976496394
 10
603.732742858079
 20
702.1979201597633
 10
607.433677694848
 20
699.31387132948
 10
608.6261717690016
 20
697.7029888986785
 10
609.0
 20
696.089707
 10
608.4029382999383
 20
694.791803574749
 10
607.4080878521592
 20
694.325152667579
 10
605.602119
 20
694.286485
 10
602.1452166423713
 20
695.3280001908739
 10
581.8718751190108
 20
704.7196925326828
 10
572.903849699384
 20
707.962763029148
 10
561.600364
 20
710.571672
 10
554.7462652830066
 20
711.5128505014086
 10
547.840705
 20
711.934423
 10
524.9094833328584
 20
711.4815259478687
 10
510.576763
 20
710.23117
 10
502.00716055966603
 20
709.0655827029395
 10
473.1865397084011
 20
703.3687132207853
 10
439.93276555317243
 20
695.4018778470768
 10
437.638408265873
 20
695.4305260660004
 10
434.690197801544
 20
696.601980355439
 10
430.19937
 20
699.616495
 10
429.1667533183561
 20
701.0373508792126
 10
429.560001
 20
701.710308
 10
433.203438
 20
702.268498
 10
435.26519
 20
703.342798
 10
438.73705851117546
 20
704.3624249415935
 10
465.8661333808834
 20
710.5403623784307
 10
513.834304188367
 20
720.1928068164049
 10
525.5054434043175
 20
721.5557541600092
 10
538.4866710652651
 20
722.5147693418472
 10
546.639357115016
 20
722.7513054019581
 10
559.3558641242545
 20
722.3764398451592
 10
565.524907
 20
722.984226
 10
567.840536
 20
724.413726
 10
571.2820521843796
 20
728.4255673629731
 10
577.9212342461674
 20
739.6327691219631
 10
587.1161384367525
 20
748.7091846519351
 10
591.4848532847744
 20
752.1756003053023
 10
595.515609
 20
754.652301
 10
604.125708
 20
758.58268
 10
609.9512478368077
 20
760.4186505783684
 10
621.679581
 20
762.137578
 10
663.5274940000004
 20
763.8367310000001
 10
667.03496
 20
763.504465
  0
LWPOLYLINE
  5
95
330
17
100
AcDbEntity
  8
0
100
AcDbPolyline
 90
18
 70
1
 10
793.472222
 20
754.070585
 10
790.075621
 20
751.528788
 10
766.6267089999999
 20
738.909028
 10
758.791733
 20
735.301998
 10
753.4101669276909
 20
733.5694036436769
 10
742.504671
 20
732.099278
 10
732.1196762630095
 20
732.2647966138214
 10
727.48691
 20
733.451849
 10
725.1328578365404
 20
734.7687620502145
 10
723.254609
 20
736.704738
 10
722.4618227015449
 20
738.7572107508901
 10
722.778071
 20
740.934627
 10
723.4948455569178
 20
742.3506937409235
 10
726.674987
 20
745.835898
 10
732.7045977895853
 20
749.6559749855047
 10
742.385683
 20
754.5
 10
793.993397
 20
755.9123640000001
 10
794.7221192691424
 20
755.4196394058715
  0
LWPOLYLINE
  5
96
330
17
100
AcDbEntity
  8
0
100
AcDbPolyline
 90
41
 70
1
 10
939.5
 20
752.064965
 10
942.7910421598099
 20
748.9837722397085
 10
945.7718570439295
 20
744.76772877395
 10
948.4799782062956
 20
739.035721065812
 10
949.298053468112
 20
735.083238919616
 10
949.4540979000872
 20
722.5153602236004
 10
948.8211052664593
 20
715.2077347242341
 10
947.933964
 20
712.5
 10
943.7273767563498
 20
705.2470302862934
 10
937.9500489336075
 20
698.3482675512968
 10
927.799076928812
 20
688.7583555951306
 10
910.8155399212081
 20
675.6412692485816
 10
903.111775
 20
668.944075
 10
885.3037319101139
 20
650.13176378473
 10
879.9173013424667
 20
645.1379808438985
 10
863.806861
 20
631.799508
 10
860.6397190481862
 20
629.8484597519163
 10
859.3066546949126
 20
629.3135157326473
 10
858.7569660933594
 20
629.4571025102445
 10
858.434748
 20
630.129473
 10
858.9307608919731
 20
632.0583640381534
 10
862.759394
 20
636.966591
 10
877.2660936174387
 20
648.8999597283914
 10
883.289230068424
 20
654.9110233226046
 10
887.027072677792
 20
660.11000903516
 10
890.091014130484
 20
665.804216213072
 10
892.20510086234
 20
673.017749248695
 10
893.928176876502
 20
682.079267494619
 10
894.8829473056594
 20
691.3033533565949
 10
895.3217845497171
 20
703.907611819834
 10
896.9652719732975
 20
715.6518364662761
 10
900.129884
 20
726.326331
 10
902.955259176519
 20
732.5987963101845
 10
906.474691
 20
738.509817
 10
910.5105519221
 20
743.7263641124334
 10
915.184314
 20
748.380017
 10
918.383811021152
 20
750.9207409406549
 10
923.2466827499742
 20
753.8959269333601
 10
927.881369
 20
755.28962
 10
930.806949618936
 20
755.408194246315
 10
935.2236437437282
 20
754.3602752418229
  0
LWPOLYLINE
  5
97
330
17
100
AcDbEntity
  8
0
100
AcDbPolyline
 90
23
 70
1
 10
105.208578
 20
743.25
 10
106.20225803902348
 20
734.8702533757494
 10
108.82792161228339
 20
728.7403730978855
 10
109.98262369550088
 20
724.8595225814669
 10
110.138587817712
 20
718.134503193692
 10
109.36062
 20
713.494583
 10
107.19933855738897
 20
708.1904187649443
 10
105.25070641026413
 20
705.7118436845169
 10
102.93893086008336
 20
705.029870163188
 10
101.17585057747232
 20
705.5272676878382
 10
99.82319800000002
 20
706.648574
 10
95.41474697584569
 20
712.4293459305426
 10
91.635492978307
 20
718.317143366708
 10
89.31371458347755
 20
723.9418578893359
 10
88.718726398248
 20
727.7418482880021
 10
88.71140240985179
 20
731.6520862343664
 10
89.6017086390124
 20
736.5373309890824
 10
91.63773686410572
 20
740.6606365143793
 10
96.51556668176522
 20
746.8048663904119
 10
101.54607562080216
 20
751.5743554232723
 10
103.33803225345564
 20
751.9706911529687
 10
104.3064864133535
 20
750.9987135452865
 10
104.84543546112069
 20
748.6070235592771
  0
LWPOLYLINE
  5
98
330
17
100
AcDbEntity
  8
0
100
AcDbPolyline
 90
30
 70
1
 10
284.931194
 20
745.90077
 10
288.2258713622836
 20
743.4915630436312
 10
290.95002458713196
 20
740.658529681516
 10
292.40281999999996
 20
738.536627
 10
293.97452369089825
 20
735.1220254236697
 10
295.0
 20
728.871669
 10
294.6542849121991
 20
725.363238742877
 10
293.655762524566
 20
722.209389156532
 10
291.8891911832153
 20
719.4422119104883
 10
289.399106
 20
717.05647
 10
285.85416670854187
 20
714.718944845811
 10
281.46189609786967
 20
712.5693467068796
 10
278.685415684476
 20
711.574564255596
 10
275.3778274442505
 20
711.0770818803101
 10
273.0236308223779
 20
711.277027738704
 10
270.091052946803
 20
712.1769114528062
 10
267.701738164231
 20
713.63338455612
 10
264.61832666898005
 20
716.28214205549
 10
263.30478829379706
 20
717.7109566143547
 10
262.676875
 20
719.632018
 10
260.9746100428397
 20
721.097481765703
 10
260.963637087093
 20
729.54560200816
 10
261.92486009270675
 20
734.8015406855161
 10
263.70870691560725
 20
737.9640950169605
 10
266.884741
 20
741.844027
 10
270.4267528042879
 20
745.0618574331622
 10
273.25373997772476
 20
746.7240482068721
 10
276.39747341766736
 20
747.7042292060312
 10
278.758522
 20
747.86534
 10
281.871521
 20
747.310328
  0
LWPOLYLINE
  5
99
330
17
100
AcDbEntity
  8
0
100
AcDbPolyline
 90
76
 70
1
 10
699.413984
 20
734.889
 10
701.63610707321
 20
732.7477153958889
 10
703.5944680797485
 20
730.1410019934968
 10
712.442417
 20
717.105253
 10
715.379895
 20
711.698909
 10
717.3214054137384
 20
706.1536400833979
 10
717.601195
 20
703.206185
 10
717.2554780495722
 20
699.8385571226859
 10
713.4428637609464
 20
686.4425874656328
 10
712.187322
 20
679.698883
 10
712.10445334392
 20
673.85669282784
 10
712.417082
 20
671.372881
 10
712.9425062806035
 20
670.2427272108209
 10
714.7074559303813
 20
669.3557902256491
 10
716.939511
 20
669.571329
 10
732.4040208317617
 20
675.9425894123948
 10
737.2989100432018
 20
677.4006567048485
 10
740.688426
 20
677.945602
 10
746.130042
 20
678.2357399999999
 10
752.4089401115281
 20
677.8885509956882
 10
754.9431804475978
 20
676.6810732095554
 10
755.435077
 20
675.279623
 10
754.621681
 20
672.826053
 10
752.555724
 20
670.3273
 10
744.4915500507193
 20
663.116463408963
 10
737.641918984398
 20
657.8582957536905
 10
731.5689353538626
 20
654.9256514274875
 10
718.95290046275
 20
651.0801660547501
 10
711.8985463015872
 20
647.1858005573629
 10
708.9492768837958
 20
643.8056494750814
 10
700.4055271234322
 20
628.6133696440369
 10
696.196189067072
 20
622.277851916592
 10
692.2311803571648
 20
618.6316488234794
 10
689.7268743281589
 20
617.6221790601319
 10
686.9332472653963
 20
617.4364223889658
 10
684.1253777104358
 20
618.0278314680673
 10
679.700206
 20
620.20639
 10
686.6767526187657
 20
626.4638794024145
 10
689.532068560928
 20
631.0627723469111
 10
692.7241726012975
 20
640.1021551399091
 10
692.9358491575761
 20
648.601880457776
 10
692.387817741382
 20
653.1556943539882
 10
688.811938172941
 20
660.363244285364
 10
684.2971473820538
 20
665.4959224300777
 10
677.511732
 20
671.385663
 10
663.0444293554258
 20
681.9918951952825
 10
659.14533
 20
685.542034
 10
655.187779
 20
690.008318
 10
652.772284
 20
694.099045
 10
650.329145
 20
700.556425
 10
649.3568727693133
 20
704.4434085992793
 10
649.0847789436482
 20
708.6859466793976
 10
649.352648325027
 20
710.3279579977167
 10
650.508464
 20
712.007024
 10
652.660468759844
 20
713.0672684771821
 10
655.059301
 20
713.03817
 10
663.09425
 20
710.158649
 10
672.043235
 20
704.901505
 10
678.1405639669672
 20
699.9072747442555
 10
683.1394877485911
 20
694.5715692466702
 10
690.440881853416
 20
683.912417583944
 10
695.7682590773233
 20
673.4633463315301
 10
697.1230770643422
 20
672.1104940048808
 10
698.9562602000294
 20
672.1666527082617
 10
694.9134146796715
 20
690.7751721367365
 10
690.612225
 20
702.205041
 10
688.4068139999999
 20
709.79879
 10
687.345325
 20
715.100333
 10
687.0818327538374
 20
718.7422952192952
 10
687.280134240725
 20
722.3195440866896
 10
688.27904449034
 20
727.0780291669
 10
689.5500231183988
 20
730.6708728667859
 10
691.7099142702489
 20
734.8918222643221
 10
693.55321
 20
736.448428
 10
694.849403929178
 20
736.8210783289616
 10
697.0469792972842
 20
736.3114739915745
  0
LWPOLYLINE
  5
9A
330
17
100
AcDbEntity
  8
0
100
AcDbPolyline
 90
24
 70
1
 10
804.095708
 20
730.284392
 10
806.222588
 20
728.44183
 10
807.0
 20
726.378893
 10
806.400504
 20
723.425352
 10
803.7034028601047
 20
718.2730105213776
 10
800.6491826246195
 20
713.9862643109235
 10
796.3536664339334
 20
709.3473599231146
 10
792.7630516022133
 20
706.4628195639034
 10
786.4435605554299
 20
702.8525611341179
 10
778.7612621202093
 20
699.9704261826896
 10
769.354202
 20
697.6366419999999
 10
743.649654014572
 20
693.395128746434
 10
726.3023982828187
 20
689.6457702291702
 10
724.2557860801741
 20
689.414176808904
 10
723.2619784351579
 20
690.2027277844377
 10
722.9626681855472
 20
691.5499135985324
 10
723.579385
 20
692.778237
 10
740.3784589995884
 20
707.9996182763646
 10
753.9278727847922
 20
718.5708676641448
 10
762.563597
 20
723.498124
 10
773.929144556523
 20
727.8838871612298
 10
788.4798979880844
 20
731.4454968698591
 10
797.4900687143521
 20
731.8014415375623
 10
801.8449615270051
 20
731.2206487270319
  0
LWPOLYLINE
  5
9B
330
17
100
AcDbEntity
  8
0
100
AcDbPolyline
 90
2
 70
1
 10
196.5
 20
723.259868
 10
196.50000000000003
 20
723.259868
  0
LWPOLYLINE
  5
9C
330
17
100
AcDbEntity
  8
0
100
AcDbPolyline
 90
2
 70
1
 10
144.696552
 20
713.25
 10
144.69655199999997
 20
713.25
  0
LWPOLYLINE
  5
9D
330
17
100
AcDbEntity
  8
0
100
AcDbPolyline
 90
2
 70
1
 10
553.5
 20
702.069288
 10
553.4999999999999
 20
702.0692880000001
  0
LWPOLYLINE
  5
9E
330
17
100
AcDbEntity
  8
0
100
AcDbPolyline
 90
32
 70
1
 10
872.600296
 20
699.234687
 10
874.428287575996
 20
697.413949052593
 10
875.4283140000001
 20
695.035591
 10
876.0115984125954
 20
689.4211630522074
 10
875.4091417655451
 20
682.967786094117
 10
872.75605150026
 20
673.9077283514
 10
869.8011946632348
 20
667.7829221003223
 10
866.715201
 20
662.813286
 10
863.5406299623994
 20
658.805587754806
 10
858.0079373942955
 20
653.6578582420917
 10
834.2623069999999
 20
637.006001
 10
826.628445
 20
630.849856
 10
822.74099225081
 20
626.7959979648582
 10
818.4559274536434
 20
620.6129064447283
 10
813.7077108636635
 20
611.3859901984695
 10
812.871473676886
 20
607.846079873966
 10
812.1706622800285
 20
606.6778441064514
 10
810.5838410159258
 20
605.266787817696
 10
808.7985527390855
 20
604.468050359623
 10
805.9704841839075
 20
605.2944895131715
 10
803.359348
 20
633.7758670000004
 10
803.245403
 20
639.997958
 10
803.704307503588
 20
643.3729465207465
 10
805.005766646772
 20
646.826848275
 10
807.161847909856
 20
651.454966210244
 10
809.535983766408
 20
655.3589560961841
 10
813.086536211592
 20
659.7218034746364
 10
818.4067920083255
 20
664.6787679372117
 10
858.7616802171876
 20
695.4022752531552
 10
863.5
 20
698.304841
 10
866.6065284251513
 20
699.5188620131579
 10
870.3334855792214
 20
699.9039099182581
  0
LWPOLYLINE
  5
9F
330
17
100
AcDbEntity
  8
0
100
AcDbPolyline
 90
38
 70
1
 10
419.369059
 20
693.847321
 10
423.193806
 20
690.694641
 10
391.87810618604954
 20
680.8127254069955
 10
373.7708640393067
 20
674.4771955693768
 10
361.421302
 20
669.191694
 10
360.385553826308
 20
668.284372498472
 10
360.0973002693069
 20
666.461167523665
 10
361.258773
 20
665.628365
 10
379.2970704802821
 20
665.3962358815049
 10
446.159494753576
 20
668.8757019457311
 10
447.531885850111
 20
668.614283282848
 10
448.373553142976
 20
667.987392875606
 10
448.74709096908
 20
666.8303910106599
 10
448.3976488072769
 20
665.7136753260695
 10
446.0074786536241
 20
663.3903061489076
 10
441.2242521992031
 20
660.8825103310041
 10
438.773486
 20
660.275119
 10
430.13441967041376
 20
659.5914004824166
 10
378.1603652143954
 20
658.1784278850919
 10
364.63678718535624
 20
657.4387354348388
 10
353.8470356965737
 20
656.286032158887
 10
343.9585525497328
 20
654.6707525915305
 10
335.0231377825491
 20
652.5529398187637
 10
320.86966837875997
 20
647.91947466025
 10
302.79583299999996
 20
640.6205689999999
 10
301.4561244571464
 20
640.9051840372102
 10
301.09878315123
 20
642.37516993346
 10
301.639543
 20
643.291518
 10
312.32697695870957
 20
652.3625273777805
 10
319.26108539399524
 20
657.2845620721972
 10
337.1200041324187
 20
667.4195651992744
 10
353.626050966567
 20
675.328743355646
 10
365.46328199999994
 20
680.393883
 10
386.07082079519523
 20
688.3822505587051
 10
397.31623648798967
 20
692.3580920982606
 10
408.237287773055
 20
695.6632778230951
 10
414.0453898306875
 20
696.8551210665826
 10
416.5045616747932
 20
695.8075623589696
  0
LWPOLYLINE
  5
A0
330
17
100
AcDbEntity
  8
0
100
AcDbPolyline
 90
2
 70
1
 10
516.876057
 20
692.23159
 10
516.8760569999998
 20
692.23159
  0
LWPOLYLINE
  5
A1
330
17
100
AcDbEntity
  8
0
100
AcDbPolyline
 90
2
 70
1
 10
104.203462
 20
686.0
 10
104.20346200000002
 20
686.0
  0
LWPOLYLINE
  5
A2
330
17
100
AcDbEntity
  8
0
100
AcDbPolyline
 90
43
 70
1
 10
1064.076976
 20
680.370328
 10
1065.4354854708984
 20
678.8380686348096
 10
1065.6631598321856
 20
677.9586034291093
 10
1063.3444617403268
 20
674.0246982424594
 10
1058.922147
 20
669.473675
 10
1047.8057174685523
 20
660.6344419491156
 10
1032.4280966500676
 20
649.2368790936023
 10
1023.0538479718549
 20
643.0070447774335
 10
1014.4096459071868
 20
638.498564912652
 10
1005.2187419999999
 20
634.857555
 10
996.1943361934326
 20
632.4120575490331
 10
981.215343755412
 20
630.3753188903264
 10
925.2815381314864
 20
627.9621499875075
 10
912.0441656529183
 20
626.6427794139112
 10
903.66516
 20
625.125127
 10
894.5193980392997
 20
622.8517605619849
 10
876.136011218243
 20
617.4758266337265
 10
869.4900184363272
 20
615.2193466072437
 10
858.3629748200175
 20
610.722580317511
 10
846.7596072022448
 20
605.433489876628
 10
832.2533078635672
 20
597.9205816413719
 10
813.847671
 20
586.077144
 10
806.0440509999999
 20
589.153489
 10
805.1809291142196
 20
589.9370692349609
 10
806.2019012886882
 20
591.6607861919101
 10
808.972601799926
 20
594.3564495257225
 10
814.6023917518695
 20
597.9664016840484
 10
830.3288907746676
 20
606.4094158574005
 10
848.7016447549563
 20
614.8746653296703
 10
859.774554844617
 20
619.3017957809567
 10
874.3001929827759
 20
624.3288955980745
 10
898.3052449296985
 20
632.1508936319141
 10
919.2829446636692
 20
638.4089380507618
 10
933.0700734788452
 20
643.2432034823145
 10
947.8022084414542
 20
649.4214752518542
 10
990.6296608760206
 20
669.4211650590588
 10
1005.6853962892774
 20
675.4731044803215
 10
1019.0619907307018
 20
679.480430395475
 10
1027.3069802855641
 20
681.150460947394
 10
1035.771219212186
 20
682.212738400504
 10
1044.4015115213977
 20
682.685680844151
 10
1057.4677970203177
 20
682.4790504623658
 10
1061.30024339022
 20
681.94393956443
  0
LWPOLYLINE
  5
A3
330
17
100
AcDbEntity
  8
0
100
AcDbPolyline
 90
21
 70
1
 10
220.5
 20
675.017914
 10
220.157647495808
 20
673.716335131828
 10
219.219202
 20
672.751642
 10
204.72989289630547
 20
664.3739109502573
 10
123.657011611776
 20
622.270686174208
 10
97.96196705691841
 20
607.6928953747887
 10
72.07808000000006
 20
590.921394
 10
69.69069
 20
590.150127
 10
68.62224525050105
 20
590.6422356119008
 10
68.015313
 20
593.75
 10
68.479559
 20
597.9313
 10
69.50814769360443
 20
599.5611658602887
 10
71.26900311037858
 20
601.265811721723
 10
104.53669476705396
 20
622.0846135885499
 10
136.4999999999999
 20
640.718029
 10
173.47637799999984
 20
659.4511439999999
 10
190.24770679307528
 20
666.9307614549468
 10
202.25514382698552
 20
671.5491395838882
 10
216.36281100000002
 20
676.392946
 10
219.60297035534393
 20
676.5233875062567
 10
220.2737768016663
 20
675.8989019494157
  0
LWPOLYLINE
  5
A4
330
17
100
AcDbEntity
  8
0
100
AcDbPolyline
 90
22
 70
1
 10
244.113799
 20
660.939097
 10
245.27295939462422
 20
659.7333942778314
 10
245.3457621931955
 20
657.5293559537018
 10
243.8331625832792
 20
655.352327709054
 10
240.95061814171873
 20
652.3515727127524
 10
236.68077408576755
 20
649.1833531472987
 10
231.13293570308244
 20
645.8708737910262
 10
221.46011298686298
 20
641.502439322523
 10
201.644145
 20
634.923007
 10
181.31357776644663
 20
630.613057159767
 10
166.96330699999996
 20
629.106351
 10
164.028975
 20
629.490804
 10
162.55617099999998
 20
630.315808
 10
163.06979500000003
 20
631.584098
 10
164.59216216770955
 20
632.8312045103695
 10
166.9446192093478
 20
633.285108111256
 10
171.18644129923197
 20
635.2007033443319
 10
195.06218462659595
 20
647.3757018670825
 10
201.756187
 20
650.16412
 10
211.05408896644067
 20
653.3493520354384
 10
238.4999425699375
 20
661.4066179016279
 10
241.35182847833948
 20
661.7843043918585
  0
LWPOLYLINE
  5
A5
330
17
100
AcDbEntity
  8
0
100
AcDbPolyline
 90
30
 70
1
 10
412.604579
 20
648.75
 10
416.4362585961775
 20
645.706514889795
 10
421.060498846939
 20
640.2262470711345
 10
423.1223201916289
 20
636.1547232632096
 10
424.31734275704156
 20
631.9092261624693
 10
424.5757830874304
 20
627.6826306658858
 10
423.9316900575782
 20
623.5489706298082
 10
422.3819990413486
 20
619.7459568043417
 10
419.405280025232
 20
615.539758337996
 10
415.2245296307597
 20
610.9892343492
 10
407.2156096345625
 20
604.4006750484191
 10
398.2103953946534
 20
598.5666256257339
 10
388.9436
 20
593.960764
 10
384.26529900789797
 20
592.495244091928
 10
377.9480662869378
 20
592.0578152940531
 10
372.47242512786903
 20
593.4025576649041
 10
369.090352
 20
595.561236
 10
367.364368629936
 20
597.4216520896
 10
366.070702
 20
599.604905
 10
365.270768668503
 20
602.008257772586
 10
365.0440157244853
 20
605.5492696105243
 10
365.696503
 20
608.538041
 10
367.18538690142725
 20
611.8629048122868
 10
371.496588
 20
618.063166
 10
386.58490700000004
 20
634.5717
 10
395.85282899999993
 20
645.821256
 10
400.29295264332916
 20
650.1111379304227
 10
402.809609160546
 20
651.595694380028
 10
405.40614649149103
 20
651.9492325846825
 10
408.016469
 20
651.309915
  0
LWPOLYLINE
  5
A6
330
17
100
AcDbEntity
  8
0
100
AcDbPolyline
 90
31
 70
1
 10
726.610453
 20
632.379534
 10
734.9438391588541
 20
626.0718392933865
 10
743.869887780642
 20
617.7887379955461
 10
752.7599225589829
 20
608.5384095611822
 10
761.8382599632031
 20
597.9919501092344
 10
762.8669104002014
 20
595.187081107588
 10
763.1991020361199
 20
592.5704233807785
 10
764.469715488244
 20
590.875153901008
 10
765.2441717065794
 20
588.9943252700604
 10
767.9847843494199
 20
577.96693651664
 10
768.8470180670982
 20
572.3078180180403
 10
768.7661571273212
 20
568.5232292036637
 10
767.75
 20
564.070998
 10
766.04330934655
 20
560.587178891516
 10
763.820429
 20
558.47271
 10
762.6690026769726
 20
558.0679305484158
 10
761.527637
 20
558.241086
 10
748.816848
 20
568.061328
 10
726.5897165712358
 20
582.678990097317
 10
719.5543201954738
 20
589.2341301232901
 10
716.9068783905324
 20
592.6162081922912
 10
713.596567644535
 20
598.2856588354659
 10
710.936163771356
 20
605.4023224667445
 10
709.9883223447559
 20
612.002756518472
 10
710.3641426717702
 20
620.5587859533679
 10
711.8806358751403
 20
626.4147940201422
 10
715.397689
 20
632.514178
 10
716.772122804448
 20
633.8426407619961
 10
718.478773
 20
634.703586
 10
720.2814136509555
 20
634.9806288158965
 10
722.07712
 20
634.661717
  0
LWPOLYLINE
  5
A7
330
17
100
AcDbEntity
  8
0
100
AcDbPolyline
 90
25
 70
1
 10
283.759051
 20
616.75
 10
285.12538690745424
 20
613.0759495346277
 10
287.37543
 20
601.182672
 10
290.30941699999994
 20
591.845648
 10
290.9569054234935
 20
586.347277142716
 10
290.826949
 20
580.860414
 10
289.4161799479478
 20
576.2149090518789
 10
283.005144
 20
564.558533
 10
280.013189
 20
551.751499
 10
279.43531
 20
550.946312
 10
277.512425863151
 20
550.2266798173196
 10
275.557861
 20
550.855194
 10
268.65425700000003
 20
557.002931
 10
265.13887655972104
 20
561.0181430463069
 10
260.7620049839676
 20
567.2571747026948
 10
255.483779
 20
579.013765
 10
253.817669
 20
589.431388
 10
255.404864619297
 20
598.3329564633871
 10
259.5037012966742
 20
604.6703740502612
 10
264.48877
 20
609.572621
 10
270.2794152241084
 20
614.3280772054197
 10
274.7523256554805
 20
616.8790055215454
 10
277.0382590212378
 20
617.5770933541413
 10
280.1126846816924
 20
617.9112486398558
 10
282.6238266247196
 20
617.577743435028
  0
LWPOLYLINE
  5
A8
330
17
100
AcDbEntity
  8
0
100
AcDbPolyline
 90
67
 70
1
 10
566.169227
 20
611.567789
 10
582.5628961476258
 20
609.1029163804451
 10
602.477198
 20
607.138652
 10
607.236208
 20
606.163792
 10
607.798875341408
 20
604.9959989128441
 10
607.3265676473171
 20
602.993611208466
 10
605.4640942260477
 20
600.6228142143198
 10
603.047801377309
 20
598.5871382822511
 10
594.885117592392
 20
593.30905472204
 10
584.6448332310446
 20
588.8430273578878
 10
573.645735
 20
586.046712
 10
560.6999693044277
 20
584.7241109822421
 10
545.664112180556
 20
585.035790979468
 10
528.3776756813904
 20
586.4516258664906
 10
513.6941945395481
 20
587.035674367228
 10
500.53988845565004
 20
586.872951181025
 10
492.91589918222877
 20
585.7443130592709
 10
484.47085912301935
 20
582.9517131164256
 10
474.90782509386366
 20
578.5718302792764
 10
459.553763
 20
570.845352
 10
426.5757539879665
 20
553.3516483323489
 10
417.2518120000001
 20
549.093719
 10
408.33458894696565
 20
545.5797802098706
 10
386.32718100038795
 20
538.7348598556358
 10
357.3987199331287
 20
531.4681677106144
 10
337.2137216673505
 20
527.7482446090254
 10
334.6600604457655
 20
528.0114908371145
 10
332.0274621696385
 20
529.1263864660668
 10
332.187945
 20
529.610255
 10
334.2461367927079
 20
531.0555901432277
 10
343.37307
 20
534.416351
 10
356.07889
 20
538.0382460000001
 10
407.91654845382294
 20
551.3049242830456
 10
415.940512
 20
553.962991
 10
422.827856
 20
557.064115
 10
426.04131984824136
 20
559.4457002738528
 10
428.389494
 20
562.830408
 10
431.60349799999995
 20
572.220704
 10
432.29375
 20
577.26889
 10
433.70625000000007
 20
579.512488
 10
434.312744551133
 20
582.8946150556616
 10
435.48563066394405
 20
585.2399147775039
 10
439.6236133135283
 20
591.0767070746871
 10
442.10831391050056
 20
593.2733571396863
 10
444.44349079840424
 20
594.489564348184
 10
446.7692619442718
 20
594.9540189597574
 10
448.5647846786081
 20
594.614647550183
 10
449.237419
 20
593.787742
 10
449.45014
 20
592.22806
 10
448.59543
 20
588.471207
 10
447.1990961295321
 20
587.5830202066962
 10
446.19328714732706
 20
585.0243505484715
 10
441.777631017492
 20
578.1098435820543
 10
440.3220199840339
 20
574.5112792536395
 10
440.001162910242
 20
572.22545136935
 10
440.3077277210304
 20
570.3860383229452
 10
441.374803
 20
569.409669
 10
443.0607870730036
 20
569.2386678435884
 10
450.5817853662958
 20
572.1815712180802
 10
456.62298402187133
 20
575.2062945563576
 10
481.60827233154413
 20
590.425822734544
 10
503.2108437212359
 20
602.9162161384959
 10
511.8031593408255
 20
606.9622626247035
 10
518.9767353825985
 20
609.6602824119235
 10
529.303272804272
 20
612.498748675056
 10
539.6055856958274
 20
613.8331785603459
 10
550.133968
 20
613.750819
  0
LWPOLYLINE
  5
A9
330
17
100
AcDbEntity
  8
0
100
AcDbPolyline
 90
58
 70
1
 10
678.065741
 20
612.964816
 10
679.683589062351
 20
611.3662916909079
 10
679.417641038262
 20
609.1523678244521
 10
671.763586
 20
598.782786
 10
669.5591629478921
 20
594.2186311853957
 10
668.450413977447
 20
590.642642696105
 10
666.9226659572017
 20
581.4566887052898
 10
664.9075080602322
 20
559.7523988885671
 10
663.42815988614
 20
552.64812288907
 10
661.147523
 20
547.250233
 10
654.224892528258
 20
534.1616579280716
 10
639.015749209718
 20
515.862726804368
 10
630.151533896235
 20
506.64325658217194
 10
628.0766738993657
 20
505.57968376178974
 10
625.81817
 20
505.150892
 10
609.1130917978163
 20
505.3095699562624
 10
609.765158702287
 20
506.8618643590872
 10
620.6573569999999
 20
521.7198289999999
 10
626.569774833495
 20
531.55826893352
 10
627.5243083677794
 20
534.1499159839225
 10
627.9865437900526
 20
537.3859513913777
 10
627.708071818038
 20
540.632028769986
 10
626.847119
 20
543.075315
 10
624.600819568989
 20
546.179311528595
 10
618.9113276242731
 20
549.9756004864715
 10
590.1772806974611
 20
561.6418300958092
 10
585.231170795272
 20
564.345404525054
 10
580.9185978484705
 20
567.3219987687185
 10
577.8974349619939
 20
570.1659604971292
 10
577.212416
 20
572.063981
 10
577.6505931859549
 20
573.7646518917124
 10
579.447883599242
 20
575.3708960376935
 10
582.4823529922475
 20
576.9783613488124
 10
585.6169987164334
 20
577.7575861960836
 10
590.0338836531512
 20
577.8550504405753
 10
604.4851026189375
 20
576.6510546669999
 10
613.1291803406027
 20
574.9852446266143
 10
618.2812652834214
 20
573.4807524341417
 10
625.906553
 20
570.156111
 10
632.6137701425595
 20
565.255868739588
 10
636.2276745745387
 20
560.9180287123378
 10
640.793816
 20
551.188939
 10
641.5736049837537
 20
550.6979108767194
 10
642.2517807277823
 20
550.8233230251712
 10
643.080925
 20
551.543957
 10
644.905393
 20
554.817849
 10
646.2447711641099
 20
559.150119348818
 10
646.8276402099303
 20
564.6504619449971
 10
647.856655
 20
588.220892
 10
648.683282603617
 20
592.4148143062857
 10
650.640006839692
 20
596.61660274379
 10
653.56732916636
 20
600.673101084079
 10
656.2766407308419
 20
603.5723724038388
 10
659.365272
 20
606.271724
 10
663.96382
 20
609.454121
 10
668.942184
 20
612.214422
 10
672.53668
 20
613.554652
 10
675.425447
 20
613.766069
  0
LWPOLYLINE
  5
AA
330
17
100
AcDbEntity
  8
0
100
AcDbPolyline
 90
26
 70
1
 10
941.994473
 20
611.002958
 10
943.9183774469753
 20
609.0407552009351
 10
943.9610802906845
 20
608.134246323315
 10
943.403527
 20
606.900089
 10
937.223302
 20
600.421539
 10
927.3943437737171
 20
592.562265723667
 10
922.8443248256166
 20
589.6567320008205
 10
916.825752026358
 20
586.5112268412685
 10
910.57526596553
 20
583.819688923725
 10
905.173437896521
 20
582.1007366921206
 10
897.9129498710384
 20
581.1033248989551
 10
888.4916726176608
 20
580.5402927462694
 10
839.3773789486247
 20
579.237007559675
 10
829.5121670894318
 20
579.7650697633155
 10
827.693639
 20
580.646321
 10
826.5004280436997
 20
581.9427192408901
 10
826.6357971602582
 20
582.4068701311141
 10
827.7712008293578
 20
582.9829470410225
 10
838.7119804770982
 20
586.025453915291
 10
849.5223809999999
 20
590.1000849999999
 10
876.5851256308656
 20
601.794373140324
 10
889.258371
 20
605.943174
 10
905.7436251129684
 20
609.5207274839926
 10
927.0991052339068
 20
612.5083314149163
 10
934.8815528666676
 20
613.0207772059413
 10
939.7204579768685
 20
612.0171046939428
  0
LWPOLYLINE
  5
AB
330
17
100
AcDbEntity
  8
0
100
AcDbPolyline
 90
21
 70
1
 10
156.027759
 20
610.236008
 10
159.10147757298435
 20
605.0424238816537
 10
161.294715370687
 20
598.024426428668
 10
162.54201891632033
 20
589.3458676800317
 10
162.779617
 20
580.615276
 10
161.99545800000004
 20
575.669769
 10
160.25863899999996
 20
572.070746
 10
157.46829399999996
 20
569.387269
 10
155.61241483588512
 20
568.3334757463036
 10
154.5264894290316
 20
568.1503258445958
 10
152.231928
 20
569.059488
 10
150.11506520143564
 20
570.564523655988
 10
147.7967955412143
 20
573.2098988327763
 10
146.40919787049
 20
575.7437838395425
 10
144.506673
 20
582.278567
 10
143.75703131908548
 20
591.2173337626409
 10
144.8479980730735
 20
599.901635590438
 10
147.4588432273814
 20
607.0257331231745
 10
149.77941198584355
 20
609.8315467608804
 10
151.83695240187998
 20
611.2680227774865
 10
154.39868446474642
 20
611.3527210166033
  0
LWPOLYLINE
  5
AC
330
17
100
AcDbEntity
  8
0
100
AcDbPolyline
 90
43
 70
1
 10
229.776288
 20
608.189781
 10
229.61445199999997
 20
607.334205
 10
225.9574888419663
 20
603.0527891826803
 10
213.10481355359198
 20
589.738641383368
 10
208.39006801590997
 20
584.3539432699536
 10
208.78189325657124
 20
583.7810073937198
 10
210.66271299999997
 20
583.360448
 10
220.87891716499757
 20
581.9369582517497
 10
223.93505830253045
 20
580.6945910965266
 10
225.8802416884882
 20
578.8964792454927
 10
226.661875
 20
577.184921
 10
226.5677763075202
 20
575.0394235048956
 10
225.73497206177134
 20
573.5664197272687
 10
223.77432600000003
 20
571.443683
 10
220.36209654127362
 20
569.0219800385895
 10
193.51637173928793
 20
556.590152032343
 10
189.29760792900797
 20
554.057760366496
 10
184.18357128498948
 20
549.9394136136195
 10
175.45782361550576
 20
541.2683429119517
 10
171.72910254302892
 20
536.5140602182662
 10
163.458701364727
 20
521.532305737169
 10
162.2141216585017
 20
518.3769268798537
 10
161.853687867984
 20
516.1319395579025
 10
161.07929241217275
 20
514.747931842405
 10
159.1333823789315
 20
513.097660643551
 10
155.97275121918963
 20
511.6342114383673
 10
146.70392255095
 20
509.15627432295
 10
144.468169895088
 20
509.103979871975
 10
143.74404361562043
 20
509.47206349790844
 10
143.58890471519211
 20
510.03178474227525
 10
145.905129
 20
515.72802
 10
152.7846011498394
 20
537.5160334010368
 10
155.43057619924673
 20
544.4254842036077
 10
159.9135058346325
 20
553.6018227566175
 10
165.54648612269685
 20
561.9168573826074
 10
172.55197900000002
 20
569.854237
 10
182.54769575433247
 20
579.2748536156444
 10
196.36848400000002
 20
591.364897
 10
211.29095489145803
 20
602.3990173003158
 10
218.355976613687
 20
606.8736231696314
 10
223.108989
 20
608.955447
 10
227.621099
 20
609.73829
 10
228.95110588678148
 20
609.3153388501615
  0
LWPOLYLINE
  5
AD
330
17
100
AcDbEntity
  8
0
100
AcDbPolyline
 90
24
 70
1
 10
1037.75
 20
603.549332
 10
1042.5025164518609
 20
601.9967145498371
 10
1044.605652900962
 20
600.8738248896365
 10
1044.9044134772826
 20
599.1483263115565
 10
1043.181053929285
 20
597.013916757822
 10
1038.2226464662767
 20
594.324474667638
 10
1014.485812
 20
583.652753
 10
993.2517229665827
 20
579.087055024241
 10
974.7150052338494
 20
576.7643537630175
 10
962.8395055125279
 20
576.189944902344
 10
948.450547
 20
576.19937
 10
946.142988
 20
576.890467
 10
945.377311127941
 20
577.9773530798687
 10
945.7390866700517
 20
580.13998946414
 10
947.796399907387
 20
583.1102050250714
 10
957.7611337986403
 20
592.4593736512606
 10
962.3067016464211
 20
595.957463320688
 10
968.1715522506321
 20
599.694834694992
 10
972.2631328417357
 20
601.7511962797896
 10
976.047689
 20
603.024908
 10
985.156206933509
 20
605.230148009255
 10
998.5791959199586
 20
605.6231044400721
 10
1023.6765625009741
 20
605.2237754164671
 10
1031.7011751230884
 20
604.5965435285576
  0
LWPOLYLINE
  5
AE
330
17
100
AcDbEntity
  8
0
100
AcDbPolyline
 90
2
 70
1
 10
125.471214
 20
600.644707
 10
125.47121399999997
 20
600.644707
  0
LWPOLYLINE
  5
AF
330
17
100
AcDbEntity
  8
0
100
AcDbPolyline
 90
2
 70
1
 10
324.40102
 20
593.39898
 10
324.4010200000001
 20
593.39898
  0
LWPOLYLINE
  5
B0
330
17
100
AcDbEntity
  8
0
100
AcDbPolyline
 90
30
 70
1
 10
800.377876
 20
579.48658
 10
803.901764
 20
577.833068
 10
803.9554311578538
 20
577.5106996405323
 10
792.3185447313988
 20
564.3378492044909
 10
783.0226946330349
 20
552.1834668085638
 10
781.8157397580928
 20
549.3641578378949
 10
780.753471
 20
548.800266
 10
779.441813726157
 20
547.0743461360241
 10
773.23511
 20
537.315789
 10
765.126042
 20
522.398681
 10
763.1686347033688
 20
520.6216847983258
 10
762.256365
 20
517.521694
 10
751.4261342108331
 20
501.9255925724516
 10
747.959108130152
 20
497.46365802260493
 10
743.3191568143221
 20
493.0808953389478
 10
737.7238166186611
 20
489.54802438222714
 10
735.120724
 20
488.393116
 10
733.9530651606821
 20
488.4638592223017
 10
733.039019
 20
489.961027
 10
733.2525491855328
 20
492.445868683613
 10
734.0674996555263
 20
494.56230041666527
 10
736.7452055299356
 20
498.68231797628147
 10
737.294477
 20
500.347746
 10
754.724924100576
 20
524.0681995552153
 10
767.2892264149402
 20
542.6553463533859
 10
772.996160302329
 20
552.507822722166
 10
782.586966
 20
566.590194
 10
790.1359401089519
 20
576.6447551046629
 10
793.968236
 20
580.504966
 10
795.9727108959225
 20
580.9485874480432
  0
LWPOLYLINE
  5
B1
330
17
100
AcDbEntity
  8
0
100
AcDbPolyline
 90
29
 70
1
 10
95.416719
 20
572.252542
 10
105.94352484178899
 20
567.5778239306405
 10
114.55787152656501
 20
562.933978263649
 10
119.44642400000001
 20
559.542632
 10
125.03879032935166
 20
554.4750319443426
 10
128.21411030692042
 20
550.6494832941341
 10
130.86520256946005
 20
546.5267687962211
 10
134.229687
 20
538.910601
 10
134.706552620485
 20
536.9579458606275
 10
134.75112620613305
 20
534.198403805778
 10
134.2868031416515
 20
532.7693227851486
 10
132.873903299777
 20
530.963242781601
 10
129.628547
 20
529.453155
 10
126.09557847627599
 20
529.297130143216
 10
117.46188106810399
 20
530.5879468143333
 10
109.46117820853316
 20
532.6778093310927
 10
103.91855800000003
 20
534.876901
 10
97.437907
 20
538.505256
 10
93.38131295043966
 20
541.6707767514116
 10
88.61424793794377
 20
546.5413296962826
 10
84.694116
 20
551.523404
 10
82.35069153262755
 20
556.6222351523667
 10
79.56865853058126
 20
567.9427007550419
 10
79.199356
 20
570.454287
 10
79.48639608609501
 20
572.775531167534
 10
80.86154400000002
 20
574.667497
 10
81.88505189789707
 20
575.3222796745465
 10
84.21206024832793
 20
575.820682652666
 10
87.95147061070715
 20
574.9063819328805
  0
LWPOLYLINE
  5
B2
330
17
100
AcDbEntity
  8
0
100
AcDbPolyline
 90
50
 70
1
 10
917.0
 20
573.120462
 10
915.075731184702
 20
570.804417856524
 10
906.5487555631415
 20
563.4232893577561
 10
902.1335025976605
 20
558.8037868456132
 10
900.4295470655194
 20
555.45179705273
 10
900.763272
 20
554.764485
 10
902.2735728523685
 20
554.1150332605065
 10
905.9591556758885
 20
554.2866291509126
 10
916.1467474206281
 20
556.6015361044228
 10
938.235768
 20
563.88188
 10
951.309502757898
 20
567.466527722474
 10
955.321964
 20
567.991604
 10
964.8332723018198
 20
568.3549065667721
 10
993.5073509999993
 20
569.1648169999999
 10
997.2024707315632
 20
568.8723803178789
 10
999.410159664008
 20
568.250556293311
 10
1000.5796653707606
 20
567.4299795533966
 10
1000.8445861616934
 20
566.7475495691909
 10
999.904008
 20
564.589823
 10
994.823157972731
 20
560.4188986977005
 10
989.6728429130815
 20
557.283081387912
 10
984.0585189730913
 20
554.7222279766665
 10
978.0791296058843
 20
552.7319905349229
 10
967.2603952439466
 20
550.5848196896225
 10
953.9013782588601
 20
549.4952158234838
 10
919.669388543257
 20
548.4880589075741
 10
910.328957
 20
546.944782
 10
897.1687569405101
 20
543.42190699322
 10
880.294539677534
 20
537.828368136305
 10
859.8963429730957
 20
529.1584237509238
 10
844.28191963289
 20
522.07676490271
 10
800.5761720000003
 20
501.17702899999995
 10
783.850899
 20
494.038885
 10
774.1469353098893
 20
490.6568325660318
 10
764.5826688080624
 20
488.1089360937375
 10
753.281657
 20
486.22889900000007
 10
751.386346143727
 20
486.2664275533016
 10
750.3562727381925
 20
486.70403063310954
 10
751.0294484759407
 20
488.24416249910473
 10
753.960014
 20
489.997736
 10
806.1460169999999
 20
511.0733759999998
 10
827.3963099999999
 20
520.7024859999998
 10
853.4307040977965
 20
533.6031635449035
 10
869.2347373153194
 20
542.2432744873977
 10
881.973729
 20
550.318778
 10
889.5721249828575
 20
555.6487211717972
 10
897.881281
 20
563.52027
 10
906.831705
 20
569.677381
 10
915.4625413928519
 20
574.373663487544
 10
916.6487630701837
 20
574.0010762273309
  0
LWPOLYLINE
  5
B3
330
17
100
AcDbEntity
  8
0
100
AcDbPolyline
 90
48
 70
1
 10
697.70097
 20
568.351245
 10
703.007081
 20
563.1998
 10
708.7465330026704
 20
555.914493988781
 10
709.7884638878521
 20
553.8961997987155
 10
710.348942
 20
550.950213
 10
711.6971712472705
 20
547.842231118667
 10
711.4729802820734
 20
544.6276790184429
 10
710.115189844892
 20
540.769604682995
 10
708.4916851431519
 20
537.9705689997788
 10
706.0115270922129
 20
535.1412765361046
 10
698.956394518405
 20
530.14754101194
 10
673.3196937725288
 20
514.0262983820726
 10
655.683816042349
 20
501.149495258858
 10
629.2037025950306
 20
478.7871153979727
 10
614.0915068988927
 20
465.1003170757381
 10
593.5380249471755
 20
445.59613019451865
 10
584.405553301604
 20
438.47396431978405
 10
570.0
 20
429.959512
 10
545.0208868524389
 20
416.7140319820773
 10
539.6145795294368
 20
415.0667645294076
 10
537.0506607755971
 20
415.262458895924
 10
535.1935504820168
 20
416.15056756093963
 10
534.7891503672499
 20
416.90714213275
 10
534.9102276849312
 20
417.75642701939086
 10
538.063976821959
 20
421.0149922142689
 10
561.255568076408
 20
436.7475577374743
 10
568.6279648795921
 20
443.00064792622845
 10
574.1261821448439
 20
448.86026295922903
 10
576.889525
 20
453.068732
 10
592.7160171488061
 20
482.6346669698589
 10
600.096081
 20
494.0
 10
618.113072
 20
494.0
 10
615.244071157195
 20
489.356771453976
 10
613.4084643785407
 20
487.75111435120346
 10
613.0
 20
486.0
 10
613.5300537195153
 20
484.77636548214315
 10
614.4109712937191
 20
484.30070157024943
 10
616.02383
 20
484.202742
 10
618.028378026842
 20
484.70899877694353
 10
629.490050085193
 20
490.1605673352008
 10
638.2205419999999
 20
495.37659999999994
 10
651.474341
 20
504.643103
 10
665.5416349881596
 20
516.0349167001
 10
674.0
 20
525.455688
 10
674.0
 20
554.619538
 10
688.45182
 20
572.227172
 10
689.936938
 20
572.615622
 10
691.957968
 20
572.108513
  0
LWPOLYLINE
  5
B4
330
17
100
AcDbEntity
  8
0
100
AcDbPolyline
 90
33
 70
1
 10
492.098211
 20
563.937582
 10
493.21249897787123
 20
563.698937167501
 10
505.3432376455359
 20
561.617413109184
 10
527.4725161246236
 20
558.6186340581293
 10
538.1591280623625
 20
556.2244232037374
 10
545.458264501228
 20
553.752658994552
 10
550.5370254435611
 20
551.4372281183915
 10
555.301268
 20
548.553109
 10
561.077499
 20
543.800435
 10
564.5071713550713
 20
540.0086838324534
 10
566.9478487601359
 20
536.307867201284
 10
570.5362516102175
 20
526.15297890987
 10
572.0688160503282
 20
516.9190961993472
 10
572.8633487009213
 20
503.9727396190304
 10
572.288072
 20
500.293056
 10
571.420963
 20
498.912665
 10
570.146558978783
 20
497.886757248781
 10
568.617081
 20
497.305991
 10
565.3911222806976
 20
496.98130633681774
 10
560.0731723986173
 20
497.6728875551027
 10
551.875676
 20
500.38106100000005
 10
540.003244
 20
505.97721599999994
 10
532.344243425162
 20
510.7042472826249
 10
523.9100863602132
 20
517.6127790120138
 10
519.2480000986235
 20
522.9176610230875
 10
509.76290294668803
 20
539.413792519084
 10
504.38646587375655
 20
546.2808416770548
 10
497.369587
 20
552.103018
 10
482.93207036591804
 20
560.3146032737407
 10
479.89970201887996
 20
562.82924017301
 10
479.4946982062475
 20
564.1146814435394
 10
479.77440923408255
 20
564.8059813076246
 10
482.0766177179025
 20
565.8289564214035
  0
LWPOLYLINE
  5
B5
330
17
100
AcDbEntity
  8
0
100
AcDbPolyline
 90
20
 70
1
 10
809.428637
 20
556.826429
 10
809.6926135645123
 20
550.1601169564009
 10
808.790922
 20
538.8671369999998
 10
807.3142372423797
 20
536.6260332876935
 10
806.70625
 20
533.570164
 10
805.165728406943
 20
532.415022976444
 10
804.8655740981942
 20
530.4584697390551
 10
803.8441768345582
 20
528.2354286657869
 10
796.3577322398595
 20
522.0337590885472
 10
786.6180634929884
 20
515.6122224975245
 10
780.191453974765
 20
512.459138425915
 10
772.659886
 20
510.713612
 10
776.2942378941784
 20
515.5154174938498
 10
785.3763839999999
 20
525.144429
 10
791.9890781857813
 20
534.1880081841788
 10
795.313063
 20
540.25
 10
802.708148172846
 20
558.151138364495
 10
804.4389685705651
 20
561.4855748267076
 10
806.334488
 20
562.578731
 10
807.9632483276183
 20
562.0072256261002
  0
LWPOLYLINE
  5
B6
330
17
100
AcDbEntity
  8
0
100
AcDbPolyline
 90
20
 70
1
 10
1023.092033
 20
553.671965
 10
1008.9745291039897
 20
534.2399181048378
 10
1002.728046
 20
526.851988
 10
998.9651117240912
 20
523.7082539306085
 10
995.3388921872632
 20
521.3453088590236
 10
978.9309940000003
 20
511.91995300000013
 10
975.25
 20
511.000148
 10
974.043262
 20
511.17657399999996
 10
973.385845
 20
511.710061
 10
973.0553171412857
 20
516.5960216747044
 10
973.870267283532
 20
520.8513473215801
 10
975.6198311068048
 20
524.8150534816782
 10
978.8053748211121
 20
529.3165836070307
 10
987.071485
 20
538.2370250000001
 10
998.0374953020836
 20
546.7430489612001
 10
1005.9468558387144
 20
551.3629398655191
 10
1010.0320664873315
 20
553.31400858545
 10
1018.5
 20
556.519699
 10
1022.0107665979148
 20
557.28796929974
 10
1023.709234452608
 20
556.4094942117955
  0
LWPOLYLINE
  5
B7
330
17
100
AcDbEntity
  8
0
100
AcDbPolyline
 90
24
 70
1
 10
238.0
 20
549.5
 10
237.530872
 20
547.169761
 10
236.0343470997244
 20
545.9943685267236
 10
232.4206808052187
 20
540.2288829112654
 10
225.41958699999995
 20
530.739788
 10
220.857777239152
 20
525.820880705444
 10
216.36732566829014
 20
522.2722885562305
 10
210.18337959625768
 20
519.2042920014197
 10
200.69679249850424
 20
516.4015951068243
 10
198.86893236225646
 20
516.4572852899056
 10
196.341674
 20
517.37411
 10
194.45037401469298
 20
518.5845852367452
 10
193.09473458876
 20
520.105073604946
 10
192.42454114851225
 20
521.9749265452505
 10
192.429886
 20
524.065303
 10
193.426685
 20
527.478775
 10
195.2248914182
 20
530.81250912516
 10
199.36987222092347
 20
535.3488286623165
 10
205.014246
 20
539.648842
 10
215.535829
 20
545.32088
 10
230.170185721775
 20
551.019515008635
 10
234.29728233927008
 20
551.8555426924939
 10
236.9169517984786
 20
551.8195019777032
 10
237.7422558860135
 20
551.195369974971
  0
LWPOLYLINE
  5
B8
330
17
100
AcDbEntity
  8
0
100
AcDbPolyline
 90
2
 70
1
 10
1117.0
 20
550.035661
 10
1116.9999999999993
 20
550.0356609999999
  0
LWPOLYLINE
  5
B9
330
17
100
AcDbEntity
  8
0
100
AcDbPolyline
 90
30
 70
1
 10
1264.0
 20
547.801665
 10
1263.4874511555904
 20
545.1528084608535
 10
1262.023793
 20
542.886346
 10
1254.287911
 20
535.771119
 10
1246.9033633987815
 20
530.3748865931472
 10
1236.5567244905837
 20
524.5783760441819
 10
1229.788035334824
 20
521.7447768015433
 10
1221.474171862385
 20
518.8808090373611
 10
1206.041329339105
 20
514.8068048600026
 10
1194.7532199999998
 20
512.2930799999999
 10
1172.053609
 20
508.305486
 10
1163.464979059102
 20
507.36761728406793
 10
1152.0018656800935
 20
507.046394184442
 10
1145.675062
 20
507.4490410000001
 10
1143.6239
 20
508.041824
 10
1143.0443114897819
 20
508.68466662873647
 10
1143.063598614128
 20
509.22559927215195
 10
1143.781860666026
 20
509.7365247743069
 10
1154.810655
 20
515.656572
 10
1161.4131233373655
 20
519.7275256165622
 10
1173.7458515006488
 20
529.2015716975231
 10
1184.2186399949828
 20
536.4004775890598
 10
1191.0
 20
540.21654
 10
1196.745388
 20
542.455638
 10
1201.3071181903615
 20
543.676345810174
 10
1208.679177115918
 20
544.8860318650052
 10
1235.765625
 20
547.249912
 10
1258.2316168532932
 20
550.0978184178274
 10
1262.2960948368
 20
549.895324043836
 10
1263.549550860629
 20
549.0632825673073
  0
LWPOLYLINE
  5
BA
330
17
100
AcDbEntity
  8
0
100
AcDbPolyline
 90
24
 70
1
 10
476.698051
 20
542.844445
 10
482.6062249741363
 20
540.6273900432581
 10
486.36261055832
 20
537.997868443832
 10
487.6104000751365
 20
535.8295352624145
 10
487.470123
 20
534.782739
 10
486.28229943310055
 20
532.868515801586
 10
482.1581135043189
 20
530.4448909807924
 10
472.45074042817055
 20
526.5438445615858
 10
464.4110170000001
 20
524.1012780000001
 10
457.271052626639
 20
522.7049656043611
 10
447.68931315631266
 20
522.3529261785766
 10
437.32002800000004
 20
523.701258
 10
429.26815103834053
 20
527.2335381282694
 10
419.769174
 20
530.317635
 10
407.28602589537417
 20
533.5964275327218
 10
405.827236
 20
534.237393
 10
405.3741688893592
 20
534.8527364541487
 10
405.65562735210614
 20
536.0456690115909
 10
406.646652942944
 20
537.070306567536
 10
411.038824
 20
538.799375
 10
442.723802
 20
544.921138
 10
451.6999168994022
 20
545.4425597714787
 10
460.7858764883515
 20
545.2808864438964
 10
469.34792476697595
 20
544.4689473664931
  0
LWPOLYLINE
  5
BB
330
17
100
AcDbEntity
  8
0
100
AcDbPolyline
 90
29
 70
1
 10
957.388842
 20
531.57655
 10
958.8350357816495
 20
526.587249904002
 10
959.0327159559193
 20
518.562745096848
 10
958.4707318154382
 20
514.2161897325366
 10
957.3959433298977
 20
510.0677824879977
 10
954.786599
 20
504.373224
 10
951.94270238389
 20
500.10920108560003
 10
948.672039
 20
496.163013
 10
934.1074159904279
 20
481.52388160384714
 10
929.7551239458718
 20
476.66282283403154
 10
925.933867
 20
471.094371
 10
923.541612700084
 20
465.77428163221873
 10
921.811629
 20
463.009869
 10
920.7127774341285
 20
462.37117560516145
 10
919.463556
 20
462.605376
 10
917.8129520487132
 20
464.4951184575546
 10
917.140098287431
 20
468.123963137865
 10
917.062333786556
 20
473.80000026928843
 10
917.994476
 20
482.249191
 10
920.0612841671012
 20
491.05114704849245
 10
922.0184882471267
 20
496.9172458960063
 10
927.3038371570175
 20
508.55249433514365
 10
932.359815
 20
517.0
 10
937.9386358168969
 20
524.9622988145352
 10
941.6771667531303
 20
529.4594742921596
 10
945.918008932496
 20
533.3670629055206
 10
949.9430043513566
 20
535.6371008902395
 10
952.610876818033
 20
536.0445139785522
 10
954.9070543975995
 20
534.9740919100342
  0
LWPOLYLINE
  5
BC
330
17
100
AcDbEntity
  8
0
100
AcDbPolyline
 90
13
 70
1
 10
75.614552
 20
523.75
 10
74.38648900000004
 20
513.0834500000003
 10
73.129608
 20
507.21940500000005
 10
71.11734725631104
 20
503.62783437303716
 10
69.14883653255035
 20
503.03853445160166
 10
68.43290084852049
 20
504.4909356986935
 10
68.05520899999999
 20
508.91092
 10
68.08025435960958
 20
521.8542170687901
 10
68.5596511128762
 20
526.7877541620894
 10
69.10107628131335
 20
528.2148533549481
 10
70.42550399999999
 20
529.381167
 10
72.57222455214165
 20
529.9606730588645
 10
76.232991
 20
530.0
  0
LWPOLYLINE
  5
BD
330
17
100
AcDbEntity
  8
0
100
AcDbPolyline
 90
64
 70
1
 10
294.812719
 20
522.302137
 10
294.4862532195925
 20
520.133805511335
 10
293.022353
 20
518.50125
 10
287.3655210757173
 20
515.5990402844552
 10
282.29492568282615
 20
513.7549545152021
 10
272.8228010000001
 20
511.16926799999993
 10
237.96263299999998
 20
504.2066040000001
 10
222.73229317930102
 20
499.7578005463052
 10
214.80209564402497
 20
496.3961541256247
 10
213.19991799999997
 20
493.790475
 10
213.7755378835703
 20
492.0549934297544
 10
214.797296
 20
491.582939
 10
220.24353471998643
 20
491.2472453156233
 10
230.70531950882184
 20
492.0737887855925
 10
281.46074333615866
 20
501.65089890946587
 10
290.44518843600724
 20
502.70811428649307
 10
301.1397941527241
 20
503.094990759965
 10
317.72870361697085
 20
502.72878153912256
 10
322.92132546710695
 20
502.005903729283
 10
327.38069362070945
 20
500.8602129662793
 10
335.70855513117033
 20
497.92535220700546
 10
336.1255119518256
 20
496.8621130996196
 10
335.734223
 20
495.794644
 10
332.73340422676796
 20
493.8162368984627
 10
302.86354032142145
 20
490.2834838457924
 10
274.00899434177893
 20
484.57329517627153
 10
263.24338579326
 20
483.15080975363
 10
237.36765400000053
 20
482.71209499999986
 10
198.310846113581
 20
483.84910926902904
 10
189.34521649417061
 20
483.02469724879387
 10
179.10294210547767
 20
480.68937308030576
 10
169.22553299999998
 20
477.330999
 10
160.466218
 20
473.57931700000006
 10
139.2910919004115
 20
463.2160855281074
 10
129.1092938288688
 20
459.31784114298705
 10
92.58130242081133
 20
449.9038458138077
 10
86.64403298265262
 20
447.9748887617971
 10
77.066011212402
 20
444.0331766331055
 10
74.798613
 20
444.657676
 10
73.59832600167657
 20
445.9771594086293
 10
72.67378678465
 20
447.91886677450003
 10
71.810644
 20
453.261388
 10
71.80738951885549
 20
456.906242761654
 10
72.18925949413703
 20
458.7837105332959
 10
74.03697799999999
 20
461.581444
 10
78.71356390631237
 20
465.92940223974966
 10
91.120728
 20
474.423422
 10
102.95744200000001
 20
481.359835
 10
110.81667516195199
 20
485.25547529201754
 10
134.60950963068
 20
495.5090517594
 10
158.753072
 20
500.59805
 10
161.7572785799096
 20
497.3971778286707
 10
164.466248419433
 20
496.218743943503
 10
172.594434986079
 20
496.165624047248
 10
179.59004758151042
 20
497.13192211331847
 10
190.85230263153602
 20
499.48700253643733
 10
201.69203693818395
 20
502.50059133162864
 10
233.975300888042
 20
515.402012745696
 10
243.38955792680645
 20
518.4571020545714
 10
251.609244532558
 20
520.51712709377
 10
267.690193
 20
523.08498
 10
283.064268650028
 20
524.603115073986
 10
292.4634833182325
 20
524.3982228371395
 10
294.13988319657767
 20
523.7348809540246
  0
LWPOLYLINE
  5
BE
330
17
100
AcDbEntity
  8
0
100
AcDbPolyline
 90
26
 70
1
 10
1034.5
 20
520.330218
 10
1033.03125
 20
517.982701
 10
1026.23574290068
 20
509.56492939639
 10
1023.464688
 20
504.96043
 10
1019.739394
 20
497.308597
 10
1015.3050176622481
 20
492.0729077941644
 10
1010.5612876387914
 20
488.4563446383029
 10
1000.937035
 20
483.0397939999999
 10
995.212523
 20
479.347098
 10
979.8721605431947
 20
467.444919591684
 10
976.806934016453
 20
466.19495245413196
 10
975.5419807995091
 20
466.3142246239702
 10
974.32028309792
 20
467.19129971699
 10
973.848264
 20
469.118769
 10
974.757919342624
 20
472.02021105492804
 10
976.429508
 20
474.560217
 10
980.4064995037501
 20
478.60136700345004
 10
987.7123194831526
 20
484.1983340471885
 10
1004.7622080000001
 20
494.502797
 10
1009.820718
 20
498.291822
 10
1013.935399
 20
502.649674
 10
1022.5718617473775
 20
514.6960893713238
 10
1025.9897181690224
 20
518.2197777105597
 10
1028.7521821742087
 20
520.017811891594
 10
1031.9975957258182
 20
521.4829888713322
 10
1033.683132998346
 20
521.521032119336
  0
LWPOLYLINE
  5
BF
330
17
100
AcDbEntity
  8
0
100
AcDbPolyline
 90
36
 70
1
 10
899.715638
 20
515.102117
 10
901.542358
 20
511.014372
 10
901.993416181298
 20
505.7705317881026
 10
901.49376
 20
498.564653
 10
899.981827
 20
492.947468
 10
898.0836517138167
 20
488.9194153314678
 10
894.4214917818589
 20
483.5724106366892
 10
884.470176
 20
472.883474
 10
877.101493729901
 20
466.33158254600363
 10
868.041516507466
 20
459.33636220842
 10
838.5599904801497
 20
439.6589275353744
 10
828.931221
 20
434.02609299999995
 10
819.5830529970333
 20
429.2362036948636
 10
805.859571
 20
423.3959990000001
 10
804.3437272125614
 20
423.7703216100557
 10
804.0
 20
424.678746
 10
804.506729
 20
425.845026
 10
809.93772685114
 20
430.579320903252
 10
829.623841
 20
446.18566899999996
 10
835.9807082841694
 20
452.4626337647614
 10
840.8166945713999
 20
458.4057927350925
 10
843.357955
 20
462.342523
 10
844.5821935324
 20
465.2574634592775
 10
845.2243417587645
 20
470.099942415974
 10
846.3278559666555
 20
471.8544555388054
 10
846.70625
 20
473.293607
 10
847.4320659731789
 20
481.9190485444173
 10
848.715617379607
 20
486.948039473474
 10
851.659240704558
 20
493.1080074182085
 10
855.8070132831681
 20
498.263191271512
 10
860.0009695758212
 20
501.58323528311905
 10
865.391503
 20
504.85894899999994
 10
892.9979208715639
 20
518.5851414943094
 10
894.6335385408571
 20
518.8359888647506
 10
896.1643857186921
 20
518.5619511339277
 10
898.13029759848
 20
517.023311194224
  0
LWPOLYLINE
  5
C0
330
17
100
AcDbEntity
  8
0
100
AcDbPolyline
 90
109
 70
1
 10
476.976364
 20
513.01265
 10
479.18124279468
 20
511.360113979995
 10
480.791342
 20
509.124058
 10
482.52616763652486
 20
504.3468222185086
 10
483.0204382190006
 20
500.8812355161171
 10
482.9696389481659
 20
497.28270601722147
 10
482.3740283389424
 20
493.90274659792755
 10
481.1680035166196
 20
490.8839658400215
 10
479.36041845455117
 20
488.1226282821825
 10
474.47488781274
 20
482.54536890986003
 10
469.3937382299569
 20
478.1550808377498
 10
447.69840962737305
 20
463.4557449865899
 10
432.0954514094092
 20
454.32014679782225
 10
429.9765513765209
 20
452.55969697747764
 10
429.14167110465496
 20
450.7847533599025
 10
429.7342412514346
 20
450.0558497270559
 10
433.64337571138367
 20
449.55980602417776
 10
472.9864565706998
 20
445.84455272792803
 10
480.98998456340803
 20
444.2184804261895
 10
488.20688605013595
 20
441.67934608494596
 10
494.2579561876792
 20
438.57060863234346
 10
497.8908198334308
 20
436.11074407952054
 10
500.9632625780305
 20
433.55444877695095
 10
504.576703
 20
429.543214
 10
505.6102727168305
 20
427.4378716748545
 10
505.6321379025057
 20
424.2959185176999
 10
504.554312
 20
422.119753
 10
501.931213
 20
420.140793
 10
498.59188305192015
 20
419.2070614300305
 10
492.11021770724847
 20
418.8089833859966
 10
482.48799578589046
 20
419.1254944835608
 10
476.03149451862004
 20
419.937838843745
 10
472.267153
 20
420.932603
 10
466.7233913026193
 20
423.2028754583445
 10
448.1242109234181
 20
434.58173522541216
 10
440.4279383341471
 20
437.80615342423926
 10
431.53752799999995
 20
440.051746
 10
424.637890060326
 20
441.31026929516474
 10
413.062129924308
 20
442.61800250321045
 10
396.8038063129783
 20
443.739149002184
 10
393.850018
 20
443.140221
 10
393.50744541237617
 20
442.7373406579927
 10
393.8051679040458
 20
441.9920406555168
 10
409.8779939662019
 20
435.7254812998523
 10
416.1163248132725
 20
432.466130266265
 10
418.89097907291864
 20
430.4791480147875
 10
421.36051578531783
 20
427.7831005836878
 10
422.6702010020801
 20
425.40882935141065
 10
422.8181103973582
 20
423.3280431994261
 10
422.206528
 20
422.000798
 10
420.461343
 20
420.382714
 10
416.6352710932024
 20
419.1774776129442
 10
404.7113429999999
 20
419.2531870000001
 10
393.5075712906307
 20
420.1541622342143
 10
382.330325533248
 20
421.9521573208261
 10
371.3126864191772
 20
424.6101199163088
 10
357.1645690238698
 20
429.4149144651539
 10
337.400106
 20
438.19236
 10
332.1477667876613
 20
439.4380993291843
 10
319.23312501276064
 20
441.30590757457156
 10
316.535747
 20
442.1599749999999
 10
316.03768821222513
 20
442.7448049529596
 10
316.47311086832644
 20
443.9755742127759
 10
319.56027
 20
444.857598
 10
356.9215212568079
 20
447.5954734301835
 10
371.386121
 20
449.91982299999995
 10
376.136163
 20
451.760706
 10
378.344123
 20
453.882848
 10
380.1607598158026
 20
458.3924308233389
 10
380.84793930479464
 20
463.62259855348225
 10
381.3319583080549
 20
474.8125231344212
 10
383.041964
 20
480.586686
 10
385.00532150361715
 20
483.8673775879139
 10
388.9013043147118
 20
488.3129360287526
 10
394.439278
 20
493.031907
 10
396.62615803265226
 20
493.93722314998087
 10
398.06457197476914
 20
493.9573253745973
 10
399.874626
 20
493.334903
 10
403.250707
 20
491.023473
 10
406.5552156192882
 20
487.9034318355844
 10
407.22465133154486
 20
485.515975637435
 10
408.591762899
 20
484.767792297
 10
408.867685
 20
484.195105
 10
408.86238239981
 20
478.34807687203397
 10
408.310704498982
 20
474.997682739866
 10
407.11709153147865
 20
472.75954272862043
 10
395.87331292165896
 20
459.9931803024336
 10
392.1674209194391
 20
455.2395801324962
 10
392.0870060560064
 20
453.7074182398895
 10
393.30674541545
 20
451.55135813876
 10
394.7362989771584
 20
450.6901505245961
 10
396.390972
 20
450.472529
 10
408.48477609102935
 20
452.1539956555382
 10
421.65673299326
 20
455.74369655786495
 10
430.60328499999997
 20
459.18117399999994
 10
434.17050849589646
 20
460.88007487334824
 10
440.8776128966255
 20
465.0287678728607
 10
447.7713702882209
 20
470.9183294080169
 10
450.98640778247227
 20
474.88888902246543
 10
452.26536774425
 20
478.12541346706
 10
452.666915
 20
480.435078
 10
453.16562953619206
 20
492.341643250368
 10
453.97409533807576
 20
498.44171184557723
 10
455.824063
 20
502.865962
 10
457.717726789367
 20
505.35180898613
 10
460.087083
 20
507.389344
 10
463.703815327408
 20
509.673651116194
 10
471.172809
 20
513.252105
 10
474.209816018464
 20
513.880952884429
  0
LWPOLYLINE
  5
C1
330
17
100
AcDbEntity
  8
0
100
AcDbPolyline
 90
26
 70
1
 10
1107.75
 20
504.760301
 10
1111.3467210820618
 20
503.04296172063835
 10
1111.5681976388223
 20
502.19640476879135
 10
1111.195945
 20
501.64381399999996
 10
1107.253205
 20
499.521506
 10
1092.0
 20
493.6402129999999
 10
1082.742343527814
 20
490.4706798470522
 10
1076.2919721613282
 20
488.9104592533759
 10
1069.4314027613718
 20
487.9474218571706
 10
1051.62239
 20
486.417408
 10
1043.861836
 20
484.733017
 10
1036.803152
 20
481.66374600000006
 10
1014.597357
 20
468.338488
 10
1012.8677757259255
 20
468.0395080909595
 10
1011.8362101669646
 20
468.8806976241618
 10
1012.0958473052319
 20
470.9752860566502
 10
1013.91602
 20
473.847942
 10
1019.4461548477175
 20
479.10681325875436
 10
1024.5276439024992
 20
483.12935525983704
 10
1041.6649460873346
 20
495.29030385756147
 10
1048.7236874305754
 20
499.31622141349044
 10
1055.5701813002927
 20
502.2660817033552
 10
1065.0838713000226
 20
504.86814111542753
 10
1076.9015206013369
 20
506.42018959740403
 10
1096.8950535069469
 20
506.096282894264
 10
1103.5639836529047
 20
505.60763529842876
  0
LWPOLYLINE
  5
C2
330
17
100
AcDbEntity
  8
0
100
AcDbPolyline
 90
2
 70
1
 10
713.291049
 20
496.992809
 10
713.2910489999997
 20
496.9928089999998
  0
LWPOLYLINE
  5
C3
330
17
100
AcDbEntity
  8
0
100
AcDbPolyline
 90
21
 70
1
 10
1161.0
 20
498.95034
 10
1160.669121154049
 20
496.987989376797
 10
1159.713071
 20
495.242633
 10
1155.505496
 20
490.90458000000007
 10
1149.55407
 20
486.76763900000003
 10
1142.699864
 20
483.576826
 10
1129.6511965513182
 20
479.6268344765744
 10
1115.4176670000002
 20
476.5901860000001
 10
1110.7995677939991
 20
476.07769186645254
 10
1106.258371
 20
476.07752
 10
1104.6916700630532
 20
476.45120786164154
 10
1104.1361499195539
 20
477.20705128494257
 10
1104.441321412544
 20
480.09454383934394
 10
1105.689271
 20
481.8166499999999
 10
1111.100553
 20
485.633504
 10
1117.2258261795228
 20
488.4110972173216
 10
1124.637384368301
 20
490.71257773051695
 10
1139.6603330291302
 20
494.5252780764904
 10
1154.0450759079247
 20
499.06532901776484
 10
1159.4475511642363
 20
499.87982167349736
 10
1160.4880155212259
 20
499.765015723073
  0
LWPOLYLINE
  5
C4
330
17
100
AcDbEntity
  8
0
100
AcDbPolyline
 90
28
 70
1
 10
547.465489
 20
487.553975
 10
554.9996946673415
 20
482.4336624492855
 10
556.8038014411413
 20
480.5795790298418
 10
557.535766
 20
478.950624
 10
557.4361158311083
 20
477.4237157064373
 10
556.1974037310252
 20
474.26905960525926
 10
556.1063082281357
 20
471.77406943222434
 10
558.729521
 20
462.630275
 10
558.9291643417002
 20
457.9466893182239
 10
558.337676
 20
455.572512
 10
557.2788513075293
 20
453.96754891246536
 10
555.522512283181
 20
452.8379934982235
 10
553.445539657596
 20
452.2118369688525
 10
550.3852980979744
 20
452.29183678231357
 10
546.6713926900957
 20
453.49141648561886
 10
541.3780015377017
 20
456.1582085806765
 10
535.791663
 20
459.96566099999995
 10
533.0593492064335
 20
462.504543428416
 10
529.8572697285152
 20
466.993151493003
 10
528.442711665904
 20
470.2780501061145
 10
527.5361328245251
 20
473.99965726480235
 10
527.0
 20
480.084731
 10
527.3111280711599
 20
485.7412912672986
 10
528.569434607641
 20
489.30503397399
 10
531.0555358525351
 20
492.37574535639396
 10
533.098338
 20
492.883904
 10
537.5964284913482
 20
492.2424080799396
 10
542.6340312583301
 20
490.24100836674
  0
LWPOLYLINE
  5
C5
330
17
100
AcDbEntity
  8
0
100
AcDbPolyline
 90
37
 70
1
 10
791.335046
 20
482.0
 10
790.426404
 20
474.06944899999996
 10
788.795598
 20
466.933548
 10
786.663181
 20
461.208584
 10
784.201013
 20
457.836615
 10
781.084782
 20
455.598719
 10
775.0685330537073
 20
452.7318385627503
 10
754.9945351995508
 20
445.9654618903767
 10
747.7329474668355
 20
442.81173391128414
 10
745.0684143134741
 20
441.09578489104547
 10
742.014264
 20
438.206378
 10
737.550742240606
 20
430.91379380880403
 10
735.3183101231326
 20
428.61622394792437
 10
733.811031
 20
428.472987
 10
729.924445588152
 20
429.657999675738
 10
717.608239
 20
435.1172389999999
 10
710.5478151724914
 20
437.71772119253166
 10
705.386100470946
 20
439.01647747193175
 10
696.5314588270503
 20
440.54906327432786
 10
694.476477
 20
441.443304
 10
693.411179
 20
442.740462
 10
693.503291530836
 20
443.80936386964373
 10
694.575316064639
 20
444.7101044105945
 10
699.7663132208734
 20
445.26711844044667
 10
709.162445
 20
445.372572
 10
731.309845
 20
444.608564
 10
735.625931567236
 20
450.153422253862
 10
739.2457897166071
 20
457.6938551568005
 10
741.094031
 20
460.409414
 10
744.8482595782101
 20
464.1328864571107
 10
748.1808530333336
 20
466.45028112841544
 10
754.261786
 20
469.655657
 10
772.9410595675398
 20
477.20142045535806
 10
786.0658214190668
 20
484.1185556460487
 10
788.660774
 20
484.69074
 10
789.711933066945
 20
484.54320663137054
 10
790.9408831614725
 20
483.5420748193047
  0
LWPOLYLINE
  5
C6
330
17
100
AcDbEntity
  8
0
100
AcDbPolyline
 90
20
 70
1
 10
366.352972
 20
480.815101
 10
366.6964399646984
 20
478.5766584974345
 10
365.18285604348665
 20
474.74929269939184
 10
361.0141729165593
 20
468.8173146882539
 10
357.246503
 20
465.329776
 10
349.333664
 20
460.225895
 10
341.037727
 20
456.17886300000004
 10
338.151248625061
 20
455.297610818075
 10
335.147952
 20
455.0
 10
333.657802243416
 20
455.332408435662
 10
332.450196
 20
456.266608
 10
331.893965797136
 20
457.540919177284
 10
332.103223
 20
458.9155
 10
334.38946543326665
 20
462.6721102361405
 10
342.778651
 20
471.533777
 10
350.102117
 20
477.707725
 10
355.328304261466
 20
480.77845872052023
 10
360.00051389681704
 20
482.39913202745595
 10
363.9369052020478
 20
482.5743862123147
 10
365.69971537967723
 20
481.60993469566034
  0
LWPOLYLINE
  5
C7
330
17
100
AcDbEntity
  8
0
100
AcDbPolyline
 90
22
 70
1
 10
295.434898
 20
477.459015
 10
296.3901147044177
 20
475.64861218403024
 10
296.5721275250725
 20
474.01040459338503
 10
294.501179961678
 20
467.995051872023
 10
290.7268021500375
 20
462.409257328475
 10
285.21876260187855
 20
458.041745191582
 10
281.87094500000006
 20
456.311399
 10
274.933117992142
 20
453.6150373848855
 10
247.17038405417287
 20
444.7837308168122
 10
239.49490739155408
 20
443.11194185354765
 10
236.928477
 20
443.009961
 10
236.07245279479386
 20
443.5966332449265
 10
236.059491017381
 20
444.2058787272075
 10
236.88836422273664
 20
444.8165617583681
 10
242.00939804502403
 20
446.7565823274466
 10
245.093473
 20
448.879176
 10
246.90030613003503
 20
450.93709283251036
 10
253.33328299999997
 20
460.409099
 10
255.98272278155466
 20
462.8875548672775
 10
259.62248582313197
 20
465.27097293416404
 10
291.068869
 20
479.56278
 10
293.438265752506
 20
479.61641409119903
  0
LWPOLYLINE
  5
C8
330
17
100
AcDbEntity
  8
0
100
AcDbPolyline
 90
22
 70
1
 10
1169.317573
 20
478.614802
 10
1169.496589771808
 20
476.63791745090805
 10
1168.612004
 20
474.86094600000007
 10
1162.846715
 20
469.565603
 10
1154.742707
 20
464.397586
 10
1145.815897
 20
460.6348499999999
 10
1139.171967030771
 20
458.7906823513091
 10
1131.4110239924319
 20
457.30836406912
 10
1115.40806
 20
455.41335999999995
 10
1110.438459
 20
456.02031
 10
1108.054634
 20
457.075185
 10
1107.2876799148366
 20
457.9169134259075
 10
1107.1717254416649
 20
459.0501524096885
 10
1107.8961563202522
 20
460.25044284600597
 10
1112.6924009126406
 20
464.19855183331805
 10
1118.9708528265712
 20
467.404161345058
 10
1126.3359861445686
 20
470.24795127451694
 10
1131.8485981118854
 20
471.819757716441
 10
1152.5348377143448
 20
476.300993159805
 10
1164.6401351833993
 20
479.69669518993965
 10
1167.5024871294636
 20
479.81143621643344
 10
1168.6788422620118
 20
479.4072191211987
  0
LWPOLYLINE
  5
C9
330
17
100
AcDbEntity
  8
0
100
AcDbPolyline
 90
21
 70
1
 10
739.550222
 20
475.91874
 10
739.6807958205261
 20
474.650969990252
 10
738.9163865953026
 20
473.5755700646817
 10
734.4968562208502
 20
469.65719809203154
 10
730.6501904838549
 20
467.4811878772082
 10
721.618593
 20
463.440935
 10
702.9946118198515
 20
457.08023867281497
 10
670.762003159425
 20
445.132876208525
 10
666.3358535135827
 20
444.278279005684
 10
663.185101
 20
444.452164
 10
661.1323687821816
 20
445.5649420958077
 10
660.3532763599155
 20
446.87002550698304
 10
660.4338681270808
 20
448.2942479493894
 10
662.4118939236964
 20
450.652957858197
 10
665.8640429617683
 20
453.049868429342
 10
669.1519734320308
 20
454.749932766579
 10
702.2173785861303
 20
466.53631711522365
 10
724.5938234529921
 20
475.99268522954094
 10
728.0874533936437
 20
476.72069946191596
 10
732.529630647515
 20
476.87366851911486
 10
738.378251
 20
476.628867
  0
LWPOLYLINE
  5
CA
330
17
100
AcDbEntity
  8
0
100
AcDbPolyline
 90
19
 70
1
 10
1070.895717
 20
476.085612
 10
1071.6217865295162
 20
475.135340875848
 10
1071.555661
 20
473.941264
 10
1070.0410736564897
 20
471.58993961208023
 10
1068.2655518853653
 20
470.00280903109376
 10
1063.1122730821608
 20
466.8980636296167
 10
1054.8068964708182
 20
463.91204470539594
 10
1043.7205627042117
 20
462.03498923482215
 10
1031.63733
 20
461.01109299999996
 10
1027.573931
 20
461.784361
 10
1025.235335147112
 20
463.496591419606
 10
1025.3800392148196
 20
464.50854281603154
 10
1026.175796
 20
465.43286199999994
 10
1031.6714266634629
 20
468.72432598424825
 10
1036.7028978615247
 20
470.99131654056174
 10
1045.8279600579272
 20
473.873985025201
 10
1055.5695742487378
 20
476.06410369763177
 10
1064.99409
 20
477.449791
 10
1068.0610435612546
 20
477.27013946545856
  0
LWPOLYLINE
  5
CB
330
17
100
AcDbEntity
  8
0
100
AcDbPolyline
 90
16
 70
1
 10
501.0
 20
472.648314
 10
500.1303795530611
 20
469.0016593947915
 10
497.459247634635
 20
465.5826741929475
 10
493.46333161727335
 20
462.59473153558076
 10
488.271492
 20
460.186407
 10
481.8756149670448
 20
458.42294058705454
 10
472.44089299999996
 20
457.18801799999994
 10
462.87882604912
 20
457.31044573059194
 10
460.157678
 20
457.64144699999997
 10
459.08738108482294
 20
458.5025129619806
 10
459.249854
 20
459.390918
 10
464.004286672316
 20
461.76134840553595
 10
493.474709
 20
474.953821
 10
496.897682493494
 20
475.905633892395
 10
499.9062168086798
 20
475.84557136429476
 10
500.8631210134006
 20
474.87303275642927
  0
LWPOLYLINE
  5
CC
330
17
100
AcDbEntity
  8
0
100
AcDbPolyline
 90
22
 70
1
 10
191.84563
 20
471.131681
 10
209.22214209500999
 20
460.83100043699096
 10
214.10659394755703
 20
457.5804480006778
 10
215.46607399473243
 20
456.21859617779734
 10
216.74390261772248
 20
453.08626550970996
 10
216.77984360061748
 20
450.019936402162
 10
215.55543538149558
 20
445.82958193559625
 10
213.38725093394365
 20
442.30580405740176
 10
211.855636
 20
441.681223
 10
208.6058365552254
 20
441.7024541959963
 10
206.3569674648391
 20
442.2256376097971
 10
202.09492407416403
 20
444.21663231352
 10
192.683927
 20
450.327449
 10
188.90486462959177
 20
453.7039602357487
 10
186.33580468326207
 20
456.6502506405091
 10
183.9883333654919
 20
460.40477730991284
 10
182.51931519175787
 20
464.1538429374596
 10
182.2726394931021
 20
467.73961877534236
 10
182.576813
 20
469.527825
 10
183.8696276472515
 20
471.6272656617585
 10
186.13019
 20
472.611582
 10
189.1225388138215
 20
472.39157364996
  0
LWPOLYLINE
  5
CD
330
17
100
AcDbEntity
  8
0
100
AcDbPolyline
 90
65
 70
1
 10
1219.5
 20
460.898689
 10
1228.0338097718304
 20
459.49876528648423
 10
1235.0211780110706
 20
457.59468882286643
 10
1238.232263312125
 20
456.188371281201
 10
1238.742119
 20
455.324653
 10
1238.61270550054
 20
454.4937599553168
 10
1233.7953010488563
 20
451.78539389872697
 10
1224.61751966458
 20
448.529708569668
 10
1207.742751822168
 20
441.440377183288
 10
1197.257093000644
 20
437.7636374521001
 10
1187.770981
 20
435.606398
 10
1182.1666235455
 20
434.97235596695
 10
1176.52711
 20
434.890388
 10
1168.5700923724835
 20
435.8561457841512
 10
1156.4303082034562
 20
438.85910901777555
 10
1148.833390583714
 20
440.285965371092
 10
1145.8080256812075
 20
440.68512062046585
 10
1144.65669852421
 20
439.8645538820357
 10
1144.96907
 20
439.319364
 10
1151.432026049716
 20
436.580006820792
 10
1170.6256456104081
 20
430.96163041844
 10
1185.2547629283704
 20
425.48301280576294
 10
1193.3529786687297
 20
421.25137379961564
 10
1197.219808
 20
418.808787
 10
1203.3149297512914
 20
414.0979225290965
 10
1208.722739
 20
408.611726
 10
1210.8765410959652
 20
405.8674231345995
 10
1214.3878114882734
 20
399.8631068925777
 10
1216.23836912208
 20
395.111839016552
 10
1217.7376721885967
 20
387.8788897035969
 10
1217.941735
 20
379.278753
 10
1217.3401013761318
 20
377.4295029401695
 10
1215.177582
 20
377.0
 10
1209.7606130404388
 20
378.5810216553055
 10
1198.3013994120645
 20
384.0592342858585
 10
1181.2537196716144
 20
391.2898693272369
 10
1175.1211690543614
 20
394.14304467706114
 10
1168.075813
 20
398.24115
 10
1162.6479480528817
 20
402.4488082618468
 10
1159.21198414061
 20
405.86656005857037
 10
1145.9424697268191
 20
422.629344897331
 10
1142.3553248751145
 20
426.43880835823654
 10
1135.44359417752
 20
431.551061876144
 10
1127.2514064534123
 20
435.20439541419984
 10
1117.5089203839864
 20
437.89403000175656
 10
1110.83232164948
 20
438.94425876320753
 10
1061.425845555526
 20
442.593280471335
 10
1036.5413551719143
 20
445.444899378284
 10
1012.529632
 20
449.31577
 10
978.6768909999998
 20
451.67856300000005
 10
972.5509779681681
 20
453.041435501483
 10
970.3286321857954
 20
454.00684802441253
 10
970.0051634452559
 20
454.891339696448
 10
970.847688
 20
455.777753
 10
975.8834627116
 20
456.486855614216
 10
988.4364267996764
 20
456.84896609618374
 10
1022.7908035339956
 20
454.65915430107987
 10
1072.7368781781456
 20
450.46417864411484
 10
1099.6998309999997
 20
449.454376
 10
1124.798003812616
 20
449.25301019674225
 10
1136.5460544220794
 20
449.9447849061249
 10
1146.6012250195151
 20
451.40743471320724
 10
1183.398115
 20
459.621075
 10
1192.684210133001
 20
461.1868054778567
 10
1204.0322577604938
 20
461.944259448988
  0
LWPOLYLINE
  5
CE
330
17
100
AcDbEntity
  8
0
100
AcDbPolyline
 90
95
 70
1
 10
953.468991
 20
454.050173
 10
953.595528610431
 20
453.00533989010097
 10
952.881532
 20
452.232102
 10
944.1798826016717
 20
449.4327112457536
 10
893.0724889999998
 20
438.537263
 10
876.4263746864083
 20
434.0450905777858
 10
869.162768
 20
431.429315
 10
866.784607700101
 20
430.120459654884
 10
864.434333951936
 20
427.5557601235879
 10
864.4916000054675
 20
426.3677695431193
 10
865.239367
 20
425.448251
 10
870.860129
 20
422.94973
 10
880.627288
 20
421.186362
 10
893.0
 20
420.60566399999993
 10
904.3991590441816
 20
421.0765259808273
 10
909.683091
 20
421.981761
 10
915.1481447646452
 20
423.59070716467676
 10
939.1942173369918
 20
433.58419782749877
 10
946.7642065401052
 20
436.2411174238913
 10
957.675671
 20
439.172704
 10
968.8012254791489
 20
441.0880050678261
 10
981.0125779328874
 20
442.11186112085
 10
992.3499604840565
 20
442.37320583642816
 10
1004.3556793022781
 20
442.045222646934
 10
1010.7872698793569
 20
440.77064681090894
 10
1012.2631453890655
 20
440.02871170426306
 10
1012.911416302863
 20
439.01475367365714
 10
1012.528938221353
 20
436.9574623427596
 10
1006.056231802642
 20
431.17422844837773
 10
996.0265879999998
 20
422.7611199999999
 10
990.2878835424569
 20
418.92699109225214
 10
984.147944493663
 20
416.76012364379955
 10
972.071855331566
 20
413.99221531548403
 10
972.1558303945278
 20
413.2633740075453
 10
972.925369
 20
412.858267
 10
985.748892719437
 20
413.1243480542895
 10
996.7204438562845
 20
413.9131208091675
 10
1008.088119927327
 20
416.41619883092653
 10
1013.4133290005649
 20
418.3975804850057
 10
1030.403998
 20
426.0992989999999
 10
1042.1955077789992
 20
429.6452634035614
 10
1055.276801776451
 20
431.72901604816104
 10
1061.705505300441
 20
432.2472076150409
 10
1064.5220119291757
 20
432.10334504869684
 10
1065.587242
 20
431.399071
 10
1065.7417634093501
 20
430.4709004337425
 10
1063.0315577159429
 20
428.2258190858745
 10
1035.6612730501504
 20
418.31347639392703
 10
1030.444359
 20
416.105456
 10
1030.0314435087148
 20
415.63741881954587
 10
1030.1157514104275
 20
415.0272564939286
 10
1035.766195046158
 20
412.470769933306
 10
1056.3475244467388
 20
404.92430532072143
 10
1060.4250842114857
 20
402.89766632595826
 10
1066.2491826384285
 20
399.2745180932555
 10
1074.501360471816
 20
392.574630164432
 10
1094.9334787636005
 20
373.57838965448354
 10
1096.4691598768707
 20
370.8337120097291
 10
1095.3549896969184
 20
369.1925029065245
 10
1093.700372
 20
368.469257
 10
1080.6429106701876
 20
367.1678231979462
 10
1069.1428702159585
 20
367.2050468947366
 10
1047.5
 20
369.94382199999995
 10
1038.563496
 20
371.609899
 10
1033.547082711156
 20
373.208035104578
 10
1028.35106909984
 20
375.75265486976
 10
1010.112652390633
 20
388.25417141598155
 10
1002.0079906381919
 20
393.1625935231435
 10
993.4789797438071
 20
397.36851754537764
 10
984.5994575651052
 20
400.8440834455124
 10
968.9434865203119
 20
405.198575446928
 10
957.665981
 20
407.36763
 10
934.3111893442491
 20
410.6025993697439
 10
918.0229019757439
 20
412.256457508518
 10
899.245260309034
 20
413.2750406797751
 10
879.0536088824421
 20
413.73212915147315
 10
862.133264900234
 20
413.54663739871205
 10
850.803775141583
 20
412.65166757965306
 10
832.9643290351378
 20
409.86921129686476
 10
812.5718221615535
 20
405.27039515147254
 10
795.650815
 20
400.63629199999997
 10
756.914207619788
 20
388.67245926989
 10
754.0856549512055
 20
388.44906374596997
 10
752.023537
 20
389.10800800000004
 10
749.084842
 20
391.40657200000004
 10
746.6920505833302
 20
394.4217650938117
 10
747.084842
 20
395.42599900000005
 10
825.2753393314713
 20
423.23200200856644
 10
853.7217565318165
 20
432.87081246294235
 10
884.5134210062411
 20
442.364547001726
 10
903.524645706884
 20
447.455605413124
 10
932.1522038990021
 20
452.921650285111
 10
941.411341142364
 20
454.283223289088
 10
948.6453085462285
 20
454.870091341155
 10
952.2794896276977
 20
454.917261324225
  0
LWPOLYLINE
  5
CF
330
17
100
AcDbEntity
  8
0
100
AcDbPolyline
 90
24
 70
1
 10
134.405482
 20
443.75
 10
136.28484571289
 20
435.80958374296796
 10
137.655492
 20
432.0875
 10
139.34215422840998
 20
428.84318107866
 10
146.05146081187576
 20
419.0696739760687
 10
147.91807244019884
 20
413.65738913658794
 10
147.61309899999998
 20
410.449002
 10
146.03652152562017
 20
407.8712097758893
 10
142.270064
 20
405.511263
 10
139.550858
 20
404.736131
 10
137.30757102838916
 20
404.7005231577918
 10
133.66757798215454
 20
405.41071027790514
 10
127.875561
 20
407.828795
 10
125.20819095753706
 20
409.8499610138646
 10
122.502272971265
 20
412.6334023072675
 10
120.81108323511249
 20
414.7754306313475
 10
120.15552470767351
 20
416.5986019956315
 10
120.68672854205744
 20
424.5164352741631
 10
121.94959379853337
 20
428.9981022255937
 10
123.4663462807885
 20
432.38290257988604
 10
127.28507802425638
 20
438.49134038847626
 10
131.18221257665124
 20
443.5093525057478
 10
133.061930406704
 20
444.781044547192
 10
133.8972920025465
 20
444.50926336247994
  0
LWPOLYLINE
  5
D0
330
17
100
AcDbEntity
  8
0
100
AcDbPolyline
 90
74
 70
1
 10
302.309409
 20
438.609314
 10
308.81815148672655
 20
434.9302481892766
 10
313.3842394281673
 20
431.3895226738263
 10
326.52234579065055
 20
417.7420618011196
 10
331.50058383197404
 20
413.6502195770826
 10
334.71204
 20
412.131911
 10
350.37094917860895
 20
406.8323199008764
 10
357.5004834119047
 20
404.7186769147173
 10
367.7468936293593
 20
402.3244860032063
 10
380.81346697228696
 20
397.35974329396066
 10
387.166262
 20
394.048504
 10
391.5069968979217
 20
391.03482776548987
 10
391.9422061981263
 20
390.1720438784721
 10
391.8931127022176
 20
388.9681653285862
 10
390.496936
 20
387.430837
 10
387.1193540304823
 20
386.45200762287953
 10
384.189365012883
 20
386.1672501273742
 10
376.54516092214186
 20
386.5177533507749
 10
364.02611716251124
 20
388.62214936893025
 10
359.595813692225
 20
389.7975847313125
 10
355.8067360733234
 20
391.33654944093746
 10
322.91894760627804
 20
412.2202141857331
 10
303.480464574121
 20
427.8876002713104
 10
299.433250826759
 20
430.1335709429176
 10
295.0974305722547
 20
431.8285355224715
 10
288.243898
 20
433.271901
 10
278.6921799992918
 20
433.9288348920293
 10
266.575065
 20
433.766758
 10
259.435864
 20
433.06091
 10
251.797928
 20
431.58751499999994
 10
240.99999999999994
 20
428.8460160000001
 10
232.22345145410497
 20
426.18994769366896
 10
223.62230099999996
 20
423.0114709999999
 10
215.055729713632
 20
419.263973897504
 10
206.715247
 20
415.03712800000005
 10
198.97505147387102
 20
410.535415731497
 10
191.512529
 20
405.587002
 10
185.18055111097198
 20
400.7116871230885
 10
179.271798
 20
395.331234
 10
175.44632131184937
 20
391.143075465027
 10
169.77772048599664
 20
383.5544430501618
 10
162.53223985033756
 20
372.4526761577938
 10
161.5362656603653
 20
368.1658818044446
 10
156.9120735782314
 20
358.40865826030773
 10
155.835115198049
 20
354.6312399359175
 10
154.22627835700627
 20
353.5747834433321
 10
153.415272
 20
350.965246
 10
150.49805021851242
 20
347.2891443684763
 10
147.4694339762
 20
344.496868743495
 10
144.65311100536002
 20
343.60505435624
 10
142.954475
 20
343.846522
 10
141.28283259984
 20
344.64209335716004
 10
138.609091701056
 20
347.6509761306565
 10
137.738084
 20
349.674306
 10
137.0465236348202
 20
353.3027769997807
 10
137.111024383652
 20
356.578480128896
 10
137.83680407747912
 20
360.3332456325153
 10
141.15055799999993
 20
372.655317
 10
142.766348
 20
374.457136
 10
143.309375
 20
376.94634
 10
147.21127323048114
 20
385.00489134928745
 10
155.20177742472842
 20
395.3273055868327
 10
161.92583013897953
 20
402.3193222702397
 10
165.633309
 20
405.459664
 10
174.7796292669325
 20
412.05952576193
 10
184.46617699999996
 20
417.837427
 10
201.79142069706816
 20
425.9142722827434
 10
214.39112577815632
 20
430.38752729489636
 10
227.82916613483462
 20
434.2663287804987
 10
246.492032
 20
438.32729399999994
 10
268.56232794775
 20
441.7997664209979
 10
282.85491119927
 20
442.66064570515596
 10
293.3492493056681
 20
441.99910137284564
 10
296.7455153169931
 20
441.0599548895871
  0
LWPOLYLINE
  5
D1
330
17
100
AcDbEntity
  8
0
100
AcDbPolyline
 90
21
 70
1
 10
643.917532
 20
438.599367
 10
644.3798985403838
 20
437.7500455237894
 10
644.245410404134
 20
435.91774883160076
 10
637.891612903535
 20
430.46010856377546
 10
627.5520512672498
 20
423.92478081163415
 10
618.1573677803719
 20
419.28520787402806
 10
597.679263
 20
411.337469
 10
534.7060449999979
 20
389.698343
 10
505.9401816435872
 20
380.22631383322596
 10
497.5323769999998
 20
377.7660399999999
 10
491.99221090435924
 20
376.5967626219863
 10
482.411428
 20
376.101093
 10
462.5
 20
377.5
 10
494.7316579999999
 20
387.39027
 10
519.502059612728
 20
395.8362665151901
 10
552.4301819999998
 20
408.2313079999999
 10
622.562433
 20
435.489156
 10
631.724716
 20
438.367115
 10
637.709766
 20
439.67240000000004
 10
641.673852
 20
439.779704
 10
642.9134170418746
 20
439.41331677768
  0
LWPOLYLINE
  5
D2
330
17
100
AcDbEntity
  8
0
100
AcDbPolyline
 90
23
 70
1
 10
1382.986667
 20
432.003971
 10
1387.801208
 20
430.202133
 10
1392.727815
 20
427.62986200000006
 10
1397.005091
 20
424.758081
 10
1399.8677662919997
 20
421.8745975574391
 10
1402.3030499703011
 20
417.59256041801336
 10
1407.1694572512433
 20
406.7592181103167
 10
1408.73314285281
 20
400.28312307784
 10
1408.4232799892875
 20
398.11091179370345
 10
1407.679854
 20
397.752462
 10
1405.7204529400449
 20
397.9532821745749
 10
1391.451454767537
 20
404.7348948000569
 10
1374.4394391550263
 20
410.8221336280739
 10
1369.4601119028541
 20
413.9499982577222
 10
1363.714445
 20
419.37362699999994
 10
1362.70625
 20
422.587645
 10
1361.5203268849937
 20
424.19794370114295
 10
1361.018370231557
 20
426.850872154642
 10
1361.2913201907552
 20
429.942798816188
 10
1363.045397552658
 20
432.003295711384
 10
1366.3063362669875
 20
433.40911631339355
 10
1370.690154011527
 20
433.8797941773347
 10
1375.9093575614877
 20
433.5604856850243
  0
LWPOLYLINE
  5
D3
330
17
100
AcDbEntity
  8
0
100
AcDbPolyline
 90
2
 70
1
 10
1125.369046
 20
422.090099
 10
1125.369046
 20
422.09009900000007
  0
LWPOLYLINE
  5
D4
330
17
100
AcDbEntity
  8
0
100
AcDbPolyline
 90
25
 70
1
 10
685.726361
 20
422.873639
 10
686.2062623518738
 20
421.51731667849555
 10
684.8281142922103
 20
418.7580750767908
 10
679.3044928134174
 20
412.85819183306916
 10
663.1134359999999
 20
399.9667249999999
 10
653.9203480000001
 20
394.241082
 10
644.255357
 20
390.079393
 10
614.9440340057453
 20
380.9945553683591
 10
595.4721264641751
 20
372.2794900398701
 10
592.1313687127999
 20
371.52863470679205
 10
590.5658811785817
 20
371.85573290487525
 10
590.0698264756908
 20
372.4959471576878
 10
590.1487525123425
 20
373.38276270113744
 10
592.1039256215088
 20
375.2235388329317
 10
609.223376
 20
390.019313
 10
618.949659417752
 20
401.8633978514517
 10
623.9966158443025
 20
407.0692257067159
 10
630.918952
 20
413.344918
 10
634.60082
 20
415.791318
 10
639.134041
 20
417.673009
 10
646.190773
 20
419.79454
 10
660.5
 20
422.90096
 10
667.791209
 20
423.630227
 10
676.034513
 20
423.86407599999995
 10
683.753544
 20
423.72998
  0
LWPOLYLINE
  5
D5
330
17
100
AcDbEntity
  8
0
100
AcDbPolyline
 90
59
 70
1
 10
76.573321
 20
418.95805
 10
77.79596268587431
 20
418.22166571501316
 10
82.49976645713129
 20
414.6121859948746
 10
88.62792436842949
 20
408.2946207322025
 10
95.00759273984369
 20
399.9301651401738
 10
100.40713600000002
 20
391.650885
 10
110.13952
 20
374.89412200000004
 10
118.82382199999999
 20
357.961453
 10
121.92361299999999
 20
349.64557600000006
 10
127.36142111120279
 20
337.77651686269985
 10
134.5427968931978
 20
319.0154750090386
 10
139.35195324121614
 20
300.3096224602862
 10
140.35476788664047
 20
286.52248268542314
 10
141.16331281912798
 20
261.88683269913
 10
141.89109563258393
 20
257.4004127961651
 10
143.52652
 20
254.565885
 10
145.27113709287548
 20
253.20580546822669
 10
148.40246632589898
 20
252.15267818639956
 10
151.2179667524175
 20
251.9143625991725
 10
154.25954017221454
 20
252.19689939812133
 10
196.1319635392652
 20
264.5721033930269
 10
202.3476569647176
 20
266.0089719770173
 10
210.359251
 20
266.825477
 10
214.47907001115
 20
266.6138571182
 10
218.521791
 20
265.792822
 10
223.4893711597306
 20
263.4902226191976
 10
225.753763255
 20
261.66487828875
 10
227.21548225083603
 20
259.9000823208009
 10
227.78734856542565
 20
258.3724742280263
 10
228.0
 20
255.805011
 10
227.590364499318
 20
252.95771110846
 10
226.39468
 20
250.341367
 10
221.544439
 20
244.616788
 10
212.02310000000006
 20
237.02932000000007
 10
186.19749425786992
 20
219.23317508994995
 10
177.0857778009473
 20
211.61360240816342
 10
172.22403337013264
 20
206.4874406931641
 10
168.2663628617215
 20
201.36028523922903
 10
164.023705
 20
193.634797
 10
162.51929946313348
 20
188.891088831736
 10
161.85825987166695
 20
182.08869453838267
 10
161.1363297637022
 20
179.44806803898425
 10
159.64712063126308
 20
177.59551643403813
 10
157.10292030277492
 20
175.49509737120434
 10
145.66897213211257
 20
169.55454009276713
 10
129.27754292638218
 20
162.07688056241918
 10
72.01685999999995
 20
139.13584399999993
 10
69.23988798663547
 20
138.0645283232113
 10
68.37619172545705
 20
138.1203151722704
 10
68.059276
 20
138.715597
 10
68.63315100000182
 20
309.28047499995546
 10
71.13371399999994
 20
332.7465790000004
 10
71.76867956429301
 20
345.22636652165846
 10
71.07819261455855
 20
353.5282667799335
 10
68.38392105372061
 20
366.71326427785897
 10
67.9324400000005
 20
419.47442900000226
 10
68.720097
 20
421.386763
 10
70.3745409908
 20
421.871891128175
 10
72.534734320148
 20
421.15640320372944
  0
LWPOLYLINE
  5
D6
330
17
100
AcDbEntity
  8
0
100
AcDbPolyline
 90
25
 70
1
 10
267.716324
 20
409.0
 10
267.474583
 20
408.140051
 10
264.73996414292253
 20
405.27633170634
 10
254.4827562053755
 20
396.48461378640826
 10
239.76129099999997
 20
381.608018
 10
235.442579
 20
378.126904
 10
230.702416
 20
375.627619
 10
217.170703
 20
370.697297
 10
207.65585886319795
 20
366.49741833243235
 10
204.7937233184311
 20
366.2422162525985
 10
202.8712179861779
 20
367.7000810956157
 10
202.61187427630114
 20
369.11154368572943
 10
203.198199028291
 20
371.399273042419
 10
205.500665
 20
374.689174
 10
211.3358455461055
 20
387.56710470407097
 10
214.167891
 20
392.675869
 10
218.37575645328067
 20
397.95786886398076
 10
223.9685511301445
 20
402.1918086717975
 10
228.24834
 20
404.289994
 10
234.563700759689
 20
406.59875834026
 10
241.0
 20
408.545095
 10
247.06594727365703
 20
409.85816234081267
 10
255.81304636451847
 20
410.72801355128445
 10
263.9716140644161
 20
410.7190454482395
 10
266.57735185013513
 20
410.46231425948406
  0
LWPOLYLINE
  5
D7
330
17
100
AcDbEntity
  8
0
100
AcDbPolyline
 90
20
 70
1
 10
867.473679
 20
395.042588
 10
867.4797187854468
 20
394.2492415829894
 10
866.7769818377589
 20
393.6542606895102
 10
861.224966
 20
390.76121
 10
833.8258041183169
 20
379.326787004434
 10
818.9200367000899
 20
374.30154187732774
 10
808.4177149999998
 20
372.99502400000006
 10
770.7996939999999
 20
370.456133
 10
762.7474667946636
 20
369.0266663936018
 10
761.429679
 20
369.089244
 10
760.9160990768466
 20
369.5425265606516
 10
761.1193450097292
 20
370.9291592389184
 10
761.9181611469894
 20
372.22800439924373
 10
769.52880984172
 20
377.50147307095995
 10
791.0959934934499
 20
389.2542272502076
 10
795.6991575374443
 20
391.1907273497449
 10
800.267096
 20
392.578209
 10
809.9916079941519
 20
394.2237386329212
 10
826.9255617454064
 20
395.51085512127946
 10
866.079476
 20
395.82209299999977
  0
LWPOLYLINE
  5
D8
330
17
100
AcDbEntity
  8
0
100
AcDbPolyline
 90
32
 70
1
 10
980.0
 20
393.347409
 10
969.0140629999999
 20
381.42799
 10
960.9492718788407
 20
371.55120133995683
 10
956.053729
 20
366.723896
 10
950.759152818691
 20
362.9352552866635
 10
945.016482
 20
359.867998
 10
937.1518160808624
 20
356.583111425527
 10
929.1063039999999
 20
353.770073
 10
913.9268792306129
 20
349.57038881432914
 10
902.6268544605972
 20
347.1585105886076
 10
890.2244205155027
 20
344.9006383786084
 10
860.499179630167
 20
340.397206461433
 10
837.0611794922544
 20
338.9362460159498
 10
811.4319559999994
 20
338.58774900000003
 10
809.2599454776614
 20
339.01831006095097
 10
807.2928590158915
 20
340.466392327886
 10
807.5212666300233
 20
341.01187059606553
 10
808.3889946485097
 20
341.23901817700295
 10
813.8641390343851
 20
341.90571511184305
 10
842.5781099759612
 20
343.49395916467944
 10
856.3496636805996
 20
344.64437031388024
 10
870.6437439625776
 20
346.91363914929246
 10
880.2400619999999
 20
349.3841
 10
895.9553513055755
 20
354.9949163181123
 10
907.2292341139777
 20
360.62288363074407
 10
916.7027969999999
 20
366.8180469999999
 10
935.337388871269
 20
380.8716429933047
 10
944.6447458515054
 20
386.15704752398346
 10
953.887664
 20
389.66672099999994
 10
963.8524033466184
 20
392.22540633806295
 10
978.868589
 20
394.36872800000003
 10
979.661268349284
 20
394.10950875499606
  0
LWPOLYLINE
  5
D9
330
17
100
AcDbEntity
  8
0
100
AcDbPolyline
 90
25
 70
1
 10
1328.8
 20
390.8
 10
1329.91172
 20
386.985041
 10
1331.752129
 20
362.352946
 10
1331.366774
 20
359.395372
 10
1329.9260795413234
 20
354.27246196595206
 10
1327.0593829646334
 20
348.88136071215143
 10
1322.6251737691687
 20
343.7212829261287
 10
1318.188699
 20
339.906926
 10
1293.0516403434192
 20
323.1472163752995
 10
1286.0530348681011
 20
319.5330782766938
 10
1282.067626
 20
319.164985
 10
1280.4030152641099
 20
319.881888082873
 10
1279.397033
 20
321.389495
 10
1279.0102546412195
 20
324.9927412452852
 10
1280.866447
 20
335.671231
 10
1282.9393586648466
 20
351.3256404612035
 10
1285.269889
 20
361.110755
 10
1288.7703624457163
 20
368.6836751395001
 10
1292.182454738995
 20
373.2376117005782
 10
1296.3462205640244
 20
377.2683551154173
 10
1301.7347226918648
 20
381.0959736936209
 10
1308.1143519358386
 20
384.8692565993256
 10
1316.892315617068
 20
389.15583602071376
 10
1322.2344469509776
 20
391.2448355935036
 10
1326.617099
 20
391.812382
  0
LWPOLYLINE
  5
DA
330
17
100
AcDbEntity
  8
0
100
AcDbPolyline
 90
19
 70
1
 10
737.907811
 20
387.450978
 10
739.570748597775
 20
384.1267604824
 10
738.8536448915199
 20
382.75827339993
 10
737.2334425906156
 20
382.02474840624836
 10
702.0365590043359
 20
371.8321802325856
 10
669.8078072251861
 20
363.8161714614793
 10
655.857213560349
 20
361.1360866212555
 10
638.1203009999999
 20
358.957173
 10
617.075374102702
 20
358.01263625597704
 10
612.730529691357
 20
358.19451806552354
 10
611.1890727965392
 20
358.7425646379258
 10
611.6750093604869
 20
359.84107442279003
 10
612.459678
 20
360.298376
 10
624.649143440338
 20
363.598612758302
 10
658.131039
 20
370.26841799999994
 10
687.7793178275597
 20
377.5008809337518
 10
711.0098214335487
 20
383.94795967607394
 10
732.4600140832976
 20
390.60615103398936
 10
735.175163928585
 20
390.3878708190625
  0
LWPOLYLINE
  5
DB
330
17
100
AcDbEntity
  8
0
100
AcDbPolyline
 90
2
 70
1
 10
1170.311925
 20
385.53186
 10
1170.311925
 20
385.53186000000005
  0
LWPOLYLINE
  5
DC
330
17
100
AcDbEntity
  8
0
100
AcDbPolyline
 90
17
 70
1
 10
184.812326
 20
377.565501
 10
184.71411757427282
 20
374.3266151886771
 10
183.65093032512544
 20
370.05188612248605
 10
182.1395359359745
 20
366.86742058044604
 10
180.01454785583599
 20
363.7478138171644
 10
176.65142255373343
 20
359.98442149216083
 10
173.35138088871247
 20
357.25806448057153
 10
170.6251786475983
 20
356.3483465326917
 10
168.387726
 20
357.093179
 10
167.57884143318222
 20
358.2601470281988
 10
167.40565393139354
 20
359.3029202313625
 10
168.13140553398
 20
362.5793750767275
 10
174.65839274776198
 20
373.03871173916644
 10
179.0802519903316
 20
381.03699668497137
 10
181.24144026921493
 20
382.71410741926474
 10
183.488353
 20
382.404698
 10
184.4207100106825
 20
380.95240591537754
  0
LWPOLYLINE
  5
DD
330
17
100
AcDbEntity
  8
0
100
AcDbPolyline
 90
41
 70
1
 10
331.0
 20
377.012545
 10
330.449309
 20
375.920718
 10
324.43237377413095
 20
371.9613938836447
 10
319.371645
 20
369.37342
 10
316.208243
 20
368.419138
 10
305.44391955140776
 20
367.49568750936726
 10
262.259257
 20
366.5
 10
241.34356806671093
 20
356.13193602440896
 10
229.88077685094214
 20
350.93885449439233
 10
219.50920699999992
 20
347.306456
 10
192.55257683423795
 20
339.331688405721
 10
180.499778676338
 20
334.45950220503005
 10
174.55611524271828
 20
330.80556904900476
 10
168.12869800000004
 20
325.061447
 10
162.988208
 20
319.53921
 10
157.14009447964358
 20
311.74871864250474
 10
154.31750703218546
 20
308.78218220111006
 10
153.02541084951477
 20
308.27243059632303
 10
151.91628483739322
 20
308.3597518428151
 10
150.91930424915313
 20
308.8774728222843
 10
149.9944
 20
310.256311
 10
149.04422468394625
 20
316.1349191524075
 10
149.69588409228803
 20
323.34342152478393
 10
151.73363727173242
 20
330.60697195024835
 10
153.86857875687184
 20
334.6649503310411
 10
156.43699112723434
 20
337.9647100727961
 10
160.808173
 20
341.521995
 10
167.24341969440778
 20
344.9348364958437
 10
172.33988403767785
 20
346.98761464212555
 10
178.16286060254913
 20
348.89584020048244
 10
188.5312884837075
 20
351.4642156177
 10
215.72105414133
 20
356.7196999812025
 10
229.2165520987346
 20
359.8283751147154
 10
241.52017906041863
 20
364.73131375054464
 10
255.3993510553181
 20
371.929221369935
 10
261.82065308341384
 20
373.779625899216
 10
272.592356
 20
374.653233
 10
306.3318019999999
 20
374.335127
 10
312.6022930457608
 20
375.04907272092424
 10
325.96618684339865
 20
377.70736025792274
 10
330.224093
 20
377.838915
  0
LWPOLYLINE
  5
DE
330
17
100
AcDbEntity
  8
0
100
AcDbPolyline
 90
26
 70
1
 10
371.644665
 20
374.884724
 10
377.623411
 20
372.590545
 10
383.242503
 20
369.516653
 10
387.2299279762659
 20
366.6879497362914
 10
392.21025533163225
 20
362.2385645399831
 10
396.229
 20
357.623827
 10
397.81978158452654
 20
354.38397466561065
 10
397.4238962400595
 20
351.9738205660425
 10
396.5661389685509
 20
351.2332534846969
 10
395.1899575662245
 20
350.7873797564305
 10
364.2687382538138
 20
346.4141902004977
 10
354.10590322880256
 20
345.45997602029246
 10
349.487811
 20
345.436309
 10
343.886625682159
 20
348.2289221771985
 10
334.271362
 20
355.273681
 10
327.918247807493
 20
359.2214863215543
 10
325.49908899431244
 20
361.2599494223772
 10
324.74693542438837
 20
362.7109960409985
 10
324.8214461283494
 20
364.331007620482
 10
325.9209873212139
 20
366.1081458661488
 10
330.0195395079873
 20
369.8317686871979
 10
336.53998651621396
 20
373.3522156992745
 10
343.95151230030217
 20
376.003666259775
 10
350.44844213435783
 20
376.8618549178454
 10
358.6519155902292
 20
376.8638097829908
 10
366.62137931851
 20
376.07714879081
  0
LWPOLYLINE
  5
DF
330
17
100
AcDbEntity
  8
0
100
AcDbPolyline
 90
39
 70
1
 10
450.5
 20
368.923309
 10
459.623331102584
 20
366.879532065416
 10
473.233047
 20
365.101354
 10
475.53194963993536
 20
364.32133287971396
 10
477.4722397735756
 20
362.60963815886976
 10
480.67062232062057
 20
361.4683398928401
 10
486.905887
 20
360.066235
 10
495.6542640703588
 20
358.74583746393665
 10
518.7527004969651
 20
358.2025703273273
 10
567.1628239421225
 20
358.3030100577175
 10
581.7660119275997
 20
357.9537708323786
 10
585.2528472239305
 20
357.6118499028065
 10
587.4088604283833
 20
356.8234588642048
 10
589.3864721977556
 20
355.3792104731113
 10
589.655902
 20
354.140646
 10
588.9910915213386
 20
352.68502613800484
 10
587.094125899318
 20
351.03070075407254
 10
581.4512621001776
 20
347.577245282872
 10
573.9718190755814
 20
345.2093998001045
 10
564.5091410000001
 20
343.469963
 10
544.9934220000001
 20
341.61071200000004
 10
485.50361299999975
 20
338.59945500000003
 10
481.0537352452171
 20
337.7141511962019
 10
455.2415518155317
 20
334.5575782234997
 10
441.630178596304
 20
332.20189188735
 10
428.45415096600664
 20
329.1501189524654
 10
415.25999399999995
 20
325.32000899999997
 10
383.117363
 20
313.782534
 10
364.48444999999947
 20
324.53219400000035
 10
363.074303
 20
326.013027
 10
363.23448111554194
 20
326.99410526945246
 10
393.8697495686133
 20
336.9117533869246
 10
401.2511474373656
 20
339.98298317777085
 10
407.87349352852067
 20
343.2594173764708
 10
413.6836477244168
 20
346.74854330965405
 10
419.30957035934813
 20
350.7824861092393
 10
433.5159639318215
 20
363.35260649449293
 10
442.7340817650453
 20
370.72793303502186
 10
444.17894786953457
 20
370.9288496381334
  0
LWPOLYLINE
  5
E0
330
17
100
AcDbEntity
  8
0
100
AcDbPolyline
 90
22
 70
1
 10
1024.5
 20
365.431887
 10
1044.3777358338
 20
361.625291974892
 10
1058.456077
 20
357.344711
 10
1059.8891920531073
 20
355.8471692589349
 10
1059.801859645356
 20
354.482521898424
 10
1054.8275460954446
 20
352.6078595649746
 10
1014.8902239999999
 20
344.99682
 10
1009.445892
 20
344.338347
 10
973.462785
 20
344.572418
 10
946.2416587365907
 20
342.32624751272397
 10
943.5539809881842
 20
342.80552237642604
 10
942.268954
 20
343.287978
 10
941.6358037428206
 20
343.973276510374
 10
941.5923624504414
 20
344.6106681758946
 10
942.126677
 20
345.375535
 10
956.907770492155
 20
352.570744018545
 10
968.3481605104854
 20
360.00567935071194
 10
973.4175290884397
 20
362.56117121080337
 10
981.191739
 20
365.23912699999994
 10
990.0624218789121
 20
366.82947647780713
 10
1000.528848933526
 20
367.30917313479796
 10
1010.6374206809935
 20
367.00965952824106
  0
LWPOLYLINE
  5
E1
330
17
100
AcDbEntity
  8
0
100
AcDbPolyline
 90
2
 70
1
 10
1262.213867
 20
366.957396
 10
1262.213867
 20
366.9573960000001
  0
LWPOLYLINE
  5
E2
330
17
100
AcDbEntity
  8
0
100
AcDbPolyline
 90
18
 70
1
 10
733.291553
 20
361.978312
 10
748.585188696784
 20
360.34100982346314
 10
751.164187
 20
358.589982
 10
751.4363211659473
 20
357.698419599588
 10
750.9971760026926
 20
356.87065049318767
 10
728.886807678281
 20
353.65718349913203
 10
718.8373850093956
 20
351.4830227083188
 10
704.3906062244126
 20
350.7642171437929
 10
683.9199529999999
 20
350.7736959999999
 10
678.4923672915083
 20
351.6093193429412
 10
675.134588429401
 20
352.9329123821144
 10
674.1783849448761
 20
353.9174924690196
 10
674.46712734849
 20
354.825758917436
 10
675.6469517410268
 20
355.70126285055835
 10
682.533600543744
 20
358.91138164498403
 10
687.524001
 20
360.411834
 10
696.5883727149718
 20
362.0699037968706
 10
710.8795300768883
 20
362.96396113181936
  0
LWPOLYLINE
  5
E3
330
17
100
AcDbEntity
  8
0
100
AcDbPolyline
 90
2
 70
1
 10
126.5
 20
356.0
 10
126.50000000000001
 20
356.0
  0
LWPOLYLINE
  5
E4
330
17
100
AcDbEntity
  8
0
100
AcDbPolyline
 90
21
 70
1
 10
296.445188
 20
355.088688
 10
296.4953984700847
 20
354.07840914208253
 10
295.29100900404944
 20
352.82715602141013
 10
290.054699958984
 20
348.149058140736
 10
285.949358277664
 20
345.11404722784
 10
281.432669969696
 20
342.888083880652
 10
275.42351731060296
 20
341.36825429924704
 10
262.66545499999995
 20
340.263791
 10
237.7977574831995
 20
340.1796767512768
 10
228.375543
 20
340.775532
 10
227.50047518552398
 20
341.177532958712
 10
226.948811
 20
341.966846
 10
226.9275926192825
 20
342.85698778908
 10
227.443739
 20
343.582519
 10
230.690686
 20
345.286039
 10
239.82582103081077
 20
348.1967636125157
 10
248.698272949971
 20
350.4225238257055
 10
257.36315762726
 20
351.57727504767
 10
278.178125
 20
353.34429
 10
292.6993921227688
 20
355.77823881139
 10
295.467791
 20
355.737457
  0
LWPOLYLINE
  5
E5
330
17
100
AcDbEntity
  8
0
100
AcDbPolyline
 90
33
 70
1
 10
663.5
 20
345.539644
 10
693.6939613135042
 20
336.2368862965177
 10
722.0765250000004
 20
328.6085199999999
 10
738.6025924096994
 20
325.08058322426194
 10
763.9999999999983
 20
320.9899599999999
 10
775.628905
 20
319.858963
 10
805.4493415503733
 20
319.24401315804255
 10
824.1322953961601
 20
319.548159453312
 10
848.5030766438605
 20
320.80343960031047
 10
851.7684611188488
 20
320.4835488853247
 10
852.715249
 20
319.480347
 10
852.75331059006
 20
318.5632400659
 10
852.273629
 20
317.780655
 10
849.7726031931142
 20
316.09426023935185
 10
841.9640342247094
 20
313.71148647069253
 10
832.6904456550561
 20
312.536002829696
 10
821.5631824757199
 20
312.09996714342594
 10
798.4473245801744
 20
312.6660559204698
 10
771.0211629999997
 20
314.0799099999999
 10
758.8107096502965
 20
315.0870634032231
 10
742.9180709999998
 20
317.037866
 10
711.3190785142534
 20
321.95928586638695
 10
709.326443
 20
322.811515
 10
690.5
 20
327.1305970000001
 10
673.3706559437319
 20
332.04682007214996
 10
662.8671618573937
 20
335.63888767183204
 10
648.5562112547794
 20
341.03855947892896
 10
641.2201383150314
 20
344.21558075497654
 10
637.5869170989805
 20
346.610745985666
 10
635.7632232564685
 20
349.50292899465353
 10
636.1964773921491
 20
350.5520280262181
 10
637.233246
 20
350.999741
 10
644.9787339044782
 20
350.43244530239343
  0
LWPOLYLINE
  5
E6
330
17
100
AcDbEntity
  8
0
100
AcDbPolyline
 90
36
 70
1
 10
1428.25
 20
345.007888
 10
1430.73646285567
 20
343.06580266455296
 10
1430.701692069443
 20
341.8970832902036
 10
1429.963726
 20
340.79786300000006
 10
1423.416568603885
 20
336.2623071354005
 10
1414.8147547043804
 20
332.159173180243
 10
1400.4793950037338
 20
327.5572978787186
 10
1369.358295
 20
320.09885099999997
 10
1357.7782681064293
 20
315.9471003338528
 10
1357.495728472616
 20
315.0417062902665
 10
1358.113545
 20
314.530734
 10
1374.9137965157997
 20
313.57489716921725
 10
1380.1313655148128
 20
312.50809867409106
 10
1381.6519606264417
 20
311.2987376645902
 10
1381.639683608642
 20
309.701013364744
 10
1380.832216
 20
308.83168699999993
 10
1378.74669577827
 20
307.807316400132
 10
1369.243581
 20
305.254903
 10
1342.2477308424236
 20
301.0710122631561
 10
1327.8093541308
 20
298.16400834758
 10
1325.425998828502
 20
298.11260386404433
 10
1322.8666378316448
 20
298.68471904327413
 10
1320.7932236023255
 20
299.9010550835983
 10
1319.971814
 20
301.109757
 10
1319.996153007263
 20
302.2664835900802
 10
1321.2361177750608
 20
303.68228666080097
 10
1330.704801694411
 20
310.108094738957
 10
1336.1435903177232
 20
314.3999783756344
 10
1359.921497
 20
336.0280399999999
 10
1363.679587542478
 20
338.6229174984336
 10
1368.8841636437278
 20
341.12195031166635
 10
1380.396014
 20
344.829777
 10
1391.2752591850924
 20
346.534572368329
 10
1402.687250926154
 20
346.707874737202
 10
1420.4691246178088
 20
346.2273105586888
 10
1425.1353288748003
 20
345.9666785263997
  0
LWPOLYLINE
  5
E7
330
17
100
AcDbEntity
  8
0
100
AcDbPolyline
 90
2
 70
1
 10
1174.419716
 20
342.037521
 10
1174.419716
 20
342.03752099999997
  0
LWPOLYLINE
  5
E8
330
17
100
AcDbEntity
  8
0
100
AcDbPolyline
 90
25
 70
1
 10
1231.5
 20
331.635049
 10
1250.8859546481556
 20
325.7418079317964
 10
1259.0590424784602
 20
323.0097161456099
 10
1262.165089
 20
321.601591
 10
1268.775381
 20
320.852339
 10
1271.2271846811232
 20
320.058275380654
 10
1279.102745
 20
314.800083
 10
1298.3937512993589
 20
304.47803742839295
 10
1308.13271800431
 20
298.667047621948
 10
1326.594741
 20
286.364468
 10
1327.077333326766
 20
285.7111678737045
 10
1327.0613309701037
 20
284.89605805700324
 10
1326.4720487167951
 20
284.21254709648963
 10
1325.77289515264
 20
284.0546295276468
 10
1321.864451
 20
285.575784
 10
1299.5273052810735
 20
297.8059293858515
 10
1287.6159182595243
 20
303.86160550358704
 10
1276.215542
 20
308.862443
 10
1264.7471984809695
 20
313.0840298372034
 10
1252.4729888089955
 20
316.794317433154
 10
1224.395054
 20
324.041357
 10
1193.0029720529074
 20
330.67389660772
 10
1191.9962334913414
 20
331.5254772135391
 10
1192.135968
 20
332.488863
 10
1198.617803
 20
338.649503
  0
LWPOLYLINE
  5
E9
330
17
100
AcDbEntity
  8
0
100
AcDbPolyline
 90
19
 70
1
 10
624.584803
 20
335.862785
 10
624.541234
 20
334.680119
 10
621.6125859922851
 20
331.93059376081004
 10
610.5503526117757
 20
325.00887229483135
 10
597.3503675367024
 20
315.7439424812955
 10
591.873012448029
 20
312.64375235724947
 10
586.9333371258374
 20
310.79403076481094
 10
582.685983
 20
310.182598
 10
579.557232216992
 20
310.89352718034763
 10
577.377172372224
 20
312.723960151616
 10
577.4888971913574
 20
313.7467795793136
 10
579.6712633800371
 20
316.8944594242404
 10
584.6353189271749
 20
322.05487044839253
 10
591.0839978087097
 20
327.288629215327
 10
597.362116
 20
331.182796
 10
604.772341
 20
334.126616
 10
613.68821
 20
336.209807
 10
621.883458
 20
337.233263
 10
623.426629210358
 20
336.927457620045
  0
LWPOLYLINE
  5
EA
330
17
100
AcDbEntity
  8
0
100
AcDbPolyline
 90
4
 70
1
 10
141.729167
 20
335.395833
 10
140.49784520728943
 20
335.14018337666477
 10
139.34474285570494
 20
335.6517249405436
 10
141.112848
 20
335.910055
  0
LWPOLYLINE
  5
EB
330
17
100
AcDbEntity
  8
0
100
AcDbPolyline
 90
2
 70
1
 10
945.0
 20
333.922853
 10
944.9999999999997
 20
333.92285300000003
  0
LWPOLYLINE
  5
EC
330
17
100
AcDbEntity
  8
0
100
AcDbPolyline
 90
23
 70
1
 10
246.0
 20
331.965775
 10
257.63132213122907
 20
329.51025512277346
 10
268.5418453774875
 20
325.5412098259625
 10
272.397879
 20
323.755333
 10
273.566661420438
 20
322.6997593161605
 10
273.96825953421086
 20
320.95909505861846
 10
272.6044200931275
 20
320.1310526548311
 10
261.32269821419226
 20
320.5674615608309
 10
239.922009799014
 20
323.1246420413355
 10
230.82482646669803
 20
323.7065456109835
 10
218.48675719186608
 20
323.4395274960307
 10
195.52866141819922
 20
321.37153418936043
 10
191.874543
 20
322.051966
 10
189.643011
 20
323.147785
 10
189.19240658309522
 20
323.78484855879015
 10
189.3816515826905
 20
324.60789540422695
 10
190.43444241150183
 20
325.3733208856799
 10
197.240966079692
 20
328.3247387258575
 10
202.31937
 20
329.666102
 10
209.56888246687998
 20
330.936365057216
 10
220.75317820575117
 20
332.2292326794145
 10
228.5394160282513
 20
332.677558885398
 10
235.8380256969906
 20
332.7441105094885
  0
LWPOLYLINE
  5
ED
330
17
100
AcDbEntity
  8
0
100
AcDbPolyline
 90
21
 70
1
 10
576.720007
 20
331.613326
 10
577.168659046633
 20
330.38356087683695
 10
576.516709
 20
329.248408
 10
566.6893636773256
 20
323.1519945316403
 10
557.3881501893022
 20
318.7822136551919
 10
552.8232886689177
 20
317.1663019162481
 10
546.762797893792
 20
315.6281357934399
 10
533.792060868988
 20
314.4570352078295
 10
517.0386893166279
 20
314.11008414553277
 10
513.9953313020533
 20
314.52572442617975
 10
508.63503899999995
 20
316.0797840000001
 10
506.94924
 20
317.059553
 10
506.48076459060246
 20
317.9017942490556
 10
506.73653325013527
 20
319.4590866192755
 10
507.7112643685185
 20
321.09262967805734
 10
511.065268
 20
323.939498
 10
519.691395
 20
327.557286
 10
527.6571805946152
 20
329.65509986210253
 10
535.8673933708694
 20
330.83070035887295
 10
565.304577
 20
332.438875
 10
575.242903
 20
332.292709
  0
LWPOLYLINE
  5
EE
330
17
100
AcDbEntity
  8
0
100
AcDbPolyline
 90
28
 70
1
 10
1046.310382
 20
324.913957
 10
1059.517831
 20
319.38618699999995
 10
1086.953447
 20
309.873892
 10
1091.141725766135
 20
307.89942916580503
 10
1096.7445527760208
 20
304.33330894276094
 10
1099.7777398628955
 20
301.6863425828311
 10
1102.5682666112111
 20
298.5713544964555
 10
1107.3876692820286
 20
291.22586498630903
 10
1111.690206
 20
282.284911
 10
1112.293506310454
 20
279.56300177436395
 10
1114.0584962720902
 20
275.48398138519303
 10
1113.845196
 20
273.35429999999997
 10
1112.8975317601762
 20
272.50053710650354
 10
1110.7911396475768
 20
272.0213802135486
 10
1108.132931401972
 20
272.21959248678604
 10
1106.146098
 20
272.868674
 10
1083.908821
 20
283.69166000000007
 10
1077.3446672022517
 20
287.48573746552063
 10
1069.930504
 20
292.5397960000001
 10
1064.7450355473766
 20
297.430939550241
 10
1059.1994236260825
 20
306.1617144246123
 10
1055.081210042093
 20
310.56842130657947
 10
1048.184897
 20
316.56562
 10
1037.151677
 20
324.401058
 10
1034.612416
 20
326.86905
 10
1034.340874154524
 20
327.90343660146533
 10
1034.6514537933895
 20
328.56456390891157
 10
1036.14282152854
 20
328.95513189357996
  0
LWPOLYLINE
  5
EF
330
17
100
AcDbEntity
  8
0
100
AcDbPolyline
 90
29
 70
1
 10
356.345436
 20
317.012527
 10
367.6084894249012
 20
309.52214165845845
 10
367.884484
 20
308.816981
 10
367.6249042699196
 20
308.13113752697706
 10
365.8574314849758
 20
307.11168140252914
 10
341.93046699999996
 20
297.839598
 10
315.5732880000001
 20
289.5403160000001
 10
283.925086
 20
280.389112
 10
261.49035699862844
 20
271.8379872730135
 10
258.16025267093846
 20
271.1702132110805
 10
254.030464444077
 20
271.112554279418
 10
249.60127875096904
 20
271.359191880009
 10
243.86583199999998
 20
272.268652
 10
240.72284341955
 20
273.19267083333597
 10
236.70652817023628
 20
275.14126178034877
 10
234.06604
 20
277.535716
 10
233.3382079015
 20
279.0941329281775
 10
233.440051
 20
280.811116
 10
234.00900140806985
 20
282.1081141840673
 10
235.86604100649765
 20
284.1857943058973
 10
242.289139507902
 20
287.1921678224763
 10
257.975002
 20
293.866144
 10
276.2043213587075
 20
300.99365132016385
 10
308.5
 20
311.84233300000005
 10
331.70295899999996
 20
318.8459
 10
341.76297441690946
 20
321.2315772519996
 10
344.886611
 20
322.852976
 10
346.5244474768549
 20
322.60960975051495
 10
348.80944281412803
 20
321.635377550709
  0
LWPOLYLINE
  5
F0
330
17
100
AcDbEntity
  8
0
100
AcDbPolyline
 90
19
 70
1
 10
676.960237
 20
320.045737
 10
677.6122534855994
 20
319.21620248067114
 10
677.4326711014478
 20
317.83956670359515
 10
672.306198
 20
314.062326
 10
663.924078
 20
310.52529
 10
654.169527
 20
308.033579
 10
639.7195812255924
 20
306.41375573353616
 10
610.1837769999994
 20
305.19689700000004
 10
607.621404896462
 20
305.71414739368873
 10
606.6535090631285
 20
306.2988779439773
 10
606.3497383817801
 20
306.973599046603
 10
606.705968
 20
307.879632
 10
609.5471315933196
 20
310.10742576685345
 10
615.41399844092
 20
313.3325865281375
 10
625.5
 20
317.317022
 10
630.4749833211175
 20
318.58639968053825
 10
639.867451
 20
319.594219
 10
670.9999999999382
 20
320.80610799998976
 10
674.60707
 20
320.650096
  0
LWPOLYLINE
  5
F1
330
17
100
AcDbEntity
  8
0
100
AcDbPolyline
 90
26
 70
1
 10
1202.196532
 20
318.25
 10
1205.530495677984
 20
314.8830383199767
 10
1213.514601
 20
308.50642600000003
 10
1217.188308962284
 20
307.0705317251075
 10
1236.0996756602922
 20
295.1665905944551
 10
1241.053268126884
 20
291.462878351936
 10
1246.361812099734
 20
286.399230945506
 10
1249.8478680587798
 20
281.65869353819795
 10
1251.3162911492825
 20
277.23684818546747
 10
1251.9440366208025
 20
269.3240543584807
 10
1251.6224230964335
 20
265.5974811454891
 10
1250.8
 20
264.20000000000005
 10
1249.211288
 20
263.276108
 10
1247.180656
 20
263.123991
 10
1244.715588
 20
263.78404499999994
 10
1241.844291
 20
265.26645
 10
1204.3382619999993
 20
290.59418600000026
 10
1197.468163420037
 20
296.5159754569629
 10
1194.56970857188
 20
300.33201680842177
 10
1192.508726
 20
305.349057
 10
1192.0
 20
309.67473
 10
1192.5559261330052
 20
314.9882954230186
 10
1193.931538452601
 20
317.93772804423423
 10
1195.471376
 20
319.295065
 10
1196.717677323825
 20
319.8206110516501
 10
1199.5444285959395
 20
319.7949589672803
  0
LWPOLYLINE
  5
F2
330
17
100
AcDbEntity
  8
0
100
AcDbPolyline
 90
45
 70
1
 10
907.5
 20
313.651931
 10
932.9303091850832
 20
306.7617092644957
 10
958.275382770988
 20
298.295448560812
 10
985.0146240106069
 20
287.68563029165585
 10
1004.8359163962367
 20
278.9589169221255
 10
1054.7183652479466
 20
254.96138709694927
 10
1097.6501570975154
 20
233.20406524137002
 10
1108.868108
 20
227.02675399999998
 10
1118.361253
 20
221.263859
 10
1120.40828762158
 20
219.03905553851627
 10
1120.7598855828905
 20
217.46298241542613
 10
1120.0597707167503
 20
217.00889572218105
 10
1118.591817727191
 20
217.32607541613243
 10
1110.46024608721
 20
220.35386510383
 10
1060.916024824637
 20
244.34964269541925
 10
1033.0901736381902
 20
256.419244997435
 10
1019.876432253611
 20
261.33269779041603
 10
1003.8877195825124
 20
266.6654839203446
 10
1000.0502688931786
 20
266.84117139642285
 10
997.7511239340064
 20
265.80161771190694
 10
996.589866
 20
264.593113
 10
996.1665584439374
 20
262.1710654116625
 10
997.5391434148472
 20
251.2639087706945
 10
997.465745
 20
247.545347
 10
996.942415
 20
246.430614
 10
995.6421838509987
 20
245.43987307808652
 10
994.0315347651695
 20
245.116990566364
 10
992.2366089618291
 20
245.58624363713565
 10
987.8066178200706
 20
248.9932461560032
 10
983.3247233946003
 20
254.35318611878552
 10
981.711555
 20
257.762616
 10
978.6040230661672
 20
267.9919481867889
 10
976.1610339605902
 20
272.4556158888492
 10
969.873283213369
 20
278.716346178507
 10
963.1629312226995
 20
282.954141832873
 10
949.242061
 20
289.523698
 10
930.4428002597679
 20
296.4405780337066
 10
886.7954106886937
 20
308.53822701745884
 10
877.5431894021044
 20
311.5801339353795
 10
872.791172461269
 20
313.8149324857771
 10
872.0947319728035
 20
314.9413033519641
 10
872.3173984107098
 20
316.3443164379761
 10
873.6567230948833
 20
316.878957420277
 10
876.4017148508635
 20
317.0199701471049
 10
893.764940712461
 20
315.948636253318
  0
LWPOLYLINE
  5
F3
330
17
100
AcDbEntity
  8
0
100
AcDbPolyline
 90
7
 70
1
 10
173.0
 20
315.0
 10
172.65556644224887
 20
314.22828254590587
 10
171.852944031058
 20
314.018472722925
 10
170.806203
 20
314.617485
 10
170.40055796011686
 20
315.4694562847885
 10
170.889346
 20
315.926733
 10
171.89002562217357
 20
315.9579870297843
  0
LWPOLYLINE
  5
F4
330
17
100
AcDbEntity
  8
0
100
AcDbPolyline
 90
184
 70
1
 10
472.753393
 20
313.52517
 10
489.1104219585767
 20
311.2729404656183
 10
502.0745999939686
 20
308.6324669784475
 10
541.8591650990428
 20
295.8920225240998
 10
549.120723804372
 20
294.36158506748194
 10
554.336035
 20
294.046993
 10
577.1391248111294
 20
294.5305184450575
 10
596.517562650168
 20
294.354563396456
 10
622.8892223842172
 20
293.4195339809914
 10
637.7774809336489
 20
292.33970965654805
 10
677.18791465542
 20
287.68195385794206
 10
761.6760950071574
 20
276.7025035129924
 10
782.921011084008
 20
272.369195147736
 10
789.104537
 20
269.885861
 10
789.7589990068531
 20
269.262512583179
 10
789.986892998529
 20
268.2387822673322
 10
789.390143474251
 20
267.4491995923876
 10
788.0798288888953
 20
266.9602903579346
 10
781.3866016225262
 20
266.74675656454235
 10
769.3032349999999
 20
267.24319700000007
 10
757.8489026181596
 20
268.2193848892886
 10
737.2808796222737
 20
271.55083944875065
 10
634.10691
 20
286.616763
 10
606.482002
 20
288.754676
 10
578.0571639999998
 20
290.442188
 10
573.81796149484
 20
290.347571195564
 10
568.931525503835
 20
289.331903085699
 10
567.68376
 20
287.512047
 10
567.787348758825
 20
285.883498194346
 10
568.610524
 20
284.474497
 10
572.4509169973496
 20
281.2421725930448
 10
578.2716025148829
 20
277.99959743762594
 10
589.3873514975062
 20
272.9551074496404
 10
598.082814
 20
269.62198100000006
 10
604.491053
 20
267.80900399999996
 10
615.1549248618998
 20
265.53811831414527
 10
626.15912169768
 20
264.3408609225415
 10
637.993440288608
 20
264.463440851506
 10
648.740608001104
 20
265.53877412115435
 10
674.4782245552175
 20
269.0327023244253
 10
683.4328304505427
 20
269.3803984822761
 10
694.0094263717965
 20
268.2702251647322
 10
724.4622803967112
 20
263.63266869350116
 10
725.7778244130384
 20
263.1956013202347
 10
726.0155531768542
 20
262.2583149832595
 10
722.6193485275069
 20
260.6025602889438
 10
706.4375112195705
 20
257.7907322450472
 10
693.487099905171
 20
257.20056735996206
 10
656.233704
 20
257.847755
 10
645.815064
 20
257.6713510000001
 10
638.688749468485
 20
257.02185298307154
 10
638.0
 20
255.887351
 10
638.4720803793166
 20
254.547989196791
 10
639.679654
 20
253.80065
 10
642.1488768206111
 20
253.2801593106913
 10
656.770271824574
 20
250.94569285589802
 10
701.9475047210938
 20
247.20787650315305
 10
716.300814199548
 20
245.623282333667
 10
734.0211783085762
 20
242.42195348952748
 10
737.3608437740329
 20
241.55653089585516
 10
738.0277636973509
 20
240.703273107249
 10
737.666345
 20
239.331761
 10
735.568499
 20
238.465623
 10
704.805533
 20
239.017407
 10
676.8987177054015
 20
240.79796170389
 10
672.511709122463
 20
240.37195282026403
 10
670.6223706931969
 20
239.50385091480757
 10
670.0744999397381
 20
238.61572622320742
 10
670.0503980674737
 20
237.52181348284688
 10
670.769041
 20
236.016036
 10
674.8619646368619
 20
232.0558389924112
 10
701.9353436381334
 20
212.0255252260402
 10
708.774624
 20
206.291928
 10
715.291616
 20
199.902902
 10
719.06368
 20
194.58603500000004
 10
719.7278564963525
 20
191.915956182525
 10
719.06289
 20
189.246074
 10
718.2964755910401
 20
188.23550209487388
 10
716.0896832180199
 20
187.17963018696062
 10
714.821907
 20
187.216914
 10
705.492082460109
 20
189.90895269315882
 10
696.8400807109241
 20
193.82547531247067
 10
675.3434301136822
 20
204.54239126693196
 10
661.999972329668
 20
212.35704622007353
 10
659.5873302189118
 20
214.62374635575404
 10
656.5951210780347
 20
218.85865383987309
 10
649.938569
 20
231.278831
 10
647.525071
 20
234.938846
 10
643.7917848772825
 20
238.5701977910053
 10
638.441454436334
 20
242.334803548826
 10
629.533622
 20
247.14328499999996
 10
620.79405790945
 20
251.179364432315
 10
603.0052539450627
 20
257.52154599423363
 10
600.083751292816
 20
258.179180007008
 10
598.1436639043891
 20
258.0526346380492
 10
596.7374412427012
 20
257.0611736510073
 10
596.9065615098863
 20
255.76559990238763
 10
603.423827
 20
247.454169
 10
608.673965
 20
239.22893499999998
 10
609.168231528457
 20
237.47738281514648
 10
610.6398166990157
 20
236.53191668609944
 10
611.3601833009843
 20
233.46808331390056
 10
612.837482474177
 20
232.188001159363
 10
613.199303116673
 20
229.84493742334152
 10
614.273479
 20
227.733422
 10
615.367602
 20
222.874742
 10
616.1441197607355
 20
217.38791771483307
 10
616.3333717257033
 20
212.3563986351594
 10
615.6275773367211
 20
204.7355010457325
 10
614.523508
 20
199.717288
 10
612.96831465873
 20
194.98068865494199
 10
609.8273062146181
 20
188.4073098580064
 10
607.228653859452
 20
184.60735127205808
 10
603.0200842299009
 20
180.20605345962596
 10
598.7264763199008
 20
177.4347747476639
 10
596.1237055459062
 20
177.09036898882258
 10
591.91370535707
 20
178.63993734348998
 10
587.7224403846183
 20
182.83546910153967
 10
572.1931605277408
 20
204.2108908865559
 10
569.908971586144
 20
207.974204180577
 10
567.9944946546631
 20
212.642313128043
 10
567.2525304346202
 20
216.19150518011384
 10
567.0
 20
219.942049
 10
567.69084
 20
227.228195
 10
574.233352
 20
244.32461999999998
 10
575.931063
 20
250.99999999999997
 10
576.3461712531025
 20
254.704577599365
 10
575.6824100630004
 20
260.11978202044315
 10
574.3444040095756
 20
263.3167910321689
 10
570.6895813628265
 20
267.93180501577405
 10
567.470439
 20
270.564006
 10
560.1650933189676
 20
275.01321710309446
 10
550.8083062594901
 20
279.4129654048168
 10
516.923169
 20
291.623091
 10
504.234375
 20
295.018833
 10
499.340065
 20
296.706166
 10
487.3776411280269
 20
299.6394284174169
 10
470.24999999999994
 20
303.5532319999999
 10
468.8078638608206
 20
303.2341708553601
 10
468.882665
 20
302.519064
 10
471.75712225405516
 20
300.74970148780835
 10
496.945308002598
 20
288.438966089932
 10
503.5152460870054
 20
284.4491861499792
 10
508.979121
 20
280.493073
 10
513.4210555184155
 20
276.5295535462769
 10
517.7759415414075
 20
271.5800821180783
 10
521.3353390534625
 20
266.56059634981085
 10
524.880664
 20
260.125844
 10
526.684953
 20
255.351033
 10
527.9791
 20
248.654082
 10
528.8264320726815
 20
235.43410020085085
 10
528.729678862092
 20
224.751490237832
 10
525.6512698490872
 20
212.83989606995974
 10
523.3740372207981
 20
207.64099300431448
 10
521.562809129777
 20
205.33749609071458
 10
519.520535
 20
203.76703099999997
 10
517.4240621134007
 20
203.04920528778928
 10
515.0927262474115
 20
203.16621707001798
 10
511.5775709387955
 20
204.6395407539315
 10
506.692156575548
 20
207.799632655652
 10
489.2559699459963
 20
221.41022833216113
 10
476.7233893369148
 20
232.3750990715138
 10
471.618738
 20
238.820319
 10
469.505503354513
 20
242.92246216200851
 10
468.188745
 20
247.345073
 10
467.31151240098944
 20
253.1444728453425
 10
466.3726717380341
 20
267.38950893996446
 10
464.059051
 20
279.14486
 10
461.4338545293749
 20
285.86780220022075
 10
459.4202829573821
 20
289.0209008642803
 10
456.8282027774761
 20
292.0160013361679
 10
452.123252
 20
296.140248
 10
448.3003719799425
 20
298.7037972498
 10
444.247332
 20
300.885325
 10
437.36238189837985
 20
303.69221184782157
 10
424.98278801592085
 20
307.4308283838755
 10
409.98797141670315
 20
309.1159000369388
 10
406.115640257274
 20
310.194607101405
 10
406.05125702384
 20
310.85049338615
 10
406.48538113985546
 20
311.381536633132
 10
408.48231023926974
 20
312.3241777306699
 10
423.6918269999999
 20
314.957556
 10
430.4593055952
 20
315.698436863775
 10
454.38889295304296
 20
315.01277439451496
  0
LWPOLYLINE
  5
F5
330
17
100
AcDbEntity
  8
0
100
AcDbPolyline
 90
28
 70
1
 10
225.668692
 20
313.5
 10
224.17028104987796
 20
311.6126267449133
 10
216.924537
 20
306.427346
 10
213.66665800000004
 20
303.322438
 10
210.890576
 20
299.547939
 10
206.41529626785103
 20
291.39330441598497
 10
203.00844332600002
 20
286.143188681248
 10
199.303314999314
 20
281.984146354839
 10
195.250267680355
 20
278.80128497747603
 10
190.71017117574922
 20
276.45337189037457
 10
185.87133056761456
 20
274.5447520999487
 10
174.708208218181
 20
271.5837419809434
 10
161.065036
 20
269.676192
 10
158.90018000920247
 20
270.0248040815325
 10
157.00182744121892
 20
271.5360139002971
 10
156.980732754952
 20
272.851532289616
 10
158.03011006296984
 20
274.67091026889716
 10
165.96464599999982
 20
283.9381559999998
 10
177.67033139697978
 20
298.5906411041257
 10
180.92817330980583
 20
302.2748160272837
 10
182.48083597880597
 20
303.3047536591689
 10
183.165898
 20
305.017617
 10
184.011441560722
 20
305.79346163576844
 10
198.528787455456
 20
311.21026509376
 10
208.29993915008842
 20
313.7813885606392
 10
214.21775979389756
 20
314.48363882434387
 10
220.26403826925755
 20
314.63016589405197
 10
224.410422
 20
314.471699
  0
LWPOLYLINE
  5
F6
330
17
100
AcDbEntity
  8
0
100
AcDbPolyline
 90
30
 70
1
 10
1256.0
 20
309.242056
 10
1256.72515
 20
307.88924499999996
 10
1269.672852
 20
299.849205
 10
1292.246831936984
 20
289.2053914605082
 10
1300.159147718096
 20
284.95868082461755
 10
1305.7646775917224
 20
281.2077392755286
 10
1311.942182
 20
275.59306599999996
 10
1315.2915325390936
 20
271.4557736538675
 10
1318.066837
 20
266.913415
 10
1320.2384561536471
 20
262.010730285203
 10
1321.751624
 20
256.866552
 10
1322.6869518102926
 20
251.26595704042
 10
1322.9764275484163
 20
244.24531944846063
 10
1322.448700221185
 20
239.33163608188622
 10
1320.934067887107
 20
236.40361266809
 10
1319.237418
 20
235.53195499999998
 10
1317.0825164972907
 20
235.61576849631476
 10
1312.9261610788615
 20
238.11755863348708
 10
1296.0369706023575
 20
252.58311875335752
 10
1273.0880379999999
 20
271.16695600000014
 10
1265.684907
 20
278.279256
 10
1263.4756815475855
 20
281.12671705640497
 10
1261.693877
 20
284.259429
 10
1260.263153396495
 20
287.78786556725197
 10
1257.422632
 20
297.196962
 10
1255.6986501082133
 20
300.666084415355
 10
1251.444011165196
 20
307.499696372444
 10
1251.1958743882365
 20
308.8615003683061
 10
1252.1659273851199
 20
309.7690001038915
 10
1254.457856
 20
309.94495699999993
  0
LWPOLYLINE
  5
F7
330
17
100
AcDbEntity
  8
0
100
AcDbPolyline
 90
17
 70
1
 10
743.5
 20
306.627561
 10
745.8012810688025
 20
305.26056691624717
 10
743.83689229022
 20
303.9392893978095
 10
723.9276386100647
 20
296.2855794758028
 10
716.4584587978143
 20
294.2251813326346
 10
703.2180271568848
 20
293.83462896229196
 10
691.5707681099823
 20
294.48060369550024
 10
683.3283846251295
 20
295.9267288857024
 10
681.0
 20
297.045518
 10
680.1051015049469
 20
297.9966438214271
 10
680.6788505584368
 20
298.8976222854323
 10
683.0460622098415
 20
300.5589948472585
 10
690.019581
 20
302.881034
 10
699.480492075953
 20
304.6724891755239
 10
719.5349239999998
 20
307.413593
 10
721.1274550413784
 20
308.21302733687884
 10
740.164964
 20
307.429686
  0
LWPOLYLINE
  5
F8
330
17
100
AcDbEntity
  8
0
100
AcDbPolyline
 90
18
 70
1
 10
796.436756
 20
300.883007
 10
796.8839845532
 20
299.90961749942403
 10
796.49846
 20
298.910182
 10
791.2783969256946
 20
294.7443465845227
 10
782.6708030491714
 20
290.2491789907325
 10
774.874713278572
 20
287.31122811187004
 10
765.15404758655
 20
285.878845868451
 10
753.524932717643
 20
285.215347829678
 10
747.3922116813173
 20
285.1447317374783
 10
746.50760781892
 20
285.61343981136247
 10
746.0336229227274
 20
286.49522752395205
 10
746.205471
 20
287.211104
 10
751.047134644571
 20
290.01556584728803
 10
767.555023653865
 20
298.35629923881
 10
772.895037
 20
300.470006
 10
779.5540462040659
 20
301.735118713808
 10
787.5376329957483
 20
302.2877118180115
 10
793.7392741815767
 20
301.9262859368469
  0
LWPOLYLINE
  5
F9
330
17
100
AcDbEntity
  8
0
100
AcDbPolyline
 90
2
 70
1
 10
1049.38499
 20
300.535183
 10
1049.38499
 20
300.53518299999996
  0
LWPOLYLINE
  5
FA
330
17
100
AcDbEntity
  8
0
100
AcDbPolyline
 90
20
 70
1
 10
870.0
 20
297.486431
 10
868.75
 20
294.736431
 10
866.3228586012721
 20
291.165003209464
 10
861.3269310730408
 20
286.4436507321957
 10
857.1166937183854
 20
283.5179038957367
 10
852.3075704900749
 20
280.8757794317112
 10
844.196735
 20
277.570135
 10
834.9968324159234
 20
275.0839409592561
 10
822.033155
 20
273.254261
 10
814.847519989715
 20
273.0324120189712
 10
808.5248872042475
 20
273.33899987429
 10
804.61452
 20
273.767767
 10
803.1222963875996
 20
274.94762040196633
 10
803.0322809346528
 20
275.8917164464186
 10
803.477812
 20
276.584685
 10
806.22577709494
 20
277.694686528367
 10
837.3776001753406
 20
283.2914849306263
 10
847.2113848370104
 20
287.619830277347
 10
864.248834490692
 20
297.045015297876
 10
866.84887906296
 20
297.9402729142618
  0
LWPOLYLINE
  5
FB
330
17
100
AcDbEntity
  8
0
100
AcDbPolyline
 90
21
 70
1
 10
1368.0
 20
296.04498
 10
1382.355424
 20
293.321262
 10
1388.456396
 20
291.495115
 10
1393.581592
 20
289.41807499999993
 10
1399.488068
 20
286.0875290000001
 10
1402.5981351143373
 20
283.5163815688283
 10
1404.34947441098
 20
281.15311280951994
 10
1404.749281
 20
279.597992
 10
1404.4808984198999
 20
278.42722515754997
 10
1402.7371542165845
 20
277.4705861839851
 10
1396.719065
 20
277.50718099999995
 10
1365.4984154884794
 20
278.8750856328914
 10
1358.491599642608
 20
280.52058907978727
 10
1348.2691222415108
 20
284.8041689978066
 10
1341.7196161248216
 20
288.36159251312273
 10
1336.925342
 20
292.327348
 10
1336.66301309967
 20
293.88670660458445
 10
1338.450918606156
 20
295.42908334839007
 10
1344.456659682414
 20
296.41430810493404
 10
1353.628999893056
 20
296.88096013561596
 10
1360.9047625662427
 20
296.7148397827361
  0
LWPOLYLINE
  5
FC
330
17
100
AcDbEntity
  8
0
100
AcDbPolyline
 90
25
 70
1
 10
427.481467
 20
279.443297
 10
430.986901
 20
278.485883
 10
435.32141624647
 20
278.640271808296
 10
437.6442778616995
 20
277.99668162540405
 10
440.27788318576654
 20
275.44969953492915
 10
443.50220975366017
 20
269.43139994494936
 10
444.816108853871
 20
263.21361604379854
 10
444.80851157731666
 20
256.0711072282327
 10
444.4559804202619
 20
253.55792394040628
 10
443.38605899999993
 20
250.40112900000003
 10
442.2402333743521
 20
248.40274815254918
 10
440.99062800105946
 20
247.368615673486
 10
438.891656
 20
247.0
 10
437.1932949479951
 20
247.28859373673677
 10
433.14865012923997
 20
249.86597479942787
 10
421.331545448936
 20
260.827794583044
 10
419.3398036709756
 20
263.47099531102396
 10
418.70625
 20
265.56193
 10
417.3583727515405
 20
266.6921065460136
 10
417.0
 20
268.940983
 10
417.36076570206865
 20
271.42087833413234
 10
418.7728169661901
 20
273.5191624327243
 10
419.6360360752238
 20
276.76361895902465
 10
422.031983
 20
280.528894
 10
423.3524298716002
 20
280.95848758610737
  0
LWPOLYLINE
  5
FD
330
17
100
AcDbEntity
  8
0
100
AcDbPolyline
 90
26
 70
1
 10
1358.737459
 20
268.083871
 10
1365.2560407229014
 20
265.69303086650024
 10
1370.9333047121313
 20
262.9860684856255
 10
1375.702668142815
 20
259.88595546583144
 10
1379.528649
 20
256.458513
 10
1382.2779572797044
 20
252.8350755720222
 10
1388.994169205675
 20
241.00111041975876
 10
1394.2152456592564
 20
233.7659894195406
 10
1396.69413
 20
229.616445
 10
1396.9551078026275
 20
228.34735514011254
 10
1390.596480884902
 20
228.0988754010264
 10
1386.0287326662478
 20
228.8834733813286
 10
1372.6536647191015
 20
233.8694600315845
 10
1361.6706840295465
 20
238.84405089480202
 10
1352.1781668353276
 20
243.8756463232293
 10
1347.8420686228687
 20
246.99175658622477
 10
1343.7386089547892
 20
250.89328963123253
 10
1340.165747699704
 20
255.67265349238698
 10
1338.0379324691587
 20
260.2225256039226
 10
1337.8995075845141
 20
262.23344544969797
 10
1338.2848149076126
 20
264.21195457062436
 10
1339.8387030917972
 20
266.9087550748181
 10
1341.4051506425774
 20
268.3328379726569
 10
1343.2541332313037
 20
269.3339512135606
 10
1346.376284
 20
269.944511
 10
1352.6313687346399
 20
269.5091139052375
  0
LWPOLYLINE
  5
FE
330
17
100
AcDbEntity
  8
0
100
AcDbPolyline
 90
215
 70
1
 10
826.0
 20
259.502334
 10
838.9643560463016
 20
257.1611630214259
 10
898.3434709999998
 20
242.69481700000006
 10
910.4011748868259
 20
240.37544146256403
 10
920.844613793768
 20
239.26648451200953
 10
930.5825493973468
 20
239.3769783198409
 10
957.4858155786799
 20
243.07726339510566
 10
966.3141411151703
 20
243.31092738450124
 10
972.617673
 20
242.601123
 10
981.9167202859815
 20
240.78626934330597
 10
1007.5544924349579
 20
234.30411849078143
 10
1010.0207914363097
 20
232.36989787166655
 10
1010.92396
 20
231.060377
 10
1011.186934749242
 20
229.45676470486296
 10
1010.3778887448308
 20
228.03989534222353
 10
1005.5301274947909
 20
226.55469934075683
 10
993.7969400000001
 20
224.09348200000002
 10
979.5412989883961
 20
222.1872422058492
 10
970.2191791990449
 20
222.30343243453413
 10
959.4629209728272
 20
224.0342685214595
 10
945.094953052964
 20
227.58595557458798
 10
944.063145853565
 20
226.8557426922775
 10
944.0462020309252
 20
225.71365350072432
 10
944.666973
 20
224.3227
 10
946.25
 20
222.80775800000004
 10
951.782365
 20
220.03425900000002
 10
966.7998946717299
 20
214.59800156097361
 10
979.1233986051378
 20
210.6455214809807
 10
990.17142631986
 20
207.762020069424
 10
1000.8880750031469
 20
206.22635125859898
 10
1017.6374564745995
 20
205.895457734641
 10
1027.9265242676925
 20
205.26238235108
 10
1036.14430558452
 20
203.801874614468
 10
1045.2545501564296
 20
200.5965870178298
 10
1052.025343
 20
196.696619
 10
1060.9004454580072
 20
189.01620022818068
 10
1062.4360536651293
 20
187.3321378784487
 10
1062.935058267178
 20
186.08444209624236
 10
1062.941892520235
 20
184.81674641207087
 10
1062.15883319624
 20
183.32494571624005
 10
1060.107606
 20
182.412022
 10
1055.17488466325
 20
182.49481859395001
 10
1050.276824
 20
183.084392
 10
1043.778688768418
 20
184.492263933761
 10
1034.0718915084742
 20
187.68869497362107
 10
1018.712244
 20
194.808633
 10
1015.0118609281418
 20
195.84978301651802
 10
1013.744547
 20
195.45892999999998
 10
1013.0509804593438
 20
194.48539710738
 10
1013.207968255642
 20
192.95911476722
 10
1013.80409
 20
191.989774
 10
1019.2652726097359
 20
186.88402417871694
 10
1025.2253245197455
 20
182.7640153443226
 10
1031.2534358648452
 20
179.62527339234154
 10
1037.0713371479374
 20
177.36496533765003
 10
1052.1081432413082
 20
173.02760826589383
 10
1070.44097239628
 20
170.3553812956
 10
1099.1897683526295
 20
166.85652956366366
 10
1106.5765422556121
 20
165.38155467758466
 10
1116.1716
 20
162.388934
 10
1125.186521904527
 20
158.21259904878224
 10
1134.89015153285
 20
152.19266767075305
 10
1166.00599555408
 20
129.72800435269886
 10
1174.26075
 20
123.216956
 10
1170.4451371250004
 20
120.80796735785103
 10
1167.3794972554574
 20
119.91072460980612
 10
1162.710896
 20
119.41642200000001
 10
1151.7323863171443
 20
119.13120077141825
 10
1143.0094069344211
 20
119.57049319675082
 10
1134.5320870313058
 20
120.66510857454485
 10
1122.356303
 20
123.61501499999997
 10
1111.4087220720594
 20
127.91612538082128
 10
1101.7078101050738
 20
133.49628241559003
 10
1081.7150430435483
 20
150.30912437604687
 10
1072.352891577793
 20
156.84641341534103
 10
1063.4075014632162
 20
160.8505875297973
 10
1058.2727733072354
 20
162.2909345246275
 10
1056.327984794153
 20
162.42146491795455
 10
1055.678379
 20
161.86709200000007
 10
1055.507747152377
 20
160.60461844551443
 10
1061.199721
 20
152.19199000000003
 10
1061.3404016252082
 20
151.28435390929923
 10
1060.7100323911957
 20
150.2489595075807
 10
1058.751642599588
 20
149.709816632384
 10
1057.047053
 20
150.00949099999997
 10
1044.1963265820214
 20
155.969776606326
 10
1043.2127547579953
 20
155.6490905493454
 10
1043.046237
 20
153.98164399999996
 10
1044.0397236466213
 20
152.08255001897342
 10
1046.8435195441748
 20
150.24547600269216
 10
1046.8452872269056
 20
149.43218699319314
 10
1045.5604298791209
 20
148.85040384813976
 10
1046.2798255683792
 20
147.5537796339189
 10
1054.803988741124
 20
138.80408406943673
 10
1063.426785
 20
128.86723400000002
 10
1064.2253678244304
 20
126.47210520574039
 10
1065.777675442528
 20
125.25662373287668
 10
1066.3937395228502
 20
122.24848714223593
 10
1068.4410458044028
 20
121.00187365979278
 10
1069.732566
 20
110.385592
 10
1070.059299
 20
100.17783799999992
 10
1069.0
 20
93.32099799999997
 10
1065.5826581018441
 20
82.17368213449599
 10
1063.260054773587
 20
76.7871343285612
 10
1060.458805
 20
72.983213
 10
1058.6445461737414
 20
71.53814846085103
 10
1055.4388327754368
 20
70.43205515239343
 10
1052.25
 20
70.90654700000003
 10
1048.380089236347
 20
73.13891168166553
 10
1044.2985524553142
 20
76.76556703846315
 10
1032.7282950079964
 20
87.67907815218187
 10
1022.3441309526306
 20
98.2094670815339
 10
1016.063523345719
 20
105.91530906896142
 10
1011.9665410000001
 20
114.78152800000002
 10
1011.2463555861223
 20
119.1098745225586
 10
1011.6031094942364
 20
126.98278108907503
 10
1015.729958788537
 20
150.822163257338
 10
1016.662520581537
 20
161.04737480528453
 10
1016.3172470109175
 20
165.58033096070244
 10
1015.4254393210429
 20
169.80398874656785
 10
1014.0880196619423
 20
173.30718885504675
 10
1012.660355359713
 20
175.52179322031873
 10
1011.9553822573421
 20
175.7532577206588
 10
1011.061303
 20
175.31428
 10
1005.178262
 20
165.478748
 10
1002.487442
 20
162.36728200000002
 10
999.1498605242942
 20
160.36718031255702
 10
997.130429
 20
160.195116
 10
995.590295
 20
160.699076
 10
994.9027958318069
 20
161.39834419536075
 10
994.4107290651541
 20
163.28072897739185
 10
993.581624328571
 20
174.3181751727855
 10
992.324377801308
 20
181.93284524991998
 10
990.7414927769678
 20
186.57208970872372
 10
988.565862
 20
190.55452999999997
 10
984.5
 20
195.533646
 10
978.67412
 20
200.19789300000002
 10
971.773677
 20
203.59572399999996
 10
967.1532116796654
 20
204.86067587880746
 10
964.6289876472865
 20
205.09808629955288
 10
962.242953
 20
203.74999999999997
 10
961.269186
 20
201.508908
 10
960.5975748112212
 20
192.41397979332183
 10
961.2202356056356
 20
185.94429069341695
 10
964.4905348197715
 20
178.47484647657998
 10
972.008513176434
 20
166.059036809062
 10
974.7292072741316
 20
160.73514040400715
 10
973.9905227881701
 20
159.66322475103934
 10
971.644589
 20
159.280484
 10
968.991616
 20
159.94502400000002
 10
962.359003
 20
163.291924
 10
961.000335
 20
163.369435
 10
957.1539217896137
 20
162.59362077407204
 10
956.301843
 20
163.655794
 10
956.21938718108
 20
164.80832353043002
 10
956.767621
 20
165.941789
 10
958.4824130307252
 20
167.59679840285943
 10
958.5307911264015
 20
168.41846841132258
 10
954.1674170709903
 20
175.21106821286224
 10
950.593132
 20
183.32476700000004
 10
948.357144011265
 20
191.55800191172355
 10
947.7764682952582
 20
197.90947729494903
 10
946.2254144845572
 20
200.7199129618049
 10
945.5350074345469
 20
204.43326366246094
 10
943.1104794580061
 20
208.26302782460323
 10
940.487455708077
 20
211.412211850115
 10
934.190574
 20
216.870584
 10
926.9829199361892
 20
220.92820005467712
 10
911.0455469999999
 20
228.44039100000003
 10
907.8016261304965
 20
229.150218324604
 10
892.5095795512041
 20
234.77996369893663
 10
855.6811582939525
 20
245.50507230853975
 10
845.106371339697
 20
247.43414121847
 10
836.716548
 20
247.883346
 10
835.10508049337
 20
247.462572825148
 10
835.237124992974
 20
246.146916062892
 10
840.158077
 20
242.44164299999997
 10
846.093287
 20
239.10760100000002
 10
864.0150156212391
 20
230.4874332199769
 10
871.3703263474272
 20
226.24457869684912
 10
877.2819086046595
 20
222.23874464302128
 10
880.477291
 20
219.43180000000004
 10
882.5601355692161
 20
216.90983089739998
 10
885.534777356782
 20
212.337436133823
 10
887.744777
 20
207.79074499999996
 10
888.8669099405275
 20
202.45202872752918
 10
888.929026
 20
191.38954199999995
 10
888.404948
 20
185.129073
 10
887.29375
 20
183.346475
 10
886.742969
 20
179.717039
 10
885.34516
 20
178.19218699999996
 10
884.2180668039824
 20
174.5626180795625
 10
882.8822021027299
 20
171.9725488287888
 10
877.936973
 20
165.759324
 10
876.84297146768
 20
164.935278078016
 10
875.0472034979176
 20
164.33193948984538
 10
871.5118126080292
 20
165.15950844670135
 10
868.4451648086667
 20
167.30396940544966
 10
867.277629
 20
170.554151
 10
859.5334057254067
 20
179.9878210725445
 10
843.941726
 20
195.11215900000008
 10
838.525659
 20
201.92067000000003
 10
836.1154469302074
 20
206.89884132450052
 10
835.0213095395375
 20
210.83013375406824
 10
832.1383621158557
 20
229.58343392264177
 10
829.8564106613247
 20
235.62239934195856
 10
827.4815047317451
 20
239.95432758273523
 10
823.7988286277861
 20
244.40874156650028
 10
820.291445925892
 20
247.81326850320897
 10
808.968221
 20
256.227492
 10
807.3014779516966
 20
258.1044082999439
 10
807.114475
 20
259.120123
 10
807.4479351907532
 20
260.07125558425173
 10
809.167061
 20
260.973204
 10
816.232963860371
 20
260.7428530700905
  0
LWPOLYLINE
  5
FF
330
17
100
AcDbEntity
  8
0
100
AcDbPolyline
 90
39
 70
1
 10
1161.250782
 20
250.14901
 10
1161.917081315183
 20
249.09092159767354
 10
1163.251078422974
 20
248.28361391200846
 10
1173.187375
 20
245.59912800000004
 10
1181.737123996451
 20
241.95428160781654
 10
1192.8230357547561
 20
236.5804932672505
 10
1197.9099957729202
 20
233.58635431456003
 10
1200.158019354526
 20
231.27788205231596
 10
1200.708376
 20
229.595061
 10
1199.4250307760278
 20
228.11905306398992
 10
1194.7666098820257
 20
227.17512743466614
 10
1185.899335
 20
226.08361100000002
 10
1166.704653
 20
224.696554
 10
1162.8263692252146
 20
224.1882276247766
 10
1161.662891
 20
223.40775
 10
1158.4176819040395
 20
224.5431778690862
 10
1144.9625603968902
 20
226.8938423409823
 10
1131.0304383735909
 20
231.08059314578392
 10
1130.204013753144
 20
231.1106968958036
 10
1129.66711
 20
230.62089299999997
 10
1129.5422658630455
 20
228.2904324454071
 10
1128.0838962665082
 20
228.09639251116332
 10
1127.217646049198
 20
229.01453918031802
 10
1126.8497374477786
 20
231.80504149947055
 10
1126.05447
 20
232.83463499999996
 10
1123.9028540487363
 20
233.32296105795945
 10
1121.2131174210663
 20
234.99269128121446
 10
1114.64871955596
 20
237.491369507568
 10
1094.5776046939084
 20
244.1259491631941
 10
1091.706291
 20
245.76529100000002
 10
1091.2822915077752
 20
246.58171513526253
 10
1092.3792481408655
 20
247.9316530979679
 10
1094.75
 20
249.04107
 10
1101.558799
 20
250.156434
 10
1149.7674130000003
 20
251.1168950000001
 10
1151.8044170093565
 20
250.883373307776
 10
1155.4104818432409
 20
249.5671975998069
 10
1159.2150630011768
 20
251.9332507790681
 10
1160.3718135149384
 20
251.60655544250787
  0
LWPOLYLINE
  5
100
330
17
100
AcDbEntity
  8
0
100
AcDbPolyline
 90
2
 70
1
 10
1052.352495
 20
236.951178
 10
1052.352495
 20
236.95117800000003
  0
LWPOLYLINE
  5
101
330
17
100
AcDbEntity
  8
0
100
AcDbPolyline
 90
29
 70
1
 10
1168.427955
 20
214.486356
 10
1181.6562732942978
 20
211.44785543238285
 10
1188.810709
 20
208.82917399999997
 10
1193.416940283035
 20
206.68330427471503
 10
1200.2194614119237
 20
202.78226219276263
 10
1211.2086187510847
 20
195.11881423483894
 10
1216.9879900274116
 20
191.56584261042906
 10
1239.6680999225848
 20
180.70936636566069
 10
1242.443818416593
 20
178.58144171814888
 10
1242.528267387276
 20
176.52984768405156
 10
1241.887488
 20
175.69203099999996
 10
1238.7913737366555
 20
173.86836350842847
 10
1235.287757
 20
173.070644
 10
1219.0
 20
172.50806399999996
 10
1206.781962
 20
172.948132
 10
1198.6074204748415
 20
174.13132791119943
 10
1190.936453374584
 20
176.17057601701651
 10
1184.528191
 20
178.45728100000002
 10
1174.9966794502388
 20
182.86494010663858
 10
1163.0440567269713
 20
190.2776858366962
 10
1154.896748937088
 20
196.831311096698
 10
1144.836591
 20
207.1178
 10
1142.368515
 20
210.44410200000002
 10
1141.65879921913
 20
212.14917173004054
 10
1141.523650150674
 20
213.2414969710591
 10
1142.053051
 20
214.56392200000002
 10
1143.1039213989125
 20
215.40644930502498
 10
1144.401585
 20
215.767351
 10
1155.381330567358
 20
215.89012434470249
  0
LWPOLYLINE
  5
102
330
17
100
AcDbEntity
  8
0
100
AcDbPolyline
 90
2
 70
1
 10
660.390324
 20
186.907611
 10
660.390324
 20
186.90761099999997
  0
LWPOLYLINE
  5
103
330
17
100
AcDbEntity
  8
0
100
AcDbPolyline
 90
2
 70
1
 10
925.381966
 20
187.05429
 10
925.381966
 20
187.05429000000004
  0
LWPOLYLINE
  5
104
330
17
100
AcDbEntity
  8
0
100
AcDbPolyline
 90
34
 70
1
 10
168.778001
 20
150.660707
 10
172.53240903456646
 20
143.66923127234818
 10
183.08469718017597
 20
130.66808622822802
 10
189.42058399999996
 20
124.48199200000002
 10
197.82678868972997
 20
117.53862893875305
 10
211.595924083321
 20
107.77255805326159
 10
221.80221645028382
 20
101.53841767842049
 10
237.80319153384198
 20
93.19849594714503
 10
248.84986499999994
 20
88.34535100000002
 10
259.5576966203234
 20
84.22917695199104
 10
275.90026542364404
 20
78.88424969128697
 10
292.5161499999998
 20
74.55818400000004
 10
305.5801285752854
 20
71.80998434580451
 10
336.09557598546456
 20
66.87282246216301
 10
392.2751884883849
 20
59.329474014164944
 10
410.542701
 20
56.092915000000005
 10
414.6395613436493
 20
54.76247071848484
 10
416.7974075229299
 20
53.598156816119506
 10
418.611329
 20
51.20276799999999
 10
418.58225786436805
 20
49.756305290883994
 10
417.85787081672737
 20
48.93349598713607
 10
415.62650216302063
 20
48.15614173386183
 10
409.761275
 20
47.063778
 10
393.193248
 20
45.92376200000001
 10
378.7613939999999
 20
45.50596299999995
 10
284.88587300000046
 20
45.158644000001004
 10
68.5
 20
45.5
 10
67.974959
 20
116.795281
 10
74.661583882506
 20
120.55294647605
 10
79.8402896031389
 20
122.8751139190966
 10
134.19980162599117
 20
144.9170169010588
 10
162.381080883304
 20
157.437757465092
 10
163.97927314160387
 20
157.9179234660295
 10
165.027101218147
 20
157.41750201624302
  0
ENDSEC
  0
SECTION
  2
OBJECTS
  0
DICTIONARY
  5
A
330
0
100
AcDbDictionary
281
1
  3
ACAD_COLOR
350
B
  3
ACAD_GROUP
350
C
  3
ACAD_LAYOUT
350
D
  3
ACAD_MATERIAL
350
E
  3
ACAD_MLEADERSTYLE
350
F
  3
ACAD_MLINESTYLE
350
10
  3
ACAD_PLOTSETTINGS
350
11
  3
ACAD_PLOTSTYLENAME
350
12
  3
ACAD_SCALELIST
350
14
  3
ACAD_TABLESTYLE
350
15
  3
ACAD_VISUALSTYLE
350
16
  3
EZDXF_META
350
2D
  0
DICTIONARY
  5
B
330
A
100
AcDbDictionary
281
1
  0
DICTIONARY
  5
C
330
A
100
AcDbDictionary
281
1
  0
DICTIONARY
  5
D
330
A
100
AcDbDictionary
281
1
  3
Model
350
1A
  3
Layout1
350
1E
  0
DICTIONARY
  5
E
330
A
100
AcDbDictionary
281
1
  3
ByBlock
350
1F
  3
ByLayer
350
20
  3
Global
350
21
  0
DICTIONARY
  5
F
330
A
100
AcDbDictionary
281
1
  3
Standard
350
2C
  0
DICTIONARY
  5
10
330
A
100
AcDbDictionary
281
1
  3
Standard
350
22
  0
DICTIONARY
  5
11
330
A
100
AcDbDictionary
281
1
  0
ACDBDICTIONARYWDFLT
  5
12
330
A
100
AcDbDictionary
281
1
  3
Normal
350
13
100
AcDbDictionaryWithDefault
340
13
  0
ACDBPLACEHOLDER
  5
13
330
12
  0
DICTIONARY
  5
14
330
A
100
AcDbDictionary
281
1
  0
DICTIONARY
  5
15
330
A
100
AcDbDictionary
281
1
  0
DICTIONARY
  5
16
330
A
100
AcDbDictionary
281
1
  3
2dWireframe
350
5A
  3
Basic
350
5B
  3
Brighten
350
5C
  3
ColorChange
350
5D
  3
Conceptual
350
5E
  3
Dim
350
5F
  3
EdgeColorOff
350
60
  3
Facepattern
350
61
  3
Flat
350
62
  3
FlatWithEdges
350
63
  3
Gouraud
350
64
  3
GouraudWithEdges
350
65
  3
Hidden
350
66
  3
JitterOff
350
67
  3
Linepattern
350
68
  3
Modeling
350
69
  3
OverhangOff
350
6A
  3
Realistic
350
6B
  3
Shaded
350
6C
  3
Shaded with edges
350
6D
  3
Shades of Gray
350
6E
  3
Sketchy
350
6F
  3
Thicken
350
70
  3
Wireframe
350
71
  3
X-Ray
350
72
  0
LAYOUT
  5
1A
330
D
100
AcDbPlotSettings
  1

  4
A3
  6

 40
7.5
 41
20.0
 42
7.5
 43
20.0
 44
420.0
 45
297.0
 46
0.0
 47
0.0
 48
0.0
 49
0.0
140
0.0
141
0.0
142
1.0
143
1.0
 70
1024
 72
1
 73
0
 74
5
  7

 75
16
 76
0
 77
2
 78
300
147
1.0
148
0.0
149
0.0
100
AcDbLayout
  1
Model
 70
1
 71
0
 10
0.0
 20
0.0
 11
420.0
 21
297.0
 12
0.0
 22
0.0
 32
0.0
 14
1e+20
 24
1e+20
 34
1e+20
 15
-1e+20
 25
-1e+20
 35
-1e+20
146
0.0
 13
0.0
 23
0.0
 33
0.0
 16
1.0
 26
0.0
 36
0.0
 17
0.0
 27
1.0
 37
0.0
 76
1
330
17
  0
LAYOUT
  5
1E
330
D
100
AcDbPlotSettings
  1

  4
A3
  6

 40
7.5
 41
20.0
 42
7.5
 43
20.0
 44
420.0
 45
297.0
 46
0.0
 47
0.0
 48
0.0
 49
0.0
140
0.0
141
0.0
142
1.0
143
1.0
 70
0
 72
1
 73
0
 74
5
  7

 75
16
 76
0
 77
2
 78
300
147
1.0
148
0.0
149
0.0
100
AcDbLayout
  1
Layout1
 70
1
 71
1
 10
0.0
 20
0.0
 11
420.0
 21
297.0
 12
0.0
 22
0.0
 32
0.0
 14
1e+20
 24
1e+20
 34
1e+20
 15
-1e+20
 25
-1e+20
 35
-1e+20
146
0.0
 13
0.0
 23
0.0
 33
0.0
 16
1.0
 26
0.0
 36
0.0
 17
0.0
 27
1.0
 37
0.0
 76
1
330
1B
  0
MATERIAL
  5
1F
102
{ACAD_REACTORS
330
E
102
}
330
E
100
AcDbMaterial
  1
ByBlock
  2

 70
0
 40
1.0
 71
1
 41
1.0
 91
-1023410177
 42
1.0
 72
1
  3

 73
1
 74
1
 75
1
 44
0.5
 73
0
 45
1.0
 46
1.0
 77
1
  4

 78
1
 79
1
170
1
 48
1.0
171
1
  6

172
1
173
1
174
1
140
1.0
141
1.0
175
1
  7

176
1
177
1
178
1
143
1.0
179
1
  8

270
1
271
1
272
1
145
1.0
146
1.0
273
1
  9

274
1
275
1
276
1
 42
1.0
 72
1
  3

 73
1
 74
1
 75
1
 94
63
  0
MATERIAL
  5
20
102
{ACAD_REACTORS
330
E
102
}
330
E
100
AcDbMaterial
  1
ByLayer
  2

 70
0
 40
1.0
 71
1
 41
1.0
 91
-1023410177
 42
1.0
 72
1
  3

 73
1
 74
1
 75
1
 44
0.5
 73
0
 45
1.0
 46
1.0
 77
1
  4

 78
1
 79
1
170
1
 48
1.0
171
1
  6

172
1
173
1
174
1
140
1.0
141
1.0
175
1
  7

176
1
177
1
178
1
143
1.0
179
1
  8

270
1
271
1
272
1
145
1.0
146
1.0
273
1
  9

274
1
275
1
276
1
 42
1.0
 72
1
  3

 73
1
 74
1
 75
1
 94
63
  0
MATERIAL
  5
21
102
{ACAD_REACTORS
330
E
102
}
330
E
100
AcDbMaterial
  1
Global
  2

 70
0
 40
1.0
 71
1
 41
1.0
 91
-1023410177
 42
1.0
 72
1
  3

 73
1
 74
1
 75
1
 44
0.5
 73
0
 45
1.0
 46
1.0
 77
1
  4

 78
1
 79
1
170
1
 48
1.0
171
1
  6

172
1
173
1
174
1
140
1.0
141
1.0
175
1
  7

176
1
177
1
178
1
143
1.0
179
1
  8

270
1
271
1
272
1
145
1.0
146
1.0
273
1
  9

274
1
275
1
276
1
 42
1.0
 72
1
  3

 73
1
 74
1
 75
1
 94
63
  0
MLINESTYLE
  5
22
102
{ACAD_REACTORS
330
10
102
}
330
10
100
AcDbMlineStyle
  2
Standard
 70
0
  3

 62
256
 51
90.0
 52
90.0
 71
2
 49
0.5
 62
256
  6
BYLAYER
 49
-0.5
 62
256
  6
BYLAYER
  0
MLEADERSTYLE
  5
2C
102
{ACAD_REACTORS
330
F
102
}
330
F
100
AcDbMLeaderStyle
179
2
170
2
171
1
172
0
 90
2
 40
0.0
 41
0.0
173
1
 91
-1056964608
 92
-2
290
1
 42
2.0
291
1
 43
8.0
  3
Standard
 44
4.0
300

342
29
174
1
175
1
176
0
178
1
 93
-1056964608
 45
4.0
292
0
297
0
 46
4.0
 94
-1056964608
 47
1.0
 49
1.0
140
1.0
294
1
141
0.0
177
0
142
1.0
295
0
296
0
143
3.75
271
0
272
9
273
9
  0
DICTIONARY
  5
2D
330
A
100
AcDbDictionary
280
1
281
1
  3
CREATED_BY_EZDXF
350
2E
  3
WRITTEN_BY_EZDXF
350
107
  0
DICTIONARYVAR
  5
2E
330
2D
100
DictionaryVariables
280
0
  1
1.4.4 @ 2026-07-30T07:14:32.108666+00:00
  0
VISUALSTYLE
  5
5A
102
{ACAD_REACTORS
330
16
102
}
330
16
100
AcDbVisualStyle
  2
2dWireframe
 70
4
177
3
291
0
 70
58
 90
2
176
1
 90
2
176
1
 90
0
176
1
 90
0
176
1
 40
0.6
176
1
 40
30.0
176
1
 62
7
420
16777215
176
1
 90
1
176
1
 90
4
176
1
 62
7
176
1
 62
257
176
1
 90
1
176
1
 90
1
176
1
 40
1.0
176
1
 90
8
176
1
 62
7
176
1
 40
1.0
176
1
 90
1
176
1
 90
6
176
1
 90
2
176
1
 62
7
176
1
 90
5
176
1
 90
0
176
1
 90
0
176
1
290
0
176
1
 90
1
176
1
 40
0.0
176
1
 90
0
176
1
290
1
176
1
290
1
176
1
290
0
176
1
290
0
176
1
290
0
176
1
290
0
176
1
290
0
176
1
290
0
176
1
290
0
176
1
 90
50
176
1
 40
0.0
176
1
 40
1.0
176
1
 90
0
176
1
 62
18
420
0
176
1
 90
50
176
1
 90
3
176
1
 62
5
420
255
176
1
290
0
176
1
 90
50
176
1
 90
50
176
1
 90
50
176
1
290
0
176
1
 90
50
176
1
 62
256
176
0
 40
1.0
176
0
 90
2
176
1
  1
strokes_ogs.tif
176
1
290
0
176
1
 40
1.0
176
1
 40
1.0
176
1
  0
VISUALSTYLE
  5
5B
102
{ACAD_REACTORS
330
16
102
}
330
16
100
AcDbVisualStyle
  2
Basic
 70
7
177
3
291
1
 70
58
 90
2
176
1
 90
2
176
1
 90
0
176
1
 90
1
176
1
 40
0.6
176
1
 40
30.0
176
1
 62
7
420
16777215
176
1
 90
1
176
1
 90
4
176
1
 62
7
176
1
 62
257
176
1
 90
1
176
1
 90
1
176
1
 40
1.0
176
1
 90
8
176
1
 62
7
176
1
 40
1.0
176
1
 90
1
176
1
 90
6
176
1
 90
2
176
1
 62
7
176
1
 90
5
176
1
 90
0
176
1
 90
0
176
1
290
0
176
1
 90
1
176
1
 40
0.0
176
1
 90
0
176
1
290
0
176
1
290
1
176
1
290
1
176
1
290
0
176
1
290
0
176
1
290
0
176
1
290
0
176
1
290
0
176
1
290
0
176
1
 90
50
176
1
 40
0.0
176
1
 40
1.0
176
1
 90
0
176
1
 62
18
420
0
176
1
 90
50
176
1
 90
3
176
1
 62
5
420
255
176
1
290
0
176
1
 90
50
176
1
 90
50
176
1
 90
50
176
1
290
0
176
1
 90
50
176
1
 62
256
176
0
 40
1.0
176
0
 90
2
176
1
  1
strokes_ogs.tif
176
1
290
0
176
1
 40
1.0
176
1
 40
1.0
176
1
  0
VISUALSTYLE
  5
5C
102
{ACAD_REACTORS
330
16
102
}
330
16
100
AcDbVisualStyle
  2
Brighten
 70
12
177
3
291
1
 70
58
 90
2
176
1
 90
2
176
1
 90
0
176
1
 90
2
176
1
 40
0.6
176
1
 40
30.0
176
1
 62
7
420
16777215
176
1
 90
1
176
1
 90
4
176
1
 62
7
176
1
 62
257
176
1
 90
1
176
1
 90
1
176
1
 40
1.0
176
1
 90
8
176
1
 62
7
176
1
 40
1.0
176
1
 90
1
176
1
 90
6
176
1
 90
2
176
1
 62
7
176
1
 90
5
176
1
 90
0
176
1
 90
0
176
1
290
0
176
1
 90
1
176
1
 40
0.0
176
1
 90
0
176
1
290
0
176
1
290
1
176
1
290
1
176
1
290
0
176
1
290
0
176
1
290
0
176
1
290
0
176
1
290
0
176
1
290
0
176
1
 90
50
176
1
 40
0.0
176
1
 40
1.0
176
1
 90
0
176
1
 62
18
420
0
176
1
 90
50
176
1
 90
3
176
1
 62
5
420
255
176
1
290
0
176
1
 90
50
176
1
 90
50
176
1
 90
50
176
1
290
0
176
1
 90
50
176
1
 62
256
176
0
 40
1.0
176
0
 90
2
176
1
  1
strokes_ogs.tif
176
1
290
0
176
1
 40
1.0
176
1
 40
1.0
176
1
  0
VISUALSTYLE
  5
5D
102
{ACAD_REACTORS
330
16
102
}
330
16
100
AcDbVisualStyle
  2
ColorChange
 70
16
177
3
291
1
 70
58
 90
2
176
1
 90
2
176
1
 90
0
176
1
 90
2
176
1
 40
0.6
176
1
 40
30.0
176
1
 62
7
420
16777215
176
1
 90
1
176
1
 90
4
176
1
 62
7
176
1
 62
257
176
1
 90
1
176
1
 90
1
176
1
 40
1.0
176
1
 90
8
176
1
 62
7
176
1
 40
1.0
176
1
 90
1
176
1
 90
6
176
1
 90
2
176
1
 62
7
176
1
 90
5
176
1
 90
0
176
1
 90
0
176
1
290
0
176
1
 90
1
176
1
 40
0.0
176
1
 90
0
176
1
290
0
176
1
290
1
176
1
290
1
176
1
290
0
176
1
290
0
176
1
290
0
176
1
290
0
176
1
290
0
176
1
290
0
176
1
 90
50
176
1
 40
0.0
176
1
 40
1.0
176
1
 90
0
176
1
 62
18
420
0
176
1
 90
50
176
1
 90
3
176
1
 62
5
420
255
176
1
290
0
176
1
 90
50
176
1
 90
50
176
1
 90
50
176
1
290
0
176
1
 90
50
176
1
 62
256
176
0
 40
1.0
176
0
 90
2
176
1
  1
strokes_ogs.tif
176
1
290
0
176
1
 40
1.0
176
1
 40
1.0
176
1
  0
VISUALSTYLE
  5
5E
102
{ACAD_REACTORS
330
16
102
}
330
16
100
AcDbVisualStyle
  2
Conceptual
 70
9
177
3
291
0
 70
58
 90
2
176
1
 90
2
176
1
 90
0
176
1
 90
3
176
1
 40
0.6
176
1
 40
30.0
176
1
 62
7
420
16777215
176
1
 90
1
176
1
 90
4
176
1
 62
7
176
1
 62
257
176
1
 90
1
176
1
 90
1
176
1
 40
1.0
176
1
 90
8
176
1
 62
7
176
1
 40
1.0
176
1
 90
1
176
1
 90
6
176
1
 90
2
176
1
 62
7
176
1
 90
5
176
1
 90
0
176
1
 90
0
176
1
290
0
176
1
 90
1
176
1
 40
0.0
176
1
 90
0
176
1
290
0
176
1
290
1
176
1
290
1
176
1
290
0
176
1
290
0
176
1
290
0
176
1
290
0
176
1
290
0
176
1
290
0
176
1
 90
50
176
1
 40
0.0
176
1
 40
1.0
176
1
 90
0
176
1
 62
18
420
0
176
1
 90
50
176
1
 90
3
176
1
 62
5
420
255
176
1
290
0
176
1
 90
50
176
1
 90
50
176
1
 90
50
176
1
290
0
176
1
 90
50
176
1
 62
256
176
0
 40
1.0
176
0
 90
2
176
1
  1
strokes_ogs.tif
176
1
290
0
176
1
 40
1.0
176
1
 40
1.0
176
1
  0
VISUALSTYLE
  5
5F
102
{ACAD_REACTORS
330
16
102
}
330
16
100
AcDbVisualStyle
  2
Dim
 70
11
177
3
291
1
 70
58
 90
2
176
1
 90
2
176
1
 90
0
176
1
 90
2
176
1
 40
0.6
176
1
 40
30.0
176
1
 62
7
420
16777215
176
1
 90
1
176
1
 90
4
176
1
 62
7
176
1
 62
257
176
1
 90
1
176
1
 90
1
176
1
 40
1.0
176
1
 90
8
176
1
 62
7
176
1
 40
1.0
176
1
 90
1
176
1
 90
6
176
1
 90
2
176
1
 62
7
176
1
 90
5
176
1
 90
0
176
1
 90
0
176
1
290
0
176
1
 90
1
176
1
 40
0.0
176
1
 90
0
176
1
290
0
176
1
290
1
176
1
290
1
176
1
290
0
176
1
290
0
176
1
290
0
176
1
290
0
176
1
290
0
176
1
290
0
176
1
 90
50
176
1
 40
0.0
176
1
 40
1.0
176
1
 90
0
176
1
 62
18
420
0
176
1
 90
50
176
1
 90
3
176
1
 62
5
420
255
176
1
290
0
176
1
 90
50
176
1
 90
50
176
1
 90
50
176
1
290
0
176
1
 90
50
176
1
 62
256
176
0
 40
1.0
176
0
 90
2
176
1
  1
strokes_ogs.tif
176
1
290
0
176
1
 40
1.0
176
1
 40
1.0
176
1
  0
VISUALSTYLE
  5
60
102
{ACAD_REACTORS
330
16
102
}
330
16
100
AcDbVisualStyle
  2
EdgeColorOff
 70
22
177
3
291
1
 70
58
 90
2
176
1
 90
2
176
1
 90
0
176
1
 90
2
176
1
 40
0.6
176
1
 40
30.0
176
1
 62
7
420
16777215
176
1
 90
1
176
1
 90
4
176
1
 62
7
176
1
 62
257
176
1
 90
1
176
1
 90
1
176
1
 40
1.0
176
1
 90
8
176
1
 62
7
176
1
 40
1.0
176
1
 90
1
176
1
 90
6
176
1
 90
2
176
1
 62
7
176
1
 90
5
176
1
 90
0
176
1
 90
0
176
1
290
0
176
1
 90
1
176
1
 40
0.0
176
1
 90
0
176
1
290
0
176
1
290
1
176
1
290
1
176
1
290
0
176
1
290
0
176
1
290
0
176
1
290
0
176
1
290
0
176
1
290
0
176
1
 90
50
176
1
 40
0.0
176
1
 40
1.0
176
1
 90
0
176
1
 62
18
420
0
176
1
 90
50
176
1
 90
3
176
1
 62
5
420
255
176
1
290
0
176
1
 90
50
176
1
 90
50
176
1
 90
50
176
1
290
0
176
1
 90
50
176
1
 62
256
176
0
 40
1.0
176
0
 90
2
176
1
  1
strokes_ogs.tif
176
1
290
0
176
1
 40
1.0
176
1
 40
1.0
176
1
  0
VISUALSTYLE
  5
61
102
{ACAD_REACTORS
330
16
102
}
330
16
100
AcDbVisualStyle
  2
Facepattern
 70
15
177
3
291
1
 70
58
 90
2
176
1
 90
2
176
1
 90
0
176
1
 90
2
176
1
 40
0.6
176
1
 40
30.0
176
1
 62
7
420
16777215
176
1
 90
1
176
1
 90
4
176
1
 62
7
176
1
 62
257
176
1
 90
1
176
1
 90
1
176
1
 40
1.0
176
1
 90
8
176
1
 62
7
176
1
 40
1.0
176
1
 90
1
176
1
 90
6
176
1
 90
2
176
1
 62
7
176
1
 90
5
176
1
 90
0
176
1
 90
0
176
1
290
0
176
1
 90
1
176
1
 40
0.0
176
1
 90
0
176
1
290
0
176
1
290
1
176
1
290
1
176
1
290
0
176
1
290
0
176
1
290
0
176
1
290
0
176
1
290
0
176
1
290
0
176
1
 90
50
176
1
 40
0.0
176
1
 40
1.0
176
1
 90
0
176
1
 62
18
420
0
176
1
 90
50
176
1
 90
3
176
1
 62
5
420
255
176
1
290
0
176
1
 90
50
176
1
 90
50
176
1
 90
50
176
1
290
0
176
1
 90
50
176
1
 62
256
176
0
 40
1.0
176
0
 90
2
176
1
  1
strokes_ogs.tif
176
1
290
0
176
1
 40
1.0
176
1
 40
1.0
176
1
  0
VISUALSTYLE
  5
62
102
{ACAD_REACTORS
330
16
102
}
330
16
100
AcDbVisualStyle
  2
Flat
 70
0
177
3
291
1
 70
58
 90
2
176
1
 90
2
176
1
 90
0
176
1
 90
2
176
1
 40
0.6
176
1
 40
30.0
176
1
 62
7
420
16777215
176
1
 90
1
176
1
 90
4
176
1
 62
7
176
1
 62
257
176
1
 90
1
176
1
 90
1
176
1
 40
1.0
176
1
 90
8
176
1
 62
7
176
1
 40
1.0
176
1
 90
1
176
1
 90
6
176
1
 90
2
176
1
 62
7
176
1
 90
5
176
1
 90
0
176
1
 90
0
176
1
290
0
176
1
 90
1
176
1
 40
0.0
176
1
 90
0
176
1
290
0
176
1
290
1
176
1
290
1
176
1
290
0
176
1
290
0
176
1
290
0
176
1
290
0
176
1
290
0
176
1
290
0
176
1
 90
50
176
1
 40
0.0
176
1
 40
1.0
176
1
 90
0
176
1
 62
18
420
0
176
1
 90
50
176
1
 90
3
176
1
 62
5
420
255
176
1
290
0
176
1
 90
50
176
1
 90
50
176
1
 90
50
176
1
290
0
176
1
 90
50
176
1
 62
256
176
0
 40
1.0
176
0
 90
2
176
1
  1
strokes_ogs.tif
176
1
290
0
176
1
 40
1.0
176
1
 40
1.0
176
1
  0
VISUALSTYLE
  5
63
102
{ACAD_REACTORS
330
16
102
}
330
16
100
AcDbVisualStyle
  2
FlatWithEdges
 70
1
177
3
291
1
 70
58
 90
2
176
1
 90
2
176
1
 90
0
176
1
 90
2
176
1
 40
0.6
176
1
 40
30.0
176
1
 62
7
420
16777215
176
1
 90
1
176
1
 90
4
176
1
 62
7
176
1
 62
257
176
1
 90
1
176
1
 90
1
176
1
 40
1.0
176
1
 90
8
176
1
 62
7
176
1
 40
1.0
176
1
 90
1
176
1
 90
6
176
1
 90
2
176
1
 62
7
176
1
 90
5
176
1
 90
0
176
1
 90
0
176
1
290
0
176
1
 90
1
176
1
 40
0.0
176
1
 90
0
176
1
290
0
176
1
290
1
176
1
290
1
176
1
290
0
176
1
290
0
176
1
290
0
176
1
290
0
176
1
290
0
176
1
290
0
176
1
 90
50
176
1
 40
0.0
176
1
 40
1.0
176
1
 90
0
176
1
 62
18
420
0
176
1
 90
50
176
1
 90
3
176
1
 62
5
420
255
176
1
290
0
176
1
 90
50
176
1
 90
50
176
1
 90
50
176
1
290
0
176
1
 90
50
176
1
 62
256
176
0
 40
1.0
176
0
 90
2
176
1
  1
strokes_ogs.tif
176
1
290
0
176
1
 40
1.0
176
1
 40
1.0
176
1
  0
VISUALSTYLE
  5
64
102
{ACAD_REACTORS
330
16
102
}
330
16
100
AcDbVisualStyle
  2
Gouraud
 70
2
177
3
291
1
 70
58
 90
2
176
1
 90
2
176
1
 90
0
176
1
 90
2
176
1
 40
0.6
176
1
 40
30.0
176
1
 62
7
420
16777215
176
1
 90
1
176
1
 90
4
176
1
 62
7
176
1
 62
257
176
1
 90
1
176
1
 90
1
176
1
 40
1.0
176
1
 90
8
176
1
 62
7
176
1
 40
1.0
176
1
 90
1
176
1
 90
6
176
1
 90
2
176
1
 62
7
176
1
 90
5
176
1
 90
0
176
1
 90
0
176
1
290
0
176
1
 90
1
176
1
 40
0.0
176
1
 90
0
176
1
290
0
176
1
290
1
176
1
290
1
176
1
290
0
176
1
290
0
176
1
290
0
176
1
290
0
176
1
290
0
176
1
290
0
176
1
 90
50
176
1
 40
0.0
176
1
 40
1.0
176
1
 90
0
176
1
 62
18
420
0
176
1
 90
50
176
1
 90
3
176
1
 62
5
420
255
176
1
290
0
176
1
 90
50
176
1
 90
50
176
1
 90
50
176
1
290
0
176
1
 90
50
176
1
 62
256
176
0
 40
1.0
176
0
 90
2
176
1
  1
strokes_ogs.tif
176
1
290
0
176
1
 40
1.0
176
1
 40
1.0
176
1
  0
VISUALSTYLE
  5
65
102
{ACAD_REACTORS
330
16
102
}
330
16
100
AcDbVisualStyle
  2
GouraudWithEdges
 70
3
177
3
291
1
 70
58
 90
2
176
1
 90
2
176
1
 90
0
176
1
 90
2
176
1
 40
0.6
176
1
 40
30.0
176
1
 62
7
420
16777215
176
1
 90
1
176
1
 90
4
176
1
 62
7
176
1
 62
257
176
1
 90
1
176
1
 90
1
176
1
 40
1.0
176
1
 90
8
176
1
 62
7
176
1
 40
1.0
176
1
 90
1
176
1
 90
6
176
1
 90
2
176
1
 62
7
176
1
 90
5
176
1
 90
0
176
1
 90
0
176
1
290
0
176
1
 90
1
176
1
 40
0.0
176
1
 90
0
176
1
290
0
176
1
290
1
176
1
290
1
176
1
290
0
176
1
290
0
176
1
290
0
176
1
290
0
176
1
290
0
176
1
290
0
176
1
 90
50
176
1
 40
0.0
176
1
 40
1.0
176
1
 90
0
176
1
 62
18
420
0
176
1
 90
50
176
1
 90
3
176
1
 62
5
420
255
176
1
290
0
176
1
 90
50
176
1
 90
50
176
1
 90
50
176
1
290
0
176
1
 90
50
176
1
 62
256
176
0
 40
1.0
176
0
 90
2
176
1
  1
strokes_ogs.tif
176
1
290
0
176
1
 40
1.0
176
1
 40
1.0
176
1
  0
VISUALSTYLE
  5
66
102
{ACAD_REACTORS
330
16
102
}
330
16
100
AcDbVisualStyle
  2
Hidden
 70
6
177
3
291
0
 70
58
 90
2
176
1
 90
2
176
1
 90
0
176
1
 90
1
176
1
 40
0.6
176
1
 40
30.0
176
1
 62
7
420
16777215
176
1
 90
1
176
1
 90
4
176
1
 62
7
176
1
 62
257
176
1
 90
1
176
1
 90
1
176
1
 40
1.0
176
1
 90
8
176
1
 62
7
176
1
 40
1.0
176
1
 90
1
176
1
 90
6
176
1
 90
2
176
1
 62
7
176
1
 90
5
176
1
 90
0
176
1
 90
0
176
1
290
0
176
1
 90
1
176
1
 40
0.0
176
1
 90
0
176
1
290
0
176
1
290
1
176
1
290
1
176
1
290
0
176
1
290
0
176
1
290
0
176
1
290
0
176
1
290
0
176
1
290
0
176
1
 90
50
176
1
 40
0.0
176
1
 40
1.0
176
1
 90
0
176
1
 62
18
420
0
176
1
 90
50
176
1
 90
3
176
1
 62
5
420
255
176
1
290
0
176
1
 90
50
176
1
 90
50
176
1
 90
50
176
1
290
0
176
1
 90
50
176
1
 62
256
176
0
 40
1.0
176
0
 90
2
176
1
  1
strokes_ogs.tif
176
1
290
0
176
1
 40
1.0
176
1
 40
1.0
176
1
  0
VISUALSTYLE
  5
67
102
{ACAD_REACTORS
330
16
102
}
330
16
100
AcDbVisualStyle
  2
JitterOff
 70
20
177
3
291
1
 70
58
 90
2
176
1
 90
2
176
1
 90
0
176
1
 90
2
176
1
 40
0.6
176
1
 40
30.0
176
1
 62
7
420
16777215
176
1
 90
1
176
1
 90
4
176
1
 62
7
176
1
 62
257
176
1
 90
1
176
1
 90
1
176
1
 40
1.0
176
1
 90
8
176
1
 62
7
176
1
 40
1.0
176
1
 90
1
176
1
 90
6
176
1
 90
2
176
1
 62
7
176
1
 90
5
176
1
 90
0
176
1
 90
0
176
1
290
0
176
1
 90
1
176
1
 40
0.0
176
1
 90
0
176
1
290
0
176
1
290
1
176
1
290
1
176
1
290
0
176
1
290
0
176
1
290
0
176
1
290
0
176
1
290
0
176
1
290
0
176
1
 90
50
176
1
 40
0.0
176
1
 40
1.0
176
1
 90
0
176
1
 62
18
420
0
176
1
 90
50
176
1
 90
3
176
1
 62
5
420
255
176
1
290
0
176
1
 90
50
176
1
 90
50
176
1
 90
50
176
1
290
0
176
1
 90
50
176
1
 62
256
176
0
 40
1.0
176
0
 90
2
176
1
  1
strokes_ogs.tif
176
1
290
0
176
1
 40
1.0
176
1
 40
1.0
176
1
  0
VISUALSTYLE
  5
68
102
{ACAD_REACTORS
330
16
102
}
330
16
100
AcDbVisualStyle
  2
Linepattern
 70
14
177
3
291
1
 70
58
 90
2
176
1
 90
2
176
1
 90
0
176
1
 90
2
176
1
 40
0.6
176
1
 40
30.0
176
1
 62
7
420
16777215
176
1
 90
1
176
1
 90
4
176
1
 62
7
176
1
 62
257
176
1
 90
1
176
1
 90
1
176
1
 40
1.0
176
1
 90
8
176
1
 62
7
176
1
 40
1.0
176
1
 90
1
176
1
 90
6
176
1
 90
2
176
1
 62
7
176
1
 90
5
176
1
 90
0
176
1
 90
0
176
1
290
0
176
1
 90
1
176
1
 40
0.0
176
1
 90
0
176
1
290
0
176
1
290
1
176
1
290
1
176
1
290
0
176
1
290
0
176
1
290
0
176
1
290
0
176
1
290
0
176
1
290
0
176
1
 90
50
176
1
 40
0.0
176
1
 40
1.0
176
1
 90
0
176
1
 62
18
420
0
176
1
 90
50
176
1
 90
3
176
1
 62
5
420
255
176
1
290
0
176
1
 90
50
176
1
 90
50
176
1
 90
50
176
1
290
0
176
1
 90
50
176
1
 62
256
176
0
 40
1.0
176
0
 90
2
176
1
  1
strokes_ogs.tif
176
1
290
0
176
1
 40
1.0
176
1
 40
1.0
176
1
  0
VISUALSTYLE
  5
69
102
{ACAD_REACTORS
330
16
102
}
330
16
100
AcDbVisualStyle
  2
Modeling
 70
10
177
3
291
0
 70
58
 90
2
176
1
 90
2
176
1
 90
0
176
1
 90
2
176
1
 40
0.6
176
1
 40
30.0
176
1
 62
7
420
16777215
176
1
 90
1
176
1
 90
4
176
1
 62
7
176
1
 62
257
176
1
 90
1
176
1
 90
1
176
1
 40
1.0
176
1
 90
8
176
1
 62
7
176
1
 40
1.0
176
1
 90
1
176
1
 90
6
176
1
 90
2
176
1
 62
7
176
1
 90
5
176
1
 90
0
176
1
 90
0
176
1
290
0
176
1
 90
1
176
1
 40
0.0
176
1
 90
0
176
1
290
0
176
1
290
1
176
1
290
1
176
1
290
0
176
1
290
0
176
1
290
0
176
1
290
0
176
1
290
0
176
1
290
0
176
1
 90
50
176
1
 40
0.0
176
1
 40
1.0
176
1
 90
0
176
1
 62
18
420
0
176
1
 90
50
176
1
 90
3
176
1
 62
5
420
255
176
1
290
0
176
1
 90
50
176
1
 90
50
176
1
 90
50
176
1
290
0
176
1
 90
50
176
1
 62
256
176
0
 40
1.0
176
0
 90
2
176
1
  1
strokes_ogs.tif
176
1
290
0
176
1
 40
1.0
176
1
 40
1.0
176
1
  0
VISUALSTYLE
  5
6A
102
{ACAD_REACTORS
330
16
102
}
330
16
100
AcDbVisualStyle
  2
OverhangOff
 70
21
177
3
291
1
 70
58
 90
2
176
1
 90
2
176
1
 90
0
176
1
 90
2
176
1
 40
0.6
176
1
 40
30.0
176
1
 62
7
420
16777215
176
1
 90
1
176
1
 90
4
176
1
 62
7
176
1
 62
257
176
1
 90
1
176
1
 90
1
176
1
 40
1.0
176
1
 90
8
176
1
 62
7
176
1
 40
1.0
176
1
 90
1
176
1
 90
6
176
1
 90
2
176
1
 62
7
176
1
 90
5
176
1
 90
0
176
1
 90
0
176
1
290
0
176
1
 90
1
176
1
 40
0.0
176
1
 90
0
176
1
290
0
176
1
290
1
176
1
290
1
176
1
290
0
176
1
290
0
176
1
290
0
176
1
290
0
176
1
290
0
176
1
290
0
176
1
 90
50
176
1
 40
0.0
176
1
 40
1.0
176
1
 90
0
176
1
 62
18
420
0
176
1
 90
50
176
1
 90
3
176
1
 62
5
420
255
176
1
290
0
176
1
 90
50
176
1
 90
50
176
1
 90
50
176
1
290
0
176
1
 90
50
176
1
 62
256
176
0
 40
1.0
176
0
 90
2
176
1
  1
strokes_ogs.tif
176
1
290
0
176
1
 40
1.0
176
1
 40
1.0
176
1
  0
VISUALSTYLE
  5
6B
102
{ACAD_REACTORS
330
16
102
}
330
16
100
AcDbVisualStyle
  2
Realistic
 70
8
177
3
291
0
 70
58
 90
2
176
1
 90
2
176
1
 90
0
176
1
 90
2
176
1
 40
0.6
176
1
 40
30.0
176
1
 62
7
420
16777215
176
1
 90
1
176
1
 90
4
176
1
 62
7
176
1
 62
257
176
1
 90
1
176
1
 90
1
176
1
 40
1.0
176
1
 90
8
176
1
 62
7
176
1
 40
1.0
176
1
 90
1
176
1
 90
6
176
1
 90
2
176
1
 62
7
176
1
 90
5
176
1
 90
0
176
1
 90
0
176
1
290
0
176
1
 90
1
176
1
 40
0.0
176
1
 90
0
176
1
290
0
176
1
290
1
176
1
290
1
176
1
290
0
176
1
290
0
176
1
290
0
176
1
290
0
176
1
290
0
176
1
290
0
176
1
 90
50
176
1
 40
0.0
176
1
 40
1.0
176
1
 90
0
176
1
 62
18
420
0
176
1
 90
50
176
1
 90
3
176
1
 62
5
420
255
176
1
290
0
176
1
 90
50
176
1
 90
50
176
1
 90
50
176
1
290
0
176
1
 90
50
176
1
 62
256
176
0
 40
1.0
176
0
 90
2
176
1
  1
strokes_ogs.tif
176
1
290
0
176
1
 40
1.0
176
1
 40
1.0
176
1
  0
VISUALSTYLE
  5
6C
102
{ACAD_REACTORS
330
16
102
}
330
16
100
AcDbVisualStyle
  2
Shaded
 70
27
177
3
291
0
 70
58
 90
2
176
1
 90
2
176
1
 90
0
176
1
 90
2
176
1
 40
0.6
176
1
 40
30.0
176
1
 62
7
420
16777215
176
1
 90
1
176
1
 90
4
176
1
 62
7
176
1
 62
257
176
1
 90
1
176
1
 90
1
176
1
 40
1.0
176
1
 90
8
176
1
 62
7
176
1
 40
1.0
176
1
 90
1
176
1
 90
6
176
1
 90
2
176
1
 62
7
176
1
 90
5
176
1
 90
0
176
1
 90
0
176
1
290
0
176
1
 90
1
176
1
 40
0.0
176
1
 90
0
176
1
290
0
176
1
290
1
176
1
290
1
176
1
290
0
176
1
290
0
176
1
290
0
176
1
290
0
176
1
290
0
176
1
290
0
176
1
 90
50
176
1
 40
0.0
176
1
 40
1.0
176
1
 90
0
176
1
 62
18
420
0
176
1
 90
50
176
1
 90
3
176
1
 62
5
420
255
176
1
290
0
176
1
 90
50
176
1
 90
50
176
1
 90
50
176
1
290
0
176
1
 90
50
176
1
 62
256
176
0
 40
1.0
176
0
 90
2
176
1
  1
strokes_ogs.tif
176
1
290
0
176
1
 40
1.0
176
1
 40
1.0
176
1
  0
VISUALSTYLE
  5
6D
102
{ACAD_REACTORS
330
16
102
}
330
16
100
AcDbVisualStyle
  2
Shaded with edges
 70
26
177
3
291
0
 70
58
 90
2
176
1
 90
2
176
1
 90
0
176
1
 90
2
176
1
 40
0.6
176
1
 40
30.0
176
1
 62
7
420
16777215
176
1
 90
1
176
1
 90
4
176
1
 62
7
176
1
 62
257
176
1
 90
1
176
1
 90
1
176
1
 40
1.0
176
1
 90
8
176
1
 62
7
176
1
 40
1.0
176
1
 90
1
176
1
 90
6
176
1
 90
2
176
1
 62
7
176
1
 90
5
176
1
 90
0
176
1
 90
0
176
1
290
0
176
1
 90
1
176
1
 40
0.0
176
1
 90
0
176
1
290
0
176
1
290
1
176
1
290
1
176
1
290
0
176
1
290
0
176
1
290
0
176
1
290
0
176
1
290
0
176
1
290
0
176
1
 90
50
176
1
 40
0.0
176
1
 40
1.0
176
1
 90
0
176
1
 62
18
420
0
176
1
 90
50
176
1
 90
3
176
1
 62
5
420
255
176
1
290
0
176
1
 90
50
176
1
 90
50
176
1
 90
50
176
1
290
0
176
1
 90
50
176
1
 62
256
176
0
 40
1.0
176
0
 90
2
176
1
  1
strokes_ogs.tif
176
1
290
0
176
1
 40
1.0
176
1
 40
1.0
176
1
  0
VISUALSTYLE
  5
6E
102
{ACAD_REACTORS
330
16
102
}
330
16
100
AcDbVisualStyle
  2
Shades of Gray
 70
23
177
3
291
0
 70
58
 90
2
176
1
 90
2
176
1
 90
0
176
1
 90
2
176
1
 40
0.6
176
1
 40
30.0
176
1
 62
7
420
16777215
176
1
 90
1
176
1
 90
4
176
1
 62
7
176
1
 62
257
176
1
 90
1
176
1
 90
1
176
1
 40
1.0
176
1
 90
8
176
1
 62
7
176
1
 40
1.0
176
1
 90
1
176
1
 90
6
176
1
 90
2
176
1
 62
7
176
1
 90
5
176
1
 90
0
176
1
 90
0
176
1
290
0
176
1
 90
1
176
1
 40
0.0
176
1
 90
0
176
1
290
0
176
1
290
1
176
1
290
1
176
1
290
0
176
1
290
0
176
1
290
0
176
1
290
0
176
1
290
0
176
1
290
0
176
1
 90
50
176
1
 40
0.0
176
1
 40
1.0
176
1
 90
0
176
1
 62
18
420
0
176
1
 90
50
176
1
 90
3
176
1
 62
5
420
255
176
1
290
0
176
1
 90
50
176
1
 90
50
176
1
 90
50
176
1
290
0
176
1
 90
50
176
1
 62
256
176
0
 40
1.0
176
0
 90
2
176
1
  1
strokes_ogs.tif
176
1
290
0
176
1
 40
1.0
176
1
 40
1.0
176
1
  0
VISUALSTYLE
  5
6F
102
{ACAD_REACTORS
330
16
102
}
330
16
100
AcDbVisualStyle
  2
Sketchy
 70
24
177
3
291
0
 70
58
 90
2
176
1
 90
2
176
1
 90
0
176
1
 90
1
176
1
 40
0.6
176
1
 40
30.0
176
1
 62
7
420
16777215
176
1
 90
1
176
1
 90
4
176
1
 62
7
176
1
 62
257
176
1
 90
1
176
1
 90
1
176
1
 40
1.0
176
1
 90
8
176
1
 62
7
176
1
 40
1.0
176
1
 90
1
176
1
 90
6
176
1
 90
2
176
1
 62
7
176
1
 90
5
176
1
 90
0
176
1
 90
0
176
1
290
0
176
1
 90
1
176
1
 40
0.0
176
1
 90
0
176
1
290
0
176
1
290
1
176
1
290
1
176
1
290
0
176
1
290
0
176
1
290
0
176
1
290
0
176
1
290
0
176
1
290
0
176
1
 90
50
176
1
 40
0.0
176
1
 40
1.0
176
1
 90
0
176
1
 62
18
420
0
176
1
 90
50
176
1
 90
3
176
1
 62
5
420
255
176
1
290
0
176
1
 90
50
176
1
 90
50
176
1
 90
50
176
1
290
0
176
1
 90
50
176
1
 62
256
176
0
 40
1.0
176
0
 90
2
176
1
  1
strokes_ogs.tif
176
1
290
0
176
1
 40
1.0
176
1
 40
1.0
176
1
  0
VISUALSTYLE
  5
70
102
{ACAD_REACTORS
330
16
102
}
330
16
100
AcDbVisualStyle
  2
Thicken
 70
13
177
3
291
1
 70
58
 90
2
176
1
 90
2
176
1
 90
0
176
1
 90
2
176
1
 40
0.6
176
1
 40
30.0
176
1
 62
7
420
16777215
176
1
 90
1
176
1
 90
4
176
1
 62
7
176
1
 62
257
176
1
 90
1
176
1
 90
1
176
1
 40
1.0
176
1
 90
8
176
1
 62
7
176
1
 40
1.0
176
1
 90
1
176
1
 90
6
176
1
 90
2
176
1
 62
7
176
1
 90
5
176
1
 90
0
176
1
 90
0
176
1
290
0
176
1
 90
1
176
1
 40
0.0
176
1
 90
0
176
1
290
0
176
1
290
1
176
1
290
1
176
1
290
0
176
1
290
0
176
1
290
0
176
1
290
0
176
1
290
0
176
1
290
0
176
1
 90
50
176
1
 40
0.0
176
1
 40
1.0
176
1
 90
0
176
1
 62
18
420
0
176
1
 90
50
176
1
 90
3
176
1
 62
5
420
255
176
1
290
0
176
1
 90
50
176
1
 90
50
176
1
 90
50
176
1
290
0
176
1
 90
50
176
1
 62
256
176
0
 40
1.0
176
0
 90
2
176
1
  1
strokes_ogs.tif
176
1
290
0
176
1
 40
1.0
176
1
 40
1.0
176
1
  0
VISUALSTYLE
  5
71
102
{ACAD_REACTORS
330
16
102
}
330
16
100
AcDbVisualStyle
  2
Wireframe
 70
5
177
3
291
0
 70
58
 90
2
176
1
 90
2
176
1
 90
0
176
1
 90
0
176
1
 40
0.6
176
1
 40
30.0
176
1
 62
7
420
16777215
176
1
 90
1
176
1
 90
4
176
1
 62
7
176
1
 62
257
176
1
 90
1
176
1
 90
1
176
1
 40
1.0
176
1
 90
8
176
1
 62
7
176
1
 40
1.0
176
1
 90
1
176
1
 90
6
176
1
 90
2
176
1
 62
7
176
1
 90
5
176
1
 90
0
176
1
 90
0
176
1
290
0
176
1
 90
1
176
1
 40
0.0
176
1
 90
0
176
1
290
0
176
1
290
1
176
1
290
1
176
1
290
0
176
1
290
0
176
1
290
0
176
1
290
0
176
1
290
0
176
1
290
0
176
1
 90
50
176
1
 40
0.0
176
1
 40
1.0
176
1
 90
0
176
1
 62
18
420
0
176
1
 90
50
176
1
 90
3
176
1
 62
5
420
255
176
1
290
0
176
1
 90
50
176
1
 90
50
176
1
 90
50
176
1
290
0
176
1
 90
50
176
1
 62
256
176
0
 40
1.0
176
0
 90
2
176
1
  1
strokes_ogs.tif
176
1
290
0
176
1
 40
1.0
176
1
 40
1.0
176
1
  0
VISUALSTYLE
  5
72
102
{ACAD_REACTORS
330
16
102
}
330
16
100
AcDbVisualStyle
  2
X-Ray
 70
25
177
3
291
0
 70
58
 90
2
176
1
 90
2
176
1
 90
0
176
1
 90
2
176
1
 40
0.5
176
1
 40
30.0
176
1
 62
7
420
16777215
176
1
 90
1
176
1
 90
4
176
1
 62
7
176
1
 62
257
176
1
 90
1
176
1
 90
1
176
1
 40
1.0
176
1
 90
8
176
1
 62
7
176
1
 40
1.0
176
1
 90
1
176
1
 90
6
176
1
 90
2
176
1
 62
7
176
1
 90
5
176
1
 90
0
176
1
 90
0
176
1
290
0
176
1
 90
1
176
1
 40
0.0
176
1
 90
0
176
1
290
0
176
1
290
1
176
1
290
1
176
1
290
0
176
1
290
0
176
1
290
0
176
1
290
0
176
1
290
0
176
1
290
0
176
1
 90
50
176
1
 40
0.0
176
1
 40
1.0
176
1
 90
0
176
1
 62
18
420
0
176
1
 90
50
176
1
 90
3
176
1
 62
5
420
255
176
1
290
0
176
1
 90
50
176
1
 90
50
176
1
 90
50
176
1
290
0
176
1
 90
50
176
1
 62
256
176
0
 40
1.0
176
0
 90
2
176
1
  1
strokes_ogs.tif
176
1
290
0
176
1
 40
1.0
176
1
 40
1.0
176
1
  0
DICTIONARYVAR
  5
107
330
2D
100
DictionaryVariables
280
0
  1
1.4.4 @ 2026-07-30T07:14:32.396630+00:00
  0
ENDSEC
  0
EOF
